match_id,date,date_raw,time,home_team,away_team,home_score,away_score,venue,status,coverage,last_updated,tournament_id,competition,competition_id,country,continent,season,fixture_path,attendance,weather_temperature,weather_conditions
bw1b6e5j4x3eqvuog00fxso44,2026-07-19,2026-07-19Z,17:00:00Z,Sarmiento Resistencia,Sol de América,,,Estadio Centenario del Club Atlético Sarmiento,,7,2026-04-11T17:45:49Z,1q9caek968o8ubc43inhg6uxg,Torneo Federal A,a08z7wsz0uqx90wsj33g65fcd,Argentina,South America,2026,data\south_america\argentina\torneo_federal_a\a08z7wsz0uqx90wsj33g65fcd\2026\fixture.json,,,
bvjiv7ly8777lx31zi57ej7dg,2026-07-19,2026-07-19Z,17:00:00Z,Boca Unidos,Juventud Antoniana,,,Estadio José Antonio Romero Feris,,7,2026-04-11T17:45:49Z,1q9caek968o8ubc43inhg6uxg,Torneo Federal A,a08z7wsz0uqx90wsj33g65fcd,Argentina,South America,2026,data\south_america\argentina\torneo_federal_a\a08z7wsz0uqx90wsj33g65fcd\2026\fixture.json,,,
bv1h40a12ohx76ssqvjw2xtlg,2026-07-19,2026-07-19Z,17:00:00Z,Tucumán Central,Sarmiento de La Banda,,,Cancha Club Tucumán Central,,7,2026-04-11T17:45:49Z,1q9caek968o8ubc43inhg6uxg,Torneo Federal A,a08z7wsz0uqx90wsj33g65fcd,Argentina,South America,2026,data\south_america\argentina\torneo_federal_a\a08z7wsz0uqx90wsj33g65fcd\2026\fixture.json,,,
bujnc5qfws56ijdtzbtpqta1g,2026-07-19,2026-07-19Z,17:00:00Z,San Martín Formosa,Bartolomé Mitre,,,Estadio 17 de Octubre,,7,2026-04-11T17:45:49Z,1q9caek968o8ubc43inhg6uxg,Torneo Federal A,a08z7wsz0uqx90wsj33g65fcd,Argentina,South America,2026,data\south_america\argentina\torneo_federal_a\a08z7wsz0uqx90wsj33g65fcd\2026\fixture.json,,,
6o78a729cpwbw271oopmfhtec,2026-07-19,2026-07-19Z,17:00:00Z,Kimberley Mar del Plata,Circulo Deportivo,,,Estadio José Antonio Valle,,7,2026-04-11T17:45:48Z,1q9caek968o8ubc43inhg6uxg,Torneo Federal A,a08z7wsz0uqx90wsj33g65fcd,Argentina,South America,2026,data\south_america\argentina\torneo_federal_a\a08z7wsz0uqx90wsj33g65fcd\2026\fixture.json,,,
6np1o0n2ysrd12ozb2alt1ces,2026-07-19,2026-07-19Z,17:00:00Z,Sol de Mayo,Villa Mitre,,,Estadio Sol De Mayo,,7,2026-04-11T17:45:47Z,1q9caek968o8ubc43inhg6uxg,Torneo Federal A,a08z7wsz0uqx90wsj33g65fcd,Argentina,South America,2026,data\south_america\argentina\torneo_federal_a\a08z7wsz0uqx90wsj33g65fcd\2026\fixture.json,,,
6n7bhfgwllq75fk3i2takwz6c,2026-07-19,2026-07-19Z,17:00:00Z,Guillermo Brown,Germinal de Rawson,,,Estadio Raúl Conti,,7,2026-04-11T17:45:47Z,1q9caek968o8ubc43inhg6uxg,Torneo Federal A,a08z7wsz0uqx90wsj33g65fcd,Argentina,South America,2026,data\south_america\argentina\torneo_federal_a\a08z7wsz0uqx90wsj33g65fcd\2026\fixture.json,,,
6mp3125012161yk6xm4yt2tck,2026-07-19,2026-07-19Z,17:00:00Z,Olimpo,Deportivo Santamarina,,,Estadio Roberto Natalio Carminatti,,7,2026-04-11T17:45:47Z,1q9caek968o8ubc43inhg6uxg,Torneo Federal A,a08z7wsz0uqx90wsj33g65fcd,Argentina,South America,2026,data\south_america\argentina\torneo_federal_a\a08z7wsz0uqx90wsj33g65fcd\2026\fixture.json,,,
6cbo0f4xuoj4uc6fxabk6pa8k,2026-07-19,2026-07-19Z,17:00:00Z,Independiente Chivilcoy,Sportivo Las Parejas,,,Estadio Raúl Orlando Lungarzo,,7,2026-04-11T17:45:46Z,1q9caek968o8ubc43inhg6uxg,Torneo Federal A,a08z7wsz0uqx90wsj33g65fcd,Argentina,South America,2026,data\south_america\argentina\torneo_federal_a\a08z7wsz0uqx90wsj33g65fcd\2026\fixture.json,,,
6bpq1353oej11d3kgrl2sp15g,2026-07-19,2026-07-19Z,17:00:00Z,Sportivo Belgrano,Atlético Escobar,,,Estadio Juan Pablo Francia,,7,2026-04-11T17:45:46Z,1q9caek968o8ubc43inhg6uxg,Torneo Federal A,a08z7wsz0uqx90wsj33g65fcd,Argentina,South America,2026,data\south_america\argentina\torneo_federal_a\a08z7wsz0uqx90wsj33g65fcd\2026\fixture.json,,,
6b5gvctxtb03z1nhdf71mquc4,2026-07-19,2026-07-19Z,17:00:00Z,Douglas Haig,9 de Julio Rafaela,,,Estadio Miguel Morales,,7,2026-04-11T17:45:46Z,1q9caek968o8ubc43inhg6uxg,Torneo Federal A,a08z7wsz0uqx90wsj33g65fcd,Argentina,South America,2026,data\south_america\argentina\torneo_federal_a\a08z7wsz0uqx90wsj33g65fcd\2026\fixture.json,,,
6anavnxlq5qe3jupybi4nb21g,2026-07-19,2026-07-19Z,17:00:00Z,Defensores Belgrano VR,Gimnasia Chivilcoy,,,Estadio Salomón Boeseldín,,7,2026-04-11T17:45:47Z,1q9caek968o8ubc43inhg6uxg,Torneo Federal A,a08z7wsz0uqx90wsj33g65fcd,Argentina,South America,2026,data\south_america\argentina\torneo_federal_a\a08z7wsz0uqx90wsj33g65fcd\2026\fixture.json,,,
6a51zrsdq8pyy9y0vmihekavo,2026-07-19,2026-07-19Z,17:00:00Z,Gimnasia Concepción,El Linqueño,,,Estadio Manuel y Ramón Núñez,,7,2026-04-11T17:45:46Z,1q9caek968o8ubc43inhg6uxg,Torneo Federal A,a08z7wsz0uqx90wsj33g65fcd,Argentina,South America,2026,data\south_america\argentina\torneo_federal_a\a08z7wsz0uqx90wsj33g65fcd\2026\fixture.json,,,
1w48zkzzna765aqizqhp60lck,2026-07-19,2026-07-19Z,17:00:00Z,Costa Brava,Deportivo Rincón,,,Estadio Nuevo Pacaembú,,7,2026-04-11T17:45:48Z,1q9caek968o8ubc43inhg6uxg,Torneo Federal A,a08z7wsz0uqx90wsj33g65fcd,Argentina,South America,2026,data\south_america\argentina\torneo_federal_a\a08z7wsz0uqx90wsj33g65fcd\2026\fixture.json,,,
1vn21tfdc0web3eu7knxo75zo,2026-07-19,2026-07-19Z,17:00:00Z,Huracán Las Heras,FADEP,,,Estadio General San Martín,,7,2026-04-11T17:45:48Z,1q9caek968o8ubc43inhg6uxg,Torneo Federal A,a08z7wsz0uqx90wsj33g65fcd,Argentina,South America,2026,data\south_america\argentina\torneo_federal_a\a08z7wsz0uqx90wsj33g65fcd\2026\fixture.json,,,
1v61she94ltgzzt4nouvzuxw4,2026-07-19,2026-07-19Z,17:00:00Z,San Martín Mendoza,Argentino Monte Maíz,,,Estadio General José de San Martín,,7,2026-04-11T17:45:48Z,1q9caek968o8ubc43inhg6uxg,Torneo Federal A,a08z7wsz0uqx90wsj33g65fcd,Argentina,South America,2026,data\south_america\argentina\torneo_federal_a\a08z7wsz0uqx90wsj33g65fcd\2026\fixture.json,,,
1uo3fs72c0zpkhx5lkdle2e50,2026-07-19,2026-07-19Z,17:00:00Z,Atenas,Juventud Unida Univ.,,,Estadio 9 de Julio,,7,2026-04-11T17:45:48Z,1q9caek968o8ubc43inhg6uxg,Torneo Federal A,a08z7wsz0uqx90wsj33g65fcd,Argentina,South America,2026,data\south_america\argentina\torneo_federal_a\a08z7wsz0uqx90wsj33g65fcd\2026\fixture.json,,,
bu0vrp2nlbxe99ozqhe147pqs,2026-07-12,2026-07-12Z,17:00:00Z,Bartolomé Mitre,Defensores Vilelas,,,Estadio Tito Cucchiaroni,,7,2026-04-11T17:45:04Z,1q9caek968o8ubc43inhg6uxg,Torneo Federal A,a08z7wsz0uqx90wsj33g65fcd,Argentina,South America,2026,data\south_america\argentina\torneo_federal_a\a08z7wsz0uqx90wsj33g65fcd\2026\fixture.json,,,
bthyqrn886prhfugmfbugwduc,2026-07-12,2026-07-12Z,17:00:00Z,Sarmiento de La Banda,San Martín Formosa,,,Estadio Ciudad de La Banda,,7,2026-04-11T17:45:05Z,1q9caek968o8ubc43inhg6uxg,Torneo Federal A,a08z7wsz0uqx90wsj33g65fcd,Argentina,South America,2026,data\south_america\argentina\torneo_federal_a\a08z7wsz0uqx90wsj33g65fcd\2026\fixture.json,,,
bsxo4i8q80llru6cy8kpxcaok,2026-07-12,2026-07-12Z,17:00:00Z,Juventud Antoniana,Tucumán Central,,,Estadio Fray Honorato Pistoia,,7,2026-04-11T17:45:05Z,1q9caek968o8ubc43inhg6uxg,Torneo Federal A,a08z7wsz0uqx90wsj33g65fcd,Argentina,South America,2026,data\south_america\argentina\torneo_federal_a\a08z7wsz0uqx90wsj33g65fcd\2026\fixture.json,,,
bs8rlx29u0ngo5ogh5dciyp78,2026-07-12,2026-07-12Z,17:00:00Z,Sol de América,Boca Unidos,,,Estadio Club Sol de América Formosa,,7,2026-04-11T17:45:05Z,1q9caek968o8ubc43inhg6uxg,Torneo Federal A,a08z7wsz0uqx90wsj33g65fcd,Argentina,South America,2026,data\south_america\argentina\torneo_federal_a\a08z7wsz0uqx90wsj33g65fcd\2026\fixture.json,,,
6m2u95uzxsgrjbbt762v7uqs4,2026-07-12,2026-07-12Z,17:00:00Z,Deportivo Santamarina,Alvarado,,,Estadio Municipal General San Martín de Tandil,,7,2026-04-11T17:45:03Z,1q9caek968o8ubc43inhg6uxg,Torneo Federal A,a08z7wsz0uqx90wsj33g65fcd,Argentina,South America,2026,data\south_america\argentina\torneo_federal_a\a08z7wsz0uqx90wsj33g65fcd\2026\fixture.json,,,
6ldldyzpopdgs0mlwwouwcjkk,2026-07-12,2026-07-12Z,17:00:00Z,Germinal de Rawson,Olimpo,,,Estadio El Fortín,,7,2026-04-11T17:45:03Z,1q9caek968o8ubc43inhg6uxg,Torneo Federal A,a08z7wsz0uqx90wsj33g65fcd,Argentina,South America,2026,data\south_america\argentina\torneo_federal_a\a08z7wsz0uqx90wsj33g65fcd\2026\fixture.json,,,
6kohh4mccxu5v8jnzu4msr504,2026-07-12,2026-07-12Z,17:00:00Z,Villa Mitre,Guillermo Brown,,,Estadio El Fortín,,7,2026-04-11T17:45:03Z,1q9caek968o8ubc43inhg6uxg,Torneo Federal A,a08z7wsz0uqx90wsj33g65fcd,Argentina,South America,2026,data\south_america\argentina\torneo_federal_a\a08z7wsz0uqx90wsj33g65fcd\2026\fixture.json,,,
6k174ezxjuy43s4m0kyqr5mvo,2026-07-12,2026-07-12Z,17:00:00Z,Circulo Deportivo,Sol de Mayo,,,Estadio Guillermo Trama,,7,2026-04-11T17:45:03Z,1q9caek968o8ubc43inhg6uxg,Torneo Federal A,a08z7wsz0uqx90wsj33g65fcd,Argentina,South America,2026,data\south_america\argentina\torneo_federal_a\a08z7wsz0uqx90wsj33g65fcd\2026\fixture.json,,,
69lier4nj15fnmv5286ysxq1g,2026-07-12,2026-07-12Z,17:00:00Z,Gimnasia Chivilcoy,Gimnasia Concepción,,,Estadio José María Paz,,7,2026-04-11T17:45:02Z,1q9caek968o8ubc43inhg6uxg,Torneo Federal A,a08z7wsz0uqx90wsj33g65fcd,Argentina,South America,2026,data\south_america\argentina\torneo_federal_a\a08z7wsz0uqx90wsj33g65fcd\2026\fixture.json,,,
693586om8t214k39zw3uu7q50,2026-07-12,2026-07-12Z,17:00:00Z,9 de Julio Rafaela,Defensores Belgrano VR,,,Estadio Germán Malacho Soltermam,,7,2026-04-11T17:45:02Z,1q9caek968o8ubc43inhg6uxg,Torneo Federal A,a08z7wsz0uqx90wsj33g65fcd,Argentina,South America,2026,data\south_america\argentina\torneo_federal_a\a08z7wsz0uqx90wsj33g65fcd\2026\fixture.json,,,
68kswiyjp7q3sopo7t5je1qfo,2026-07-12,2026-07-12Z,17:00:00Z,Atlético Escobar,Douglas Haig,,,Estadio Armenia,,7,2026-04-11T17:45:02Z,1q9caek968o8ubc43inhg6uxg,Torneo Federal A,a08z7wsz0uqx90wsj33g65fcd,Argentina,South America,2026,data\south_america\argentina\torneo_federal_a\a08z7wsz0uqx90wsj33g65fcd\2026\fixture.json,,,
681exwv4atdnfz4bofmant6ok,2026-07-12,2026-07-12Z,17:00:00Z,Sportivo Las Parejas,Sportivo Belgrano,,,Estadio La Perrera,,7,2026-04-11T17:45:02Z,1q9caek968o8ubc43inhg6uxg,Torneo Federal A,a08z7wsz0uqx90wsj33g65fcd,Argentina,South America,2026,data\south_america\argentina\torneo_federal_a\a08z7wsz0uqx90wsj33g65fcd\2026\fixture.json,,,
67itsxk2rstegddjwt0a4aoes,2026-07-12,2026-07-12Z,17:00:00Z,El Linqueño,Independiente Chivilcoy,,,Estadio Leonardo Costa,,7,2026-04-11T17:45:01Z,1q9caek968o8ubc43inhg6uxg,Torneo Federal A,a08z7wsz0uqx90wsj33g65fcd,Argentina,South America,2026,data\south_america\argentina\torneo_federal_a\a08z7wsz0uqx90wsj33g65fcd\2026\fixture.json,,,
1u6syd2nyjsg4yq1s5xeh14ic,2026-07-12,2026-07-12Z,17:00:00Z,Juventud Unida Univ.,Cipolletti,,,Estadio Mario Sebastián Diez,,7,2026-04-11T17:45:04Z,1q9caek968o8ubc43inhg6uxg,Torneo Federal A,a08z7wsz0uqx90wsj33g65fcd,Argentina,South America,2026,data\south_america\argentina\torneo_federal_a\a08z7wsz0uqx90wsj33g65fcd\2026\fixture.json,,,
1tprl0dfh53lebd1tf1b09pn8,2026-07-12,2026-07-12Z,17:00:00Z,Argentino Monte Maíz,Atenas,,,Estadio Modesto Marrone,,7,2026-04-11T17:45:04Z,1q9caek968o8ubc43inhg6uxg,Torneo Federal A,a08z7wsz0uqx90wsj33g65fcd,Argentina,South America,2026,data\south_america\argentina\torneo_federal_a\a08z7wsz0uqx90wsj33g65fcd\2026\fixture.json,,,
1t7tueefoxqlaczauux9bu8lw,2026-07-12,2026-07-12Z,17:00:00Z,FADEP,San Martín Mendoza,,,Predio Social y Deportivo FADEP,,7,2026-04-11T17:45:04Z,1q9caek968o8ubc43inhg6uxg,Torneo Federal A,a08z7wsz0uqx90wsj33g65fcd,Argentina,South America,2026,data\south_america\argentina\torneo_federal_a\a08z7wsz0uqx90wsj33g65fcd\2026\fixture.json,,,
1spo4sfzis7khw575bujf7sb8,2026-07-12,2026-07-12Z,17:00:00Z,Deportivo Rincón,Huracán Las Heras,,,Estadio Gremio de Los Petroleros,,7,2026-04-11T17:45:04Z,1q9caek968o8ubc43inhg6uxg,Torneo Federal A,a08z7wsz0uqx90wsj33g65fcd,Argentina,South America,2026,data\south_america\argentina\torneo_federal_a\a08z7wsz0uqx90wsj33g65fcd\2026\fixture.json,,,
brq01ep1avm09vo0xmexnxf6c,2026-07-05,2026-07-05Z,17:00:00Z,Boca Unidos,Sarmiento Resistencia,,,Estadio José Antonio Romero Feris,,7,2026-04-11T17:44:21Z,1q9caek968o8ubc43inhg6uxg,Torneo Federal A,a08z7wsz0uqx90wsj33g65fcd,Argentina,South America,2026,data\south_america\argentina\torneo_federal_a\a08z7wsz0uqx90wsj33g65fcd\2026\fixture.json,,,
br47mgi6bn79zbulhcaewpd04,2026-07-05,2026-07-05Z,17:00:00Z,Tucumán Central,Sol de América,,,Cancha Club Tucumán Central,,7,2026-04-11T17:44:21Z,1q9caek968o8ubc43inhg6uxg,Torneo Federal A,a08z7wsz0uqx90wsj33g65fcd,Argentina,South America,2026,data\south_america\argentina\torneo_federal_a\a08z7wsz0uqx90wsj33g65fcd\2026\fixture.json,,,
bqiizf353kpf0agyundgmpgk4,2026-07-05,2026-07-05Z,17:00:00Z,San Martín Formosa,Juventud Antoniana,,,Estadio 17 de Octubre,,7,2026-04-11T17:44:22Z,1q9caek968o8ubc43inhg6uxg,Torneo Federal A,a08z7wsz0uqx90wsj33g65fcd,Argentina,South America,2026,data\south_america\argentina\torneo_federal_a\a08z7wsz0uqx90wsj33g65fcd\2026\fixture.json,,,
bpxy8icieu819ejuxbp0u3n6c,2026-07-05,2026-07-05Z,17:00:00Z,Defensores Vilelas,Sarmiento de La Banda,,,Estadio del Club Defensores De Vilelas,,7,2026-04-11T17:44:22Z,1q9caek968o8ubc43inhg6uxg,Torneo Federal A,a08z7wsz0uqx90wsj33g65fcd,Argentina,South America,2026,data\south_america\argentina\torneo_federal_a\a08z7wsz0uqx90wsj33g65fcd\2026\fixture.json,,,
6jdijdatr5kjxfjow6g80v40k,2026-07-05,2026-07-05Z,17:00:00Z,Sol de Mayo,Kimberley Mar del Plata,,,Estadio Sol De Mayo,,7,2026-04-11T17:44:20Z,1q9caek968o8ubc43inhg6uxg,Torneo Federal A,a08z7wsz0uqx90wsj33g65fcd,Argentina,South America,2026,data\south_america\argentina\torneo_federal_a\a08z7wsz0uqx90wsj33g65fcd\2026\fixture.json,,,
6ip6qp2zlh8dnyenf3fw9kys4,2026-07-05,2026-07-05Z,17:00:00Z,Guillermo Brown,Circulo Deportivo,,,Estadio Raúl Conti,,7,2026-04-11T17:44:19Z,1q9caek968o8ubc43inhg6uxg,Torneo Federal A,a08z7wsz0uqx90wsj33g65fcd,Argentina,South America,2026,data\south_america\argentina\torneo_federal_a\a08z7wsz0uqx90wsj33g65fcd\2026\fixture.json,,,
6i158vta3p89nxp42dicgj66s,2026-07-05,2026-07-05Z,17:00:00Z,Olimpo,Villa Mitre,,,Estadio Roberto Natalio Carminatti,,7,2026-04-11T17:44:20Z,1q9caek968o8ubc43inhg6uxg,Torneo Federal A,a08z7wsz0uqx90wsj33g65fcd,Argentina,South America,2026,data\south_america\argentina\torneo_federal_a\a08z7wsz0uqx90wsj33g65fcd\2026\fixture.json,,,
6hhwcc7me94y2xzyonn3ch0r8,2026-07-05,2026-07-05Z,17:00:00Z,Alvarado,Germinal de Rawson,,,Estadio José María Minella,,7,2026-04-11T17:44:20Z,1q9caek968o8ubc43inhg6uxg,Torneo Federal A,a08z7wsz0uqx90wsj33g65fcd,Argentina,South America,2026,data\south_america\argentina\torneo_federal_a\a08z7wsz0uqx90wsj33g65fcd\2026\fixture.json,,,
66zus9ajpe0jndtiqdr6mh2qc,2026-07-05,2026-07-05Z,17:00:00Z,Sportivo Belgrano,Independiente Chivilcoy,,,Estadio Juan Pablo Francia,,7,2026-04-11T17:44:18Z,1q9caek968o8ubc43inhg6uxg,Torneo Federal A,a08z7wsz0uqx90wsj33g65fcd,Argentina,South America,2026,data\south_america\argentina\torneo_federal_a\a08z7wsz0uqx90wsj33g65fcd\2026\fixture.json,,,
66i344r7npvn60maskusjgvf8,2026-07-05,2026-07-05Z,17:00:00Z,Douglas Haig,Sportivo Las Parejas,,,Estadio Miguel Morales,,7,2026-04-11T17:44:19Z,1q9caek968o8ubc43inhg6uxg,Torneo Federal A,a08z7wsz0uqx90wsj33g65fcd,Argentina,South America,2026,data\south_america\argentina\torneo_federal_a\a08z7wsz0uqx90wsj33g65fcd\2026\fixture.json,,,
65y7buni5ghldw3m7gxynvk0k,2026-07-05,2026-07-05Z,17:00:00Z,Defensores Belgrano VR,Atlético Escobar,,,Estadio Salomón Boeseldín,,7,2026-04-11T17:44:19Z,1q9caek968o8ubc43inhg6uxg,Torneo Federal A,a08z7wsz0uqx90wsj33g65fcd,Argentina,South America,2026,data\south_america\argentina\torneo_federal_a\a08z7wsz0uqx90wsj33g65fcd\2026\fixture.json,,,
65d7s2q5zincz8lho2ncpk9hw,2026-07-05,2026-07-05Z,17:00:00Z,Gimnasia Concepción,9 de Julio Rafaela,,,Estadio Manuel y Ramón Núñez,,7,2026-04-11T17:44:19Z,1q9caek968o8ubc43inhg6uxg,Torneo Federal A,a08z7wsz0uqx90wsj33g65fcd,Argentina,South America,2026,data\south_america\argentina\torneo_federal_a\a08z7wsz0uqx90wsj33g65fcd\2026\fixture.json,,,
64uu650iywwzumyib7xsjcqvo,2026-07-05,2026-07-05Z,17:00:00Z,Gimnasia Chivilcoy,El Linqueño,,,Estadio José María Paz,,7,2026-04-11T17:44:18Z,1q9caek968o8ubc43inhg6uxg,Torneo Federal A,a08z7wsz0uqx90wsj33g65fcd,Argentina,South America,2026,data\south_america\argentina\torneo_federal_a\a08z7wsz0uqx90wsj33g65fcd\2026\fixture.json,,,
1s6yaxe27h4axok4v89goxixg,2026-07-05,2026-07-05Z,17:00:00Z,Huracán Las Heras,Costa Brava,,,Estadio General San Martín,,7,2026-04-11T17:44:20Z,1q9caek968o8ubc43inhg6uxg,Torneo Federal A,a08z7wsz0uqx90wsj33g65fcd,Argentina,South America,2026,data\south_america\argentina\torneo_federal_a\a08z7wsz0uqx90wsj33g65fcd\2026\fixture.json,,,
1rpf9t747jzu38cyajri95tlg,2026-07-05,2026-07-05Z,17:00:00Z,San Martín Mendoza,Deportivo Rincón,,,Estadio General José de San Martín,,7,2026-04-11T17:44:20Z,1q9caek968o8ubc43inhg6uxg,Torneo Federal A,a08z7wsz0uqx90wsj33g65fcd,Argentina,South America,2026,data\south_america\argentina\torneo_federal_a\a08z7wsz0uqx90wsj33g65fcd\2026\fixture.json,,,
1r5ltjlso8g9cbv3ajnnd0y6s,2026-07-05,2026-07-05Z,17:00:00Z,Atenas,FADEP,,,Estadio 9 de Julio,,7,2026-04-11T17:44:21Z,1q9caek968o8ubc43inhg6uxg,Torneo Federal A,a08z7wsz0uqx90wsj33g65fcd,Argentina,South America,2026,data\south_america\argentina\torneo_federal_a\a08z7wsz0uqx90wsj33g65fcd\2026\fixture.json,,,
1qnmd1udm6xi52qvzak9kvuvo,2026-07-05,2026-07-05Z,17:00:00Z,Cipolletti,Argentino Monte Maíz,,,Estadio La Visera de Cemento,,7,2026-04-11T17:44:21Z,1q9caek968o8ubc43inhg6uxg,Torneo Federal A,a08z7wsz0uqx90wsj33g65fcd,Argentina,South America,2026,data\south_america\argentina\torneo_federal_a\a08z7wsz0uqx90wsj33g65fcd\2026\fixture.json,,,
bpe9kankg1tow2xh5lcpjxfys,2026-06-28,2026-06-28Z,17:00:00Z,Sarmiento de La Banda,Bartolomé Mitre,,,Estadio Ciudad de La Banda,,7,2026-04-11T17:43:37Z,1q9caek968o8ubc43inhg6uxg,Torneo Federal A,a08z7wsz0uqx90wsj33g65fcd,Argentina,South America,2026,data\south_america\argentina\torneo_federal_a\a08z7wsz0uqx90wsj33g65fcd\2026\fixture.json,,,
bow7wbtmvcdez7mcey9mq4l5g,2026-06-28,2026-06-28Z,17:00:00Z,Juventud Antoniana,Defensores Vilelas,,,Estadio Fray Honorato Pistoia,,7,2026-04-11T17:43:37Z,1q9caek968o8ubc43inhg6uxg,Torneo Federal A,a08z7wsz0uqx90wsj33g65fcd,Argentina,South America,2026,data\south_america\argentina\torneo_federal_a\a08z7wsz0uqx90wsj33g65fcd\2026\fixture.json,,,
boaj9mzspzgdj447cj6sxckyc,2026-06-28,2026-06-28Z,17:00:00Z,Sol de América,San Martín Formosa,,,Estadio Club Sol de América Formosa,,7,2026-04-11T17:43:38Z,1q9caek968o8ubc43inhg6uxg,Torneo Federal A,a08z7wsz0uqx90wsj33g65fcd,Argentina,South America,2026,data\south_america\argentina\torneo_federal_a\a08z7wsz0uqx90wsj33g65fcd\2026\fixture.json,,,
bnquyqbd72ubpfcpgou8nob9w,2026-06-28,2026-06-28Z,17:00:00Z,Sarmiento Resistencia,Tucumán Central,,,Estadio Centenario del Club Atlético Sarmiento,,7,2026-04-11T17:43:38Z,1q9caek968o8ubc43inhg6uxg,Torneo Federal A,a08z7wsz0uqx90wsj33g65fcd,Argentina,South America,2026,data\south_america\argentina\torneo_federal_a\a08z7wsz0uqx90wsj33g65fcd\2026\fixture.json,,,
6gyqf7xh4gtx8caz4ug4fefpw,2026-06-28,2026-06-28Z,17:00:00Z,Germinal de Rawson,Deportivo Santamarina,,,Estadio El Fortín,,7,2026-04-11T17:43:36Z,1q9caek968o8ubc43inhg6uxg,Torneo Federal A,a08z7wsz0uqx90wsj33g65fcd,Argentina,South America,2026,data\south_america\argentina\torneo_federal_a\a08z7wsz0uqx90wsj33g65fcd\2026\fixture.json,,,
6gdfo5a9o0b9vhl9dd5xy7zmc,2026-06-28,2026-06-28Z,17:00:00Z,Villa Mitre,Alvarado,,,Estadio El Fortín,,7,2026-04-11T17:43:35Z,1q9caek968o8ubc43inhg6uxg,Torneo Federal A,a08z7wsz0uqx90wsj33g65fcd,Argentina,South America,2026,data\south_america\argentina\torneo_federal_a\a08z7wsz0uqx90wsj33g65fcd\2026\fixture.json,,,
6fp4pc0t0u048e80hps19u5uc,2026-06-28,2026-06-28Z,17:00:00Z,Circulo Deportivo,Olimpo,,,Estadio Guillermo Trama,,7,2026-04-11T17:43:35Z,1q9caek968o8ubc43inhg6uxg,Torneo Federal A,a08z7wsz0uqx90wsj33g65fcd,Argentina,South America,2026,data\south_america\argentina\torneo_federal_a\a08z7wsz0uqx90wsj33g65fcd\2026\fixture.json,,,
6f394ctgv61gtykan6j96u9lg,2026-06-28,2026-06-28Z,17:00:00Z,Kimberley Mar del Plata,Guillermo Brown,,,Estadio José Antonio Valle,,7,2026-04-11T17:43:36Z,1q9caek968o8ubc43inhg6uxg,Torneo Federal A,a08z7wsz0uqx90wsj33g65fcd,Argentina,South America,2026,data\south_america\argentina\torneo_federal_a\a08z7wsz0uqx90wsj33g65fcd\2026\fixture.json,,,
6497zf86mknx20d33s3sahd04,2026-06-28,2026-06-28Z,17:00:00Z,9 de Julio Rafaela,Gimnasia Chivilcoy,,,Estadio Germán Malacho Soltermam,,7,2026-04-11T17:43:34Z,1q9caek968o8ubc43inhg6uxg,Torneo Federal A,a08z7wsz0uqx90wsj33g65fcd,Argentina,South America,2026,data\south_america\argentina\torneo_federal_a\a08z7wsz0uqx90wsj33g65fcd\2026\fixture.json,,,
63qxe1sv66hy00ggp6jzxqk9g,2026-06-28,2026-06-28Z,17:00:00Z,Atlético Escobar,Gimnasia Concepción,,,Estadio Armenia,,7,2026-04-11T17:43:35Z,1q9caek968o8ubc43inhg6uxg,Torneo Federal A,a08z7wsz0uqx90wsj33g65fcd,Argentina,South America,2026,data\south_america\argentina\torneo_federal_a\a08z7wsz0uqx90wsj33g65fcd\2026\fixture.json,,,
638ytdmbysltodxnmslxojzf8,2026-06-28,2026-06-28Z,17:00:00Z,Sportivo Las Parejas,Defensores Belgrano VR,,,Estadio La Perrera,,7,2026-04-11T17:43:35Z,1q9caek968o8ubc43inhg6uxg,Torneo Federal A,a08z7wsz0uqx90wsj33g65fcd,Argentina,South America,2026,data\south_america\argentina\torneo_federal_a\a08z7wsz0uqx90wsj33g65fcd\2026\fixture.json,,,
62oltoxamx4hsjnvsqknojxuc,2026-06-28,2026-06-28Z,17:00:00Z,Independiente Chivilcoy,Douglas Haig,,,Estadio Raúl Orlando Lungarzo,,7,2026-04-11T17:43:35Z,1q9caek968o8ubc43inhg6uxg,Torneo Federal A,a08z7wsz0uqx90wsj33g65fcd,Argentina,South America,2026,data\south_america\argentina\torneo_federal_a\a08z7wsz0uqx90wsj33g65fcd\2026\fixture.json,,,
626pomzdmvpt2tmuv7yy804d0,2026-06-28,2026-06-28Z,17:00:00Z,El Linqueño,Sportivo Belgrano,,,Estadio Leonardo Costa,,7,2026-04-11T17:43:34Z,1q9caek968o8ubc43inhg6uxg,Torneo Federal A,a08z7wsz0uqx90wsj33g65fcd,Argentina,South America,2026,data\south_america\argentina\torneo_federal_a\a08z7wsz0uqx90wsj33g65fcd\2026\fixture.json,,,
1q5yytvadvhfs46gykazwrj84,2026-06-28,2026-06-28Z,17:00:00Z,Argentino Monte Maíz,Juventud Unida Univ.,,,Estadio Modesto Marrone,,7,2026-04-11T17:43:36Z,1q9caek968o8ubc43inhg6uxg,Torneo Federal A,a08z7wsz0uqx90wsj33g65fcd,Argentina,South America,2026,data\south_america\argentina\torneo_federal_a\a08z7wsz0uqx90wsj33g65fcd\2026\fixture.json,,,
1pott16wqslx5lr9l2cmtv66s,2026-06-28,2026-06-28Z,17:00:00Z,FADEP,Cipolletti,,,Predio Social y Deportivo FADEP,,7,2026-04-11T17:43:36Z,1q9caek968o8ubc43inhg6uxg,Torneo Federal A,a08z7wsz0uqx90wsj33g65fcd,Argentina,South America,2026,data\south_america\argentina\torneo_federal_a\a08z7wsz0uqx90wsj33g65fcd\2026\fixture.json,,,
1p7medawt63b8c6mox4f2hfdg,2026-06-28,2026-06-28Z,17:00:00Z,Deportivo Rincón,Atenas,,,Estadio Gremio de Los Petroleros,,7,2026-04-11T17:43:37Z,1q9caek968o8ubc43inhg6uxg,Torneo Federal A,a08z7wsz0uqx90wsj33g65fcd,Argentina,South America,2026,data\south_america\argentina\torneo_federal_a\a08z7wsz0uqx90wsj33g65fcd\2026\fixture.json,,,
1oqcoyzoo7zc13a5824wnfj84,2026-06-28,2026-06-28Z,17:00:00Z,Costa Brava,San Martín Mendoza,,,Estadio Nuevo Pacaembú,,7,2026-04-11T17:43:37Z,1q9caek968o8ubc43inhg6uxg,Torneo Federal A,a08z7wsz0uqx90wsj33g65fcd,Argentina,South America,2026,data\south_america\argentina\torneo_federal_a\a08z7wsz0uqx90wsj33g65fcd\2026\fixture.json,,,
bn92yu8nnfpf77rbs4us6cwlw,2026-06-21,2026-06-21Z,17:00:00Z,Tucumán Central,Boca Unidos,,,Cancha Club Tucumán Central,,7,2026-04-11T17:42:55Z,1q9caek968o8ubc43inhg6uxg,Torneo Federal A,a08z7wsz0uqx90wsj33g65fcd,Argentina,South America,2026,data\south_america\argentina\torneo_federal_a\a08z7wsz0uqx90wsj33g65fcd\2026\fixture.json,,,
bmr8hc0qeiv7q3lvc9m0s0r9w,2026-06-21,2026-06-21Z,17:00:00Z,San Martín Formosa,Sarmiento Resistencia,,,Estadio 17 de Octubre,,7,2026-04-11T17:42:55Z,1q9caek968o8ubc43inhg6uxg,Torneo Federal A,a08z7wsz0uqx90wsj33g65fcd,Argentina,South America,2026,data\south_america\argentina\torneo_federal_a\a08z7wsz0uqx90wsj33g65fcd\2026\fixture.json,,,
bm9d0bi5p3bhjwtru2rs4sa38,2026-06-21,2026-06-21Z,17:00:00Z,Defensores Vilelas,Sol de América,,,Estadio del Club Defensores De Vilelas,,7,2026-04-11T17:42:55Z,1q9caek968o8ubc43inhg6uxg,Torneo Federal A,a08z7wsz0uqx90wsj33g65fcd,Argentina,South America,2026,data\south_america\argentina\torneo_federal_a\a08z7wsz0uqx90wsj33g65fcd\2026\fixture.json,,,
blrngsjwpwnbuhsqpmbnmz504,2026-06-21,2026-06-21Z,17:00:00Z,Bartolomé Mitre,Juventud Antoniana,,,Estadio Tito Cucchiaroni,,7,2026-04-11T17:42:55Z,1q9caek968o8ubc43inhg6uxg,Torneo Federal A,a08z7wsz0uqx90wsj33g65fcd,Argentina,South America,2026,data\south_america\argentina\torneo_federal_a\a08z7wsz0uqx90wsj33g65fcd\2026\fixture.json,,,
6ef1ee4s3ybmks71bb7ys7aqc,2026-06-21,2026-06-21Z,17:00:00Z,Guillermo Brown,Sol de Mayo,,,Estadio Raúl Conti,,7,2026-04-11T17:42:53Z,1q9caek968o8ubc43inhg6uxg,Torneo Federal A,a08z7wsz0uqx90wsj33g65fcd,Argentina,South America,2026,data\south_america\argentina\torneo_federal_a\a08z7wsz0uqx90wsj33g65fcd\2026\fixture.json,,,
6dx0z14ah77wk2sofxjxx20wk,2026-06-21,2026-06-21Z,17:00:00Z,Olimpo,Kimberley Mar del Plata,,,Estadio Roberto Natalio Carminatti,,7,2026-04-11T17:42:53Z,1q9caek968o8ubc43inhg6uxg,Torneo Federal A,a08z7wsz0uqx90wsj33g65fcd,Argentina,South America,2026,data\south_america\argentina\torneo_federal_a\a08z7wsz0uqx90wsj33g65fcd\2026\fixture.json,,,
6dfoc5wdpsbjd266mrcph0sno,2026-06-21,2026-06-21Z,17:00:00Z,Alvarado,Circulo Deportivo,,,Estadio José María Minella,,7,2026-04-11T17:42:53Z,1q9caek968o8ubc43inhg6uxg,Torneo Federal A,a08z7wsz0uqx90wsj33g65fcd,Argentina,South America,2026,data\south_america\argentina\torneo_federal_a\a08z7wsz0uqx90wsj33g65fcd\2026\fixture.json,,,
6cy68cubrs6m9e62zkbonwnis,2026-06-21,2026-06-21Z,17:00:00Z,Deportivo Santamarina,Villa Mitre,,,Estadio Municipal General San Martín de Tandil,,7,2026-04-11T17:42:53Z,1q9caek968o8ubc43inhg6uxg,Torneo Federal A,a08z7wsz0uqx90wsj33g65fcd,Argentina,South America,2026,data\south_america\argentina\torneo_federal_a\a08z7wsz0uqx90wsj33g65fcd\2026\fixture.json,,,
61o53tzgzrudaiwaueq0e87is,2026-06-21,2026-06-21Z,17:00:00Z,Douglas Haig,Sportivo Belgrano,,,Estadio Miguel Morales,,7,2026-04-11T17:42:52Z,1q9caek968o8ubc43inhg6uxg,Torneo Federal A,a08z7wsz0uqx90wsj33g65fcd,Argentina,South America,2026,data\south_america\argentina\torneo_federal_a\a08z7wsz0uqx90wsj33g65fcd\2026\fixture.json,,,
616bxf74wimf0jk6ck7k9gnx0,2026-06-21,2026-06-21Z,17:00:00Z,Defensores Belgrano VR,Independiente Chivilcoy,,,Estadio Salomón Boeseldín,,7,2026-04-11T17:42:52Z,1q9caek968o8ubc43inhg6uxg,Torneo Federal A,a08z7wsz0uqx90wsj33g65fcd,Argentina,South America,2026,data\south_america\argentina\torneo_federal_a\a08z7wsz0uqx90wsj33g65fcd\2026\fixture.json,,,
60okkbqp1mpmedrg1ybxy036c,2026-06-21,2026-06-21Z,17:00:00Z,Gimnasia Concepción,Sportivo Las Parejas,,,Estadio Manuel y Ramón Núñez,,7,2026-04-11T17:42:52Z,1q9caek968o8ubc43inhg6uxg,Torneo Federal A,a08z7wsz0uqx90wsj33g65fcd,Argentina,South America,2026,data\south_america\argentina\torneo_federal_a\a08z7wsz0uqx90wsj33g65fcd\2026\fixture.json,,,
6066g4mz9l2e6pm9b19h9oges,2026-06-21,2026-06-21Z,17:00:00Z,Gimnasia Chivilcoy,Atlético Escobar,,,Estadio José María Paz,,7,2026-04-11T17:42:52Z,1q9caek968o8ubc43inhg6uxg,Torneo Federal A,a08z7wsz0uqx90wsj33g65fcd,Argentina,South America,2026,data\south_america\argentina\torneo_federal_a\a08z7wsz0uqx90wsj33g65fcd\2026\fixture.json,,,
5zk13x5yvhza4ity64bm9632s,2026-06-21,2026-06-21Z,17:00:00Z,9 de Julio Rafaela,El Linqueño,,,Estadio Germán Malacho Soltermam,,7,2026-04-11T17:42:51Z,1q9caek968o8ubc43inhg6uxg,Torneo Federal A,a08z7wsz0uqx90wsj33g65fcd,Argentina,South America,2026,data\south_america\argentina\torneo_federal_a\a08z7wsz0uqx90wsj33g65fcd\2026\fixture.json,,,
1o54c5xrbygibdvun1dbafz84,2026-06-21,2026-06-21Z,17:00:00Z,San Martín Mendoza,Huracán Las Heras,,,Estadio General José de San Martín,,7,2026-04-11T17:42:54Z,1q9caek968o8ubc43inhg6uxg,Torneo Federal A,a08z7wsz0uqx90wsj33g65fcd,Argentina,South America,2026,data\south_america\argentina\torneo_federal_a\a08z7wsz0uqx90wsj33g65fcd\2026\fixture.json,,,
1nkstcpkowjj3564s9gwv7ris,2026-06-21,2026-06-21Z,17:00:00Z,Atenas,Costa Brava,,,Estadio 9 de Julio,,7,2026-04-11T17:42:54Z,1q9caek968o8ubc43inhg6uxg,Torneo Federal A,a08z7wsz0uqx90wsj33g65fcd,Argentina,South America,2026,data\south_america\argentina\torneo_federal_a\a08z7wsz0uqx90wsj33g65fcd\2026\fixture.json,,,
1mxrhoh6mq0ommirtwmtk0c9g,2026-06-21,2026-06-21Z,17:00:00Z,Cipolletti,Deportivo Rincón,,,Estadio La Visera de Cemento,,7,2026-04-11T17:42:54Z,1q9caek968o8ubc43inhg6uxg,Torneo Federal A,a08z7wsz0uqx90wsj33g65fcd,Argentina,South America,2026,data\south_america\argentina\torneo_federal_a\a08z7wsz0uqx90wsj33g65fcd\2026\fixture.json,,,
1mdl5i91rpac2u8e3oje310yc,2026-06-21,2026-06-21Z,17:00:00Z,Juventud Unida Univ.,FADEP,,,Estadio Mario Sebastián Diez,,7,2026-04-11T17:42:54Z,1q9caek968o8ubc43inhg6uxg,Torneo Federal A,a08z7wsz0uqx90wsj33g65fcd,Argentina,South America,2026,data\south_america\argentina\torneo_federal_a\a08z7wsz0uqx90wsj33g65fcd\2026\fixture.json,,,
bl7rnerh8v3ftwsjz6bdt8ges,2026-06-14,2026-06-14Z,17:00:00Z,Juventud Antoniana,Sarmiento de La Banda,,,Estadio Fray Honorato Pistoia,,7,2026-04-11T17:41:53Z,1q9caek968o8ubc43inhg6uxg,Torneo Federal A,a08z7wsz0uqx90wsj33g65fcd,Argentina,South America,2026,data\south_america\argentina\torneo_federal_a\a08z7wsz0uqx90wsj33g65fcd\2026\fixture.json,,,
bkpuziy2x3vud0e83f411by1g,2026-06-14,2026-06-14Z,17:00:00Z,Sol de América,Bartolomé Mitre,,,Estadio Club Sol de América Formosa,,7,2026-04-11T17:41:53Z,1q9caek968o8ubc43inhg6uxg,Torneo Federal A,a08z7wsz0uqx90wsj33g65fcd,Argentina,South America,2026,data\south_america\argentina\torneo_federal_a\a08z7wsz0uqx90wsj33g65fcd\2026\fixture.json,,,
bk86jeh3fy3wa0xsiyzha9p90,2026-06-14,2026-06-14Z,17:00:00Z,Sarmiento Resistencia,Defensores Vilelas,,,Estadio Centenario del Club Atlético Sarmiento,,7,2026-04-11T17:41:53Z,1q9caek968o8ubc43inhg6uxg,Torneo Federal A,a08z7wsz0uqx90wsj33g65fcd,Argentina,South America,2026,data\south_america\argentina\torneo_federal_a\a08z7wsz0uqx90wsj33g65fcd\2026\fixture.json,,,
bjqemr4202tpsauzi8klkss9g,2026-06-14,2026-06-14Z,17:00:00Z,Boca Unidos,San Martín Formosa,,,Estadio José Antonio Romero Feris,,7,2026-04-11T17:41:53Z,1q9caek968o8ubc43inhg6uxg,Torneo Federal A,a08z7wsz0uqx90wsj33g65fcd,Argentina,South America,2026,data\south_america\argentina\torneo_federal_a\a08z7wsz0uqx90wsj33g65fcd\2026\fixture.json,,,
6cdxr4dyray8ktkhsupdth250,2026-06-14,2026-06-14Z,17:00:00Z,Villa Mitre,Germinal de Rawson,,,Estadio El Fortín,,7,2026-04-11T17:41:51Z,1q9caek968o8ubc43inhg6uxg,Torneo Federal A,a08z7wsz0uqx90wsj33g65fcd,Argentina,South America,2026,data\south_america\argentina\torneo_federal_a\a08z7wsz0uqx90wsj33g65fcd\2026\fixture.json,,,
6bvgxtfvj1dretzrf06h75rmc,2026-06-14,2026-06-14Z,17:00:00Z,Circulo Deportivo,Deportivo Santamarina,,,Estadio Guillermo Trama,,7,2026-04-11T17:41:51Z,1q9caek968o8ubc43inhg6uxg,Torneo Federal A,a08z7wsz0uqx90wsj33g65fcd,Argentina,South America,2026,data\south_america\argentina\torneo_federal_a\a08z7wsz0uqx90wsj33g65fcd\2026\fixture.json,,,
6bdo9xuyffta0q0hrn0mf0p3o,2026-06-14,2026-06-14Z,17:00:00Z,Kimberley Mar del Plata,Alvarado,,,Estadio José Antonio Valle,,7,2026-04-11T17:41:51Z,1q9caek968o8ubc43inhg6uxg,Torneo Federal A,a08z7wsz0uqx90wsj33g65fcd,Argentina,South America,2026,data\south_america\argentina\torneo_federal_a\a08z7wsz0uqx90wsj33g65fcd\2026\fixture.json,,,
6aw5ubrraqge9tu38ug597llg,2026-06-14,2026-06-14Z,17:00:00Z,Sol de Mayo,Olimpo,,,Estadio Sol De Mayo,,7,2026-04-11T17:41:51Z,1q9caek968o8ubc43inhg6uxg,Torneo Federal A,a08z7wsz0uqx90wsj33g65fcd,Argentina,South America,2026,data\south_america\argentina\torneo_federal_a\a08z7wsz0uqx90wsj33g65fcd\2026\fixture.json,,,
5yx6et1shf4ap96p84ygi74t0,2026-06-14,2026-06-14Z,17:00:00Z,Atlético Escobar,9 de Julio Rafaela,,,Estadio Armenia,,7,2026-04-11T17:41:50Z,1q9caek968o8ubc43inhg6uxg,Torneo Federal A,a08z7wsz0uqx90wsj33g65fcd,Argentina,South America,2026,data\south_america\argentina\torneo_federal_a\a08z7wsz0uqx90wsj33g65fcd\2026\fixture.json,,,
5yem13geav2b8f4j7zjszqj2s,2026-06-14,2026-06-14Z,17:00:00Z,Sportivo Las Parejas,Gimnasia Chivilcoy,,,Estadio La Perrera,,7,2026-04-11T17:41:50Z,1q9caek968o8ubc43inhg6uxg,Torneo Federal A,a08z7wsz0uqx90wsj33g65fcd,Argentina,South America,2026,data\south_america\argentina\torneo_federal_a\a08z7wsz0uqx90wsj33g65fcd\2026\fixture.json,,,
5xwg47woea8a4by0skqwo7swk,2026-06-14,2026-06-14Z,17:00:00Z,Independiente Chivilcoy,Gimnasia Concepción,,,Estadio Raúl Orlando Lungarzo,,7,2026-04-11T17:41:50Z,1q9caek968o8ubc43inhg6uxg,Torneo Federal A,a08z7wsz0uqx90wsj33g65fcd,Argentina,South America,2026,data\south_america\argentina\torneo_federal_a\a08z7wsz0uqx90wsj33g65fcd\2026\fixture.json,,,
5xcs728utcmon8k2y99od4sgk,2026-06-14,2026-06-14Z,17:00:00Z,Sportivo Belgrano,Defensores Belgrano VR,,,Estadio Juan Pablo Francia,,7,2026-04-11T17:41:50Z,1q9caek968o8ubc43inhg6uxg,Torneo Federal A,a08z7wsz0uqx90wsj33g65fcd,Argentina,South America,2026,data\south_america\argentina\torneo_federal_a\a08z7wsz0uqx90wsj33g65fcd\2026\fixture.json,,,
5wnnhvjit5ftkd09xjqcolxqs,2026-06-14,2026-06-14Z,17:00:00Z,El Linqueño,Douglas Haig,,,Estadio Leonardo Costa,,7,2026-04-11T17:41:49Z,1q9caek968o8ubc43inhg6uxg,Torneo Federal A,a08z7wsz0uqx90wsj33g65fcd,Argentina,South America,2026,data\south_america\argentina\torneo_federal_a\a08z7wsz0uqx90wsj33g65fcd\2026\fixture.json,,,
1ldqkp0e73w4yjjqh3wdwj28k,2026-06-14,2026-06-14Z,17:00:00Z,FADEP,Argentino Monte Maíz,,,Predio Social y Deportivo FADEP,,7,2026-04-11T17:41:52Z,1q9caek968o8ubc43inhg6uxg,Torneo Federal A,a08z7wsz0uqx90wsj33g65fcd,Argentina,South America,2026,data\south_america\argentina\torneo_federal_a\a08z7wsz0uqx90wsj33g65fcd\2026\fixture.json,,,
1kuyowdytup3g4wibh4j9lous,2026-06-14,2026-06-14Z,17:00:00Z,Deportivo Rincón,Juventud Unida Univ.,,,Estadio Gremio de Los Petroleros,,7,2026-04-11T17:41:52Z,1q9caek968o8ubc43inhg6uxg,Torneo Federal A,a08z7wsz0uqx90wsj33g65fcd,Argentina,South America,2026,data\south_america\argentina\torneo_federal_a\a08z7wsz0uqx90wsj33g65fcd\2026\fixture.json,,,
1k5v5khydm1w6wl5yitzyeyvo,2026-06-14,2026-06-14Z,17:00:00Z,Costa Brava,Cipolletti,,,Estadio Nuevo Pacaembú,,7,2026-04-11T17:41:52Z,1q9caek968o8ubc43inhg6uxg,Torneo Federal A,a08z7wsz0uqx90wsj33g65fcd,Argentina,South America,2026,data\south_america\argentina\torneo_federal_a\a08z7wsz0uqx90wsj33g65fcd\2026\fixture.json,,,
1jkyvuodjptkpwam19vl8z9ck,2026-06-14,2026-06-14Z,17:00:00Z,Huracán Las Heras,Atenas,,,Estadio General San Martín,,7,2026-04-11T17:41:52Z,1q9caek968o8ubc43inhg6uxg,Torneo Federal A,a08z7wsz0uqx90wsj33g65fcd,Argentina,South America,2026,data\south_america\argentina\torneo_federal_a\a08z7wsz0uqx90wsj33g65fcd\2026\fixture.json,,,
bj8ltsvy1p2hi8ff3zqrpy8t0,2026-06-07,2026-06-07Z,17:00:00Z,San Martín Formosa,Tucumán Central,,,Estadio 17 de Octubre,,7,2026-04-11T17:41:09Z,1q9caek968o8ubc43inhg6uxg,Torneo Federal A,a08z7wsz0uqx90wsj33g65fcd,Argentina,South America,2026,data\south_america\argentina\torneo_federal_a\a08z7wsz0uqx90wsj33g65fcd\2026\fixture.json,,,
bir119ffu0zz1p121hcska710,2026-06-07,2026-06-07Z,17:00:00Z,Defensores Vilelas,Boca Unidos,,,Estadio del Club Defensores De Vilelas,,7,2026-04-11T17:41:09Z,1q9caek968o8ubc43inhg6uxg,Torneo Federal A,a08z7wsz0uqx90wsj33g65fcd,Argentina,South America,2026,data\south_america\argentina\torneo_federal_a\a08z7wsz0uqx90wsj33g65fcd\2026\fixture.json,,,
bi9fju160au5234kd7wknhwk4,2026-06-07,2026-06-07Z,17:00:00Z,Bartolomé Mitre,Sarmiento Resistencia,,,Estadio Tito Cucchiaroni,,7,2026-04-11T17:41:09Z,1q9caek968o8ubc43inhg6uxg,Torneo Federal A,a08z7wsz0uqx90wsj33g65fcd,Argentina,South America,2026,data\south_america\argentina\torneo_federal_a\a08z7wsz0uqx90wsj33g65fcd\2026\fixture.json,,,
bhrr7fk1arrbway2l8m8ap9g4,2026-06-07,2026-06-07Z,17:00:00Z,Sarmiento de La Banda,Sol de América,,,Estadio Ciudad de La Banda,,7,2026-04-11T17:41:10Z,1q9caek968o8ubc43inhg6uxg,Torneo Federal A,a08z7wsz0uqx90wsj33g65fcd,Argentina,South America,2026,data\south_america\argentina\torneo_federal_a\a08z7wsz0uqx90wsj33g65fcd\2026\fixture.json,,,
6adhl85m6sigry7l9vnpbhrtg,2026-06-07,2026-06-07Z,17:00:00Z,Olimpo,Guillermo Brown,,,Estadio Roberto Natalio Carminatti,,7,2026-04-11T17:41:08Z,1q9caek968o8ubc43inhg6uxg,Torneo Federal A,a08z7wsz0uqx90wsj33g65fcd,Argentina,South America,2026,data\south_america\argentina\torneo_federal_a\a08z7wsz0uqx90wsj33g65fcd\2026\fixture.json,,,
69vo5604mpkk6nckwf9yhwahg,2026-06-07,2026-06-07Z,17:00:00Z,Alvarado,Sol de Mayo,,,Estadio José María Minella,,7,2026-04-11T17:41:07Z,1q9caek968o8ubc43inhg6uxg,Torneo Federal A,a08z7wsz0uqx90wsj33g65fcd,Argentina,South America,2026,data\south_america\argentina\torneo_federal_a\a08z7wsz0uqx90wsj33g65fcd\2026\fixture.json,,,
69eez44nn3q5r1tghgjroxzis,2026-06-07,2026-06-07Z,17:00:00Z,Deportivo Santamarina,Kimberley Mar del Plata,,,Estadio Municipal General San Martín de Tandil,,7,2026-04-11T17:41:07Z,1q9caek968o8ubc43inhg6uxg,Torneo Federal A,a08z7wsz0uqx90wsj33g65fcd,Argentina,South America,2026,data\south_america\argentina\torneo_federal_a\a08z7wsz0uqx90wsj33g65fcd\2026\fixture.json,,,
68wipjdwro7n9lkvvqbt4rdp0,2026-06-07,2026-06-07Z,17:00:00Z,Germinal de Rawson,Circulo Deportivo,,,Estadio El Fortín,,7,2026-04-11T17:41:08Z,1q9caek968o8ubc43inhg6uxg,Torneo Federal A,a08z7wsz0uqx90wsj33g65fcd,Argentina,South America,2026,data\south_america\argentina\torneo_federal_a\a08z7wsz0uqx90wsj33g65fcd\2026\fixture.json,,,
5vuqokfmj5mpenqyc1zlg9kwk,2026-06-07,2026-06-07Z,17:00:00Z,Defensores Belgrano VR,Douglas Haig,,,Estadio Salomón Boeseldín,,7,2026-04-11T17:41:06Z,1q9caek968o8ubc43inhg6uxg,Torneo Federal A,a08z7wsz0uqx90wsj33g65fcd,Argentina,South America,2026,data\south_america\argentina\torneo_federal_a\a08z7wsz0uqx90wsj33g65fcd\2026\fixture.json,,,
5vbe7sss77quk8bacx963r0gk,2026-06-07,2026-06-07Z,17:00:00Z,Gimnasia Concepción,Sportivo Belgrano,,,Estadio Manuel y Ramón Núñez,,7,2026-04-11T17:41:06Z,1q9caek968o8ubc43inhg6uxg,Torneo Federal A,a08z7wsz0uqx90wsj33g65fcd,Argentina,South America,2026,data\south_america\argentina\torneo_federal_a\a08z7wsz0uqx90wsj33g65fcd\2026\fixture.json,,,
5utaaa078gp9bz6narco74wt0,2026-06-07,2026-06-07Z,17:00:00Z,Gimnasia Chivilcoy,Independiente Chivilcoy,,,Estadio José María Paz,,7,2026-04-11T17:41:07Z,1q9caek968o8ubc43inhg6uxg,Torneo Federal A,a08z7wsz0uqx90wsj33g65fcd,Argentina,South America,2026,data\south_america\argentina\torneo_federal_a\a08z7wsz0uqx90wsj33g65fcd\2026\fixture.json,,,
5ubj0g45l720st2abbazrqolw,2026-06-07,2026-06-07Z,17:00:00Z,9 de Julio Rafaela,Sportivo Las Parejas,,,Estadio Germán Malacho Soltermam,,7,2026-04-11T17:41:07Z,1q9caek968o8ubc43inhg6uxg,Torneo Federal A,a08z7wsz0uqx90wsj33g65fcd,Argentina,South America,2026,data\south_america\argentina\torneo_federal_a\a08z7wsz0uqx90wsj33g65fcd\2026\fixture.json,,,
5ttid3h9yr2tc3eqy5z6f1hjo,2026-06-07,2026-06-07Z,17:00:00Z,Atlético Escobar,El Linqueño,,,Estadio Armenia,,7,2026-04-11T17:41:06Z,1q9caek968o8ubc43inhg6uxg,Torneo Federal A,a08z7wsz0uqx90wsj33g65fcd,Argentina,South America,2026,data\south_america\argentina\torneo_federal_a\a08z7wsz0uqx90wsj33g65fcd\2026\fixture.json,,,
1iyn4nzj4wc6d9he74n1w0sus,2026-06-07,2026-06-07Z,17:00:00Z,Atenas,San Martín Mendoza,,,Estadio 9 de Julio,,7,2026-04-11T17:41:08Z,1q9caek968o8ubc43inhg6uxg,Torneo Federal A,a08z7wsz0uqx90wsj33g65fcd,Argentina,South America,2026,data\south_america\argentina\torneo_federal_a\a08z7wsz0uqx90wsj33g65fcd\2026\fixture.json,,,
1iglshrdoywg2d9o0eyqusyz8,2026-06-07,2026-06-07Z,17:00:00Z,Cipolletti,Huracán Las Heras,,,Estadio La Visera de Cemento,,7,2026-04-11T17:41:08Z,1q9caek968o8ubc43inhg6uxg,Torneo Federal A,a08z7wsz0uqx90wsj33g65fcd,Argentina,South America,2026,data\south_america\argentina\torneo_federal_a\a08z7wsz0uqx90wsj33g65fcd\2026\fixture.json,,,
1hwzb1qvkgo9u5jsdovjdss2c,2026-06-07,2026-06-07Z,17:00:00Z,Juventud Unida Univ.,Costa Brava,,,Estadio Mario Sebastián Diez,,7,2026-04-11T17:41:09Z,1q9caek968o8ubc43inhg6uxg,Torneo Federal A,a08z7wsz0uqx90wsj33g65fcd,Argentina,South America,2026,data\south_america\argentina\torneo_federal_a\a08z7wsz0uqx90wsj33g65fcd\2026\fixture.json,,,
1hf4klrk22h64upbifket6exg,2026-06-07,2026-06-07Z,17:00:00Z,Argentino Monte Maíz,Deportivo Rincón,,,Estadio Modesto Marrone,,7,2026-04-11T17:41:09Z,1q9caek968o8ubc43inhg6uxg,Torneo Federal A,a08z7wsz0uqx90wsj33g65fcd,Argentina,South America,2026,data\south_america\argentina\torneo_federal_a\a08z7wsz0uqx90wsj33g65fcd\2026\fixture.json,,,
bh4uqohrqc8s8enhbd0rrv8yc,2026-05-31,2026-05-31Z,17:00:00Z,Sol de América,Juventud Antoniana,,,Estadio Club Sol de América Formosa,,7,2026-04-11T17:40:20Z,1q9caek968o8ubc43inhg6uxg,Torneo Federal A,a08z7wsz0uqx90wsj33g65fcd,Argentina,South America,2026,data\south_america\argentina\torneo_federal_a\a08z7wsz0uqx90wsj33g65fcd\2026\fixture.json,,,
bgiplg5n9kwy55qkyemdhkwes,2026-05-31,2026-05-31Z,17:00:00Z,Sarmiento Resistencia,Sarmiento de La Banda,,,Estadio Centenario del Club Atlético Sarmiento,,7,2026-04-11T17:40:20Z,1q9caek968o8ubc43inhg6uxg,Torneo Federal A,a08z7wsz0uqx90wsj33g65fcd,Argentina,South America,2026,data\south_america\argentina\torneo_federal_a\a08z7wsz0uqx90wsj33g65fcd\2026\fixture.json,,,
bfthujk4zqkh3l3vdl8riya6s,2026-05-31,2026-05-31Z,17:00:00Z,Boca Unidos,Bartolomé Mitre,,,Estadio José Antonio Romero Feris,,7,2026-04-11T17:40:20Z,1q9caek968o8ubc43inhg6uxg,Torneo Federal A,a08z7wsz0uqx90wsj33g65fcd,Argentina,South America,2026,data\south_america\argentina\torneo_federal_a\a08z7wsz0uqx90wsj33g65fcd\2026\fixture.json,,,
bfbgx9j35aj004jcikzmcutqs,2026-05-31,2026-05-31Z,17:00:00Z,Tucumán Central,Defensores Vilelas,,,Cancha Club Tucumán Central,,7,2026-04-11T17:40:20Z,1q9caek968o8ubc43inhg6uxg,Torneo Federal A,a08z7wsz0uqx90wsj33g65fcd,Argentina,South America,2026,data\south_america\argentina\torneo_federal_a\a08z7wsz0uqx90wsj33g65fcd\2026\fixture.json,,,
68f7l7sz84ximqv1rcln0vx90,2026-05-31,2026-05-31Z,17:00:00Z,Circulo Deportivo,Villa Mitre,,,Estadio Guillermo Trama,,7,2026-04-11T17:40:19Z,1q9caek968o8ubc43inhg6uxg,Torneo Federal A,a08z7wsz0uqx90wsj33g65fcd,Argentina,South America,2026,data\south_america\argentina\torneo_federal_a\a08z7wsz0uqx90wsj33g65fcd\2026\fixture.json,,,
67xako0ncb26htybhwfdedmok,2026-05-31,2026-05-31Z,17:00:00Z,Kimberley Mar del Plata,Germinal de Rawson,,,Estadio José Antonio Valle,,7,2026-04-11T17:40:18Z,1q9caek968o8ubc43inhg6uxg,Torneo Federal A,a08z7wsz0uqx90wsj33g65fcd,Argentina,South America,2026,data\south_america\argentina\torneo_federal_a\a08z7wsz0uqx90wsj33g65fcd\2026\fixture.json,,,
67cv6ef7zamgjnqbw4ffhal1w,2026-05-31,2026-05-31Z,17:00:00Z,Sol de Mayo,Deportivo Santamarina,,,Estadio Sol De Mayo,,7,2026-04-11T17:40:18Z,1q9caek968o8ubc43inhg6uxg,Torneo Federal A,a08z7wsz0uqx90wsj33g65fcd,Argentina,South America,2026,data\south_america\argentina\torneo_federal_a\a08z7wsz0uqx90wsj33g65fcd\2026\fixture.json,,,
66vcmvxqa4h6cs2ipt2ijkydw,2026-05-31,2026-05-31Z,17:00:00Z,Guillermo Brown,Alvarado,,,Estadio Raúl Conti,,7,2026-04-11T17:40:19Z,1q9caek968o8ubc43inhg6uxg,Torneo Federal A,a08z7wsz0uqx90wsj33g65fcd,Argentina,South America,2026,data\south_america\argentina\torneo_federal_a\a08z7wsz0uqx90wsj33g65fcd\2026\fixture.json,,,
5tauylho7gji4v35u0xsh1iqc,2026-05-31,2026-05-31Z,17:00:00Z,Sportivo Las Parejas,Atlético Escobar,,,Estadio La Perrera,,7,2026-04-11T17:40:17Z,1q9caek968o8ubc43inhg6uxg,Torneo Federal A,a08z7wsz0uqx90wsj33g65fcd,Argentina,South America,2026,data\south_america\argentina\torneo_federal_a\a08z7wsz0uqx90wsj33g65fcd\2026\fixture.json,,,
5sstoq1v4h2skwhmjchtszuok,2026-05-31,2026-05-31Z,17:00:00Z,Independiente Chivilcoy,9 de Julio Rafaela,,,Estadio Raúl Orlando Lungarzo,,7,2026-04-11T17:40:17Z,1q9caek968o8ubc43inhg6uxg,Torneo Federal A,a08z7wsz0uqx90wsj33g65fcd,Argentina,South America,2026,data\south_america\argentina\torneo_federal_a\a08z7wsz0uqx90wsj33g65fcd\2026\fixture.json,,,
5sat30qdx8qmy90w8d8u3gqok,2026-05-31,2026-05-31Z,17:00:00Z,Sportivo Belgrano,Gimnasia Chivilcoy,,,Estadio Juan Pablo Francia,,7,2026-04-11T17:40:18Z,1q9caek968o8ubc43inhg6uxg,Torneo Federal A,a08z7wsz0uqx90wsj33g65fcd,Argentina,South America,2026,data\south_america\argentina\torneo_federal_a\a08z7wsz0uqx90wsj33g65fcd\2026\fixture.json,,,
5rnrj1zv0cl5nskginfk1x7o4,2026-05-31,2026-05-31Z,17:00:00Z,Douglas Haig,Gimnasia Concepción,,,Estadio Miguel Morales,,7,2026-04-11T17:40:18Z,1q9caek968o8ubc43inhg6uxg,Torneo Federal A,a08z7wsz0uqx90wsj33g65fcd,Argentina,South America,2026,data\south_america\argentina\torneo_federal_a\a08z7wsz0uqx90wsj33g65fcd\2026\fixture.json,,,
5r5tv70zm511mcv0rlhryt6vo,2026-05-31,2026-05-31Z,17:00:00Z,El Linqueño,Defensores Belgrano VR,,,Estadio Leonardo Costa,,7,2026-04-11T17:40:17Z,1q9caek968o8ubc43inhg6uxg,Torneo Federal A,a08z7wsz0uqx90wsj33g65fcd,Argentina,South America,2026,data\south_america\argentina\torneo_federal_a\a08z7wsz0uqx90wsj33g65fcd\2026\fixture.json,,,
1gxmgca1k1wo6z3ndxj4hv0no,2026-05-31,2026-05-31Z,17:00:00Z,Deportivo Rincón,FADEP,,,Estadio Gremio de Los Petroleros,,7,2026-04-11T17:40:19Z,1q9caek968o8ubc43inhg6uxg,Torneo Federal A,a08z7wsz0uqx90wsj33g65fcd,Argentina,South America,2026,data\south_america\argentina\torneo_federal_a\a08z7wsz0uqx90wsj33g65fcd\2026\fixture.json,,,
1ggcvlgmvn6458al5nldbn4lw,2026-05-31,2026-05-31Z,17:00:00Z,Costa Brava,Argentino Monte Maíz,,,Estadio Nuevo Pacaembú,,7,2026-04-11T17:40:19Z,1q9caek968o8ubc43inhg6uxg,Torneo Federal A,a08z7wsz0uqx90wsj33g65fcd,Argentina,South America,2026,data\south_america\argentina\torneo_federal_a\a08z7wsz0uqx90wsj33g65fcd\2026\fixture.json,,,
1fx4pguio8qzkuhe75kd0s0lw,2026-05-31,2026-05-31Z,17:00:00Z,Huracán Las Heras,Juventud Unida Univ.,,,Estadio General San Martín,,7,2026-04-11T17:40:19Z,1q9caek968o8ubc43inhg6uxg,Torneo Federal A,a08z7wsz0uqx90wsj33g65fcd,Argentina,South America,2026,data\south_america\argentina\torneo_federal_a\a08z7wsz0uqx90wsj33g65fcd\2026\fixture.json,,,
1fesoascdyro17cfb9prx6wb8,2026-05-31,2026-05-31Z,17:00:00Z,San Martín Mendoza,Cipolletti,,,Estadio General José de San Martín,,7,2026-04-11T17:40:20Z,1q9caek968o8ubc43inhg6uxg,Torneo Federal A,a08z7wsz0uqx90wsj33g65fcd,Argentina,South America,2026,data\south_america\argentina\torneo_federal_a\a08z7wsz0uqx90wsj33g65fcd\2026\fixture.json,,,
betq2h669jcqm1kewpzmry2vo,2026-05-24,2026-05-24Z,17:00:00Z,Defensores Vilelas,San Martín Formosa,,,Estadio del Club Defensores De Vilelas,,7,2026-04-11T17:39:29Z,1q9caek968o8ubc43inhg6uxg,Torneo Federal A,a08z7wsz0uqx90wsj33g65fcd,Argentina,South America,2026,data\south_america\argentina\torneo_federal_a\a08z7wsz0uqx90wsj33g65fcd\2026\fixture.json,,,
bebkst6ewzyfltzz7pug63or8,2026-05-24,2026-05-24Z,17:00:00Z,Bartolomé Mitre,Tucumán Central,,,Estadio Tito Cucchiaroni,,7,2026-04-11T17:39:30Z,1q9caek968o8ubc43inhg6uxg,Torneo Federal A,a08z7wsz0uqx90wsj33g65fcd,Argentina,South America,2026,data\south_america\argentina\torneo_federal_a\a08z7wsz0uqx90wsj33g65fcd\2026\fixture.json,,,
bdspuug191rwt57q6iae0x9g4,2026-05-24,2026-05-24Z,17:00:00Z,Sarmiento de La Banda,Boca Unidos,,,Estadio Ciudad de La Banda,,7,2026-04-11T17:39:30Z,1q9caek968o8ubc43inhg6uxg,Torneo Federal A,a08z7wsz0uqx90wsj33g65fcd,Argentina,South America,2026,data\south_america\argentina\torneo_federal_a\a08z7wsz0uqx90wsj33g65fcd\2026\fixture.json,,,
bda1mf5k6oksan6eoqwtxfdas,2026-05-24,2026-05-24Z,17:00:00Z,Juventud Antoniana,Sarmiento Resistencia,,,Estadio Fray Honorato Pistoia,,7,2026-04-11T17:39:30Z,1q9caek968o8ubc43inhg6uxg,Torneo Federal A,a08z7wsz0uqx90wsj33g65fcd,Argentina,South America,2026,data\south_america\argentina\torneo_federal_a\a08z7wsz0uqx90wsj33g65fcd\2026\fixture.json,,,
66cxnnf26asvk4n749fr7i3o4,2026-05-24,2026-05-24Z,17:00:00Z,Alvarado,Olimpo,,,Estadio José María Minella,,7,2026-04-11T17:39:28Z,1q9caek968o8ubc43inhg6uxg,Torneo Federal A,a08z7wsz0uqx90wsj33g65fcd,Argentina,South America,2026,data\south_america\argentina\torneo_federal_a\a08z7wsz0uqx90wsj33g65fcd\2026\fixture.json,,,
65tuysdk4csactxawptampxxw,2026-05-24,2026-05-24Z,17:00:00Z,Deportivo Santamarina,Guillermo Brown,,,Estadio Municipal General San Martín de Tandil,,7,2026-04-11T17:39:28Z,1q9caek968o8ubc43inhg6uxg,Torneo Federal A,a08z7wsz0uqx90wsj33g65fcd,Argentina,South America,2026,data\south_america\argentina\torneo_federal_a\a08z7wsz0uqx90wsj33g65fcd\2026\fixture.json,,,
657dd0o829wn2830421rz2o7o,2026-05-24,2026-05-24Z,17:00:00Z,Germinal de Rawson,Sol de Mayo,,,Estadio El Fortín,,7,2026-04-11T17:39:28Z,1q9caek968o8ubc43inhg6uxg,Torneo Federal A,a08z7wsz0uqx90wsj33g65fcd,Argentina,South America,2026,data\south_america\argentina\torneo_federal_a\a08z7wsz0uqx90wsj33g65fcd\2026\fixture.json,,,
64mebfd3ta520i28uv9mw5yj8,2026-05-24,2026-05-24Z,17:00:00Z,Villa Mitre,Kimberley Mar del Plata,,,Estadio El Fortín,,7,2026-04-11T17:39:28Z,1q9caek968o8ubc43inhg6uxg,Torneo Federal A,a08z7wsz0uqx90wsj33g65fcd,Argentina,South America,2026,data\south_america\argentina\torneo_federal_a\a08z7wsz0uqx90wsj33g65fcd\2026\fixture.json,,,
5qna11jvjiy5jpmdneoq4ew44,2026-05-24,2026-05-24Z,17:00:00Z,Gimnasia Concepción,Defensores Belgrano VR,,,Estadio Manuel y Ramón Núñez,,7,2026-04-11T17:39:27Z,1q9caek968o8ubc43inhg6uxg,Torneo Federal A,a08z7wsz0uqx90wsj33g65fcd,Argentina,South America,2026,data\south_america\argentina\torneo_federal_a\a08z7wsz0uqx90wsj33g65fcd\2026\fixture.json,,,
5q4wbe22a94d0j8wnx7atzqj8,2026-05-24,2026-05-24Z,17:00:00Z,Gimnasia Chivilcoy,Douglas Haig,,,Estadio José María Paz,,7,2026-04-11T17:39:27Z,1q9caek968o8ubc43inhg6uxg,Torneo Federal A,a08z7wsz0uqx90wsj33g65fcd,Argentina,South America,2026,data\south_america\argentina\torneo_federal_a\a08z7wsz0uqx90wsj33g65fcd\2026\fixture.json,,,
5pmul2y0nvh3qcjfwefhomyvo,2026-05-24,2026-05-24Z,17:00:00Z,9 de Julio Rafaela,Sportivo Belgrano,,,Estadio Germán Malacho Soltermam,,7,2026-04-11T17:39:27Z,1q9caek968o8ubc43inhg6uxg,Torneo Federal A,a08z7wsz0uqx90wsj33g65fcd,Argentina,South America,2026,data\south_america\argentina\torneo_federal_a\a08z7wsz0uqx90wsj33g65fcd\2026\fixture.json,,,
5p46sxcpdzkogjhhc3k88x6ac,2026-05-24,2026-05-24Z,17:00:00Z,Sportivo Las Parejas,El Linqueño,,,Estadio La Perrera,,7,2026-04-11T17:39:27Z,1q9caek968o8ubc43inhg6uxg,Torneo Federal A,a08z7wsz0uqx90wsj33g65fcd,Argentina,South America,2026,data\south_america\argentina\torneo_federal_a\a08z7wsz0uqx90wsj33g65fcd\2026\fixture.json,,,
5omdd6xosrsrboc5vkr8sbqc4,2026-05-24,2026-05-24Z,17:00:00Z,Atlético Escobar,Independiente Chivilcoy,,,Estadio Armenia,,7,2026-04-11T17:39:26Z,1q9caek968o8ubc43inhg6uxg,Torneo Federal A,a08z7wsz0uqx90wsj33g65fcd,Argentina,South America,2026,data\south_america\argentina\torneo_federal_a\a08z7wsz0uqx90wsj33g65fcd\2026\fixture.json,,,
1ewjs6qwwhg0qrg48obicfgno,2026-05-24,2026-05-24Z,17:00:00Z,Cipolletti,Atenas,,,Estadio La Visera de Cemento,,7,2026-04-11T17:39:29Z,1q9caek968o8ubc43inhg6uxg,Torneo Federal A,a08z7wsz0uqx90wsj33g65fcd,Argentina,South America,2026,data\south_america\argentina\torneo_federal_a\a08z7wsz0uqx90wsj33g65fcd\2026\fixture.json,,,
1e2hftfh3zrnxf1eb0qrm5n2s,2026-05-24,2026-05-24Z,17:00:00Z,Juventud Unida Univ.,San Martín Mendoza,,,Estadio Mario Sebastián Diez,,7,2026-04-11T17:39:29Z,1q9caek968o8ubc43inhg6uxg,Torneo Federal A,a08z7wsz0uqx90wsj33g65fcd,Argentina,South America,2026,data\south_america\argentina\torneo_federal_a\a08z7wsz0uqx90wsj33g65fcd\2026\fixture.json,,,
1djksm5xkz5nfoeml5ajt7pjo,2026-05-24,2026-05-24Z,17:00:00Z,Argentino Monte Maíz,Huracán Las Heras,,,Estadio Modesto Marrone,,7,2026-04-11T17:39:29Z,1q9caek968o8ubc43inhg6uxg,Torneo Federal A,a08z7wsz0uqx90wsj33g65fcd,Argentina,South America,2026,data\south_america\argentina\torneo_federal_a\a08z7wsz0uqx90wsj33g65fcd\2026\fixture.json,,,
1d1aq8suq6a550jbu08avekgk,2026-05-24,2026-05-24Z,17:00:00Z,FADEP,Costa Brava,,,Predio Social y Deportivo FADEP,,7,2026-04-11T17:39:29Z,1q9caek968o8ubc43inhg6uxg,Torneo Federal A,a08z7wsz0uqx90wsj33g65fcd,Argentina,South America,2026,data\south_america\argentina\torneo_federal_a\a08z7wsz0uqx90wsj33g65fcd\2026\fixture.json,,,
bcs0q4bx8u19khqykjdyuc104,2026-05-17,2026-05-17Z,17:00:00Z,Sol de América,Sarmiento Resistencia,,,Estadio Club Sol de América Formosa,,7,2026-04-11T17:38:22Z,1q9caek968o8ubc43inhg6uxg,Torneo Federal A,a08z7wsz0uqx90wsj33g65fcd,Argentina,South America,2026,data\south_america\argentina\torneo_federal_a\a08z7wsz0uqx90wsj33g65fcd\2026\fixture.json,,,
bca8llm4chxrza7yaqm48eh3o,2026-05-17,2026-05-17Z,17:00:00Z,Juventud Antoniana,Boca Unidos,,,Estadio Fray Honorato Pistoia,,7,2026-04-11T17:38:23Z,1q9caek968o8ubc43inhg6uxg,Torneo Federal A,a08z7wsz0uqx90wsj33g65fcd,Argentina,South America,2026,data\south_america\argentina\torneo_federal_a\a08z7wsz0uqx90wsj33g65fcd\2026\fixture.json,,,
bbrd9gi2tdbrkx5tjvi60pd04,2026-05-17,2026-05-17Z,17:00:00Z,Sarmiento de La Banda,Tucumán Central,,,Estadio Ciudad de La Banda,,7,2026-04-11T17:38:23Z,1q9caek968o8ubc43inhg6uxg,Torneo Federal A,a08z7wsz0uqx90wsj33g65fcd,Argentina,South America,2026,data\south_america\argentina\torneo_federal_a\a08z7wsz0uqx90wsj33g65fcd\2026\fixture.json,,,
bb9i1omn8fw30ummqo1osja50,2026-05-17,2026-05-17Z,17:00:00Z,Bartolomé Mitre,San Martín Formosa,,,Estadio Tito Cucchiaroni,,7,2026-04-11T17:38:23Z,1q9caek968o8ubc43inhg6uxg,Torneo Federal A,a08z7wsz0uqx90wsj33g65fcd,Argentina,South America,2026,data\south_america\argentina\torneo_federal_a\a08z7wsz0uqx90wsj33g65fcd\2026\fixture.json,,,
644csn8b3mbzthgxxz30g3w9g,2026-05-17,2026-05-17Z,17:00:00Z,Circulo Deportivo,Kimberley Mar del Plata,,,Estadio Guillermo Trama,,7,2026-04-11T17:38:21Z,1q9caek968o8ubc43inhg6uxg,Torneo Federal A,a08z7wsz0uqx90wsj33g65fcd,Argentina,South America,2026,data\south_america\argentina\torneo_federal_a\a08z7wsz0uqx90wsj33g65fcd\2026\fixture.json,,,
63lovymhfdq19bnzjmj5mpclw,2026-05-17,2026-05-17Z,17:00:00Z,Villa Mitre,Sol de Mayo,,,Estadio El Fortín,,7,2026-04-11T17:38:21Z,1q9caek968o8ubc43inhg6uxg,Torneo Federal A,a08z7wsz0uqx90wsj33g65fcd,Argentina,South America,2026,data\south_america\argentina\torneo_federal_a\a08z7wsz0uqx90wsj33g65fcd\2026\fixture.json,,,
633rxdw0xmnqewnr9a0h0d6hg,2026-05-17,2026-05-17Z,17:00:00Z,Germinal de Rawson,Guillermo Brown,,,Estadio El Fortín,,7,2026-04-11T17:38:21Z,1q9caek968o8ubc43inhg6uxg,Torneo Federal A,a08z7wsz0uqx90wsj33g65fcd,Argentina,South America,2026,data\south_america\argentina\torneo_federal_a\a08z7wsz0uqx90wsj33g65fcd\2026\fixture.json,,,
62lrx90se6pykp5qsdepnea6s,2026-05-17,2026-05-17Z,17:00:00Z,Deportivo Santamarina,Olimpo,,,Estadio Municipal General San Martín de Tandil,,7,2026-04-11T17:38:21Z,1q9caek968o8ubc43inhg6uxg,Torneo Federal A,a08z7wsz0uqx90wsj33g65fcd,Argentina,South America,2026,data\south_america\argentina\torneo_federal_a\a08z7wsz0uqx90wsj33g65fcd\2026\fixture.json,,,
5o4rpwxz4cgbo37k814d7on4k,2026-05-17,2026-05-17Z,17:00:00Z,Sportivo Las Parejas,Independiente Chivilcoy,,,Estadio La Perrera,,7,2026-04-11T17:38:20Z,1q9caek968o8ubc43inhg6uxg,Torneo Federal A,a08z7wsz0uqx90wsj33g65fcd,Argentina,South America,2026,data\south_america\argentina\torneo_federal_a\a08z7wsz0uqx90wsj33g65fcd\2026\fixture.json,,,
5nn3j0orprl05yx50w8wbkv84,2026-05-17,2026-05-17Z,17:00:00Z,Atlético Escobar,Sportivo Belgrano,,,Estadio Armenia,,7,2026-04-11T17:38:20Z,1q9caek968o8ubc43inhg6uxg,Torneo Federal A,a08z7wsz0uqx90wsj33g65fcd,Argentina,South America,2026,data\south_america\argentina\torneo_federal_a\a08z7wsz0uqx90wsj33g65fcd\2026\fixture.json,,,
5n3jjcsk1fxze6vwov8jl4f10,2026-05-17,2026-05-17Z,17:00:00Z,9 de Julio Rafaela,Douglas Haig,,,Estadio Germán Malacho Soltermam,,7,2026-04-11T17:38:20Z,1q9caek968o8ubc43inhg6uxg,Torneo Federal A,a08z7wsz0uqx90wsj33g65fcd,Argentina,South America,2026,data\south_america\argentina\torneo_federal_a\a08z7wsz0uqx90wsj33g65fcd\2026\fixture.json,,,
5mjx1i21km3wgrw1vinsucopg,2026-05-17,2026-05-17Z,17:00:00Z,Gimnasia Chivilcoy,Defensores Belgrano VR,,,Estadio José María Paz,,7,2026-04-11T17:38:20Z,1q9caek968o8ubc43inhg6uxg,Torneo Federal A,a08z7wsz0uqx90wsj33g65fcd,Argentina,South America,2026,data\south_america\argentina\torneo_federal_a\a08z7wsz0uqx90wsj33g65fcd\2026\fixture.json,,,
5lzn8rvg42urx4a1vtyc0ovmc,2026-05-17,2026-05-17Z,17:00:00Z,El Linqueño,Gimnasia Concepción,,,Estadio Leonardo Costa,,7,2026-04-11T17:38:19Z,1q9caek968o8ubc43inhg6uxg,Torneo Federal A,a08z7wsz0uqx90wsj33g65fcd,Argentina,South America,2026,data\south_america\argentina\torneo_federal_a\a08z7wsz0uqx90wsj33g65fcd\2026\fixture.json,,,
1cbzc9ytjfam03e20qu4w6m8k,2026-05-17,2026-05-17Z,17:00:00Z,Deportivo Rincón,Costa Brava,,,Estadio Gremio de Los Petroleros,,7,2026-04-11T17:38:22Z,1q9caek968o8ubc43inhg6uxg,Torneo Federal A,a08z7wsz0uqx90wsj33g65fcd,Argentina,South America,2026,data\south_america\argentina\torneo_federal_a\a08z7wsz0uqx90wsj33g65fcd\2026\fixture.json,,,
1buqj50w89fpyt26sjt6o4ljo,2026-05-17,2026-05-17Z,17:00:00Z,FADEP,Huracán Las Heras,,,Predio Social y Deportivo FADEP,,7,2026-04-11T17:38:22Z,1q9caek968o8ubc43inhg6uxg,Torneo Federal A,a08z7wsz0uqx90wsj33g65fcd,Argentina,South America,2026,data\south_america\argentina\torneo_federal_a\a08z7wsz0uqx90wsj33g65fcd\2026\fixture.json,,,
1b8mend4ry8u6v5b7mj7q35sk,2026-05-17,2026-05-17Z,17:00:00Z,Argentino Monte Maíz,San Martín Mendoza,,,Estadio Modesto Marrone,,7,2026-04-11T17:38:22Z,1q9caek968o8ubc43inhg6uxg,Torneo Federal A,a08z7wsz0uqx90wsj33g65fcd,Argentina,South America,2026,data\south_america\argentina\torneo_federal_a\a08z7wsz0uqx90wsj33g65fcd\2026\fixture.json,,,
1ajqh3fln8fab9zpzg4djczkk,2026-05-17,2026-05-17Z,17:00:00Z,Juventud Unida Univ.,Atenas,,,Estadio Mario Sebastián Diez,,7,2026-04-11T17:38:22Z,1q9caek968o8ubc43inhg6uxg,Torneo Federal A,a08z7wsz0uqx90wsj33g65fcd,Argentina,South America,2026,data\south_america\argentina\torneo_federal_a\a08z7wsz0uqx90wsj33g65fcd\2026\fixture.json,,,
bam4p5tfr80nwb38e7zceej2s,2026-05-10,2026-05-10Z,17:00:00Z,Defensores Vilelas,Bartolomé Mitre,,,Estadio del Club Defensores De Vilelas,,7,2026-04-09T20:47:37Z,1q9caek968o8ubc43inhg6uxg,Torneo Federal A,a08z7wsz0uqx90wsj33g65fcd,Argentina,South America,2026,data\south_america\argentina\torneo_federal_a\a08z7wsz0uqx90wsj33g65fcd\2026\fixture.json,,,
ba3q9n6fzallgr2k26pe9v0no,2026-05-10,2026-05-10Z,17:00:00Z,San Martín Formosa,Sarmiento de La Banda,,,Estadio 17 de Octubre,,7,2026-04-09T20:47:37Z,1q9caek968o8ubc43inhg6uxg,Torneo Federal A,a08z7wsz0uqx90wsj33g65fcd,Argentina,South America,2026,data\south_america\argentina\torneo_federal_a\a08z7wsz0uqx90wsj33g65fcd\2026\fixture.json,,,
b9m0493w09dm3l2czwczgrg2c,2026-05-10,2026-05-10Z,17:00:00Z,Tucumán Central,Juventud Antoniana,,,Cancha Club Tucumán Central,,7,2026-04-09T20:47:37Z,1q9caek968o8ubc43inhg6uxg,Torneo Federal A,a08z7wsz0uqx90wsj33g65fcd,Argentina,South America,2026,data\south_america\argentina\torneo_federal_a\a08z7wsz0uqx90wsj33g65fcd\2026\fixture.json,,,
b9367fcin5qja5h7loa7dhjis,2026-05-10,2026-05-10Z,17:00:00Z,Boca Unidos,Sol de América,,,Estadio José Antonio Romero Feris,,7,2026-04-09T20:47:37Z,1q9caek968o8ubc43inhg6uxg,Torneo Federal A,a08z7wsz0uqx90wsj33g65fcd,Argentina,South America,2026,data\south_america\argentina\torneo_federal_a\a08z7wsz0uqx90wsj33g65fcd\2026\fixture.json,,,
6220d0wrddvlhmpsjrul1nz10,2026-05-10,2026-05-10Z,17:00:00Z,Alvarado,Deportivo Santamarina,,,Estadio José María Minella,,7,2026-04-09T20:47:35Z,1q9caek968o8ubc43inhg6uxg,Torneo Federal A,a08z7wsz0uqx90wsj33g65fcd,Argentina,South America,2026,data\south_america\argentina\torneo_federal_a\a08z7wsz0uqx90wsj33g65fcd\2026\fixture.json,,,
61k9ubtoygvbktupllif82gwk,2026-05-10,2026-05-10Z,17:00:00Z,Olimpo,Germinal de Rawson,,,Estadio Roberto Natalio Carminatti,,7,2026-04-09T20:47:35Z,1q9caek968o8ubc43inhg6uxg,Torneo Federal A,a08z7wsz0uqx90wsj33g65fcd,Argentina,South America,2026,data\south_america\argentina\torneo_federal_a\a08z7wsz0uqx90wsj33g65fcd\2026\fixture.json,,,
612f0034ghoxzf56kblvppgr8,2026-05-10,2026-05-10Z,17:00:00Z,Guillermo Brown,Villa Mitre,,,Estadio Raúl Conti,,7,2026-04-09T20:47:35Z,1q9caek968o8ubc43inhg6uxg,Torneo Federal A,a08z7wsz0uqx90wsj33g65fcd,Argentina,South America,2026,data\south_america\argentina\torneo_federal_a\a08z7wsz0uqx90wsj33g65fcd\2026\fixture.json,,,
60jyfab8ezwjiodz1lb7sghsk,2026-05-10,2026-05-10Z,17:00:00Z,Sol de Mayo,Circulo Deportivo,,,Estadio Sol De Mayo,,7,2026-04-09T20:47:35Z,1q9caek968o8ubc43inhg6uxg,Torneo Federal A,a08z7wsz0uqx90wsj33g65fcd,Argentina,South America,2026,data\south_america\argentina\torneo_federal_a\a08z7wsz0uqx90wsj33g65fcd\2026\fixture.json,,,
5lhpzv0t204aqr2ux00sb6wpg,2026-05-10,2026-05-10Z,17:00:00Z,Gimnasia Concepción,Gimnasia Chivilcoy,,,Estadio Manuel y Ramón Núñez,,7,2026-04-09T20:47:34Z,1q9caek968o8ubc43inhg6uxg,Torneo Federal A,a08z7wsz0uqx90wsj33g65fcd,Argentina,South America,2026,data\south_america\argentina\torneo_federal_a\a08z7wsz0uqx90wsj33g65fcd\2026\fixture.json,,,
5kzq9bt9rp2t2us510rlem8es,2026-05-10,2026-05-10Z,17:00:00Z,Defensores Belgrano VR,9 de Julio Rafaela,,,Estadio Salomón Boeseldín,,7,2026-04-09T20:47:34Z,1q9caek968o8ubc43inhg6uxg,Torneo Federal A,a08z7wsz0uqx90wsj33g65fcd,Argentina,South America,2026,data\south_america\argentina\torneo_federal_a\a08z7wsz0uqx90wsj33g65fcd\2026\fixture.json,,,
5khxb09wmgze1ivts50qic07o,2026-05-10,2026-05-10Z,17:00:00Z,Douglas Haig,Atlético Escobar,,,Estadio Miguel Morales,,7,2026-04-09T20:47:34Z,1q9caek968o8ubc43inhg6uxg,Torneo Federal A,a08z7wsz0uqx90wsj33g65fcd,Argentina,South America,2026,data\south_america\argentina\torneo_federal_a\a08z7wsz0uqx90wsj33g65fcd\2026\fixture.json,,,
5jzxaz8xkbwdil3w89l46cgt0,2026-05-10,2026-05-10Z,17:00:00Z,Sportivo Belgrano,Sportivo Las Parejas,,,Estadio Juan Pablo Francia,,7,2026-04-09T20:47:34Z,1q9caek968o8ubc43inhg6uxg,Torneo Federal A,a08z7wsz0uqx90wsj33g65fcd,Argentina,South America,2026,data\south_america\argentina\torneo_federal_a\a08z7wsz0uqx90wsj33g65fcd\2026\fixture.json,,,
5ji0sqcg4o5v34hihq850c1ec,2026-05-10,2026-05-10Z,17:00:00Z,Independiente Chivilcoy,El Linqueño,,,Estadio Raúl Orlando Lungarzo,,7,2026-04-09T20:47:33Z,1q9caek968o8ubc43inhg6uxg,Torneo Federal A,a08z7wsz0uqx90wsj33g65fcd,Argentina,South America,2026,data\south_america\argentina\torneo_federal_a\a08z7wsz0uqx90wsj33g65fcd\2026\fixture.json,,,
19fcrahj6fuvan1m4wxtgjris,2026-05-10,2026-05-10Z,17:00:00Z,Cipolletti,Juventud Unida Univ.,,,Estadio La Visera de Cemento,,7,2026-04-09T20:47:36Z,1q9caek968o8ubc43inhg6uxg,Torneo Federal A,a08z7wsz0uqx90wsj33g65fcd,Argentina,South America,2026,data\south_america\argentina\torneo_federal_a\a08z7wsz0uqx90wsj33g65fcd\2026\fixture.json,,,
18gomnc59ktczhc69le4ws1ec,2026-05-10,2026-05-10Z,17:00:00Z,Atenas,Argentino Monte Maíz,,,Estadio 9 de Julio,,7,2026-04-09T20:47:36Z,1q9caek968o8ubc43inhg6uxg,Torneo Federal A,a08z7wsz0uqx90wsj33g65fcd,Argentina,South America,2026,data\south_america\argentina\torneo_federal_a\a08z7wsz0uqx90wsj33g65fcd\2026\fixture.json,,,
17mi3q0e8t5ndhjazpwzkg6qc,2026-05-10,2026-05-10Z,17:00:00Z,San Martín Mendoza,FADEP,,,Estadio General José de San Martín,,7,2026-04-09T20:47:36Z,1q9caek968o8ubc43inhg6uxg,Torneo Federal A,a08z7wsz0uqx90wsj33g65fcd,Argentina,South America,2026,data\south_america\argentina\torneo_federal_a\a08z7wsz0uqx90wsj33g65fcd\2026\fixture.json,,,
16qelhwncrfrot5zfzna67lec,2026-05-10,2026-05-10Z,17:00:00Z,Huracán Las Heras,Deportivo Rincón,,,Estadio General San Martín,,7,2026-04-09T20:47:36Z,1q9caek968o8ubc43inhg6uxg,Torneo Federal A,a08z7wsz0uqx90wsj33g65fcd,Argentina,South America,2026,data\south_america\argentina\torneo_federal_a\a08z7wsz0uqx90wsj33g65fcd\2026\fixture.json,,,
b8kacv304mxittbr3725479xw,2026-05-03,2026-05-03Z,17:00:00Z,Sarmiento Resistencia,Boca Unidos,,,Estadio Centenario del Club Atlético Sarmiento,,7,2026-04-09T20:46:39Z,1q9caek968o8ubc43inhg6uxg,Torneo Federal A,a08z7wsz0uqx90wsj33g65fcd,Argentina,South America,2026,data\south_america\argentina\torneo_federal_a\a08z7wsz0uqx90wsj33g65fcd\2026\fixture.json,,,
b82jhb77avytoynwklo5i94pg,2026-05-03,2026-05-03Z,17:00:00Z,Sol de América,Tucumán Central,,,Estadio Club Sol de América Formosa,,7,2026-04-09T20:46:39Z,1q9caek968o8ubc43inhg6uxg,Torneo Federal A,a08z7wsz0uqx90wsj33g65fcd,Argentina,South America,2026,data\south_america\argentina\torneo_federal_a\a08z7wsz0uqx90wsj33g65fcd\2026\fixture.json,,,
b7kog8uzy15itnox8rtsfuoes,2026-05-03,2026-05-03Z,17:00:00Z,Juventud Antoniana,San Martín Formosa,,,Estadio Fray Honorato Pistoia,,7,2026-04-09T20:46:39Z,1q9caek968o8ubc43inhg6uxg,Torneo Federal A,a08z7wsz0uqx90wsj33g65fcd,Argentina,South America,2026,data\south_america\argentina\torneo_federal_a\a08z7wsz0uqx90wsj33g65fcd\2026\fixture.json,,,
b72fcffvqzwex9gzghw3s5lw4,2026-05-03,2026-05-03Z,17:00:00Z,Sarmiento de La Banda,Defensores Vilelas,,,Estadio Ciudad de La Banda,,7,2026-04-09T20:46:40Z,1q9caek968o8ubc43inhg6uxg,Torneo Federal A,a08z7wsz0uqx90wsj33g65fcd,Argentina,South America,2026,data\south_america\argentina\torneo_federal_a\a08z7wsz0uqx90wsj33g65fcd\2026\fixture.json,,,
602ng0irmeebp9yn0qznn2nf8,2026-05-03,2026-05-03Z,17:00:00Z,Kimberley Mar del Plata,Sol de Mayo,,,Estadio José Antonio Valle,,7,2026-04-09T20:46:38Z,1q9caek968o8ubc43inhg6uxg,Torneo Federal A,a08z7wsz0uqx90wsj33g65fcd,Argentina,South America,2026,data\south_america\argentina\torneo_federal_a\a08z7wsz0uqx90wsj33g65fcd\2026\fixture.json,,,
5zkrw5sumk02p6ehvj017p990,2026-05-03,2026-05-03Z,17:00:00Z,Circulo Deportivo,Guillermo Brown,,,Estadio Guillermo Trama,,7,2026-04-09T20:46:37Z,1q9caek968o8ubc43inhg6uxg,Torneo Federal A,a08z7wsz0uqx90wsj33g65fcd,Argentina,South America,2026,data\south_america\argentina\torneo_federal_a\a08z7wsz0uqx90wsj33g65fcd\2026\fixture.json,,,
5z0j9uparaky4nclxxprak6xg,2026-05-03,2026-05-03Z,17:00:00Z,Villa Mitre,Olimpo,,,Estadio El Fortín,,7,2026-04-09T20:46:37Z,1q9caek968o8ubc43inhg6uxg,Torneo Federal A,a08z7wsz0uqx90wsj33g65fcd,Argentina,South America,2026,data\south_america\argentina\torneo_federal_a\a08z7wsz0uqx90wsj33g65fcd\2026\fixture.json,,,
5yi6j6q6lyearg29ra3so8i6s,2026-05-03,2026-05-03Z,17:00:00Z,Germinal de Rawson,Alvarado,,,Estadio El Fortín,,7,2026-04-09T20:46:38Z,1q9caek968o8ubc43inhg6uxg,Torneo Federal A,a08z7wsz0uqx90wsj33g65fcd,Argentina,South America,2026,data\south_america\argentina\torneo_federal_a\a08z7wsz0uqx90wsj33g65fcd\2026\fixture.json,,,
5ir9rxr982shckfq8lrhw9kwk,2026-05-03,2026-05-03Z,17:00:00Z,Independiente Chivilcoy,Sportivo Belgrano,,,Estadio Raúl Orlando Lungarzo,,7,2026-04-09T20:46:36Z,1q9caek968o8ubc43inhg6uxg,Torneo Federal A,a08z7wsz0uqx90wsj33g65fcd,Argentina,South America,2026,data\south_america\argentina\torneo_federal_a\a08z7wsz0uqx90wsj33g65fcd\2026\fixture.json,,,
5hzp4g0lieeuyf5qc7gwxvzf8,2026-05-03,2026-05-03Z,17:00:00Z,Sportivo Las Parejas,Douglas Haig,,,Estadio La Perrera,,7,2026-04-09T20:46:36Z,1q9caek968o8ubc43inhg6uxg,Torneo Federal A,a08z7wsz0uqx90wsj33g65fcd,Argentina,South America,2026,data\south_america\argentina\torneo_federal_a\a08z7wsz0uqx90wsj33g65fcd\2026\fixture.json,,,
5h5pbbiq9i9qe5vjqj19xn3f8,2026-05-03,2026-05-03Z,17:00:00Z,Atlético Escobar,Defensores Belgrano VR,,,Estadio Armenia,,7,2026-04-09T20:46:37Z,1q9caek968o8ubc43inhg6uxg,Torneo Federal A,a08z7wsz0uqx90wsj33g65fcd,Argentina,South America,2026,data\south_america\argentina\torneo_federal_a\a08z7wsz0uqx90wsj33g65fcd\2026\fixture.json,,,
5g9rb7acbel1jhb9ycejx8e1g,2026-05-03,2026-05-03Z,17:00:00Z,9 de Julio Rafaela,Gimnasia Concepción,,,Estadio Germán Malacho Soltermam,,7,2026-04-09T20:46:37Z,1q9caek968o8ubc43inhg6uxg,Torneo Federal A,a08z7wsz0uqx90wsj33g65fcd,Argentina,South America,2026,data\south_america\argentina\torneo_federal_a\a08z7wsz0uqx90wsj33g65fcd\2026\fixture.json,,,
5ffvd1g62owtr6p3nco58baj8,2026-05-03,2026-05-03Z,17:00:00Z,El Linqueño,Gimnasia Chivilcoy,,,Estadio Leonardo Costa,,7,2026-04-09T20:46:36Z,1q9caek968o8ubc43inhg6uxg,Torneo Federal A,a08z7wsz0uqx90wsj33g65fcd,Argentina,South America,2026,data\south_america\argentina\torneo_federal_a\a08z7wsz0uqx90wsj33g65fcd\2026\fixture.json,,,
15v4kqc3o3nja8g099pzq1o2c,2026-05-03,2026-05-03Z,17:00:00Z,Costa Brava,Huracán Las Heras,,,Estadio Nuevo Pacaembú,,7,2026-04-09T20:46:38Z,1q9caek968o8ubc43inhg6uxg,Torneo Federal A,a08z7wsz0uqx90wsj33g65fcd,Argentina,South America,2026,data\south_america\argentina\torneo_federal_a\a08z7wsz0uqx90wsj33g65fcd\2026\fixture.json,,,
14sy8tyqlylblfxl8ric5uzv8,2026-05-03,2026-05-03Z,17:00:00Z,Deportivo Rincón,San Martín Mendoza,,,Estadio Gremio de Los Petroleros,,7,2026-04-09T20:46:38Z,1q9caek968o8ubc43inhg6uxg,Torneo Federal A,a08z7wsz0uqx90wsj33g65fcd,Argentina,South America,2026,data\south_america\argentina\torneo_federal_a\a08z7wsz0uqx90wsj33g65fcd\2026\fixture.json,,,
13xsxkyz2fuy4guxwvilsb09g,2026-05-03,2026-05-03Z,17:00:00Z,FADEP,Atenas,,,Predio Social y Deportivo FADEP,,7,2026-04-09T20:46:39Z,1q9caek968o8ubc43inhg6uxg,Torneo Federal A,a08z7wsz0uqx90wsj33g65fcd,Argentina,South America,2026,data\south_america\argentina\torneo_federal_a\a08z7wsz0uqx90wsj33g65fcd\2026\fixture.json,,,
139gr0ehsrflkqu4ce0f32hw4,2026-05-03,2026-05-03Z,17:00:00Z,Argentino Monte Maíz,Cipolletti,,,Estadio Modesto Marrone,,7,2026-04-09T20:46:39Z,1q9caek968o8ubc43inhg6uxg,Torneo Federal A,a08z7wsz0uqx90wsj33g65fcd,Argentina,South America,2026,data\south_america\argentina\torneo_federal_a\a08z7wsz0uqx90wsj33g65fcd\2026\fixture.json,,,
b6kfwbz3zcs5dyjv075kpo4k4,2026-04-26,2026-04-26Z,17:00:00Z,Bartolomé Mitre,Sarmiento de La Banda,,,Estadio Tito Cucchiaroni,,7,2026-04-09T20:44:52Z,1q9caek968o8ubc43inhg6uxg,Torneo Federal A,a08z7wsz0uqx90wsj33g65fcd,Argentina,South America,2026,data\south_america\argentina\torneo_federal_a\a08z7wsz0uqx90wsj33g65fcd\2026\fixture.json,,,
b62lup5p8iu5hl6omu299ggt0,2026-04-26,2026-04-26Z,17:00:00Z,Defensores Vilelas,Juventud Antoniana,,,Estadio del Club Defensores De Vilelas,,7,2026-04-09T20:44:52Z,1q9caek968o8ubc43inhg6uxg,Torneo Federal A,a08z7wsz0uqx90wsj33g65fcd,Argentina,South America,2026,data\south_america\argentina\torneo_federal_a\a08z7wsz0uqx90wsj33g65fcd\2026\fixture.json,,,
b5j2jl1f5gx1r6uznyepd0ahg,2026-04-26,2026-04-26Z,17:00:00Z,San Martín Formosa,Sol de América,,,Estadio 17 de Octubre,,7,2026-04-09T20:44:52Z,1q9caek968o8ubc43inhg6uxg,Torneo Federal A,a08z7wsz0uqx90wsj33g65fcd,Argentina,South America,2026,data\south_america\argentina\torneo_federal_a\a08z7wsz0uqx90wsj33g65fcd\2026\fixture.json,,,
b51ih2wuqbxd76run7p551kb8,2026-04-26,2026-04-26Z,17:00:00Z,Tucumán Central,Sarmiento Resistencia,,,Cancha Club Tucumán Central,,7,2026-04-09T20:44:53Z,1q9caek968o8ubc43inhg6uxg,Torneo Federal A,a08z7wsz0uqx90wsj33g65fcd,Argentina,South America,2026,data\south_america\argentina\torneo_federal_a\a08z7wsz0uqx90wsj33g65fcd\2026\fixture.json,,,
5xzz7d216xza58wm10avjocus,2026-04-26,2026-04-26Z,17:00:00Z,Deportivo Santamarina,Germinal de Rawson,,,Estadio Municipal General San Martín de Tandil,,7,2026-04-09T20:44:51Z,1q9caek968o8ubc43inhg6uxg,Torneo Federal A,a08z7wsz0uqx90wsj33g65fcd,Argentina,South America,2026,data\south_america\argentina\torneo_federal_a\a08z7wsz0uqx90wsj33g65fcd\2026\fixture.json,,,
5xerm2gosjos5zcbupemnz8r8,2026-04-26,2026-04-26Z,17:00:00Z,Alvarado,Villa Mitre,,,Estadio José María Minella,,7,2026-04-09T20:44:50Z,1q9caek968o8ubc43inhg6uxg,Torneo Federal A,a08z7wsz0uqx90wsj33g65fcd,Argentina,South America,2026,data\south_america\argentina\torneo_federal_a\a08z7wsz0uqx90wsj33g65fcd\2026\fixture.json,,,
5wnori25ckz5izgjqnczy4vf8,2026-04-26,2026-04-26Z,17:00:00Z,Olimpo,Circulo Deportivo,,,Estadio Roberto Natalio Carminatti,,7,2026-04-09T20:44:50Z,1q9caek968o8ubc43inhg6uxg,Torneo Federal A,a08z7wsz0uqx90wsj33g65fcd,Argentina,South America,2026,data\south_america\argentina\torneo_federal_a\a08z7wsz0uqx90wsj33g65fcd\2026\fixture.json,,,
5w5i1omnkhkyzk8tu90ju6as4,2026-04-26,2026-04-26Z,17:00:00Z,Guillermo Brown,Kimberley Mar del Plata,,,Estadio Raúl Conti,,7,2026-04-09T20:44:50Z,1q9caek968o8ubc43inhg6uxg,Torneo Federal A,a08z7wsz0uqx90wsj33g65fcd,Argentina,South America,2026,data\south_america\argentina\torneo_federal_a\a08z7wsz0uqx90wsj33g65fcd\2026\fixture.json,,,
5evrbqzal0ukf18sjpyjed8gk,2026-04-26,2026-04-26Z,17:00:00Z,Gimnasia Chivilcoy,9 de Julio Rafaela,,,Estadio José María Paz,,7,2026-04-09T20:44:49Z,1q9caek968o8ubc43inhg6uxg,Torneo Federal A,a08z7wsz0uqx90wsj33g65fcd,Argentina,South America,2026,data\south_america\argentina\torneo_federal_a\a08z7wsz0uqx90wsj33g65fcd\2026\fixture.json,,,
5e74vs5yqv18ei8cw5ftqdkb8,2026-04-26,2026-04-26Z,17:00:00Z,Gimnasia Concepción,Atlético Escobar,,,Estadio Manuel y Ramón Núñez,,7,2026-04-09T20:44:49Z,1q9caek968o8ubc43inhg6uxg,Torneo Federal A,a08z7wsz0uqx90wsj33g65fcd,Argentina,South America,2026,data\south_america\argentina\torneo_federal_a\a08z7wsz0uqx90wsj33g65fcd\2026\fixture.json,,,
5dp5hsg1yfzljh3lzbsdt9f6c,2026-04-26,2026-04-26Z,17:00:00Z,Defensores Belgrano VR,Sportivo Las Parejas,,,Estadio Salomón Boeseldín,,7,2026-04-09T20:44:50Z,1q9caek968o8ubc43inhg6uxg,Torneo Federal A,a08z7wsz0uqx90wsj33g65fcd,Argentina,South America,2026,data\south_america\argentina\torneo_federal_a\a08z7wsz0uqx90wsj33g65fcd\2026\fixture.json,,,
5d785dhrmav7l2m37xf91ij2s,2026-04-26,2026-04-26Z,17:00:00Z,Douglas Haig,Independiente Chivilcoy,,,Estadio Miguel Morales,,7,2026-04-09T20:44:50Z,1q9caek968o8ubc43inhg6uxg,Torneo Federal A,a08z7wsz0uqx90wsj33g65fcd,Argentina,South America,2026,data\south_america\argentina\torneo_federal_a\a08z7wsz0uqx90wsj33g65fcd\2026\fixture.json,,,
5cpkqd52c57veu6yn4im84y6s,2026-04-26,2026-04-26Z,17:00:00Z,Sportivo Belgrano,El Linqueño,,,Estadio Juan Pablo Francia,,7,2026-04-09T20:44:49Z,1q9caek968o8ubc43inhg6uxg,Torneo Federal A,a08z7wsz0uqx90wsj33g65fcd,Argentina,South America,2026,data\south_america\argentina\torneo_federal_a\a08z7wsz0uqx90wsj33g65fcd\2026\fixture.json,,,
12n6egiyzfkmb1d97ubtq9clw,2026-04-26,2026-04-26Z,17:00:00Z,Juventud Unida Univ.,Argentino Monte Maíz,,,Estadio Mario Sebastián Diez,,7,2026-04-09T20:44:51Z,1q9caek968o8ubc43inhg6uxg,Torneo Federal A,a08z7wsz0uqx90wsj33g65fcd,Argentina,South America,2026,data\south_america\argentina\torneo_federal_a\a08z7wsz0uqx90wsj33g65fcd\2026\fixture.json,,,
124dkpapmj224z3kauxiqoc9g,2026-04-26,2026-04-26Z,17:00:00Z,Cipolletti,FADEP,,,Estadio La Visera de Cemento,,7,2026-04-09T20:44:51Z,1q9caek968o8ubc43inhg6uxg,Torneo Federal A,a08z7wsz0uqx90wsj33g65fcd,Argentina,South America,2026,data\south_america\argentina\torneo_federal_a\a08z7wsz0uqx90wsj33g65fcd\2026\fixture.json,,,
11l2173b4tc2wbjdyj5asdmac,2026-04-26,2026-04-26Z,17:00:00Z,Atenas,Deportivo Rincón,,,Estadio 9 de Julio,,7,2026-04-09T20:44:51Z,1q9caek968o8ubc43inhg6uxg,Torneo Federal A,a08z7wsz0uqx90wsj33g65fcd,Argentina,South America,2026,data\south_america\argentina\torneo_federal_a\a08z7wsz0uqx90wsj33g65fcd\2026\fixture.json,,,
1140l7nksmwifob20zdrbe1hw,2026-04-26,2026-04-26Z,17:00:00Z,San Martín Mendoza,Costa Brava,,,Estadio General José de San Martín,,7,2026-04-09T20:44:52Z,1q9caek968o8ubc43inhg6uxg,Torneo Federal A,a08z7wsz0uqx90wsj33g65fcd,Argentina,South America,2026,data\south_america\argentina\torneo_federal_a\a08z7wsz0uqx90wsj33g65fcd\2026\fixture.json,,,
zp9pxmgnts9sjfowvxw4gs2c,2026-04-19,2026-04-19Z,17:00:00Z,Deportivo Rincón,Cipolletti,,,Estadio Gremio de Los Petroleros,,7,2026-04-07T22:16:39Z,1q9caek968o8ubc43inhg6uxg,Torneo Federal A,a08z7wsz0uqx90wsj33g65fcd,Argentina,South America,2026,data\south_america\argentina\torneo_federal_a\a08z7wsz0uqx90wsj33g65fcd\2026\fixture.json,,,
z8gj9v07zzhb3rs34f7eq1w4,2026-04-19,2026-04-19Z,17:00:00Z,FADEP,Juventud Unida Univ.,,,Predio Social y Deportivo FADEP,,7,2026-04-07T22:16:39Z,1q9caek968o8ubc43inhg6uxg,Torneo Federal A,a08z7wsz0uqx90wsj33g65fcd,Argentina,South America,2026,data\south_america\argentina\torneo_federal_a\a08z7wsz0uqx90wsj33g65fcd\2026\fixture.json,,,
b4k3jfry2v7o3t1d4ha82yfpw,2026-04-19,2026-04-19Z,17:00:00Z,Boca Unidos,Tucumán Central,,,Estadio José Antonio Romero Feris,,7,2026-04-07T22:16:37Z,1q9caek968o8ubc43inhg6uxg,Torneo Federal A,a08z7wsz0uqx90wsj33g65fcd,Argentina,South America,2026,data\south_america\argentina\torneo_federal_a\a08z7wsz0uqx90wsj33g65fcd\2026\fixture.json,,,
b42q1b8vi3z06n54gs42n5b10,2026-04-19,2026-04-19Z,17:00:00Z,Sarmiento Resistencia,San Martín Formosa,,,Estadio Centenario del Club Atlético Sarmiento,,7,2026-04-07T22:16:37Z,1q9caek968o8ubc43inhg6uxg,Torneo Federal A,a08z7wsz0uqx90wsj33g65fcd,Argentina,South America,2026,data\south_america\argentina\torneo_federal_a\a08z7wsz0uqx90wsj33g65fcd\2026\fixture.json,,,
b3laspl8ze9pfkhj8vgh664gk,2026-04-19,2026-04-19Z,17:00:00Z,Sol de América,Defensores Vilelas,,,Estadio Club Sol de América Formosa,,7,2026-04-07T22:16:36Z,1q9caek968o8ubc43inhg6uxg,Torneo Federal A,a08z7wsz0uqx90wsj33g65fcd,Argentina,South America,2026,data\south_america\argentina\torneo_federal_a\a08z7wsz0uqx90wsj33g65fcd\2026\fixture.json,,,
b33v1it2qdhk4zm1pyv7u2sd0,2026-04-19,2026-04-19Z,17:00:00Z,Juventud Antoniana,Bartolomé Mitre,,,Estadio Fray Honorato Pistoia,,7,2026-04-07T22:16:36Z,1q9caek968o8ubc43inhg6uxg,Torneo Federal A,a08z7wsz0uqx90wsj33g65fcd,Argentina,South America,2026,data\south_america\argentina\torneo_federal_a\a08z7wsz0uqx90wsj33g65fcd\2026\fixture.json,,,
5voaefkgg3aad1uo2zk3dq8es,2026-04-19,2026-04-19Z,17:00:00Z,Sol de Mayo,Guillermo Brown,,,Estadio Sol De Mayo,,7,2026-04-07T22:16:38Z,1q9caek968o8ubc43inhg6uxg,Torneo Federal A,a08z7wsz0uqx90wsj33g65fcd,Argentina,South America,2026,data\south_america\argentina\torneo_federal_a\a08z7wsz0uqx90wsj33g65fcd\2026\fixture.json,,,
5v71u2eunhwg2f38qsryiffh0,2026-04-19,2026-04-19Z,17:00:00Z,Kimberley Mar del Plata,Olimpo,,,Estadio José Antonio Valle,,7,2026-04-07T22:16:37Z,1q9caek968o8ubc43inhg6uxg,Torneo Federal A,a08z7wsz0uqx90wsj33g65fcd,Argentina,South America,2026,data\south_america\argentina\torneo_federal_a\a08z7wsz0uqx90wsj33g65fcd\2026\fixture.json,,,
5uoef3s3t8buicmmzinys68t0,2026-04-19,2026-04-19Z,17:00:00Z,Circulo Deportivo,Alvarado,,,Estadio Guillermo Trama,,7,2026-04-07T22:16:37Z,1q9caek968o8ubc43inhg6uxg,Torneo Federal A,a08z7wsz0uqx90wsj33g65fcd,Argentina,South America,2026,data\south_america\argentina\torneo_federal_a\a08z7wsz0uqx90wsj33g65fcd\2026\fixture.json,,,
5u75nu9gxt0xyx0mz86stcydw,2026-04-19,2026-04-19Z,17:00:00Z,Villa Mitre,Deportivo Santamarina,,,Estadio El Fortín,,7,2026-04-07T22:16:38Z,1q9caek968o8ubc43inhg6uxg,Torneo Federal A,a08z7wsz0uqx90wsj33g65fcd,Argentina,South America,2026,data\south_america\argentina\torneo_federal_a\a08z7wsz0uqx90wsj33g65fcd\2026\fixture.json,,,
5c7uug8wk28acu1mr85m0ack4,2026-04-19,2026-04-19Z,17:00:00Z,Sportivo Belgrano,Douglas Haig,,,Estadio Juan Pablo Francia,,7,2026-04-07T22:16:36Z,1q9caek968o8ubc43inhg6uxg,Torneo Federal A,a08z7wsz0uqx90wsj33g65fcd,Argentina,South America,2026,data\south_america\argentina\torneo_federal_a\a08z7wsz0uqx90wsj33g65fcd\2026\fixture.json,,,
5bm7nbqcp3ly7ypbuiua281zo,2026-04-19,2026-04-19Z,17:00:00Z,Independiente Chivilcoy,Defensores Belgrano VR,,,Estadio Raúl Orlando Lungarzo,,7,2026-04-07T22:16:36Z,1q9caek968o8ubc43inhg6uxg,Torneo Federal A,a08z7wsz0uqx90wsj33g65fcd,Argentina,South America,2026,data\south_america\argentina\torneo_federal_a\a08z7wsz0uqx90wsj33g65fcd\2026\fixture.json,,,
5b4n8xl3psydryvlohohksvf8,2026-04-19,2026-04-19Z,17:00:00Z,Sportivo Las Parejas,Gimnasia Concepción,,,Estadio La Perrera,,7,2026-04-07T22:16:36Z,1q9caek968o8ubc43inhg6uxg,Torneo Federal A,a08z7wsz0uqx90wsj33g65fcd,Argentina,South America,2026,data\south_america\argentina\torneo_federal_a\a08z7wsz0uqx90wsj33g65fcd\2026\fixture.json,,,
5akndgvqo6palgd7zcvc078d0,2026-04-19,2026-04-19Z,17:00:00Z,Atlético Escobar,Gimnasia Chivilcoy,,,Estadio Armenia,,7,2026-04-07T22:16:35Z,1q9caek968o8ubc43inhg6uxg,Torneo Federal A,a08z7wsz0uqx90wsj33g65fcd,Argentina,South America,2026,data\south_america\argentina\torneo_federal_a\a08z7wsz0uqx90wsj33g65fcd\2026\fixture.json,,,
5a2gcszh13rz88hxgniosdxck,2026-04-19,2026-04-19Z,17:00:00Z,El Linqueño,9 de Julio Rafaela,,,Estadio Leonardo Costa,,7,2026-04-07T22:16:35Z,1q9caek968o8ubc43inhg6uxg,Torneo Federal A,a08z7wsz0uqx90wsj33g65fcd,Argentina,South America,2026,data\south_america\argentina\torneo_federal_a\a08z7wsz0uqx90wsj33g65fcd\2026\fixture.json,,,
10n4mluem6by60fjx998viql0,2026-04-19,2026-04-19Z,17:00:00Z,Huracán Las Heras,San Martín Mendoza,,,Estadio General San Martín,,7,2026-04-07T22:16:38Z,1q9caek968o8ubc43inhg6uxg,Torneo Federal A,a08z7wsz0uqx90wsj33g65fcd,Argentina,South America,2026,data\south_america\argentina\torneo_federal_a\a08z7wsz0uqx90wsj33g65fcd\2026\fixture.json,,,
106czl6yu1piykmcrs8q616ok,2026-04-19,2026-04-19Z,17:00:00Z,Costa Brava,Atenas,,,Estadio Nuevo Pacaembú,,7,2026-04-07T22:16:38Z,1q9caek968o8ubc43inhg6uxg,Torneo Federal A,a08z7wsz0uqx90wsj33g65fcd,Argentina,South America,2026,data\south_america\argentina\torneo_federal_a\a08z7wsz0uqx90wsj33g65fcd\2026\fixture.json,,,
b1lw55q7hvp04f13dgecnt53o,2026-04-13,2026-04-13Z,23:30:00Z,Defensores Vilelas,Sarmiento Resistencia,,,Estadio del Club Defensores De Vilelas,,7,2026-04-08T23:52:33Z,1q9caek968o8ubc43inhg6uxg,Torneo Federal A,a08z7wsz0uqx90wsj33g65fcd,Argentina,South America,2026,data\south_america\argentina\torneo_federal_a\a08z7wsz0uqx90wsj33g65fcd\2026\fixture.json,,,
b2lqx30f3wps420hi72nzsb2s,2026-04-12,2026-04-12Z,22:00:00Z,Sarmiento de La Banda,Juventud Antoniana,,,Estadio Ciudad de La Banda,,7,2026-04-08T23:52:09Z,1q9caek968o8ubc43inhg6uxg,Torneo Federal A,a08z7wsz0uqx90wsj33g65fcd,Argentina,South America,2026,data\south_america\argentina\torneo_federal_a\a08z7wsz0uqx90wsj33g65fcd\2026\fixture.json,,,
59l6cvawf5hq3r17swwpsbg2c,2026-04-12,2026-04-12Z,20:00:00Z,9 de Julio Rafaela,Atlético Escobar,,,Estadio Germán Malacho Soltermam,,7,2026-04-08T23:52:32Z,1q9caek968o8ubc43inhg6uxg,Torneo Federal A,a08z7wsz0uqx90wsj33g65fcd,Argentina,South America,2026,data\south_america\argentina\torneo_federal_a\a08z7wsz0uqx90wsj33g65fcd\2026\fixture.json,,,
xceu106ov2ewxzw0mv2190yc,2026-04-12,2026-04-12Z,19:30:00Z,Atenas,Huracán Las Heras,,,Estadio 9 de Julio,,7,2026-04-08T23:54:36Z,1q9caek968o8ubc43inhg6uxg,Torneo Federal A,a08z7wsz0uqx90wsj33g65fcd,Argentina,South America,2026,data\south_america\argentina\torneo_federal_a\a08z7wsz0uqx90wsj33g65fcd\2026\fixture.json,,,
b1343wlb1d453ctdxnqcsmm8k,2026-04-12,2026-04-12Z,19:30:00Z,San Martín Formosa,Boca Unidos,,,Estadio 17 de Octubre,,7,2026-04-08T23:52:33Z,1q9caek968o8ubc43inhg6uxg,Torneo Federal A,a08z7wsz0uqx90wsj33g65fcd,Argentina,South America,2026,data\south_america\argentina\torneo_federal_a\a08z7wsz0uqx90wsj33g65fcd\2026\fixture.json,,,
57kkr3n1h2czixjim8qn72tqs,2026-04-12,2026-04-12Z,19:30:00Z,Douglas Haig,El Linqueño,,,Estadio Miguel Morales,,7,2026-04-08T23:52:32Z,1q9caek968o8ubc43inhg6uxg,Torneo Federal A,a08z7wsz0uqx90wsj33g65fcd,Argentina,South America,2026,data\south_america\argentina\torneo_federal_a\a08z7wsz0uqx90wsj33g65fcd\2026\fixture.json,,,
yrh1d392138z1wcifie0usyc,2026-04-12,2026-04-12Z,19:00:00Z,Argentino Monte Maíz,FADEP,,,Estadio Modesto Marrone,,7,2026-04-08T23:54:36Z,1q9caek968o8ubc43inhg6uxg,Torneo Federal A,a08z7wsz0uqx90wsj33g65fcd,Argentina,South America,2026,data\south_america\argentina\torneo_federal_a\a08z7wsz0uqx90wsj33g65fcd\2026\fixture.json,,,
5926ujesbcaazk2rrlxi9y39w,2026-04-12,2026-04-12Z,19:00:00Z,Gimnasia Chivilcoy,Sportivo Las Parejas,,,Estadio José María Paz,,7,2026-04-08T23:52:32Z,1q9caek968o8ubc43inhg6uxg,Torneo Federal A,a08z7wsz0uqx90wsj33g65fcd,Argentina,South America,2026,data\south_america\argentina\torneo_federal_a\a08z7wsz0uqx90wsj33g65fcd\2026\fixture.json,,,
582eihyulwvuvzwd2biwb22vo,2026-04-12,2026-04-12Z,19:00:00Z,Defensores Belgrano VR,Sportivo Belgrano,,,Estadio Salomón Boeseldín,,7,2026-04-08T23:52:32Z,1q9caek968o8ubc43inhg6uxg,Torneo Federal A,a08z7wsz0uqx90wsj33g65fcd,Argentina,South America,2026,data\south_america\argentina\torneo_federal_a\a08z7wsz0uqx90wsj33g65fcd\2026\fixture.json,,,
ya8y283mpt390iftly98nbis,2026-04-12,2026-04-12Z,18:30:00Z,Juventud Unida Univ.,Deportivo Rincón,,,Estadio Mario Sebastián Diez,,7,2026-04-08T23:54:36Z,1q9caek968o8ubc43inhg6uxg,Torneo Federal A,a08z7wsz0uqx90wsj33g65fcd,Argentina,South America,2026,data\south_america\argentina\torneo_federal_a\a08z7wsz0uqx90wsj33g65fcd\2026\fixture.json,,,
xt6zpze3ptbfa4pwmscso74k,2026-04-12,2026-04-12Z,18:30:00Z,Cipolletti,Costa Brava,,,Estadio La Visera de Cemento,,7,2026-04-08T23:54:36Z,1q9caek968o8ubc43inhg6uxg,Torneo Federal A,a08z7wsz0uqx90wsj33g65fcd,Argentina,South America,2026,data\south_america\argentina\torneo_federal_a\a08z7wsz0uqx90wsj33g65fcd\2026\fixture.json,,,
5safxj2wxfxklp9pgx4n5vggk,2026-04-12,2026-04-12Z,18:30:00Z,Olimpo,Sol de Mayo,,,Estadio Roberto Natalio Carminatti,,7,2026-04-08T23:54:35Z,1q9caek968o8ubc43inhg6uxg,Torneo Federal A,a08z7wsz0uqx90wsj33g65fcd,Argentina,South America,2026,data\south_america\argentina\torneo_federal_a\a08z7wsz0uqx90wsj33g65fcd\2026\fixture.json,,,
5tq8okc42fjxlgmi1hpydwb9w,2026-04-12,2026-04-12Z,18:00:00Z,Germinal de Rawson,Villa Mitre,,,Estadio El Fortín,,7,2026-04-08T23:54:35Z,1q9caek968o8ubc43inhg6uxg,Torneo Federal A,a08z7wsz0uqx90wsj33g65fcd,Argentina,South America,2026,data\south_america\argentina\torneo_federal_a\a08z7wsz0uqx90wsj33g65fcd\2026\fixture.json,,,
58jk2k840l8hvkp6l009nalg4,2026-04-11,2026-04-11Z,22:00:00Z,Gimnasia Concepción,Independiente Chivilcoy,,,Estadio Manuel y Ramón Núñez,,7,2026-04-11T23:56:26Z,1q9caek968o8ubc43inhg6uxg,Torneo Federal A,a08z7wsz0uqx90wsj33g65fcd,Argentina,South America,2026,data\south_america\argentina\torneo_federal_a\a08z7wsz0uqx90wsj33g65fcd\2026\fixture.json,,,
5t923ln3fcs7bo8jd8cy5xul0,2026-04-11,2026-04-11Z,21:30:00Z,Deportivo Santamarina,Circulo Deportivo,,,Estadio Municipal General San Martín de Tandil,,7,2026-04-11T23:22:24Z,1q9caek968o8ubc43inhg6uxg,Torneo Federal A,a08z7wsz0uqx90wsj33g65fcd,Argentina,South America,2026,data\south_america\argentina\torneo_federal_a\a08z7wsz0uqx90wsj33g65fcd\2026\fixture.json,,,
b244shjyevc6mya28df4bpfkk,2026-04-11,2026-04-11Z,19:30:00Z,Bartolomé Mitre,Sol de América,,,Estadio Tito Cucchiaroni,,7,2026-04-11T21:30:52Z,1q9caek968o8ubc43inhg6uxg,Torneo Federal A,a08z7wsz0uqx90wsj33g65fcd,Argentina,South America,2026,data\south_america\argentina\torneo_federal_a\a08z7wsz0uqx90wsj33g65fcd\2026\fixture.json,,,
5srspziad9hcp5ck4mnizd1xw,2026-04-11,2026-04-11Z,18:30:00Z,Alvarado,Kimberley Mar del Plata,,,Estadio José María Minella,,7,2026-04-11T20:31:28Z,1q9caek968o8ubc43inhg6uxg,Torneo Federal A,a08z7wsz0uqx90wsj33g65fcd,Argentina,South America,2026,data\south_america\argentina\torneo_federal_a\a08z7wsz0uqx90wsj33g65fcd\2026\fixture.json,,,
56m6hos7bfhe45mpg0sa3ni1g,2026-04-05,2026-04-05Z,23:30:00Z,Sportivo Belgrano,Gimnasia Concepción,,,Estadio Juan Pablo Francia,,7,2026-04-06T20:19:39Z,1q9caek968o8ubc43inhg6uxg,Torneo Federal A,a08z7wsz0uqx90wsj33g65fcd,Argentina,South America,2026,data\south_america\argentina\torneo_federal_a\a08z7wsz0uqx90wsj33g65fcd\2026\fixture.json,,,
aziqwmv2ohml2gvl588nfcsgk,2026-04-05,2026-04-05Z,21:00:00Z,Sarmiento Resistencia,Bartolomé Mitre,,,Estadio Centenario del Club Atlético Sarmiento,,7,2026-04-07T02:31:05Z,1q9caek968o8ubc43inhg6uxg,Torneo Federal A,a08z7wsz0uqx90wsj33g65fcd,Argentina,South America,2026,data\south_america\argentina\torneo_federal_a\a08z7wsz0uqx90wsj33g65fcd\2026\fixture.json,,,
573ct3iyx26icn4yu1bg3nggk,2026-04-05,2026-04-05Z,20:30:00Z,Douglas Haig,Defensores Belgrano VR,,,Estadio Miguel Morales,,7,2026-04-07T16:03:04Z,1q9caek968o8ubc43inhg6uxg,Torneo Federal A,a08z7wsz0uqx90wsj33g65fcd,Argentina,South America,2026,data\south_america\argentina\torneo_federal_a\a08z7wsz0uqx90wsj33g65fcd\2026\fixture.json,,,
wti6qbqqgt256pxpeddrfnys,2026-04-05,2026-04-05Z,20:00:00Z,San Martín Mendoza,Atenas,,,Estadio General José de San Martín,,7,2026-04-06T19:29:54Z,1q9caek968o8ubc43inhg6uxg,Torneo Federal A,a08z7wsz0uqx90wsj33g65fcd,Argentina,South America,2026,data\south_america\argentina\torneo_federal_a\a08z7wsz0uqx90wsj33g65fcd\2026\fixture.json,,,
az0earpt5pw2sf6w91az187pw,2026-04-05,2026-04-05Z,19:30:00Z,Sol de América,Sarmiento de La Banda,,,Estadio Club Sol de América Formosa,,7,2026-04-07T15:01:15Z,1q9caek968o8ubc43inhg6uxg,Torneo Federal A,a08z7wsz0uqx90wsj33g65fcd,Argentina,South America,2026,data\south_america\argentina\torneo_federal_a\a08z7wsz0uqx90wsj33g65fcd\2026\fixture.json,,,
wcg9vupxorwp8hcmvlfp7k0k,2026-04-05,2026-04-05Z,19:15:00Z,Huracán Las Heras,Cipolletti,,,Estadio General San Martín,,7,2026-04-07T15:19:22Z,1q9caek968o8ubc43inhg6uxg,Torneo Federal A,a08z7wsz0uqx90wsj33g65fcd,Argentina,South America,2026,data\south_america\argentina\torneo_federal_a\a08z7wsz0uqx90wsj33g65fcd\2026\fixture.json,,,
vf2zh548o3ij5n385fn9cwt0,2026-04-05,2026-04-05Z,19:00:00Z,Deportivo Rincón,Argentino Monte Maíz,,,Estadio Gremio de Los Petroleros,,7,2026-04-06T18:18:55Z,1q9caek968o8ubc43inhg6uxg,Torneo Federal A,a08z7wsz0uqx90wsj33g65fcd,Argentina,South America,2026,data\south_america\argentina\torneo_federal_a\a08z7wsz0uqx90wsj33g65fcd\2026\fixture.json,,,
b0je82pp352m8fi7d4ty6wvmc,2026-04-05,2026-04-05Z,19:00:00Z,Tucumán Central,San Martín Formosa,,,Cancha Club Tucumán Central,,7,2026-04-07T12:24:05Z,1q9caek968o8ubc43inhg6uxg,Torneo Federal A,a08z7wsz0uqx90wsj33g65fcd,Argentina,South America,2026,data\south_america\argentina\torneo_federal_a\a08z7wsz0uqx90wsj33g65fcd\2026\fixture.json,,,
564rc9x45u7fpxmnff46w14pg,2026-04-05,2026-04-05Z,19:00:00Z,Independiente Chivilcoy,Gimnasia Chivilcoy,,,Estadio Raúl Orlando Lungarzo,,7,2026-04-07T16:26:52Z,1q9caek968o8ubc43inhg6uxg,Torneo Federal A,a08z7wsz0uqx90wsj33g65fcd,Argentina,South America,2026,data\south_america\argentina\torneo_federal_a\a08z7wsz0uqx90wsj33g65fcd\2026\fixture.json,,,
55lfruffi6evrlsfst6rd7z10,2026-04-05,2026-04-05Z,19:00:00Z,Sportivo Las Parejas,9 de Julio Rafaela,,,Estadio La Perrera,,7,2026-04-07T12:29:17Z,1q9caek968o8ubc43inhg6uxg,Torneo Federal A,a08z7wsz0uqx90wsj33g65fcd,Argentina,South America,2026,data\south_america\argentina\torneo_federal_a\a08z7wsz0uqx90wsj33g65fcd\2026\fixture.json,,,
551wwhg1dzbt9fg1nqdttszys,2026-04-05,2026-04-05Z,19:00:00Z,El Linqueño,Atlético Escobar,,,Estadio Leonardo Costa,,7,2026-04-06T22:21:34Z,1q9caek968o8ubc43inhg6uxg,Torneo Federal A,a08z7wsz0uqx90wsj33g65fcd,Argentina,South America,2026,data\south_america\argentina\torneo_federal_a\a08z7wsz0uqx90wsj33g65fcd\2026\fixture.json,,,
5rmozho0977l0tiw0m2vd4dg4,2026-04-05,2026-04-05Z,18:30:00Z,Guillermo Brown,Olimpo,,,Estadio Raúl Conti,,7,2026-04-06T14:36:47Z,1q9caek968o8ubc43inhg6uxg,Torneo Federal A,a08z7wsz0uqx90wsj33g65fcd,Argentina,South America,2026,data\south_america\argentina\torneo_federal_a\a08z7wsz0uqx90wsj33g65fcd\2026\fixture.json,,,
5ql3ajcxjtn7yjpesphdip0r8,2026-04-05,2026-04-05Z,18:30:00Z,Kimberley Mar del Plata,Deportivo Santamarina,,,Estadio José Antonio Valle,,7,2026-04-06T19:18:49Z,1q9caek968o8ubc43inhg6uxg,Torneo Federal A,a08z7wsz0uqx90wsj33g65fcd,Argentina,South America,2026,data\south_america\argentina\torneo_federal_a\a08z7wsz0uqx90wsj33g65fcd\2026\fixture.json,,,
vvk6hn26kymdo33kcxbl92j8,2026-04-04,2026-04-04Z,21:00:00Z,Costa Brava,Juventud Unida Univ.,,,Estadio Nuevo Pacaembú,,7,2026-04-06T14:05:05Z,1q9caek968o8ubc43inhg6uxg,Torneo Federal A,a08z7wsz0uqx90wsj33g65fcd,Argentina,South America,2026,data\south_america\argentina\torneo_federal_a\a08z7wsz0uqx90wsj33g65fcd\2026\fixture.json,,,
b01866nlle2xen9vt70hl8bo4,2026-04-04,2026-04-04Z,20:00:00Z,Boca Unidos,Defensores Vilelas,,,Estadio José Antonio Romero Feris,,7,2026-04-06T02:33:32Z,1q9caek968o8ubc43inhg6uxg,Torneo Federal A,a08z7wsz0uqx90wsj33g65fcd,Argentina,South America,2026,data\south_america\argentina\torneo_federal_a\a08z7wsz0uqx90wsj33g65fcd\2026\fixture.json,,,
5q3twa6jlx7tgegy1wr4682s4,2026-04-04,2026-04-04Z,18:30:00Z,Circulo Deportivo,Germinal de Rawson,,,Estadio Guillermo Trama,,7,2026-04-06T02:51:36Z,1q9caek968o8ubc43inhg6uxg,Torneo Federal A,a08z7wsz0uqx90wsj33g65fcd,Argentina,South America,2026,data\south_america\argentina\torneo_federal_a\a08z7wsz0uqx90wsj33g65fcd\2026\fixture.json,,,
5r3itbcu6phhlibwspipooaac,2026-04-03,2026-04-03Z,18:30:00Z,Sol de Mayo,Alvarado,,,Estadio Sol De Mayo,,7,2026-04-05T15:36:50Z,1q9caek968o8ubc43inhg6uxg,Torneo Federal A,a08z7wsz0uqx90wsj33g65fcd,Argentina,South America,2026,data\south_america\argentina\torneo_federal_a\a08z7wsz0uqx90wsj33g65fcd\2026\fixture.json,,,
54igdp12r2rufbwoc9hxiz47o,2026-03-30,2026-03-30Z,19:00:00Z,Atlético Escobar,Sportivo Las Parejas,,,Estadio Armenia,,7,2026-03-31T14:44:19Z,1q9caek968o8ubc43inhg6uxg,Torneo Federal A,a08z7wsz0uqx90wsj33g65fcd,Argentina,South America,2026,data\south_america\argentina\torneo_federal_a\a08z7wsz0uqx90wsj33g65fcd\2026\fixture.json,,,
axzyremvyca5zo09gnpya4rh0,2026-03-29,2026-03-29Z,21:00:00Z,Sarmiento de La Banda,Sarmiento Resistencia,,,Estadio Ciudad de La Banda,,7,2026-04-07T14:55:37Z,1q9caek968o8ubc43inhg6uxg,Torneo Federal A,a08z7wsz0uqx90wsj33g65fcd,Argentina,South America,2026,data\south_america\argentina\torneo_federal_a\a08z7wsz0uqx90wsj33g65fcd\2026\fixture.json,,,
axik8to5n9ukl91jt0jqwp0d0,2026-03-29,2026-03-29Z,19:30:00Z,Bartolomé Mitre,Boca Unidos,,,Estadio Tito Cucchiaroni,,7,2026-03-31T13:09:41Z,1q9caek968o8ubc43inhg6uxg,Torneo Federal A,a08z7wsz0uqx90wsj33g65fcd,Argentina,South America,2026,data\south_america\argentina\torneo_federal_a\a08z7wsz0uqx90wsj33g65fcd\2026\fixture.json,,,
531d8bdnh7hpf43bv3v6zbk7o,2026-03-29,2026-03-29Z,19:30:00Z,Gimnasia Concepción,Douglas Haig,,,Estadio Manuel y Ramón Núñez,,7,2026-03-30T16:43:53Z,1q9caek968o8ubc43inhg6uxg,Torneo Federal A,a08z7wsz0uqx90wsj33g65fcd,Argentina,South America,2026,data\south_america\argentina\torneo_federal_a\a08z7wsz0uqx90wsj33g65fcd\2026\fixture.json,,,
ugda4wfx0jgujx0tvt2zmcyc,2026-03-29,2026-03-29Z,19:00:00Z,Argentino Monte Maíz,Costa Brava,,,Estadio Modesto Marrone,,7,2026-03-31T12:50:16Z,1q9caek968o8ubc43inhg6uxg,Torneo Federal A,a08z7wsz0uqx90wsj33g65fcd,Argentina,South America,2026,data\south_america\argentina\torneo_federal_a\a08z7wsz0uqx90wsj33g65fcd\2026\fixture.json,,,
5pjw36eqjghjh5x1wftam6z9w,2026-03-29,2026-03-29Z,19:00:00Z,Villa Mitre,Circulo Deportivo,,,Estadio El Fortín,,7,2026-03-30T17:08:47Z,1q9caek968o8ubc43inhg6uxg,Torneo Federal A,a08z7wsz0uqx90wsj33g65fcd,Argentina,South America,2026,data\south_america\argentina\torneo_federal_a\a08z7wsz0uqx90wsj33g65fcd\2026\fixture.json,,,
52jyxh2p1gltqeoxw5mgd589g,2026-03-29,2026-03-29Z,19:00:00Z,Defensores Belgrano VR,El Linqueño,,,Estadio Salomón Boeseldín,,7,2026-03-31T14:24:52Z,1q9caek968o8ubc43inhg6uxg,Torneo Federal A,a08z7wsz0uqx90wsj33g65fcd,Argentina,South America,2026,data\south_america\argentina\torneo_federal_a\a08z7wsz0uqx90wsj33g65fcd\2026\fixture.json,,,
tir1qh075g7bcztpiqtdfaxg,2026-03-29,2026-03-29Z,18:30:00Z,Cipolletti,San Martín Mendoza,,,Estadio La Visera de Cemento,,7,2026-03-30T15:38:49Z,1q9caek968o8ubc43inhg6uxg,Torneo Federal A,a08z7wsz0uqx90wsj33g65fcd,Argentina,South America,2026,data\south_america\argentina\torneo_federal_a\a08z7wsz0uqx90wsj33g65fcd\2026\fixture.json,,,
5o0vo1t6tq0l8f2re2qnmfk7o,2026-03-29,2026-03-29Z,18:30:00Z,Alvarado,Guillermo Brown,,,Estadio José María Minella,,7,2026-03-31T13:57:03Z,1q9caek968o8ubc43inhg6uxg,Torneo Federal A,a08z7wsz0uqx90wsj33g65fcd,Argentina,South America,2026,data\south_america\argentina\torneo_federal_a\a08z7wsz0uqx90wsj33g65fcd\2026\fixture.json,,,
53j69nispoiwt4z5m2po1dmvo,2026-03-29,2026-03-29Z,18:30:00Z,Gimnasia Chivilcoy,Sportivo Belgrano,,,Estadio José María Paz,,7,2026-03-31T13:40:28Z,1q9caek968o8ubc43inhg6uxg,Torneo Federal A,a08z7wsz0uqx90wsj33g65fcd,Argentina,South America,2026,data\south_america\argentina\torneo_federal_a\a08z7wsz0uqx90wsj33g65fcd\2026\fixture.json,,,
5ozizss92rbm992l339im75lg,2026-03-29,2026-03-29Z,18:15:00Z,Germinal de Rawson,Kimberley Mar del Plata,,,Estadio El Fortín,,7,2026-04-06T02:46:39Z,1q9caek968o8ubc43inhg6uxg,Torneo Federal A,a08z7wsz0uqx90wsj33g65fcd,Argentina,South America,2026,data\south_america\argentina\torneo_federal_a\a08z7wsz0uqx90wsj33g65fcd\2026\fixture.json,,,
540j999tcpbivolfqynwoo7x0,2026-03-29,2026-03-29Z,14:00:00Z,9 de Julio Rafaela,Independiente Chivilcoy,,,Estadio Germán Malacho Soltermam,,7,2026-03-30T13:30:57Z,1q9caek968o8ubc43inhg6uxg,Torneo Federal A,a08z7wsz0uqx90wsj33g65fcd,Argentina,South America,2026,data\south_america\argentina\torneo_federal_a\a08z7wsz0uqx90wsj33g65fcd\2026\fixture.json,,,
5oih6y4f9tq7jayl9gbgsr09g,2026-03-28,2026-03-28Z,22:00:00Z,Deportivo Santamarina,Sol de Mayo,,,Estadio Municipal General San Martín de Tandil,,7,2026-04-06T19:13:20Z,1q9caek968o8ubc43inhg6uxg,Torneo Federal A,a08z7wsz0uqx90wsj33g65fcd,Argentina,South America,2026,data\south_america\argentina\torneo_federal_a\a08z7wsz0uqx90wsj33g65fcd\2026\fixture.json,,,
tzjehcydtslis0whc20hs178,2026-03-28,2026-03-28Z,19:30:00Z,Juventud Unida Univ.,Huracán Las Heras,,,Estadio Mario Sebastián Diez,,7,2026-03-30T15:22:22Z,1q9caek968o8ubc43inhg6uxg,Torneo Federal A,a08z7wsz0uqx90wsj33g65fcd,Argentina,South America,2026,data\south_america\argentina\torneo_federal_a\a08z7wsz0uqx90wsj33g65fcd\2026\fixture.json,,,
ax0mogl9062nt82zooz7lry1g,2026-03-28,2026-03-28Z,19:00:00Z,Defensores Vilelas,Tucumán Central,,,Estadio del Club Defensores De Vilelas,,7,2026-04-06T02:29:30Z,1q9caek968o8ubc43inhg6uxg,Torneo Federal A,a08z7wsz0uqx90wsj33g65fcd,Argentina,South America,2026,data\south_america\argentina\torneo_federal_a\a08z7wsz0uqx90wsj33g65fcd\2026\fixture.json,,,
uyfsknx984roan6uz7pnxuz8,2026-03-28,2026-03-28Z,14:00:00Z,FADEP,Deportivo Rincón,,,Predio Social y Deportivo FADEP,,7,2026-03-30T02:09:14Z,1q9caek968o8ubc43inhg6uxg,Torneo Federal A,a08z7wsz0uqx90wsj33g65fcd,Argentina,South America,2026,data\south_america\argentina\torneo_federal_a\a08z7wsz0uqx90wsj33g65fcd\2026\fixture.json,,,
ayiyo7kq9e2iku91bdi3tr0us,2026-03-28,2026-03-28Z,01:00:00Z,Juventud Antoniana,Sol de América,,,Estadio Padre Ernesto Martearena,,7,2026-04-07T13:59:31Z,1q9caek968o8ubc43inhg6uxg,Torneo Federal A,a08z7wsz0uqx90wsj33g65fcd,Argentina,South America,2026,data\south_america\argentina\torneo_federal_a\a08z7wsz0uqx90wsj33g65fcd\2026\fixture.json,,,
511yls042217l10nphxe8ahas,2026-03-22,2026-03-22Z,20:30:00Z,Douglas Haig,Gimnasia Chivilcoy,,,Estadio Miguel Morales,,7,2026-03-24T19:14:05Z,1q9caek968o8ubc43inhg6uxg,Torneo Federal A,a08z7wsz0uqx90wsj33g65fcd,Argentina,South America,2026,data\south_america\argentina\torneo_federal_a\a08z7wsz0uqx90wsj33g65fcd\2026\fixture.json,,,
av1b3nylyi6m0c90qj5292hhw,2026-03-22,2026-03-22Z,20:00:00Z,Boca Unidos,Sarmiento de La Banda,,,Estadio José Antonio Romero Feris,,7,2026-04-07T14:55:37Z,1q9caek968o8ubc43inhg6uxg,Torneo Federal A,a08z7wsz0uqx90wsj33g65fcd,Argentina,South America,2026,data\south_america\argentina\torneo_federal_a\a08z7wsz0uqx90wsj33g65fcd\2026\fixture.json,,,
rx3kc9mprnjnt94f4ijjddsk,2026-03-22,2026-03-22Z,19:45:00Z,Huracán Las Heras,Argentino Monte Maíz,,,Estadio General San Martín,,7,2026-03-30T15:16:24Z,1q9caek968o8ubc43inhg6uxg,Torneo Federal A,a08z7wsz0uqx90wsj33g65fcd,Argentina,South America,2026,data\south_america\argentina\torneo_federal_a\a08z7wsz0uqx90wsj33g65fcd\2026\fixture.json,,,
awc2m0hcx39u8ybescs3v3nro,2026-03-22,2026-03-22Z,19:30:00Z,San Martín Formosa,Defensores Vilelas,,,Estadio 17 de Octubre,,7,2026-04-06T02:29:30Z,1q9caek968o8ubc43inhg6uxg,Torneo Federal A,a08z7wsz0uqx90wsj33g65fcd,Argentina,South America,2026,data\south_america\argentina\torneo_federal_a\a08z7wsz0uqx90wsj33g65fcd\2026\fixture.json,,,
avmzyftqixmh6gniw2x509udw,2026-03-22,2026-03-22Z,19:00:00Z,Tucumán Central,Bartolomé Mitre,,,Cancha Club Tucumán Central,,7,2026-03-31T12:52:58Z,1q9caek968o8ubc43inhg6uxg,Torneo Federal A,a08z7wsz0uqx90wsj33g65fcd,Argentina,South America,2026,data\south_america\argentina\torneo_federal_a\a08z7wsz0uqx90wsj33g65fcd\2026\fixture.json,,,
5nin3w4xoyzmiuuz8yiddq6tw,2026-03-22,2026-03-22Z,19:00:00Z,Olimpo,Alvarado,,,Estadio Roberto Natalio Carminatti,,7,2026-04-06T14:34:59Z,1q9caek968o8ubc43inhg6uxg,Torneo Federal A,a08z7wsz0uqx90wsj33g65fcd,Argentina,South America,2026,data\south_america\argentina\torneo_federal_a\a08z7wsz0uqx90wsj33g65fcd\2026\fixture.json,,,
5muxqck5iua2q4rit7bvt3578,2026-03-22,2026-03-22Z,19:00:00Z,Guillermo Brown,Deportivo Santamarina,,,Estadio Raúl Conti,,7,2026-04-06T19:13:20Z,1q9caek968o8ubc43inhg6uxg,Torneo Federal A,a08z7wsz0uqx90wsj33g65fcd,Argentina,South America,2026,data\south_america\argentina\torneo_federal_a\a08z7wsz0uqx90wsj33g65fcd\2026\fixture.json,,,
5l4dptwk7vtte1pc5klmo36z8,2026-03-22,2026-03-22Z,19:00:00Z,Kimberley Mar del Plata,Villa Mitre,,,Estadio José Antonio Valle,,7,2026-03-24T17:21:04Z,1q9caek968o8ubc43inhg6uxg,Torneo Federal A,a08z7wsz0uqx90wsj33g65fcd,Argentina,South America,2026,data\south_america\argentina\torneo_federal_a\a08z7wsz0uqx90wsj33g65fcd\2026\fixture.json,,,
51x87fhcno3yn03tkm0whbcpg,2026-03-22,2026-03-22Z,19:00:00Z,Defensores Belgrano VR,Gimnasia Concepción,,,Estadio Salomón Boeseldín,,7,2026-03-24T02:45:08Z,1q9caek968o8ubc43inhg6uxg,Torneo Federal A,a08z7wsz0uqx90wsj33g65fcd,Argentina,South America,2026,data\south_america\argentina\torneo_federal_a\a08z7wsz0uqx90wsj33g65fcd\2026\fixture.json,,,
4zvqrx68u027gomr58s3e385w,2026-03-22,2026-03-22Z,19:00:00Z,El Linqueño,Sportivo Las Parejas,,,Estadio Leonardo Costa,,7,2026-03-31T14:33:26Z,1q9caek968o8ubc43inhg6uxg,Torneo Federal A,a08z7wsz0uqx90wsj33g65fcd,Argentina,South America,2026,data\south_america\argentina\torneo_federal_a\a08z7wsz0uqx90wsj33g65fcd\2026\fixture.json,,,
4z8jd8xx7nuld3st2h2o6pmvo,2026-03-22,2026-03-22Z,19:00:00Z,Independiente Chivilcoy,Atlético Escobar,,,Estadio Raúl Orlando Lungarzo,,7,2026-03-30T13:27:38Z,1q9caek968o8ubc43inhg6uxg,Torneo Federal A,a08z7wsz0uqx90wsj33g65fcd,Argentina,South America,2026,data\south_america\argentina\torneo_federal_a\a08z7wsz0uqx90wsj33g65fcd\2026\fixture.json,,,
5m0uiigphd5m2q6ccsiab4o44,2026-03-22,2026-03-22Z,18:00:00Z,Sol de Mayo,Germinal de Rawson,,,Estadio Sol De Mayo,,7,2026-04-06T02:46:39Z,1q9caek968o8ubc43inhg6uxg,Torneo Federal A,a08z7wsz0uqx90wsj33g65fcd,Argentina,South America,2026,data\south_america\argentina\torneo_federal_a\a08z7wsz0uqx90wsj33g65fcd\2026\fixture.json,,,
ra9vuzjuu2r8kvtc53o3nzf8,2026-03-21,2026-03-21Z,23:00:00Z,Costa Brava,FADEP,,,Estadio Nuevo Pacaembú,,7,2026-03-23T05:21:13Z,1q9caek968o8ubc43inhg6uxg,Torneo Federal A,a08z7wsz0uqx90wsj33g65fcd,Argentina,South America,2026,data\south_america\argentina\torneo_federal_a\a08z7wsz0uqx90wsj33g65fcd\2026\fixture.json,,,
si3o2tkt0h2n8bav9ty5gjys,2026-03-21,2026-03-21Z,00:30:00Z,San Martín Mendoza,Juventud Unida Univ.,,,Estadio General José de San Martín,,7,2026-03-30T15:35:56Z,1q9caek968o8ubc43inhg6uxg,Torneo Federal A,a08z7wsz0uqx90wsj33g65fcd,Argentina,South America,2026,data\south_america\argentina\torneo_federal_a\a08z7wsz0uqx90wsj33g65fcd\2026\fixture.json,,,
t1tt8ywu2vowx20vz7wx632s,2026-03-21,2026-03-21Z,00:00:00Z,Atenas,Cipolletti,,,Estadio 9 de Julio,,7,2026-03-30T15:30:15Z,1q9caek968o8ubc43inhg6uxg,Torneo Federal A,a08z7wsz0uqx90wsj33g65fcd,Argentina,South America,2026,data\south_america\argentina\torneo_federal_a\a08z7wsz0uqx90wsj33g65fcd\2026\fixture.json,,,
audvis2oyfxck9hcnfbux3bis,2026-03-21,2026-03-21Z,00:00:00Z,Sarmiento Resistencia,Juventud Antoniana,,,Estadio Centenario del Club Atlético Sarmiento,,7,2026-03-30T15:47:36Z,1q9caek968o8ubc43inhg6uxg,Torneo Federal A,a08z7wsz0uqx90wsj33g65fcd,Argentina,South America,2026,data\south_america\argentina\torneo_federal_a\a08z7wsz0uqx90wsj33g65fcd\2026\fixture.json,,,
50hhcw4wl7me5aei8qzl1wb9w,2026-03-21,2026-03-21Z,00:00:00Z,Sportivo Belgrano,9 de Julio Rafaela,,,Estadio Juan Pablo Francia,,7,2026-03-22T20:22:59Z,1q9caek968o8ubc43inhg6uxg,Torneo Federal A,a08z7wsz0uqx90wsj33g65fcd,Argentina,South America,2026,data\south_america\argentina\torneo_federal_a\a08z7wsz0uqx90wsj33g65fcd\2026\fixture.json,,,
4vkb267py4l18e6ch2i3gfok4,2026-10-31,2026-10-31Z,,Flandria,Deportivo Armenio,,,Estadio Carlos V,,7,2026-04-11T23:46:12Z,epr9s9zih7yd5dygat10o64us,Prim B Metro,66nxwll8fur0rtp9q7wqaki1l,Argentina,South America,2026,data\south_america\argentina\prim_b_metro\66nxwll8fur0rtp9q7wqaki1l\2026\fixture.json,,,
4v0tai5z51xwpbvjtx7gcfuvo,2026-10-31,2026-10-31Z,,Argentino Quilmes,Brown de Adrogué,,,Estadio de Argentino de Quilmes,,7,2026-04-06T02:09:49Z,epr9s9zih7yd5dygat10o64us,Prim B Metro,66nxwll8fur0rtp9q7wqaki1l,Argentina,South America,2026,data\south_america\argentina\prim_b_metro\66nxwll8fur0rtp9q7wqaki1l\2026\fixture.json,,,
4uja8uk17nxxrwiii8sghpedw,2026-10-31,2026-10-31Z,,Defensores Unidos,Deportivo Laferrere,,,Estadio Gigante de Villa Fox,,7,2026-04-06T01:54:34Z,epr9s9zih7yd5dygat10o64us,Prim B Metro,66nxwll8fur0rtp9q7wqaki1l,Argentina,South America,2026,data\south_america\argentina\prim_b_metro\66nxwll8fur0rtp9q7wqaki1l\2026\fixture.json,,,
4u1x5ftmfk09je20b738jdpn8,2026-10-31,2026-10-31Z,,Comunicaciones,Talleres Remedios,,,Estadio Alfredo Ramos,,7,2026-03-31T17:25:46Z,epr9s9zih7yd5dygat10o64us,Prim B Metro,66nxwll8fur0rtp9q7wqaki1l,Argentina,South America,2026,data\south_america\argentina\prim_b_metro\66nxwll8fur0rtp9q7wqaki1l\2026\fixture.json,,,
4tkiie6viphxjia8loy6uutck,2026-10-31,2026-10-31Z,,Dock Sud,Argentino Merlo,,,Estadio de los Inmigrantes,,7,2026-04-06T23:43:43Z,epr9s9zih7yd5dygat10o64us,Prim B Metro,66nxwll8fur0rtp9q7wqaki1l,Argentina,South America,2026,data\south_america\argentina\prim_b_metro\66nxwll8fur0rtp9q7wqaki1l\2026\fixture.json,,,
4t2xw9duo3andsw6qyuxm67mc,2026-10-31,2026-10-31Z,,Deportivo Merlo,Arsenal,,,Estadio José Manuel Moreno,,7,2026-04-07T02:07:10Z,epr9s9zih7yd5dygat10o64us,Prim B Metro,66nxwll8fur0rtp9q7wqaki1l,Argentina,South America,2026,data\south_america\argentina\prim_b_metro\66nxwll8fur0rtp9q7wqaki1l\2026\fixture.json,,,
4sli5urlxy42dvbymaup5a61g,2026-10-31,2026-10-31Z,,Deportivo Camioneros,Excursionistas,,,Estadio Hugo Moyano,,7,2026-04-06T01:57:17Z,epr9s9zih7yd5dygat10o64us,Prim B Metro,66nxwll8fur0rtp9q7wqaki1l,Argentina,South America,2026,data\south_america\argentina\prim_b_metro\66nxwll8fur0rtp9q7wqaki1l\2026\fixture.json,,,
4s3e3xni5zmj91c7agp406j2s,2026-10-31,2026-10-31Z,,Sportivo Italiano,Villa Dálmine,,,Estadio República de Italia,,7,2026-03-31T17:25:47Z,epr9s9zih7yd5dygat10o64us,Prim B Metro,66nxwll8fur0rtp9q7wqaki1l,Argentina,South America,2026,data\south_america\argentina\prim_b_metro\66nxwll8fur0rtp9q7wqaki1l\2026\fixture.json,,,
4rlils64c0apqmtwnxddqgwes,2026-10-31,2026-10-31Z,,San Martín Burzaco,UAI Urquiza,,,Estadio Francisco Boga,,7,2026-03-31T17:25:47Z,epr9s9zih7yd5dygat10o64us,Prim B Metro,66nxwll8fur0rtp9q7wqaki1l,Argentina,South America,2026,data\south_america\argentina\prim_b_metro\66nxwll8fur0rtp9q7wqaki1l\2026\fixture.json,,,
4r3vfh98ruhmm61a6xzt78xec,2026-10-31,2026-10-31Z,,Villa San Carlos,Real Pilar,,,Estadio Genancio Sálice,,7,2026-03-31T17:25:47Z,epr9s9zih7yd5dygat10o64us,Prim B Metro,66nxwll8fur0rtp9q7wqaki1l,Argentina,South America,2026,data\south_america\argentina\prim_b_metro\66nxwll8fur0rtp9q7wqaki1l\2026\fixture.json,,,
4qlzlu1to3wevpzha2kpdqgb8,2026-10-31,2026-10-31Z,,Liniers,Ituzaingó,,,Estadio Juan Antonio Arias,,7,2026-04-06T02:12:44Z,epr9s9zih7yd5dygat10o64us,Prim B Metro,66nxwll8fur0rtp9q7wqaki1l,Argentina,South America,2026,data\south_america\argentina\prim_b_metro\66nxwll8fur0rtp9q7wqaki1l\2026\fixture.json,,,
4q2fxq0gj5jvi8w8uqb4zmhp0,2026-10-24,2026-10-24Z,,Real Pilar,Liniers,,,Estadio Municipal de Pilar,,7,2026-04-06T02:12:44Z,epr9s9zih7yd5dygat10o64us,Prim B Metro,66nxwll8fur0rtp9q7wqaki1l,Argentina,South America,2026,data\south_america\argentina\prim_b_metro\66nxwll8fur0rtp9q7wqaki1l\2026\fixture.json,,,
4pl00qzc807x8kql4q8z29yqc,2026-10-24,2026-10-24Z,,UAI Urquiza,Villa San Carlos,,,Estadio Monumental de Villa Lynch,,7,2026-03-31T17:25:45Z,epr9s9zih7yd5dygat10o64us,Prim B Metro,66nxwll8fur0rtp9q7wqaki1l,Argentina,South America,2026,data\south_america\argentina\prim_b_metro\66nxwll8fur0rtp9q7wqaki1l\2026\fixture.json,,,
4p3k3jeyuerm9uyyxbl5yqv4k,2026-10-24,2026-10-24Z,,Villa Dálmine,San Martín Burzaco,,,Estadio El Coliseo de Mitre y Puccini,,7,2026-03-31T17:25:45Z,epr9s9zih7yd5dygat10o64us,Prim B Metro,66nxwll8fur0rtp9q7wqaki1l,Argentina,South America,2026,data\south_america\argentina\prim_b_metro\66nxwll8fur0rtp9q7wqaki1l\2026\fixture.json,,,
4olwjtfmu3prrv1xhkzd3zmz8,2026-10-24,2026-10-24Z,,Excursionistas,Sportivo Italiano,,,Estadio de Excursionistas,,7,2026-04-06T01:57:17Z,epr9s9zih7yd5dygat10o64us,Prim B Metro,66nxwll8fur0rtp9q7wqaki1l,Argentina,South America,2026,data\south_america\argentina\prim_b_metro\66nxwll8fur0rtp9q7wqaki1l\2026\fixture.json,,,
4o4eo24s5ehfagphyi9jkz28k,2026-10-24,2026-10-24Z,,Arsenal,Deportivo Camioneros,,,Estadio Julio Humberto Grondona,,7,2026-03-31T17:25:44Z,epr9s9zih7yd5dygat10o64us,Prim B Metro,66nxwll8fur0rtp9q7wqaki1l,Argentina,South America,2026,data\south_america\argentina\prim_b_metro\66nxwll8fur0rtp9q7wqaki1l\2026\fixture.json,,,
4nmns8v05czje29wb60jomhhw,2026-10-24,2026-10-24Z,,Argentino Merlo,Deportivo Merlo,,,Estadio Juan Carlos Brieva,,7,2026-04-07T02:07:10Z,epr9s9zih7yd5dygat10o64us,Prim B Metro,66nxwll8fur0rtp9q7wqaki1l,Argentina,South America,2026,data\south_america\argentina\prim_b_metro\66nxwll8fur0rtp9q7wqaki1l\2026\fixture.json,,,
4n56n2qg8kwxxfhfwj0v2dwyc,2026-10-24,2026-10-24Z,,Talleres Remedios,Dock Sud,,,Estadio Pablo Comelli,,7,2026-04-06T23:43:43Z,epr9s9zih7yd5dygat10o64us,Prim B Metro,66nxwll8fur0rtp9q7wqaki1l,Argentina,South America,2026,data\south_america\argentina\prim_b_metro\66nxwll8fur0rtp9q7wqaki1l\2026\fixture.json,,,
4mnqfnj7cugchwvaf6bcqu9lg,2026-10-24,2026-10-24Z,,Deportivo Laferrere,Comunicaciones,,,Estadio Deportivo Laferrere,,7,2026-04-06T01:54:34Z,epr9s9zih7yd5dygat10o64us,Prim B Metro,66nxwll8fur0rtp9q7wqaki1l,Argentina,South America,2026,data\south_america\argentina\prim_b_metro\66nxwll8fur0rtp9q7wqaki1l\2026\fixture.json,,,
4m62xpcktxpfp4hhg55jeedjo,2026-10-24,2026-10-24Z,,Brown de Adrogué,Defensores Unidos,,,Estadio Lorenzo Arandilla,,7,2026-04-05T22:33:49Z,epr9s9zih7yd5dygat10o64us,Prim B Metro,66nxwll8fur0rtp9q7wqaki1l,Argentina,South America,2026,data\south_america\argentina\prim_b_metro\66nxwll8fur0rtp9q7wqaki1l\2026\fixture.json,,,
4loodnokfgbri22vr7x31hfkk,2026-10-24,2026-10-24Z,,Deportivo Armenio,Argentino Quilmes,,,Estadio Armenia,,7,2026-04-06T13:01:02Z,epr9s9zih7yd5dygat10o64us,Prim B Metro,66nxwll8fur0rtp9q7wqaki1l,Argentina,South America,2026,data\south_america\argentina\prim_b_metro\66nxwll8fur0rtp9q7wqaki1l\2026\fixture.json,,,
4l3uvrurbxeqzdqe12c0r4z6c,2026-10-24,2026-10-24Z,,Ituzaingó,Flandria,,,Estadio de Ituzaingó,,7,2026-04-11T23:46:12Z,epr9s9zih7yd5dygat10o64us,Prim B Metro,66nxwll8fur0rtp9q7wqaki1l,Argentina,South America,2026,data\south_america\argentina\prim_b_metro\66nxwll8fur0rtp9q7wqaki1l\2026\fixture.json,,,
4kmgnkxcbu2pkjtoif5qzcpas,2026-10-17,2026-10-17Z,,Argentino Quilmes,Flandria,,,Estadio de Argentino de Quilmes,,7,2026-04-11T23:46:12Z,epr9s9zih7yd5dygat10o64us,Prim B Metro,66nxwll8fur0rtp9q7wqaki1l,Argentina,South America,2026,data\south_america\argentina\prim_b_metro\66nxwll8fur0rtp9q7wqaki1l\2026\fixture.json,,,
4k3vpbsklrxytl9gpocvfrpqs,2026-10-17,2026-10-17Z,,Defensores Unidos,Deportivo Armenio,,,Estadio Gigante de Villa Fox,,7,2026-04-06T13:01:02Z,epr9s9zih7yd5dygat10o64us,Prim B Metro,66nxwll8fur0rtp9q7wqaki1l,Argentina,South America,2026,data\south_america\argentina\prim_b_metro\66nxwll8fur0rtp9q7wqaki1l\2026\fixture.json,,,
4jmiw9e0wya6fnjdcy4uunsic,2026-10-17,2026-10-17Z,,Comunicaciones,Brown de Adrogué,,,Estadio Alfredo Ramos,,7,2026-03-31T17:25:42Z,epr9s9zih7yd5dygat10o64us,Prim B Metro,66nxwll8fur0rtp9q7wqaki1l,Argentina,South America,2026,data\south_america\argentina\prim_b_metro\66nxwll8fur0rtp9q7wqaki1l\2026\fixture.json,,,
4iv6srdz5rz7bq9wbl53dquj8,2026-10-17,2026-10-17Z,,Dock Sud,Deportivo Laferrere,,,Estadio de los Inmigrantes,,7,2026-04-06T23:43:43Z,epr9s9zih7yd5dygat10o64us,Prim B Metro,66nxwll8fur0rtp9q7wqaki1l,Argentina,South America,2026,data\south_america\argentina\prim_b_metro\66nxwll8fur0rtp9q7wqaki1l\2026\fixture.json,,,
4idltq2romztsyrhlrha49vys,2026-10-17,2026-10-17Z,,Deportivo Merlo,Talleres Remedios,,,Estadio José Manuel Moreno,,7,2026-04-07T02:07:10Z,epr9s9zih7yd5dygat10o64us,Prim B Metro,66nxwll8fur0rtp9q7wqaki1l,Argentina,South America,2026,data\south_america\argentina\prim_b_metro\66nxwll8fur0rtp9q7wqaki1l\2026\fixture.json,,,
4hswj67itb20uykyg8bb14sgk,2026-10-17,2026-10-17Z,,Deportivo Camioneros,Argentino Merlo,,,Estadio Hugo Moyano,,7,2026-03-31T17:25:43Z,epr9s9zih7yd5dygat10o64us,Prim B Metro,66nxwll8fur0rtp9q7wqaki1l,Argentina,South America,2026,data\south_america\argentina\prim_b_metro\66nxwll8fur0rtp9q7wqaki1l\2026\fixture.json,,,
4hbfj6kf8m0xljyvpi5qil1qs,2026-10-17,2026-10-17Z,,Sportivo Italiano,Arsenal,,,Estadio República de Italia,,7,2026-03-31T17:25:44Z,epr9s9zih7yd5dygat10o64us,Prim B Metro,66nxwll8fur0rtp9q7wqaki1l,Argentina,South America,2026,data\south_america\argentina\prim_b_metro\66nxwll8fur0rtp9q7wqaki1l\2026\fixture.json,,,
4gu61v2szru2lpfb5xt4rwjkk,2026-10-17,2026-10-17Z,,San Martín Burzaco,Excursionistas,,,Estadio Francisco Boga,,7,2026-04-06T01:57:17Z,epr9s9zih7yd5dygat10o64us,Prim B Metro,66nxwll8fur0rtp9q7wqaki1l,Argentina,South America,2026,data\south_america\argentina\prim_b_metro\66nxwll8fur0rtp9q7wqaki1l\2026\fixture.json,,,
4gcn5l7hb5dpgslx0kfuipp90,2026-10-17,2026-10-17Z,,Villa San Carlos,Villa Dálmine,,,Estadio Genancio Sálice,,7,2026-03-31T17:25:44Z,epr9s9zih7yd5dygat10o64us,Prim B Metro,66nxwll8fur0rtp9q7wqaki1l,Argentina,South America,2026,data\south_america\argentina\prim_b_metro\66nxwll8fur0rtp9q7wqaki1l\2026\fixture.json,,,
4fskdk0zp5zyxohrm2atdfaxg,2026-10-17,2026-10-17Z,,Liniers,UAI Urquiza,,,Estadio Juan Antonio Arias,,7,2026-04-06T02:12:44Z,epr9s9zih7yd5dygat10o64us,Prim B Metro,66nxwll8fur0rtp9q7wqaki1l,Argentina,South America,2026,data\south_america\argentina\prim_b_metro\66nxwll8fur0rtp9q7wqaki1l\2026\fixture.json,,,
4fax48anisndxw66h5raediqc,2026-10-17,2026-10-17Z,,Real Pilar,Ituzaingó,,,Estadio Municipal de Pilar,,7,2026-03-31T17:25:43Z,epr9s9zih7yd5dygat10o64us,Prim B Metro,66nxwll8fur0rtp9q7wqaki1l,Argentina,South America,2026,data\south_america\argentina\prim_b_metro\66nxwll8fur0rtp9q7wqaki1l\2026\fixture.json,,,
4esiludwtnd93ao7ox093f9qs,2026-10-10,2026-10-10Z,,UAI Urquiza,Real Pilar,,,Estadio Monumental de Villa Lynch,,7,2026-03-31T17:25:42Z,epr9s9zih7yd5dygat10o64us,Prim B Metro,66nxwll8fur0rtp9q7wqaki1l,Argentina,South America,2026,data\south_america\argentina\prim_b_metro\66nxwll8fur0rtp9q7wqaki1l\2026\fixture.json,,,
4eaxau2hewa2fruxk3zfnqcr8,2026-10-10,2026-10-10Z,,Villa Dálmine,Liniers,,,Estadio El Coliseo de Mitre y Puccini,,7,2026-04-06T02:12:44Z,epr9s9zih7yd5dygat10o64us,Prim B Metro,66nxwll8fur0rtp9q7wqaki1l,Argentina,South America,2026,data\south_america\argentina\prim_b_metro\66nxwll8fur0rtp9q7wqaki1l\2026\fixture.json,,,
4dtd1lca4vnglvic8tc1vq6fo,2026-10-10,2026-10-10Z,,Excursionistas,Villa San Carlos,,,Estadio de Excursionistas,,7,2026-04-06T01:57:17Z,epr9s9zih7yd5dygat10o64us,Prim B Metro,66nxwll8fur0rtp9q7wqaki1l,Argentina,South America,2026,data\south_america\argentina\prim_b_metro\66nxwll8fur0rtp9q7wqaki1l\2026\fixture.json,,,
4dbmectc9oq8dgtd4x6m4bztg,2026-10-10,2026-10-10Z,,Arsenal,San Martín Burzaco,,,Estadio Julio Humberto Grondona,,7,2026-03-31T17:25:41Z,epr9s9zih7yd5dygat10o64us,Prim B Metro,66nxwll8fur0rtp9q7wqaki1l,Argentina,South America,2026,data\south_america\argentina\prim_b_metro\66nxwll8fur0rtp9q7wqaki1l\2026\fixture.json,,,
4cs28sek00h8a2ozd3ej7j2fo,2026-10-10,2026-10-10Z,,Argentino Merlo,Sportivo Italiano,,,Estadio Juan Carlos Brieva,,7,2026-03-31T17:25:41Z,epr9s9zih7yd5dygat10o64us,Prim B Metro,66nxwll8fur0rtp9q7wqaki1l,Argentina,South America,2026,data\south_america\argentina\prim_b_metro\66nxwll8fur0rtp9q7wqaki1l\2026\fixture.json,,,
4ca3f6gmj587q9h5vbe3s29sk,2026-10-10,2026-10-10Z,,Talleres Remedios,Deportivo Camioneros,,,Estadio Pablo Comelli,,7,2026-03-31T17:25:42Z,epr9s9zih7yd5dygat10o64us,Prim B Metro,66nxwll8fur0rtp9q7wqaki1l,Argentina,South America,2026,data\south_america\argentina\prim_b_metro\66nxwll8fur0rtp9q7wqaki1l\2026\fixture.json,,,
4bsnygwzhil96nrewxrw8fvo4,2026-10-10,2026-10-10Z,,Deportivo Laferrere,Deportivo Merlo,,,Estadio Deportivo Laferrere,,7,2026-04-07T02:07:10Z,epr9s9zih7yd5dygat10o64us,Prim B Metro,66nxwll8fur0rtp9q7wqaki1l,Argentina,South America,2026,data\south_america\argentina\prim_b_metro\66nxwll8fur0rtp9q7wqaki1l\2026\fixture.json,,,
4bb8u53kpto0h0mik6084szdg,2026-10-10,2026-10-10Z,,Brown de Adrogué,Dock Sud,,,Estadio Lorenzo Arandilla,,7,2026-04-06T23:43:43Z,epr9s9zih7yd5dygat10o64us,Prim B Metro,66nxwll8fur0rtp9q7wqaki1l,Argentina,South America,2026,data\south_america\argentina\prim_b_metro\66nxwll8fur0rtp9q7wqaki1l\2026\fixture.json,,,
4arl1m2uhl102x67b3bdyc45w,2026-10-10,2026-10-10Z,,Deportivo Armenio,Comunicaciones,,,Estadio Armenia,,7,2026-04-06T13:01:02Z,epr9s9zih7yd5dygat10o64us,Prim B Metro,66nxwll8fur0rtp9q7wqaki1l,Argentina,South America,2026,data\south_america\argentina\prim_b_metro\66nxwll8fur0rtp9q7wqaki1l\2026\fixture.json,,,
4aa8n0ich1cfnc6zlxtz4f4t0,2026-10-10,2026-10-10Z,,Flandria,Defensores Unidos,,,Estadio Carlos V,,7,2026-04-11T23:46:12Z,epr9s9zih7yd5dygat10o64us,Prim B Metro,66nxwll8fur0rtp9q7wqaki1l,Argentina,South America,2026,data\south_america\argentina\prim_b_metro\66nxwll8fur0rtp9q7wqaki1l\2026\fixture.json,,,
49srs3ar85wdr9hrg9a1eiwb8,2026-10-10,2026-10-10Z,,Ituzaingó,Argentino Quilmes,,,Estadio de Ituzaingó,,7,2026-04-06T02:09:49Z,epr9s9zih7yd5dygat10o64us,Prim B Metro,66nxwll8fur0rtp9q7wqaki1l,Argentina,South America,2026,data\south_america\argentina\prim_b_metro\66nxwll8fur0rtp9q7wqaki1l\2026\fixture.json,,,
49beypl3mea0y54vi9ly0iv4k,2026-10-03,2026-10-03Z,,Defensores Unidos,Argentino Quilmes,,,Estadio Gigante de Villa Fox,,7,2026-04-06T02:09:49Z,epr9s9zih7yd5dygat10o64us,Prim B Metro,66nxwll8fur0rtp9q7wqaki1l,Argentina,South America,2026,data\south_america\argentina\prim_b_metro\66nxwll8fur0rtp9q7wqaki1l\2026\fixture.json,,,
48u1uv9ye4blxx8lh95to7s44,2026-10-03,2026-10-03Z,,Comunicaciones,Flandria,,,Estadio Alfredo Ramos,,7,2026-04-11T23:46:12Z,epr9s9zih7yd5dygat10o64us,Prim B Metro,66nxwll8fur0rtp9q7wqaki1l,Argentina,South America,2026,data\south_america\argentina\prim_b_metro\66nxwll8fur0rtp9q7wqaki1l\2026\fixture.json,,,
48clzool593pxc8ipgqo3chec,2026-10-03,2026-10-03Z,,Dock Sud,Deportivo Armenio,,,Estadio de los Inmigrantes,,7,2026-04-06T23:43:43Z,epr9s9zih7yd5dygat10o64us,Prim B Metro,66nxwll8fur0rtp9q7wqaki1l,Argentina,South America,2026,data\south_america\argentina\prim_b_metro\66nxwll8fur0rtp9q7wqaki1l\2026\fixture.json,,,
47v26uk7rtn48jam1u3fedl3o,2026-10-03,2026-10-03Z,,Deportivo Merlo,Brown de Adrogué,,,Estadio José Manuel Moreno,,7,2026-04-07T02:07:10Z,epr9s9zih7yd5dygat10o64us,Prim B Metro,66nxwll8fur0rtp9q7wqaki1l,Argentina,South America,2026,data\south_america\argentina\prim_b_metro\66nxwll8fur0rtp9q7wqaki1l\2026\fixture.json,,,
47dmxs9g64wj4mi06sd8556ok,2026-10-03,2026-10-03Z,,Deportivo Camioneros,Deportivo Laferrere,,,Estadio Hugo Moyano,,7,2026-04-06T01:54:34Z,epr9s9zih7yd5dygat10o64us,Prim B Metro,66nxwll8fur0rtp9q7wqaki1l,Argentina,South America,2026,data\south_america\argentina\prim_b_metro\66nxwll8fur0rtp9q7wqaki1l\2026\fixture.json,,,
46vzxfcww1xdy5koag7rqnfv8,2026-10-03,2026-10-03Z,,Sportivo Italiano,Talleres Remedios,,,Estadio República de Italia,,7,2026-03-31T17:25:40Z,epr9s9zih7yd5dygat10o64us,Prim B Metro,66nxwll8fur0rtp9q7wqaki1l,Argentina,South America,2026,data\south_america\argentina\prim_b_metro\66nxwll8fur0rtp9q7wqaki1l\2026\fixture.json,,,
46eewe53wzq52dzyy6n0cshzo,2026-10-03,2026-10-03Z,,San Martín Burzaco,Argentino Merlo,,,Estadio Francisco Boga,,7,2026-03-31T17:25:40Z,epr9s9zih7yd5dygat10o64us,Prim B Metro,66nxwll8fur0rtp9q7wqaki1l,Argentina,South America,2026,data\south_america\argentina\prim_b_metro\66nxwll8fur0rtp9q7wqaki1l\2026\fixture.json,,,
45unigexq0otxmrcoo2s2yck4,2026-10-03,2026-10-03Z,,Villa San Carlos,Arsenal,,,Estadio Genancio Sálice,,7,2026-03-31T17:25:41Z,epr9s9zih7yd5dygat10o64us,Prim B Metro,66nxwll8fur0rtp9q7wqaki1l,Argentina,South America,2026,data\south_america\argentina\prim_b_metro\66nxwll8fur0rtp9q7wqaki1l\2026\fixture.json,,,
45day857cc4vz8jn04tbx78yc,2026-10-03,2026-10-03Z,,Liniers,Excursionistas,,,Estadio Juan Antonio Arias,,7,2026-04-06T02:12:44Z,epr9s9zih7yd5dygat10o64us,Prim B Metro,66nxwll8fur0rtp9q7wqaki1l,Argentina,South America,2026,data\south_america\argentina\prim_b_metro\66nxwll8fur0rtp9q7wqaki1l\2026\fixture.json,,,
44w3lwqzzceyxwwsapc6rfdp0,2026-10-03,2026-10-03Z,,Real Pilar,Villa Dálmine,,,Estadio Municipal de Pilar,,7,2026-03-31T17:25:40Z,epr9s9zih7yd5dygat10o64us,Prim B Metro,66nxwll8fur0rtp9q7wqaki1l,Argentina,South America,2026,data\south_america\argentina\prim_b_metro\66nxwll8fur0rtp9q7wqaki1l\2026\fixture.json,,,
44ewaabi8t8zfuhgjzgya1c7o,2026-10-03,2026-10-03Z,,UAI Urquiza,Ituzaingó,,,Estadio Monumental de Villa Lynch,,7,2026-03-31T17:25:41Z,epr9s9zih7yd5dygat10o64us,Prim B Metro,66nxwll8fur0rtp9q7wqaki1l,Argentina,South America,2026,data\south_america\argentina\prim_b_metro\66nxwll8fur0rtp9q7wqaki1l\2026\fixture.json,,,
43xepkiwstg5uwmezrwl2obh0,2026-09-26,2026-09-26Z,,Villa Dálmine,UAI Urquiza,,,Estadio El Coliseo de Mitre y Puccini,,7,2026-03-31T17:25:39Z,epr9s9zih7yd5dygat10o64us,Prim B Metro,66nxwll8fur0rtp9q7wqaki1l,Argentina,South America,2026,data\south_america\argentina\prim_b_metro\66nxwll8fur0rtp9q7wqaki1l\2026\fixture.json,,,
43flu95yox3450mpxb4ns20b8,2026-09-26,2026-09-26Z,,Excursionistas,Real Pilar,,,Estadio de Excursionistas,,7,2026-04-06T01:57:17Z,epr9s9zih7yd5dygat10o64us,Prim B Metro,66nxwll8fur0rtp9q7wqaki1l,Argentina,South America,2026,data\south_america\argentina\prim_b_metro\66nxwll8fur0rtp9q7wqaki1l\2026\fixture.json,,,
42y5yfj0k8qo8ta5nboo1ak9g,2026-09-26,2026-09-26Z,,Arsenal,Liniers,,,Estadio Julio Humberto Grondona,,7,2026-04-06T02:12:44Z,epr9s9zih7yd5dygat10o64us,Prim B Metro,66nxwll8fur0rtp9q7wqaki1l,Argentina,South America,2026,data\south_america\argentina\prim_b_metro\66nxwll8fur0rtp9q7wqaki1l\2026\fixture.json,,,
42gtyktkz5dn30fx7zzw34ufo,2026-09-26,2026-09-26Z,,Argentino Merlo,Villa San Carlos,,,Estadio Juan Carlos Brieva,,7,2026-03-31T17:25:38Z,epr9s9zih7yd5dygat10o64us,Prim B Metro,66nxwll8fur0rtp9q7wqaki1l,Argentina,South America,2026,data\south_america\argentina\prim_b_metro\66nxwll8fur0rtp9q7wqaki1l\2026\fixture.json,,,
41z4g5zf0o2qnazakjrw3kzys,2026-09-26,2026-09-26Z,,Talleres Remedios,San Martín Burzaco,,,Estadio Pablo Comelli,,7,2026-03-31T17:25:39Z,epr9s9zih7yd5dygat10o64us,Prim B Metro,66nxwll8fur0rtp9q7wqaki1l,Argentina,South America,2026,data\south_america\argentina\prim_b_metro\66nxwll8fur0rtp9q7wqaki1l\2026\fixture.json,,,
41dx49kxfrkpqfplaxy9wdct0,2026-09-26,2026-09-26Z,,Deportivo Laferrere,Sportivo Italiano,,,Estadio Deportivo Laferrere,,7,2026-04-06T01:54:34Z,epr9s9zih7yd5dygat10o64us,Prim B Metro,66nxwll8fur0rtp9q7wqaki1l,Argentina,South America,2026,data\south_america\argentina\prim_b_metro\66nxwll8fur0rtp9q7wqaki1l\2026\fixture.json,,,
40u1aykct7v1fzq8ocsfpc7is,2026-09-26,2026-09-26Z,,Brown de Adrogué,Deportivo Camioneros,,,Estadio Lorenzo Arandilla,,7,2026-03-31T17:25:38Z,epr9s9zih7yd5dygat10o64us,Prim B Metro,66nxwll8fur0rtp9q7wqaki1l,Argentina,South America,2026,data\south_america\argentina\prim_b_metro\66nxwll8fur0rtp9q7wqaki1l\2026\fixture.json,,,
40bu31xjjk1jtnoc33yz6uhhw,2026-09-26,2026-09-26Z,,Deportivo Armenio,Deportivo Merlo,,,Estadio Armenia,,7,2026-04-07T02:07:10Z,epr9s9zih7yd5dygat10o64us,Prim B Metro,66nxwll8fur0rtp9q7wqaki1l,Argentina,South America,2026,data\south_america\argentina\prim_b_metro\66nxwll8fur0rtp9q7wqaki1l\2026\fixture.json,,,
3zt0rnpqq4xjw9mksr1l0vm6s,2026-09-26,2026-09-26Z,,Flandria,Dock Sud,,,Estadio Carlos V,,7,2026-04-11T23:46:12Z,epr9s9zih7yd5dygat10o64us,Prim B Metro,66nxwll8fur0rtp9q7wqaki1l,Argentina,South America,2026,data\south_america\argentina\prim_b_metro\66nxwll8fur0rtp9q7wqaki1l\2026\fixture.json,,,
3z892w6ch9fayqznx9y3c1b10,2026-09-26,2026-09-26Z,,Argentino Quilmes,Comunicaciones,,,Estadio de Argentino de Quilmes,,7,2026-04-06T02:09:49Z,epr9s9zih7yd5dygat10o64us,Prim B Metro,66nxwll8fur0rtp9q7wqaki1l,Argentina,South America,2026,data\south_america\argentina\prim_b_metro\66nxwll8fur0rtp9q7wqaki1l\2026\fixture.json,,,
3yqjfs4wujxb8j40qk5lv7qqc,2026-09-26,2026-09-26Z,,Ituzaingó,Defensores Unidos,,,Estadio de Ituzaingó,,7,2026-04-05T22:33:49Z,epr9s9zih7yd5dygat10o64us,Prim B Metro,66nxwll8fur0rtp9q7wqaki1l,Argentina,South America,2026,data\south_america\argentina\prim_b_metro\66nxwll8fur0rtp9q7wqaki1l\2026\fixture.json,,,
3y95jsqyuitfni454axzftzx0,2026-09-19,2026-09-19Z,,Comunicaciones,Defensores Unidos,,,Estadio Alfredo Ramos,,7,2026-04-05T22:33:49Z,epr9s9zih7yd5dygat10o64us,Prim B Metro,66nxwll8fur0rtp9q7wqaki1l,Argentina,South America,2026,data\south_america\argentina\prim_b_metro\66nxwll8fur0rtp9q7wqaki1l\2026\fixture.json,,,
3xrne2rus1wkflm14cwsf3dhw,2026-09-19,2026-09-19Z,,Dock Sud,Argentino Quilmes,,,Estadio de los Inmigrantes,,7,2026-04-06T23:43:43Z,epr9s9zih7yd5dygat10o64us,Prim B Metro,66nxwll8fur0rtp9q7wqaki1l,Argentina,South America,2026,data\south_america\argentina\prim_b_metro\66nxwll8fur0rtp9q7wqaki1l\2026\fixture.json,,,
3x9z554a6tley3h65xnzg7v9w,2026-09-19,2026-09-19Z,,Deportivo Merlo,Flandria,,,Estadio José Manuel Moreno,,7,2026-04-11T23:46:12Z,epr9s9zih7yd5dygat10o64us,Prim B Metro,66nxwll8fur0rtp9q7wqaki1l,Argentina,South America,2026,data\south_america\argentina\prim_b_metro\66nxwll8fur0rtp9q7wqaki1l\2026\fixture.json,,,
3wsit2f7ujred2rlfzwpvu7tg,2026-09-19,2026-09-19Z,,Deportivo Camioneros,Deportivo Armenio,,,Estadio Hugo Moyano,,7,2026-04-06T13:01:02Z,epr9s9zih7yd5dygat10o64us,Prim B Metro,66nxwll8fur0rtp9q7wqaki1l,Argentina,South America,2026,data\south_america\argentina\prim_b_metro\66nxwll8fur0rtp9q7wqaki1l\2026\fixture.json,,,
3wasdcg5u5gy6l3vv27s9mt5g,2026-09-19,2026-09-19Z,,Sportivo Italiano,Brown de Adrogué,,,Estadio República de Italia,,7,2026-03-31T17:25:37Z,epr9s9zih7yd5dygat10o64us,Prim B Metro,66nxwll8fur0rtp9q7wqaki1l,Argentina,South America,2026,data\south_america\argentina\prim_b_metro\66nxwll8fur0rtp9q7wqaki1l\2026\fixture.json,,,
3vqw5e73qhosf066pud3xrsic,2026-09-19,2026-09-19Z,,San Martín Burzaco,Deportivo Laferrere,,,Estadio Francisco Boga,,7,2026-04-06T01:54:34Z,epr9s9zih7yd5dygat10o64us,Prim B Metro,66nxwll8fur0rtp9q7wqaki1l,Argentina,South America,2026,data\south_america\argentina\prim_b_metro\66nxwll8fur0rtp9q7wqaki1l\2026\fixture.json,,,
3v9d53nuy6duhl2eo8wkbl4pg,2026-09-19,2026-09-19Z,,Villa San Carlos,Talleres Remedios,,,Estadio Genancio Sálice,,7,2026-03-31T17:25:38Z,epr9s9zih7yd5dygat10o64us,Prim B Metro,66nxwll8fur0rtp9q7wqaki1l,Argentina,South America,2026,data\south_america\argentina\prim_b_metro\66nxwll8fur0rtp9q7wqaki1l\2026\fixture.json,,,
3us0fipwyjaubt0amkx3yk8ic,2026-09-19,2026-09-19Z,,Liniers,Argentino Merlo,,,Estadio Juan Antonio Arias,,7,2026-04-06T02:12:44Z,epr9s9zih7yd5dygat10o64us,Prim B Metro,66nxwll8fur0rtp9q7wqaki1l,Argentina,South America,2026,data\south_america\argentina\prim_b_metro\66nxwll8fur0rtp9q7wqaki1l\2026\fixture.json,,,
3uaj2tefm2sc9dk87h9wcyzv8,2026-09-19,2026-09-19Z,,Real Pilar,Arsenal,,,Estadio Municipal de Pilar,,7,2026-03-31T17:25:37Z,epr9s9zih7yd5dygat10o64us,Prim B Metro,66nxwll8fur0rtp9q7wqaki1l,Argentina,South America,2026,data\south_america\argentina\prim_b_metro\66nxwll8fur0rtp9q7wqaki1l\2026\fixture.json,,,
3tsk7m28gnbnj50n41rpstslw,2026-09-19,2026-09-19Z,,UAI Urquiza,Excursionistas,,,Estadio Monumental de Villa Lynch,,7,2026-04-06T01:57:17Z,epr9s9zih7yd5dygat10o64us,Prim B Metro,66nxwll8fur0rtp9q7wqaki1l,Argentina,South America,2026,data\south_america\argentina\prim_b_metro\66nxwll8fur0rtp9q7wqaki1l\2026\fixture.json,,,
3tb0q9nwcz4g2dm8qr7unnqqc,2026-09-19,2026-09-19Z,,Villa Dálmine,Ituzaingó,,,Estadio El Coliseo de Mitre y Puccini,,7,2026-03-31T17:25:37Z,epr9s9zih7yd5dygat10o64us,Prim B Metro,66nxwll8fur0rtp9q7wqaki1l,Argentina,South America,2026,data\south_america\argentina\prim_b_metro\66nxwll8fur0rtp9q7wqaki1l\2026\fixture.json,,,
3stkan5qiy2ukbaqxki9slgd0,2026-09-12,2026-09-12Z,,Excursionistas,Villa Dálmine,,,Estadio de Excursionistas,,7,2026-04-06T01:57:17Z,epr9s9zih7yd5dygat10o64us,Prim B Metro,66nxwll8fur0rtp9q7wqaki1l,Argentina,South America,2026,data\south_america\argentina\prim_b_metro\66nxwll8fur0rtp9q7wqaki1l\2026\fixture.json,,,
3sbyreoo21ztrqmbtl80p61hw,2026-09-12,2026-09-12Z,,Arsenal,UAI Urquiza,,,Estadio Julio Humberto Grondona,,7,2026-03-31T17:25:35Z,epr9s9zih7yd5dygat10o64us,Prim B Metro,66nxwll8fur0rtp9q7wqaki1l,Argentina,South America,2026,data\south_america\argentina\prim_b_metro\66nxwll8fur0rtp9q7wqaki1l\2026\fixture.json,,,
3ruh3fr1gd4v525t9vye5uln8,2026-09-12,2026-09-12Z,,Argentino Merlo,Real Pilar,,,Estadio Juan Carlos Brieva,,7,2026-03-31T17:25:35Z,epr9s9zih7yd5dygat10o64us,Prim B Metro,66nxwll8fur0rtp9q7wqaki1l,Argentina,South America,2026,data\south_america\argentina\prim_b_metro\66nxwll8fur0rtp9q7wqaki1l\2026\fixture.json,,,
3rcyohzid8isdjkl8assu9fro,2026-09-12,2026-09-12Z,,Talleres Remedios,Liniers,,,Estadio Pablo Comelli,,7,2026-04-06T02:12:44Z,epr9s9zih7yd5dygat10o64us,Prim B Metro,66nxwll8fur0rtp9q7wqaki1l,Argentina,South America,2026,data\south_america\argentina\prim_b_metro\66nxwll8fur0rtp9q7wqaki1l\2026\fixture.json,,,
3qtcfo7m2b38fpdh9v9jgldzo,2026-09-12,2026-09-12Z,,Deportivo Laferrere,Villa San Carlos,,,Estadio Deportivo Laferrere,,7,2026-04-06T01:54:34Z,epr9s9zih7yd5dygat10o64us,Prim B Metro,66nxwll8fur0rtp9q7wqaki1l,Argentina,South America,2026,data\south_america\argentina\prim_b_metro\66nxwll8fur0rtp9q7wqaki1l\2026\fixture.json,,,
3qbhrkiell343pxcfhn57ixp0,2026-09-12,2026-09-12Z,,Brown de Adrogué,San Martín Burzaco,,,Estadio Lorenzo Arandilla,,7,2026-03-31T17:25:35Z,epr9s9zih7yd5dygat10o64us,Prim B Metro,66nxwll8fur0rtp9q7wqaki1l,Argentina,South America,2026,data\south_america\argentina\prim_b_metro\66nxwll8fur0rtp9q7wqaki1l\2026\fixture.json,,,
3pttfgx0r2rgbvaqx3o73ih3o,2026-09-12,2026-09-12Z,,Deportivo Armenio,Sportivo Italiano,,,Estadio Armenia,,7,2026-04-06T13:01:02Z,epr9s9zih7yd5dygat10o64us,Prim B Metro,66nxwll8fur0rtp9q7wqaki1l,Argentina,South America,2026,data\south_america\argentina\prim_b_metro\66nxwll8fur0rtp9q7wqaki1l\2026\fixture.json,,,
3pc93tk7mtb2frlvsqmbxcs2c,2026-09-12,2026-09-12Z,,Flandria,Deportivo Camioneros,,,Estadio Carlos V,,7,2026-04-11T23:46:12Z,epr9s9zih7yd5dygat10o64us,Prim B Metro,66nxwll8fur0rtp9q7wqaki1l,Argentina,South America,2026,data\south_america\argentina\prim_b_metro\66nxwll8fur0rtp9q7wqaki1l\2026\fixture.json,,,
3oulep77suwhldiup6rsmw1lg,2026-09-12,2026-09-12Z,,Argentino Quilmes,Deportivo Merlo,,,Estadio de Argentino de Quilmes,,7,2026-04-07T02:07:10Z,epr9s9zih7yd5dygat10o64us,Prim B Metro,66nxwll8fur0rtp9q7wqaki1l,Argentina,South America,2026,data\south_america\argentina\prim_b_metro\66nxwll8fur0rtp9q7wqaki1l\2026\fixture.json,,,
3ochzwfuoit1t11fo8at0n9xw,2026-09-12,2026-09-12Z,,Defensores Unidos,Dock Sud,,,Estadio Gigante de Villa Fox,,7,2026-04-06T23:43:43Z,epr9s9zih7yd5dygat10o64us,Prim B Metro,66nxwll8fur0rtp9q7wqaki1l,Argentina,South America,2026,data\south_america\argentina\prim_b_metro\66nxwll8fur0rtp9q7wqaki1l\2026\fixture.json,,,
3nut6fgl2r0uk0xz31q4apclw,2026-09-12,2026-09-12Z,,Ituzaingó,Comunicaciones,,,Estadio de Ituzaingó,,7,2026-03-31T17:25:36Z,epr9s9zih7yd5dygat10o64us,Prim B Metro,66nxwll8fur0rtp9q7wqaki1l,Argentina,South America,2026,data\south_america\argentina\prim_b_metro\66nxwll8fur0rtp9q7wqaki1l\2026\fixture.json,,,
3ncgzv8fhsai6m6gp6p51gopg,2026-09-05,2026-09-05Z,,Dock Sud,Comunicaciones,,,Estadio de los Inmigrantes,,7,2026-04-06T23:43:43Z,epr9s9zih7yd5dygat10o64us,Prim B Metro,66nxwll8fur0rtp9q7wqaki1l,Argentina,South America,2026,data\south_america\argentina\prim_b_metro\66nxwll8fur0rtp9q7wqaki1l\2026\fixture.json,,,
3muu575xug7tp7w4ekz4rcpas,2026-09-05,2026-09-05Z,,Deportivo Merlo,Defensores Unidos,,,Estadio José Manuel Moreno,,7,2026-04-07T02:07:10Z,epr9s9zih7yd5dygat10o64us,Prim B Metro,66nxwll8fur0rtp9q7wqaki1l,Argentina,South America,2026,data\south_america\argentina\prim_b_metro\66nxwll8fur0rtp9q7wqaki1l\2026\fixture.json,,,
3mddud29l2ey923dk6t5kdlhw,2026-09-05,2026-09-05Z,,Deportivo Camioneros,Argentino Quilmes,,,Estadio Hugo Moyano,,7,2026-04-06T02:09:49Z,epr9s9zih7yd5dygat10o64us,Prim B Metro,66nxwll8fur0rtp9q7wqaki1l,Argentina,South America,2026,data\south_america\argentina\prim_b_metro\66nxwll8fur0rtp9q7wqaki1l\2026\fixture.json,,,
3ltvzq46wfnpib4npmxmj1n2s,2026-09-05,2026-09-05Z,,Sportivo Italiano,Flandria,,,Estadio República de Italia,,7,2026-04-11T23:46:12Z,epr9s9zih7yd5dygat10o64us,Prim B Metro,66nxwll8fur0rtp9q7wqaki1l,Argentina,South America,2026,data\south_america\argentina\prim_b_metro\66nxwll8fur0rtp9q7wqaki1l\2026\fixture.json,,,
3lceue0k8qp9k57mrm4e3a2hg,2026-09-05,2026-09-05Z,,San Martín Burzaco,Deportivo Armenio,,,Estadio Francisco Boga,,7,2026-04-06T13:01:02Z,epr9s9zih7yd5dygat10o64us,Prim B Metro,66nxwll8fur0rtp9q7wqaki1l,Argentina,South America,2026,data\south_america\argentina\prim_b_metro\66nxwll8fur0rtp9q7wqaki1l\2026\fixture.json,,,
3kt76kpnjfmdqgronp1ct0r2s,2026-09-05,2026-09-05Z,,Villa San Carlos,Brown de Adrogué,,,Estadio Genancio Sálice,,7,2026-03-31T17:25:34Z,epr9s9zih7yd5dygat10o64us,Prim B Metro,66nxwll8fur0rtp9q7wqaki1l,Argentina,South America,2026,data\south_america\argentina\prim_b_metro\66nxwll8fur0rtp9q7wqaki1l\2026\fixture.json,,,
3kbhsntlci0gzzct1468svu38,2026-09-05,2026-09-05Z,,Liniers,Deportivo Laferrere,,,Estadio Juan Antonio Arias,,7,2026-04-06T02:12:44Z,epr9s9zih7yd5dygat10o64us,Prim B Metro,66nxwll8fur0rtp9q7wqaki1l,Argentina,South America,2026,data\south_america\argentina\prim_b_metro\66nxwll8fur0rtp9q7wqaki1l\2026\fixture.json,,,
3ju269v9q1ogsk2yso99ozlzo,2026-09-05,2026-09-05Z,,Real Pilar,Talleres Remedios,,,Estadio Municipal de Pilar,,7,2026-03-31T17:25:34Z,epr9s9zih7yd5dygat10o64us,Prim B Metro,66nxwll8fur0rtp9q7wqaki1l,Argentina,South America,2026,data\south_america\argentina\prim_b_metro\66nxwll8fur0rtp9q7wqaki1l\2026\fixture.json,,,
3jch5r7qklxvx9ibk2c6lvkes,2026-09-05,2026-09-05Z,,UAI Urquiza,Argentino Merlo,,,Estadio Monumental de Villa Lynch,,7,2026-03-31T17:25:34Z,epr9s9zih7yd5dygat10o64us,Prim B Metro,66nxwll8fur0rtp9q7wqaki1l,Argentina,South America,2026,data\south_america\argentina\prim_b_metro\66nxwll8fur0rtp9q7wqaki1l\2026\fixture.json,,,
3it7z8igfgymkikldt0vfzfv8,2026-09-05,2026-09-05Z,,Villa Dálmine,Arsenal,,,Estadio El Coliseo de Mitre y Puccini,,7,2026-03-31T17:25:34Z,epr9s9zih7yd5dygat10o64us,Prim B Metro,66nxwll8fur0rtp9q7wqaki1l,Argentina,South America,2026,data\south_america\argentina\prim_b_metro\66nxwll8fur0rtp9q7wqaki1l\2026\fixture.json,,,
3i74drzc7k2r51ea9ik5b5hck,2026-09-05,2026-09-05Z,,Excursionistas,Ituzaingó,,,Estadio de Excursionistas,,7,2026-04-06T01:57:17Z,epr9s9zih7yd5dygat10o64us,Prim B Metro,66nxwll8fur0rtp9q7wqaki1l,Argentina,South America,2026,data\south_america\argentina\prim_b_metro\66nxwll8fur0rtp9q7wqaki1l\2026\fixture.json,,,
3hngaxp5iu6ehhwszapt5qo7o,2026-08-29,2026-08-29Z,,Arsenal,Excursionistas,,,Estadio Julio Humberto Grondona,,7,2026-04-06T01:57:17Z,epr9s9zih7yd5dygat10o64us,Prim B Metro,66nxwll8fur0rtp9q7wqaki1l,Argentina,South America,2026,data\south_america\argentina\prim_b_metro\66nxwll8fur0rtp9q7wqaki1l\2026\fixture.json,,,
3h5fpaxun52r2cxgmc8wsv4t0,2026-08-29,2026-08-29Z,,Argentino Merlo,Villa Dálmine,,,Estadio Juan Carlos Brieva,,7,2026-03-31T17:25:32Z,epr9s9zih7yd5dygat10o64us,Prim B Metro,66nxwll8fur0rtp9q7wqaki1l,Argentina,South America,2026,data\south_america\argentina\prim_b_metro\66nxwll8fur0rtp9q7wqaki1l\2026\fixture.json,,,
3glftddnzl6o0dqm48at5yb6c,2026-08-29,2026-08-29Z,,Talleres Remedios,UAI Urquiza,,,Estadio Pablo Comelli,,7,2026-03-31T17:25:33Z,epr9s9zih7yd5dygat10o64us,Prim B Metro,66nxwll8fur0rtp9q7wqaki1l,Argentina,South America,2026,data\south_america\argentina\prim_b_metro\66nxwll8fur0rtp9q7wqaki1l\2026\fixture.json,,,
3g43r1236sjxjlztm5arwvklw,2026-08-29,2026-08-29Z,,Deportivo Laferrere,Real Pilar,,,Estadio Deportivo Laferrere,,7,2026-04-06T01:54:34Z,epr9s9zih7yd5dygat10o64us,Prim B Metro,66nxwll8fur0rtp9q7wqaki1l,Argentina,South America,2026,data\south_america\argentina\prim_b_metro\66nxwll8fur0rtp9q7wqaki1l\2026\fixture.json,,,
3flcm3mzcmuydeao77b3baj2s,2026-08-29,2026-08-29Z,,Brown de Adrogué,Liniers,,,Estadio Lorenzo Arandilla,,7,2026-04-06T02:12:44Z,epr9s9zih7yd5dygat10o64us,Prim B Metro,66nxwll8fur0rtp9q7wqaki1l,Argentina,South America,2026,data\south_america\argentina\prim_b_metro\66nxwll8fur0rtp9q7wqaki1l\2026\fixture.json,,,
3f3zmf43v484kpnjygif1aeqc,2026-08-29,2026-08-29Z,,Deportivo Armenio,Villa San Carlos,,,Estadio Armenia,,7,2026-04-06T13:01:02Z,epr9s9zih7yd5dygat10o64us,Prim B Metro,66nxwll8fur0rtp9q7wqaki1l,Argentina,South America,2026,data\south_america\argentina\prim_b_metro\66nxwll8fur0rtp9q7wqaki1l\2026\fixture.json,,,
3emf94v9dkc3vsus3lies2k2c,2026-08-29,2026-08-29Z,,Flandria,San Martín Burzaco,,,Estadio Carlos V,,7,2026-04-11T23:46:12Z,epr9s9zih7yd5dygat10o64us,Prim B Metro,66nxwll8fur0rtp9q7wqaki1l,Argentina,South America,2026,data\south_america\argentina\prim_b_metro\66nxwll8fur0rtp9q7wqaki1l\2026\fixture.json,,,
3e4tfct5wph3nd2omwjctklck,2026-08-29,2026-08-29Z,,Argentino Quilmes,Sportivo Italiano,,,Estadio de Argentino de Quilmes,,7,2026-04-06T02:09:49Z,epr9s9zih7yd5dygat10o64us,Prim B Metro,66nxwll8fur0rtp9q7wqaki1l,Argentina,South America,2026,data\south_america\argentina\prim_b_metro\66nxwll8fur0rtp9q7wqaki1l\2026\fixture.json,,,
3dncwb6w62him115auayt0vtg,2026-08-29,2026-08-29Z,,Defensores Unidos,Deportivo Camioneros,,,Estadio Gigante de Villa Fox,,7,2026-04-05T22:33:49Z,epr9s9zih7yd5dygat10o64us,Prim B Metro,66nxwll8fur0rtp9q7wqaki1l,Argentina,South America,2026,data\south_america\argentina\prim_b_metro\66nxwll8fur0rtp9q7wqaki1l\2026\fixture.json,,,
3d5x08lbx0tazizq7s4nbyxp0,2026-08-29,2026-08-29Z,,Comunicaciones,Deportivo Merlo,,,Estadio Alfredo Ramos,,7,2026-04-07T02:07:10Z,epr9s9zih7yd5dygat10o64us,Prim B Metro,66nxwll8fur0rtp9q7wqaki1l,Argentina,South America,2026,data\south_america\argentina\prim_b_metro\66nxwll8fur0rtp9q7wqaki1l\2026\fixture.json,,,
3codfgv7ds2egvbu5rzmr9hxw,2026-08-29,2026-08-29Z,,Ituzaingó,Dock Sud,,,Estadio de Ituzaingó,,7,2026-04-06T23:43:43Z,epr9s9zih7yd5dygat10o64us,Prim B Metro,66nxwll8fur0rtp9q7wqaki1l,Argentina,South America,2026,data\south_america\argentina\prim_b_metro\66nxwll8fur0rtp9q7wqaki1l\2026\fixture.json,,,
3c6r488098p7zvz56rfq00lqs,2026-08-25,2026-08-25Z,,Deportivo Merlo,Dock Sud,,,Estadio José Manuel Moreno,,7,2026-04-07T02:07:10Z,epr9s9zih7yd5dygat10o64us,Prim B Metro,66nxwll8fur0rtp9q7wqaki1l,Argentina,South America,2026,data\south_america\argentina\prim_b_metro\66nxwll8fur0rtp9q7wqaki1l\2026\fixture.json,,,
3bnjbonf8wepakexqeghu7qxg,2026-08-25,2026-08-25Z,,Deportivo Camioneros,Comunicaciones,,,Estadio Hugo Moyano,,7,2026-03-31T17:25:30Z,epr9s9zih7yd5dygat10o64us,Prim B Metro,66nxwll8fur0rtp9q7wqaki1l,Argentina,South America,2026,data\south_america\argentina\prim_b_metro\66nxwll8fur0rtp9q7wqaki1l\2026\fixture.json,,,
3b69iesmnbx5pu6u9cxwrh6hg,2026-08-25,2026-08-25Z,,Sportivo Italiano,Defensores Unidos,,,Estadio República de Italia,,7,2026-04-05T22:33:49Z,epr9s9zih7yd5dygat10o64us,Prim B Metro,66nxwll8fur0rtp9q7wqaki1l,Argentina,South America,2026,data\south_america\argentina\prim_b_metro\66nxwll8fur0rtp9q7wqaki1l\2026\fixture.json,,,
3aozmaqhrcl3b76p5a9xwlp1w,2026-08-25,2026-08-25Z,,San Martín Burzaco,Argentino Quilmes,,,Estadio Francisco Boga,,7,2026-04-06T02:09:49Z,epr9s9zih7yd5dygat10o64us,Prim B Metro,66nxwll8fur0rtp9q7wqaki1l,Argentina,South America,2026,data\south_america\argentina\prim_b_metro\66nxwll8fur0rtp9q7wqaki1l\2026\fixture.json,,,
3a7nofpz57u7zrvb6kfrsrztg,2026-08-25,2026-08-25Z,,Villa San Carlos,Flandria,,,Estadio Genancio Sálice,,7,2026-04-11T23:46:12Z,epr9s9zih7yd5dygat10o64us,Prim B Metro,66nxwll8fur0rtp9q7wqaki1l,Argentina,South America,2026,data\south_america\argentina\prim_b_metro\66nxwll8fur0rtp9q7wqaki1l\2026\fixture.json,,,
39p3ltcaf21fkem4fypauentg,2026-08-25,2026-08-25Z,,Liniers,Deportivo Armenio,,,Estadio Juan Antonio Arias,,7,2026-04-06T13:01:02Z,epr9s9zih7yd5dygat10o64us,Prim B Metro,66nxwll8fur0rtp9q7wqaki1l,Argentina,South America,2026,data\south_america\argentina\prim_b_metro\66nxwll8fur0rtp9q7wqaki1l\2026\fixture.json,,,
397naxyizwmb0hkomk59z3rpw,2026-08-25,2026-08-25Z,,Real Pilar,Brown de Adrogué,,,Estadio Municipal de Pilar,,7,2026-03-31T17:25:31Z,epr9s9zih7yd5dygat10o64us,Prim B Metro,66nxwll8fur0rtp9q7wqaki1l,Argentina,South America,2026,data\south_america\argentina\prim_b_metro\66nxwll8fur0rtp9q7wqaki1l\2026\fixture.json,,,
38qebwxe5bcuou8ka8ha4t79w,2026-08-25,2026-08-25Z,,UAI Urquiza,Deportivo Laferrere,,,Estadio Monumental de Villa Lynch,,7,2026-04-06T01:54:34Z,epr9s9zih7yd5dygat10o64us,Prim B Metro,66nxwll8fur0rtp9q7wqaki1l,Argentina,South America,2026,data\south_america\argentina\prim_b_metro\66nxwll8fur0rtp9q7wqaki1l\2026\fixture.json,,,
3891dyhrxi7agct37ilv4opas,2026-08-25,2026-08-25Z,,Villa Dálmine,Talleres Remedios,,,Estadio El Coliseo de Mitre y Puccini,,7,2026-03-31T17:25:31Z,epr9s9zih7yd5dygat10o64us,Prim B Metro,66nxwll8fur0rtp9q7wqaki1l,Argentina,South America,2026,data\south_america\argentina\prim_b_metro\66nxwll8fur0rtp9q7wqaki1l\2026\fixture.json,,,
37rqxaokz26r8yrg50hbymvbo,2026-08-25,2026-08-25Z,,Excursionistas,Argentino Merlo,,,Estadio de Excursionistas,,7,2026-04-06T01:57:17Z,epr9s9zih7yd5dygat10o64us,Prim B Metro,66nxwll8fur0rtp9q7wqaki1l,Argentina,South America,2026,data\south_america\argentina\prim_b_metro\66nxwll8fur0rtp9q7wqaki1l\2026\fixture.json,,,
379x5o8vtoqy83vjj7848kyz8,2026-08-25,2026-08-25Z,,Arsenal,Ituzaingó,,,Estadio Julio Humberto Grondona,,7,2026-03-31T17:25:30Z,epr9s9zih7yd5dygat10o64us,Prim B Metro,66nxwll8fur0rtp9q7wqaki1l,Argentina,South America,2026,data\south_america\argentina\prim_b_metro\66nxwll8fur0rtp9q7wqaki1l\2026\fixture.json,,,
36qfp793yb7s1s3t2mrspnrx0,2026-08-22,2026-08-22Z,,Argentino Merlo,Arsenal,,,Estadio Juan Carlos Brieva,,7,2026-03-31T17:25:28Z,epr9s9zih7yd5dygat10o64us,Prim B Metro,66nxwll8fur0rtp9q7wqaki1l,Argentina,South America,2026,data\south_america\argentina\prim_b_metro\66nxwll8fur0rtp9q7wqaki1l\2026\fixture.json,,,
368q4349tixnokagicw9d86xg,2026-08-22,2026-08-22Z,,Talleres Remedios,Excursionistas,,,Estadio Pablo Comelli,,7,2026-04-06T01:57:17Z,epr9s9zih7yd5dygat10o64us,Prim B Metro,66nxwll8fur0rtp9q7wqaki1l,Argentina,South America,2026,data\south_america\argentina\prim_b_metro\66nxwll8fur0rtp9q7wqaki1l\2026\fixture.json,,,
35qxt8qixlev1abfagqgr2p04,2026-08-22,2026-08-22Z,,Deportivo Laferrere,Villa Dálmine,,,Estadio Deportivo Laferrere,,7,2026-04-06T01:54:34Z,epr9s9zih7yd5dygat10o64us,Prim B Metro,66nxwll8fur0rtp9q7wqaki1l,Argentina,South America,2026,data\south_america\argentina\prim_b_metro\66nxwll8fur0rtp9q7wqaki1l\2026\fixture.json,,,
359i0eumsbldf9skv84q1v8k4,2026-08-22,2026-08-22Z,,Brown de Adrogué,UAI Urquiza,,,Estadio Lorenzo Arandilla,,7,2026-03-31T17:25:28Z,epr9s9zih7yd5dygat10o64us,Prim B Metro,66nxwll8fur0rtp9q7wqaki1l,Argentina,South America,2026,data\south_america\argentina\prim_b_metro\66nxwll8fur0rtp9q7wqaki1l\2026\fixture.json,,,
34s2minlx9e3n2p2wjej65wk4,2026-08-22,2026-08-22Z,,Deportivo Armenio,Real Pilar,,,Estadio Armenia,,7,2026-04-06T13:01:02Z,epr9s9zih7yd5dygat10o64us,Prim B Metro,66nxwll8fur0rtp9q7wqaki1l,Argentina,South America,2026,data\south_america\argentina\prim_b_metro\66nxwll8fur0rtp9q7wqaki1l\2026\fixture.json,,,
34ap1p1jp5rxb0zkhun6nj02c,2026-08-22,2026-08-22Z,,Flandria,Liniers,,,Estadio Carlos V,,7,2026-04-11T23:46:12Z,epr9s9zih7yd5dygat10o64us,Prim B Metro,66nxwll8fur0rtp9q7wqaki1l,Argentina,South America,2026,data\south_america\argentina\prim_b_metro\66nxwll8fur0rtp9q7wqaki1l\2026\fixture.json,,,
33td6eue75ce1yoh1f3e1fsb8,2026-08-22,2026-08-22Z,,Argentino Quilmes,Villa San Carlos,,,Estadio de Argentino de Quilmes,,7,2026-04-06T02:09:49Z,epr9s9zih7yd5dygat10o64us,Prim B Metro,66nxwll8fur0rtp9q7wqaki1l,Argentina,South America,2026,data\south_america\argentina\prim_b_metro\66nxwll8fur0rtp9q7wqaki1l\2026\fixture.json,,,
33a9wlji9dn4vc6junl65rpck,2026-08-22,2026-08-22Z,,Defensores Unidos,San Martín Burzaco,,,Estadio Gigante de Villa Fox,,7,2026-04-05T22:33:49Z,epr9s9zih7yd5dygat10o64us,Prim B Metro,66nxwll8fur0rtp9q7wqaki1l,Argentina,South America,2026,data\south_america\argentina\prim_b_metro\66nxwll8fur0rtp9q7wqaki1l\2026\fixture.json,,,
32r6vv4d85rsbxcezbpi5ozdg,2026-08-22,2026-08-22Z,,Comunicaciones,Sportivo Italiano,,,Estadio Alfredo Ramos,,7,2026-03-31T17:25:29Z,epr9s9zih7yd5dygat10o64us,Prim B Metro,66nxwll8fur0rtp9q7wqaki1l,Argentina,South America,2026,data\south_america\argentina\prim_b_metro\66nxwll8fur0rtp9q7wqaki1l\2026\fixture.json,,,
329m633cgepkz5p9fzmh5gb9w,2026-08-22,2026-08-22Z,,Dock Sud,Deportivo Camioneros,,,Estadio de los Inmigrantes,,7,2026-04-06T23:43:43Z,epr9s9zih7yd5dygat10o64us,Prim B Metro,66nxwll8fur0rtp9q7wqaki1l,Argentina,South America,2026,data\south_america\argentina\prim_b_metro\66nxwll8fur0rtp9q7wqaki1l\2026\fixture.json,,,
31qc00ln60suaycr2k9asa3v8,2026-08-22,2026-08-22Z,,Ituzaingó,Deportivo Merlo,,,Estadio de Ituzaingó,,7,2026-04-07T02:07:10Z,epr9s9zih7yd5dygat10o64us,Prim B Metro,66nxwll8fur0rtp9q7wqaki1l,Argentina,South America,2026,data\south_america\argentina\prim_b_metro\66nxwll8fur0rtp9q7wqaki1l\2026\fixture.json,,,
318uq5p6mxqkl286gbtt8vqxg,2026-08-15,2026-08-15Z,,Deportivo Camioneros,Deportivo Merlo,,,Estadio Hugo Moyano,,7,2026-04-07T02:07:10Z,epr9s9zih7yd5dygat10o64us,Prim B Metro,66nxwll8fur0rtp9q7wqaki1l,Argentina,South America,2026,data\south_america\argentina\prim_b_metro\66nxwll8fur0rtp9q7wqaki1l\2026\fixture.json,,,
30rid2bqej81kigzxav1ctpg4,2026-08-15,2026-08-15Z,,Sportivo Italiano,Dock Sud,,,Estadio República de Italia,,7,2026-04-06T23:43:43Z,epr9s9zih7yd5dygat10o64us,Prim B Metro,66nxwll8fur0rtp9q7wqaki1l,Argentina,South America,2026,data\south_america\argentina\prim_b_metro\66nxwll8fur0rtp9q7wqaki1l\2026\fixture.json,,,
30a0qpus47lape1hsfevcghsk,2026-08-15,2026-08-15Z,,San Martín Burzaco,Comunicaciones,,,Estadio Francisco Boga,,7,2026-03-31T17:25:28Z,epr9s9zih7yd5dygat10o64us,Prim B Metro,66nxwll8fur0rtp9q7wqaki1l,Argentina,South America,2026,data\south_america\argentina\prim_b_metro\66nxwll8fur0rtp9q7wqaki1l\2026\fixture.json,,,
2zsvj8kww5gh526sdqzmy29ec,2026-08-15,2026-08-15Z,,Villa San Carlos,Defensores Unidos,,,Estadio Genancio Sálice,,7,2026-04-05T22:33:49Z,epr9s9zih7yd5dygat10o64us,Prim B Metro,66nxwll8fur0rtp9q7wqaki1l,Argentina,South America,2026,data\south_america\argentina\prim_b_metro\66nxwll8fur0rtp9q7wqaki1l\2026\fixture.json,,,
2zbi5f6586m4d31xk73gjx79w,2026-08-15,2026-08-15Z,,Liniers,Argentino Quilmes,,,Estadio Juan Antonio Arias,,7,2026-04-06T02:12:44Z,epr9s9zih7yd5dygat10o64us,Prim B Metro,66nxwll8fur0rtp9q7wqaki1l,Argentina,South America,2026,data\south_america\argentina\prim_b_metro\66nxwll8fur0rtp9q7wqaki1l\2026\fixture.json,,,
2yu44xu3glt92u0ax2iy54iz8,2026-08-15,2026-08-15Z,,Real Pilar,Flandria,,,Estadio Municipal de Pilar,,7,2026-04-11T23:46:12Z,epr9s9zih7yd5dygat10o64us,Prim B Metro,66nxwll8fur0rtp9q7wqaki1l,Argentina,South America,2026,data\south_america\argentina\prim_b_metro\66nxwll8fur0rtp9q7wqaki1l\2026\fixture.json,,,
2ycsd6dmtjkr5olvqplrfg4k4,2026-08-15,2026-08-15Z,,UAI Urquiza,Deportivo Armenio,,,Estadio Monumental de Villa Lynch,,7,2026-04-06T13:01:02Z,epr9s9zih7yd5dygat10o64us,Prim B Metro,66nxwll8fur0rtp9q7wqaki1l,Argentina,South America,2026,data\south_america\argentina\prim_b_metro\66nxwll8fur0rtp9q7wqaki1l\2026\fixture.json,,,
2xvg8ed1jp3p1ktkmdvjdy1p0,2026-08-15,2026-08-15Z,,Villa Dálmine,Brown de Adrogué,,,Estadio El Coliseo de Mitre y Puccini,,7,2026-03-31T17:25:28Z,epr9s9zih7yd5dygat10o64us,Prim B Metro,66nxwll8fur0rtp9q7wqaki1l,Argentina,South America,2026,data\south_america\argentina\prim_b_metro\66nxwll8fur0rtp9q7wqaki1l\2026\fixture.json,,,
2xdskzvmghko8reqj0vx3ayvo,2026-08-15,2026-08-15Z,,Excursionistas,Deportivo Laferrere,,,Estadio de Excursionistas,,7,2026-04-06T01:57:17Z,epr9s9zih7yd5dygat10o64us,Prim B Metro,66nxwll8fur0rtp9q7wqaki1l,Argentina,South America,2026,data\south_america\argentina\prim_b_metro\66nxwll8fur0rtp9q7wqaki1l\2026\fixture.json,,,
2wwd4t3xrg03898hu4zq4hfro,2026-08-15,2026-08-15Z,,Arsenal,Talleres Remedios,,,Estadio Julio Humberto Grondona,,7,2026-03-31T17:25:27Z,epr9s9zih7yd5dygat10o64us,Prim B Metro,66nxwll8fur0rtp9q7wqaki1l,Argentina,South America,2026,data\south_america\argentina\prim_b_metro\66nxwll8fur0rtp9q7wqaki1l\2026\fixture.json,,,
2wd48vhgb00rxr6l5ftls1m38,2026-08-15,2026-08-15Z,,Argentino Merlo,Ituzaingó,,,Estadio Juan Carlos Brieva,,7,2026-03-31T17:25:27Z,epr9s9zih7yd5dygat10o64us,Prim B Metro,66nxwll8fur0rtp9q7wqaki1l,Argentina,South America,2026,data\south_america\argentina\prim_b_metro\66nxwll8fur0rtp9q7wqaki1l\2026\fixture.json,,,
2vvw551kfipvg0cwmnikluqdw,2026-08-08,2026-08-08Z,,Talleres Remedios,Argentino Merlo,,,Estadio Pablo Comelli,,7,2026-03-31T17:25:27Z,epr9s9zih7yd5dygat10o64us,Prim B Metro,66nxwll8fur0rtp9q7wqaki1l,Argentina,South America,2026,data\south_america\argentina\prim_b_metro\66nxwll8fur0rtp9q7wqaki1l\2026\fixture.json,,,
2vbjzt0gbxbe4ip6uci0va1p0,2026-08-08,2026-08-08Z,,Deportivo Laferrere,Arsenal,,,Estadio Deportivo Laferrere,,7,2026-04-06T01:54:34Z,epr9s9zih7yd5dygat10o64us,Prim B Metro,66nxwll8fur0rtp9q7wqaki1l,Argentina,South America,2026,data\south_america\argentina\prim_b_metro\66nxwll8fur0rtp9q7wqaki1l\2026\fixture.json,,,
2uso3hsyfuma1h6aii3c7wavo,2026-08-08,2026-08-08Z,,Brown de Adrogué,Excursionistas,,,Estadio Lorenzo Arandilla,,7,2026-04-06T01:57:17Z,epr9s9zih7yd5dygat10o64us,Prim B Metro,66nxwll8fur0rtp9q7wqaki1l,Argentina,South America,2026,data\south_america\argentina\prim_b_metro\66nxwll8fur0rtp9q7wqaki1l\2026\fixture.json,,,
2u9ncjvpv4glihrmg3mqgtedw,2026-08-08,2026-08-08Z,,Deportivo Armenio,Villa Dálmine,,,Estadio Armenia,,7,2026-04-06T13:01:02Z,epr9s9zih7yd5dygat10o64us,Prim B Metro,66nxwll8fur0rtp9q7wqaki1l,Argentina,South America,2026,data\south_america\argentina\prim_b_metro\66nxwll8fur0rtp9q7wqaki1l\2026\fixture.json,,,
2tom4kc2yeihx3vn9ioz66fis,2026-08-08,2026-08-08Z,,Flandria,UAI Urquiza,,,Estadio Carlos V,,7,2026-04-11T23:46:12Z,epr9s9zih7yd5dygat10o64us,Prim B Metro,66nxwll8fur0rtp9q7wqaki1l,Argentina,South America,2026,data\south_america\argentina\prim_b_metro\66nxwll8fur0rtp9q7wqaki1l\2026\fixture.json,,,
2sw9fvc7y71v3cbo4jfdstpg4,2026-08-08,2026-08-08Z,,Argentino Quilmes,Real Pilar,,,Estadio de Argentino de Quilmes,,7,2026-04-06T02:09:49Z,epr9s9zih7yd5dygat10o64us,Prim B Metro,66nxwll8fur0rtp9q7wqaki1l,Argentina,South America,2026,data\south_america\argentina\prim_b_metro\66nxwll8fur0rtp9q7wqaki1l\2026\fixture.json,,,
2s3hvbma0cb4u8weokrpi9hck,2026-08-08,2026-08-08Z,,Defensores Unidos,Liniers,,,Estadio Gigante de Villa Fox,,7,2026-04-06T02:12:44Z,epr9s9zih7yd5dygat10o64us,Prim B Metro,66nxwll8fur0rtp9q7wqaki1l,Argentina,South America,2026,data\south_america\argentina\prim_b_metro\66nxwll8fur0rtp9q7wqaki1l\2026\fixture.json,,,
2r8vnn6fv514zyz6rktbeo178,2026-08-08,2026-08-08Z,,Comunicaciones,Villa San Carlos,,,Estadio Alfredo Ramos,,7,2026-03-31T17:25:25Z,epr9s9zih7yd5dygat10o64us,Prim B Metro,66nxwll8fur0rtp9q7wqaki1l,Argentina,South America,2026,data\south_america\argentina\prim_b_metro\66nxwll8fur0rtp9q7wqaki1l\2026\fixture.json,,,
2q7dphbfd9eogvhnqf4x95kwk,2026-08-08,2026-08-08Z,,Dock Sud,San Martín Burzaco,,,Estadio de los Inmigrantes,,7,2026-04-06T23:43:43Z,epr9s9zih7yd5dygat10o64us,Prim B Metro,66nxwll8fur0rtp9q7wqaki1l,Argentina,South America,2026,data\south_america\argentina\prim_b_metro\66nxwll8fur0rtp9q7wqaki1l\2026\fixture.json,,,
2p292g2to8jib5p9rhjobcpas,2026-08-08,2026-08-08Z,,Deportivo Merlo,Sportivo Italiano,,,Estadio José Manuel Moreno,,7,2026-04-07T02:07:10Z,epr9s9zih7yd5dygat10o64us,Prim B Metro,66nxwll8fur0rtp9q7wqaki1l,Argentina,South America,2026,data\south_america\argentina\prim_b_metro\66nxwll8fur0rtp9q7wqaki1l\2026\fixture.json,,,
2nzioaxy0scc8vl34ivam04r8,2026-08-08,2026-08-08Z,,Ituzaingó,Deportivo Camioneros,,,Estadio de Ituzaingó,,7,2026-03-31T17:25:26Z,epr9s9zih7yd5dygat10o64us,Prim B Metro,66nxwll8fur0rtp9q7wqaki1l,Argentina,South America,2026,data\south_america\argentina\prim_b_metro\66nxwll8fur0rtp9q7wqaki1l\2026\fixture.json,,,
2nevdrigjz4nm7f9bxtkxtp90,2026-08-01,2026-08-01Z,,Sportivo Italiano,Deportivo Camioneros,,,Estadio República de Italia,,7,2026-03-31T17:48:30Z,epr9s9zih7yd5dygat10o64us,Prim B Metro,66nxwll8fur0rtp9q7wqaki1l,Argentina,South America,2026,data\south_america\argentina\prim_b_metro\66nxwll8fur0rtp9q7wqaki1l\2026\fixture.json,,,
2mrx9f8fjoto3bgyfkesee9lg,2026-08-01,2026-08-01Z,,San Martín Burzaco,Deportivo Merlo,,,Estadio Francisco Boga,,7,2026-04-07T02:07:10Z,epr9s9zih7yd5dygat10o64us,Prim B Metro,66nxwll8fur0rtp9q7wqaki1l,Argentina,South America,2026,data\south_america\argentina\prim_b_metro\66nxwll8fur0rtp9q7wqaki1l\2026\fixture.json,,,
2m70ost9l714m94c9nsrsk6j8,2026-08-01,2026-08-01Z,,Villa San Carlos,Dock Sud,,,Estadio Genancio Sálice,,7,2026-04-06T23:43:43Z,epr9s9zih7yd5dygat10o64us,Prim B Metro,66nxwll8fur0rtp9q7wqaki1l,Argentina,South America,2026,data\south_america\argentina\prim_b_metro\66nxwll8fur0rtp9q7wqaki1l\2026\fixture.json,,,
2lo6khkf03rtc1765nl6ydbmc,2026-08-01,2026-08-01Z,,Liniers,Comunicaciones,,,Estadio Juan Antonio Arias,,7,2026-04-06T02:12:44Z,epr9s9zih7yd5dygat10o64us,Prim B Metro,66nxwll8fur0rtp9q7wqaki1l,Argentina,South America,2026,data\south_america\argentina\prim_b_metro\66nxwll8fur0rtp9q7wqaki1l\2026\fixture.json,,,
2kybsxddrnmanncaua6wex53o,2026-08-01,2026-08-01Z,,Real Pilar,Defensores Unidos,,,Estadio Municipal de Pilar,,7,2026-04-05T22:33:49Z,epr9s9zih7yd5dygat10o64us,Prim B Metro,66nxwll8fur0rtp9q7wqaki1l,Argentina,South America,2026,data\south_america\argentina\prim_b_metro\66nxwll8fur0rtp9q7wqaki1l\2026\fixture.json,,,
2ker23ls86brodcjnt5boe590,2026-08-01,2026-08-01Z,,UAI Urquiza,Argentino Quilmes,,,Estadio Monumental de Villa Lynch,,7,2026-04-06T02:09:49Z,epr9s9zih7yd5dygat10o64us,Prim B Metro,66nxwll8fur0rtp9q7wqaki1l,Argentina,South America,2026,data\south_america\argentina\prim_b_metro\66nxwll8fur0rtp9q7wqaki1l\2026\fixture.json,,,
2jufvirsp11scfpgcrgxpsbh0,2026-08-01,2026-08-01Z,,Villa Dálmine,Flandria,,,Estadio El Coliseo de Mitre y Puccini,,7,2026-04-11T23:46:12Z,epr9s9zih7yd5dygat10o64us,Prim B Metro,66nxwll8fur0rtp9q7wqaki1l,Argentina,South America,2026,data\south_america\argentina\prim_b_metro\66nxwll8fur0rtp9q7wqaki1l\2026\fixture.json,,,
2j52izrx592snkwgw5w2qyyok,2026-08-01,2026-08-01Z,,Excursionistas,Deportivo Armenio,,,Estadio de Excursionistas,,7,2026-04-06T13:01:02Z,epr9s9zih7yd5dygat10o64us,Prim B Metro,66nxwll8fur0rtp9q7wqaki1l,Argentina,South America,2026,data\south_america\argentina\prim_b_metro\66nxwll8fur0rtp9q7wqaki1l\2026\fixture.json,,,
2ikdpyu9q69yn08h150pj6ej8,2026-08-01,2026-08-01Z,,Arsenal,Brown de Adrogué,,,Estadio Julio Humberto Grondona,,7,2026-03-31T17:25:24Z,epr9s9zih7yd5dygat10o64us,Prim B Metro,66nxwll8fur0rtp9q7wqaki1l,Argentina,South America,2026,data\south_america\argentina\prim_b_metro\66nxwll8fur0rtp9q7wqaki1l\2026\fixture.json,,,
2hz2yir535rnophh21n1gk7bo,2026-08-01,2026-08-01Z,,Argentino Merlo,Deportivo Laferrere,,,Estadio Juan Carlos Brieva,,7,2026-04-06T01:54:34Z,epr9s9zih7yd5dygat10o64us,Prim B Metro,66nxwll8fur0rtp9q7wqaki1l,Argentina,South America,2026,data\south_america\argentina\prim_b_metro\66nxwll8fur0rtp9q7wqaki1l\2026\fixture.json,,,
2hdq4x7awmucn1op7inz5a7mc,2026-08-01,2026-08-01Z,,Talleres Remedios,Ituzaingó,,,Estadio Pablo Comelli,,7,2026-03-31T17:25:24Z,epr9s9zih7yd5dygat10o64us,Prim B Metro,66nxwll8fur0rtp9q7wqaki1l,Argentina,South America,2026,data\south_america\argentina\prim_b_metro\66nxwll8fur0rtp9q7wqaki1l\2026\fixture.json,,,
2guqf3eciwta0tbc4rfabvz10,2026-07-25,2026-07-25Z,,Deportivo Laferrere,Talleres Remedios,,,Estadio Deportivo Laferrere,,7,2026-04-06T01:54:34Z,epr9s9zih7yd5dygat10o64us,Prim B Metro,66nxwll8fur0rtp9q7wqaki1l,Argentina,South America,2026,data\south_america\argentina\prim_b_metro\66nxwll8fur0rtp9q7wqaki1l\2026\fixture.json,,,
2gafixgeel1oqyw1m20735hck,2026-07-25,2026-07-25Z,,Brown de Adrogué,Argentino Merlo,,,Estadio Lorenzo Arandilla,,7,2026-03-31T17:25:22Z,epr9s9zih7yd5dygat10o64us,Prim B Metro,66nxwll8fur0rtp9q7wqaki1l,Argentina,South America,2026,data\south_america\argentina\prim_b_metro\66nxwll8fur0rtp9q7wqaki1l\2026\fixture.json,,,
2frw147qx6gjvwg3ymlaqcxec,2026-07-25,2026-07-25Z,,Deportivo Armenio,Arsenal,,,Estadio Armenia,,7,2026-04-06T13:01:02Z,epr9s9zih7yd5dygat10o64us,Prim B Metro,66nxwll8fur0rtp9q7wqaki1l,Argentina,South America,2026,data\south_america\argentina\prim_b_metro\66nxwll8fur0rtp9q7wqaki1l\2026\fixture.json,,,
2f99kpybslprrcprhvqjubqqc,2026-07-25,2026-07-25Z,,Flandria,Excursionistas,,,Estadio Carlos V,,7,2026-04-11T23:46:12Z,epr9s9zih7yd5dygat10o64us,Prim B Metro,66nxwll8fur0rtp9q7wqaki1l,Argentina,South America,2026,data\south_america\argentina\prim_b_metro\66nxwll8fur0rtp9q7wqaki1l\2026\fixture.json,,,
2emyvba2kfwd9lg4sx04p5yc4,2026-07-25,2026-07-25Z,,Argentino Quilmes,Villa Dálmine,,,Estadio de Argentino de Quilmes,,7,2026-04-06T02:09:49Z,epr9s9zih7yd5dygat10o64us,Prim B Metro,66nxwll8fur0rtp9q7wqaki1l,Argentina,South America,2026,data\south_america\argentina\prim_b_metro\66nxwll8fur0rtp9q7wqaki1l\2026\fixture.json,,,
2e2syn0j0y2kp3wqxkynkvdhw,2026-07-25,2026-07-25Z,,Defensores Unidos,UAI Urquiza,,,Estadio Gigante de Villa Fox,,7,2026-04-05T22:33:49Z,epr9s9zih7yd5dygat10o64us,Prim B Metro,66nxwll8fur0rtp9q7wqaki1l,Argentina,South America,2026,data\south_america\argentina\prim_b_metro\66nxwll8fur0rtp9q7wqaki1l\2026\fixture.json,,,
2dejrxzc7z9e7cy7ih2oarpxw,2026-07-25,2026-07-25Z,,Comunicaciones,Real Pilar,,,Estadio Alfredo Ramos,,7,2026-03-31T17:25:22Z,epr9s9zih7yd5dygat10o64us,Prim B Metro,66nxwll8fur0rtp9q7wqaki1l,Argentina,South America,2026,data\south_america\argentina\prim_b_metro\66nxwll8fur0rtp9q7wqaki1l\2026\fixture.json,,,
2cprvbcvyejtlly9n4s7e9gk4,2026-07-25,2026-07-25Z,,Dock Sud,Liniers,,,Estadio de los Inmigrantes,,7,2026-04-06T23:43:43Z,epr9s9zih7yd5dygat10o64us,Prim B Metro,66nxwll8fur0rtp9q7wqaki1l,Argentina,South America,2026,data\south_america\argentina\prim_b_metro\66nxwll8fur0rtp9q7wqaki1l\2026\fixture.json,,,
2c8enaeqviuzbcn16if9vfk0k,2026-07-25,2026-07-25Z,,Deportivo Merlo,Villa San Carlos,,,Estadio José Manuel Moreno,,7,2026-04-07T02:07:10Z,epr9s9zih7yd5dygat10o64us,Prim B Metro,66nxwll8fur0rtp9q7wqaki1l,Argentina,South America,2026,data\south_america\argentina\prim_b_metro\66nxwll8fur0rtp9q7wqaki1l\2026\fixture.json,,,
2bq9in51n481jgnurvcztsydw,2026-07-25,2026-07-25Z,,Deportivo Camioneros,San Martín Burzaco,,,Estadio Hugo Moyano,,7,2026-03-31T17:25:23Z,epr9s9zih7yd5dygat10o64us,Prim B Metro,66nxwll8fur0rtp9q7wqaki1l,Argentina,South America,2026,data\south_america\argentina\prim_b_metro\66nxwll8fur0rtp9q7wqaki1l\2026\fixture.json,,,
2b8kddcbdltl5uxjgxb7181ec,2026-07-25,2026-07-25Z,,Ituzaingó,Sportivo Italiano,,,Estadio de Ituzaingó,,7,2026-03-31T17:25:23Z,epr9s9zih7yd5dygat10o64us,Prim B Metro,66nxwll8fur0rtp9q7wqaki1l,Argentina,South America,2026,data\south_america\argentina\prim_b_metro\66nxwll8fur0rtp9q7wqaki1l\2026\fixture.json,,,
2ao3owbhv47xmgxk8ec3qr1g4,2026-07-18,2026-07-18Z,,San Martín Burzaco,Sportivo Italiano,,,Estadio Francisco Boga,,7,2026-03-31T17:43:38Z,epr9s9zih7yd5dygat10o64us,Prim B Metro,66nxwll8fur0rtp9q7wqaki1l,Argentina,South America,2026,data\south_america\argentina\prim_b_metro\66nxwll8fur0rtp9q7wqaki1l\2026\fixture.json,,,
2a4se225eo48t77qv1mk486c4,2026-07-18,2026-07-18Z,,Villa San Carlos,Deportivo Camioneros,,,Estadio Genancio Sálice,,7,2026-03-31T17:43:38Z,epr9s9zih7yd5dygat10o64us,Prim B Metro,66nxwll8fur0rtp9q7wqaki1l,Argentina,South America,2026,data\south_america\argentina\prim_b_metro\66nxwll8fur0rtp9q7wqaki1l\2026\fixture.json,,,
29mr9soj3xps868d28rlxuqdw,2026-07-18,2026-07-18Z,,Liniers,Deportivo Merlo,,,Estadio Juan Antonio Arias,,7,2026-04-07T02:07:10Z,epr9s9zih7yd5dygat10o64us,Prim B Metro,66nxwll8fur0rtp9q7wqaki1l,Argentina,South America,2026,data\south_america\argentina\prim_b_metro\66nxwll8fur0rtp9q7wqaki1l\2026\fixture.json,,,
292u2ck6lofisrqx6dg4x7bbo,2026-07-18,2026-07-18Z,,Real Pilar,Dock Sud,,,Estadio Municipal de Pilar,,7,2026-04-06T23:43:43Z,epr9s9zih7yd5dygat10o64us,Prim B Metro,66nxwll8fur0rtp9q7wqaki1l,Argentina,South America,2026,data\south_america\argentina\prim_b_metro\66nxwll8fur0rtp9q7wqaki1l\2026\fixture.json,,,
28kt8yxfbp6g5ansyvzfj0e1g,2026-07-18,2026-07-18Z,,UAI Urquiza,Comunicaciones,,,Estadio Monumental de Villa Lynch,,7,2026-03-31T17:43:38Z,epr9s9zih7yd5dygat10o64us,Prim B Metro,66nxwll8fur0rtp9q7wqaki1l,Argentina,South America,2026,data\south_america\argentina\prim_b_metro\66nxwll8fur0rtp9q7wqaki1l\2026\fixture.json,,,
27zzjymp4tffq0xoew8dj2syc,2026-07-18,2026-07-18Z,,Villa Dálmine,Defensores Unidos,,,Estadio El Coliseo de Mitre y Puccini,,7,2026-04-05T22:33:49Z,epr9s9zih7yd5dygat10o64us,Prim B Metro,66nxwll8fur0rtp9q7wqaki1l,Argentina,South America,2026,data\south_america\argentina\prim_b_metro\66nxwll8fur0rtp9q7wqaki1l\2026\fixture.json,,,
27iuex1udt4xt14hmgjbx3wus,2026-07-18,2026-07-18Z,,Excursionistas,Argentino Quilmes,,,Estadio de Excursionistas,,7,2026-04-06T02:09:49Z,epr9s9zih7yd5dygat10o64us,Prim B Metro,66nxwll8fur0rtp9q7wqaki1l,Argentina,South America,2026,data\south_america\argentina\prim_b_metro\66nxwll8fur0rtp9q7wqaki1l\2026\fixture.json,,,
270u2jd1ojcr19gya5kvjep78,2026-07-18,2026-07-18Z,,Arsenal,Flandria,,,Estadio Julio Humberto Grondona,,7,2026-04-11T23:46:12Z,epr9s9zih7yd5dygat10o64us,Prim B Metro,66nxwll8fur0rtp9q7wqaki1l,Argentina,South America,2026,data\south_america\argentina\prim_b_metro\66nxwll8fur0rtp9q7wqaki1l\2026\fixture.json,,,
26j9nqhscx39w2d8xhxjs7z84,2026-07-18,2026-07-18Z,,Argentino Merlo,Deportivo Armenio,,,Estadio Juan Carlos Brieva,,7,2026-04-06T13:01:02Z,epr9s9zih7yd5dygat10o64us,Prim B Metro,66nxwll8fur0rtp9q7wqaki1l,Argentina,South America,2026,data\south_america\argentina\prim_b_metro\66nxwll8fur0rtp9q7wqaki1l\2026\fixture.json,,,
261m5e0ijlxvfbsd3ievq4h78,2026-07-18,2026-07-18Z,,Talleres Remedios,Brown de Adrogué,,,Estadio Pablo Comelli,,7,2026-03-31T17:43:38Z,epr9s9zih7yd5dygat10o64us,Prim B Metro,66nxwll8fur0rtp9q7wqaki1l,Argentina,South America,2026,data\south_america\argentina\prim_b_metro\66nxwll8fur0rtp9q7wqaki1l\2026\fixture.json,,,
25kei0wdey6pyx4o9dpxyn384,2026-07-18,2026-07-18Z,,Deportivo Laferrere,Ituzaingó,,,Estadio Deportivo Laferrere,,7,2026-04-06T01:54:34Z,epr9s9zih7yd5dygat10o64us,Prim B Metro,66nxwll8fur0rtp9q7wqaki1l,Argentina,South America,2026,data\south_america\argentina\prim_b_metro\66nxwll8fur0rtp9q7wqaki1l\2026\fixture.json,,,
2534bawpqffvfj2x0enf63g2c,2026-07-14,2026-07-14Z,,Brown de Adrogué,Deportivo Laferrere,,,Estadio Lorenzo Arandilla,,7,2026-04-06T01:54:34Z,epr9s9zih7yd5dygat10o64us,Prim B Metro,66nxwll8fur0rtp9q7wqaki1l,Argentina,South America,2026,data\south_america\argentina\prim_b_metro\66nxwll8fur0rtp9q7wqaki1l\2026\fixture.json,,,
24lpnm8dxrszk0ynsphjboefo,2026-07-14,2026-07-14Z,,Deportivo Armenio,Talleres Remedios,,,Estadio Armenia,,7,2026-04-06T13:01:02Z,epr9s9zih7yd5dygat10o64us,Prim B Metro,66nxwll8fur0rtp9q7wqaki1l,Argentina,South America,2026,data\south_america\argentina\prim_b_metro\66nxwll8fur0rtp9q7wqaki1l\2026\fixture.json,,,
243sww7nblqv97sa9x4srmz2s,2026-07-14,2026-07-14Z,,Flandria,Argentino Merlo,,,Estadio Carlos V,,7,2026-04-11T23:46:12Z,epr9s9zih7yd5dygat10o64us,Prim B Metro,66nxwll8fur0rtp9q7wqaki1l,Argentina,South America,2026,data\south_america\argentina\prim_b_metro\66nxwll8fur0rtp9q7wqaki1l\2026\fixture.json,,,
23m7ndg8440lgukotqflfn3tg,2026-07-14,2026-07-14Z,,Argentino Quilmes,Arsenal,,,Estadio de Argentino de Quilmes,,7,2026-04-06T02:09:49Z,epr9s9zih7yd5dygat10o64us,Prim B Metro,66nxwll8fur0rtp9q7wqaki1l,Argentina,South America,2026,data\south_america\argentina\prim_b_metro\66nxwll8fur0rtp9q7wqaki1l\2026\fixture.json,,,
232o71cq08u0wuah23hjh4cno,2026-07-14,2026-07-14Z,,Defensores Unidos,Excursionistas,,,Estadio Gigante de Villa Fox,,7,2026-04-06T01:57:17Z,epr9s9zih7yd5dygat10o64us,Prim B Metro,66nxwll8fur0rtp9q7wqaki1l,Argentina,South America,2026,data\south_america\argentina\prim_b_metro\66nxwll8fur0rtp9q7wqaki1l\2026\fixture.json,,,
22l5loxpk2cpuhoxsq188jqqc,2026-07-14,2026-07-14Z,,Comunicaciones,Villa Dálmine,,,Estadio Alfredo Ramos,,7,2026-03-31T17:25:20Z,epr9s9zih7yd5dygat10o64us,Prim B Metro,66nxwll8fur0rtp9q7wqaki1l,Argentina,South America,2026,data\south_america\argentina\prim_b_metro\66nxwll8fur0rtp9q7wqaki1l\2026\fixture.json,,,
223lhxkph5irlr2mexjct0kr8,2026-07-14,2026-07-14Z,,Dock Sud,UAI Urquiza,,,Estadio de los Inmigrantes,,7,2026-04-06T23:43:43Z,epr9s9zih7yd5dygat10o64us,Prim B Metro,66nxwll8fur0rtp9q7wqaki1l,Argentina,South America,2026,data\south_america\argentina\prim_b_metro\66nxwll8fur0rtp9q7wqaki1l\2026\fixture.json,,,
21m0qifyt5f7xjs3z9fufnsb8,2026-07-14,2026-07-14Z,,Deportivo Merlo,Real Pilar,,,Estadio José Manuel Moreno,,7,2026-04-07T02:07:10Z,epr9s9zih7yd5dygat10o64us,Prim B Metro,66nxwll8fur0rtp9q7wqaki1l,Argentina,South America,2026,data\south_america\argentina\prim_b_metro\66nxwll8fur0rtp9q7wqaki1l\2026\fixture.json,,,
213xcl1r43yz78pos2izvfrx0,2026-07-14,2026-07-14Z,,Deportivo Camioneros,Liniers,,,Estadio Hugo Moyano,,7,2026-04-06T02:12:44Z,epr9s9zih7yd5dygat10o64us,Prim B Metro,66nxwll8fur0rtp9q7wqaki1l,Argentina,South America,2026,data\south_america\argentina\prim_b_metro\66nxwll8fur0rtp9q7wqaki1l\2026\fixture.json,,,
20kx1nndoj6io122o7s0rsi6s,2026-07-14,2026-07-14Z,,Sportivo Italiano,Villa San Carlos,,,Estadio República de Italia,,7,2026-03-31T17:25:21Z,epr9s9zih7yd5dygat10o64us,Prim B Metro,66nxwll8fur0rtp9q7wqaki1l,Argentina,South America,2026,data\south_america\argentina\prim_b_metro\66nxwll8fur0rtp9q7wqaki1l\2026\fixture.json,,,
200rkm1f1pivgm5k85805dvkk,2026-07-14,2026-07-14Z,,Ituzaingó,San Martín Burzaco,,,Estadio de Ituzaingó,,7,2026-03-31T17:25:21Z,epr9s9zih7yd5dygat10o64us,Prim B Metro,66nxwll8fur0rtp9q7wqaki1l,Argentina,South America,2026,data\south_america\argentina\prim_b_metro\66nxwll8fur0rtp9q7wqaki1l\2026\fixture.json,,,
1zj3zfs5zwqd77vj2somv9dzo,2026-07-11,2026-07-11Z,,Villa San Carlos,San Martín Burzaco,,,Estadio Genancio Sálice,,7,2026-03-31T17:25:19Z,epr9s9zih7yd5dygat10o64us,Prim B Metro,66nxwll8fur0rtp9q7wqaki1l,Argentina,South America,2026,data\south_america\argentina\prim_b_metro\66nxwll8fur0rtp9q7wqaki1l\2026\fixture.json,,,
1z1fhac6e0q063nk2qbfljcb8,2026-07-11,2026-07-11Z,,Liniers,Sportivo Italiano,,,Estadio Juan Antonio Arias,,7,2026-04-06T02:12:44Z,epr9s9zih7yd5dygat10o64us,Prim B Metro,66nxwll8fur0rtp9q7wqaki1l,Argentina,South America,2026,data\south_america\argentina\prim_b_metro\66nxwll8fur0rtp9q7wqaki1l\2026\fixture.json,,,
1yjk01i153nmthsy8yxw26978,2026-07-11,2026-07-11Z,,Real Pilar,Deportivo Camioneros,,,Estadio Municipal de Pilar,,7,2026-03-31T17:25:19Z,epr9s9zih7yd5dygat10o64us,Prim B Metro,66nxwll8fur0rtp9q7wqaki1l,Argentina,South America,2026,data\south_america\argentina\prim_b_metro\66nxwll8fur0rtp9q7wqaki1l\2026\fixture.json,,,
1xxa8mxdlbdplrxxg7ab81us4,2026-07-11,2026-07-11Z,,UAI Urquiza,Deportivo Merlo,,,Estadio Monumental de Villa Lynch,,7,2026-04-07T02:07:10Z,epr9s9zih7yd5dygat10o64us,Prim B Metro,66nxwll8fur0rtp9q7wqaki1l,Argentina,South America,2026,data\south_america\argentina\prim_b_metro\66nxwll8fur0rtp9q7wqaki1l\2026\fixture.json,,,
1xfw4ocenilrlzrrnujkv845w,2026-07-11,2026-07-11Z,,Villa Dálmine,Dock Sud,,,Estadio El Coliseo de Mitre y Puccini,,7,2026-04-06T23:43:43Z,epr9s9zih7yd5dygat10o64us,Prim B Metro,66nxwll8fur0rtp9q7wqaki1l,Argentina,South America,2026,data\south_america\argentina\prim_b_metro\66nxwll8fur0rtp9q7wqaki1l\2026\fixture.json,,,
1wydbkmkr4rma1zk89ys186xg,2026-07-11,2026-07-11Z,,Excursionistas,Comunicaciones,,,Estadio de Excursionistas,,7,2026-04-06T01:57:17Z,epr9s9zih7yd5dygat10o64us,Prim B Metro,66nxwll8fur0rtp9q7wqaki1l,Argentina,South America,2026,data\south_america\argentina\prim_b_metro\66nxwll8fur0rtp9q7wqaki1l\2026\fixture.json,,,
1wh08y23hwfic6ubfguky3spg,2026-07-11,2026-07-11Z,,Arsenal,Defensores Unidos,,,Estadio Julio Humberto Grondona,,7,2026-04-05T22:33:49Z,epr9s9zih7yd5dygat10o64us,Prim B Metro,66nxwll8fur0rtp9q7wqaki1l,Argentina,South America,2026,data\south_america\argentina\prim_b_metro\66nxwll8fur0rtp9q7wqaki1l\2026\fixture.json,,,
1vzg0y4ytqfr5ry05juttk4r8,2026-07-11,2026-07-11Z,,Argentino Merlo,Argentino Quilmes,,,Estadio Juan Carlos Brieva,,7,2026-04-06T02:09:49Z,epr9s9zih7yd5dygat10o64us,Prim B Metro,66nxwll8fur0rtp9q7wqaki1l,Argentina,South America,2026,data\south_america\argentina\prim_b_metro\66nxwll8fur0rtp9q7wqaki1l\2026\fixture.json,,,
1vi3i9k1wx9t8sqgrzkek1q1g,2026-07-11,2026-07-11Z,,Talleres Remedios,Flandria,,,Estadio Pablo Comelli,,7,2026-04-11T23:46:12Z,epr9s9zih7yd5dygat10o64us,Prim B Metro,66nxwll8fur0rtp9q7wqaki1l,Argentina,South America,2026,data\south_america\argentina\prim_b_metro\66nxwll8fur0rtp9q7wqaki1l\2026\fixture.json,,,
1v0gs5548tpslmtgsxq0hsduc,2026-07-11,2026-07-11Z,,Deportivo Laferrere,Deportivo Armenio,,,Estadio Deportivo Laferrere,,7,2026-04-06T13:01:02Z,epr9s9zih7yd5dygat10o64us,Prim B Metro,66nxwll8fur0rtp9q7wqaki1l,Argentina,South America,2026,data\south_america\argentina\prim_b_metro\66nxwll8fur0rtp9q7wqaki1l\2026\fixture.json,,,
1uixypwhwjbdbvv0m9mskudxw,2026-07-11,2026-07-11Z,,Brown de Adrogué,Ituzaingó,,,Estadio Lorenzo Arandilla,,7,2026-03-31T17:25:19Z,epr9s9zih7yd5dygat10o64us,Prim B Metro,66nxwll8fur0rtp9q7wqaki1l,Argentina,South America,2026,data\south_america\argentina\prim_b_metro\66nxwll8fur0rtp9q7wqaki1l\2026\fixture.json,,,
1u1bs617eaxv45ufuuioqra50,2026-07-04,2026-07-04Z,,Deportivo Armenio,Brown de Adrogué,,,Estadio Armenia,,7,2026-04-06T13:01:02Z,epr9s9zih7yd5dygat10o64us,Prim B Metro,66nxwll8fur0rtp9q7wqaki1l,Argentina,South America,2026,data\south_america\argentina\prim_b_metro\66nxwll8fur0rtp9q7wqaki1l\2026\fixture.json,,,
1ti0wabgbwv877prldy21yec4,2026-07-04,2026-07-04Z,,Flandria,Deportivo Laferrere,,,Estadio Carlos V,,7,2026-04-11T23:46:12Z,epr9s9zih7yd5dygat10o64us,Prim B Metro,66nxwll8fur0rtp9q7wqaki1l,Argentina,South America,2026,data\south_america\argentina\prim_b_metro\66nxwll8fur0rtp9q7wqaki1l\2026\fixture.json,,,
1syprd01iqkxqt5zzi4x5vxuc,2026-07-04,2026-07-04Z,,Argentino Quilmes,Talleres Remedios,,,Estadio de Argentino de Quilmes,,7,2026-04-06T02:09:49Z,epr9s9zih7yd5dygat10o64us,Prim B Metro,66nxwll8fur0rtp9q7wqaki1l,Argentina,South America,2026,data\south_america\argentina\prim_b_metro\66nxwll8fur0rtp9q7wqaki1l\2026\fixture.json,,,
1shh7pg6xhk5jb8g3j5pt4utw,2026-07-04,2026-07-04Z,,Defensores Unidos,Argentino Merlo,,,Estadio Gigante de Villa Fox,,7,2026-04-05T22:33:49Z,epr9s9zih7yd5dygat10o64us,Prim B Metro,66nxwll8fur0rtp9q7wqaki1l,Argentina,South America,2026,data\south_america\argentina\prim_b_metro\66nxwll8fur0rtp9q7wqaki1l\2026\fixture.json,,,
1s07fwaofc0or8g8nrpdpvh90,2026-07-04,2026-07-04Z,,Comunicaciones,Arsenal,,,Estadio Alfredo Ramos,,7,2026-03-31T17:25:16Z,epr9s9zih7yd5dygat10o64us,Prim B Metro,66nxwll8fur0rtp9q7wqaki1l,Argentina,South America,2026,data\south_america\argentina\prim_b_metro\66nxwll8fur0rtp9q7wqaki1l\2026\fixture.json,,,
1riwdmyu6al869qmy0lwszlzo,2026-07-04,2026-07-04Z,,Dock Sud,Excursionistas,,,Estadio de los Inmigrantes,,7,2026-04-06T23:43:43Z,epr9s9zih7yd5dygat10o64us,Prim B Metro,66nxwll8fur0rtp9q7wqaki1l,Argentina,South America,2026,data\south_america\argentina\prim_b_metro\66nxwll8fur0rtp9q7wqaki1l\2026\fixture.json,,,
1r1h1nh6wqk6zolp68tjuusk4,2026-07-04,2026-07-04Z,,Deportivo Merlo,Villa Dálmine,,,Estadio José Manuel Moreno,,7,2026-04-07T02:07:10Z,epr9s9zih7yd5dygat10o64us,Prim B Metro,66nxwll8fur0rtp9q7wqaki1l,Argentina,South America,2026,data\south_america\argentina\prim_b_metro\66nxwll8fur0rtp9q7wqaki1l\2026\fixture.json,,,
1qf5zg50jctgg4xsj7oppw07o,2026-07-04,2026-07-04Z,,Deportivo Camioneros,UAI Urquiza,,,Estadio Hugo Moyano,,7,2026-03-31T17:25:17Z,epr9s9zih7yd5dygat10o64us,Prim B Metro,66nxwll8fur0rtp9q7wqaki1l,Argentina,South America,2026,data\south_america\argentina\prim_b_metro\66nxwll8fur0rtp9q7wqaki1l\2026\fixture.json,,,
1pxmq40409auz9ex56znwfrpw,2026-07-04,2026-07-04Z,,Sportivo Italiano,Real Pilar,,,Estadio República de Italia,,7,2026-03-31T17:25:17Z,epr9s9zih7yd5dygat10o64us,Prim B Metro,66nxwll8fur0rtp9q7wqaki1l,Argentina,South America,2026,data\south_america\argentina\prim_b_metro\66nxwll8fur0rtp9q7wqaki1l\2026\fixture.json,,,
1pfev97bcuku0lioyadhyo55g,2026-07-04,2026-07-04Z,,San Martín Burzaco,Liniers,,,Estadio Francisco Boga,,7,2026-04-06T02:12:44Z,epr9s9zih7yd5dygat10o64us,Prim B Metro,66nxwll8fur0rtp9q7wqaki1l,Argentina,South America,2026,data\south_america\argentina\prim_b_metro\66nxwll8fur0rtp9q7wqaki1l\2026\fixture.json,,,
1oxjys846x3v4j8n8oxhck1sk,2026-07-04,2026-07-04Z,,Ituzaingó,Villa San Carlos,,,Estadio de Ituzaingó,,7,2026-03-31T17:25:17Z,epr9s9zih7yd5dygat10o64us,Prim B Metro,66nxwll8fur0rtp9q7wqaki1l,Argentina,South America,2026,data\south_america\argentina\prim_b_metro\66nxwll8fur0rtp9q7wqaki1l\2026\fixture.json,,,
1ofrw00xm7p24s06gl7kkm1p0,2026-06-27,2026-06-27Z,,Liniers,Villa San Carlos,,,Estadio Juan Antonio Arias,,7,2026-04-06T02:12:44Z,epr9s9zih7yd5dygat10o64us,Prim B Metro,66nxwll8fur0rtp9q7wqaki1l,Argentina,South America,2026,data\south_america\argentina\prim_b_metro\66nxwll8fur0rtp9q7wqaki1l\2026\fixture.json,,,
1nwij2vumzg9ztll8dnvrsftg,2026-06-27,2026-06-27Z,,Real Pilar,San Martín Burzaco,,,Estadio Municipal de Pilar,,7,2026-03-31T17:25:16Z,epr9s9zih7yd5dygat10o64us,Prim B Metro,66nxwll8fur0rtp9q7wqaki1l,Argentina,South America,2026,data\south_america\argentina\prim_b_metro\66nxwll8fur0rtp9q7wqaki1l\2026\fixture.json,,,
1nf7skvpcyf3x2qp3jl4z5t78,2026-06-27,2026-06-27Z,,UAI Urquiza,Sportivo Italiano,,,Estadio Monumental de Villa Lynch,,7,2026-03-31T17:25:16Z,epr9s9zih7yd5dygat10o64us,Prim B Metro,66nxwll8fur0rtp9q7wqaki1l,Argentina,South America,2026,data\south_america\argentina\prim_b_metro\66nxwll8fur0rtp9q7wqaki1l\2026\fixture.json,,,
1mxki21qsf9cetaf7xwpl38d0,2026-06-27,2026-06-27Z,,Villa Dálmine,Deportivo Camioneros,,,Estadio El Coliseo de Mitre y Puccini,,7,2026-03-31T17:25:16Z,epr9s9zih7yd5dygat10o64us,Prim B Metro,66nxwll8fur0rtp9q7wqaki1l,Argentina,South America,2026,data\south_america\argentina\prim_b_metro\66nxwll8fur0rtp9q7wqaki1l\2026\fixture.json,,,
1mgc5n0rasj0xt018obz8yln8,2026-06-27,2026-06-27Z,,Excursionistas,Deportivo Merlo,,,Estadio de Excursionistas,,7,2026-04-07T02:07:10Z,epr9s9zih7yd5dygat10o64us,Prim B Metro,66nxwll8fur0rtp9q7wqaki1l,Argentina,South America,2026,data\south_america\argentina\prim_b_metro\66nxwll8fur0rtp9q7wqaki1l\2026\fixture.json,,,
1lyrz40l90322o325vgtdy39w,2026-06-27,2026-06-27Z,,Arsenal,Dock Sud,,,Estadio Julio Humberto Grondona,,7,2026-04-06T23:43:43Z,epr9s9zih7yd5dygat10o64us,Prim B Metro,66nxwll8fur0rtp9q7wqaki1l,Argentina,South America,2026,data\south_america\argentina\prim_b_metro\66nxwll8fur0rtp9q7wqaki1l\2026\fixture.json,,,
1lh0yxhp2k5ruthl21afndst0,2026-06-27,2026-06-27Z,,Argentino Merlo,Comunicaciones,,,Estadio Juan Carlos Brieva,,7,2026-03-31T17:25:15Z,epr9s9zih7yd5dygat10o64us,Prim B Metro,66nxwll8fur0rtp9q7wqaki1l,Argentina,South America,2026,data\south_america\argentina\prim_b_metro\66nxwll8fur0rtp9q7wqaki1l\2026\fixture.json,,,
1kzt6qhaoixxq4j049li9fh90,2026-06-27,2026-06-27Z,,Talleres Remedios,Defensores Unidos,,,Estadio Pablo Comelli,,7,2026-04-05T22:33:49Z,epr9s9zih7yd5dygat10o64us,Prim B Metro,66nxwll8fur0rtp9q7wqaki1l,Argentina,South America,2026,data\south_america\argentina\prim_b_metro\66nxwll8fur0rtp9q7wqaki1l\2026\fixture.json,,,
1kiewuqpkhqvuuncelw0w3das,2026-06-27,2026-06-27Z,,Deportivo Laferrere,Argentino Quilmes,,,Estadio Deportivo Laferrere,,7,2026-04-06T02:09:49Z,epr9s9zih7yd5dygat10o64us,Prim B Metro,66nxwll8fur0rtp9q7wqaki1l,Argentina,South America,2026,data\south_america\argentina\prim_b_metro\66nxwll8fur0rtp9q7wqaki1l\2026\fixture.json,,,
1k0saon77ienbb2sjlf5488pg,2026-06-27,2026-06-27Z,,Brown de Adrogué,Flandria,,,Estadio Lorenzo Arandilla,,7,2026-04-11T23:46:12Z,epr9s9zih7yd5dygat10o64us,Prim B Metro,66nxwll8fur0rtp9q7wqaki1l,Argentina,South America,2026,data\south_america\argentina\prim_b_metro\66nxwll8fur0rtp9q7wqaki1l\2026\fixture.json,,,
1jj06jdbhqatbjl2heqs3qfx0,2026-06-27,2026-06-27Z,,Deportivo Armenio,Ituzaingó,,,Estadio Armenia,,7,2026-04-06T13:01:02Z,epr9s9zih7yd5dygat10o64us,Prim B Metro,66nxwll8fur0rtp9q7wqaki1l,Argentina,South America,2026,data\south_america\argentina\prim_b_metro\66nxwll8fur0rtp9q7wqaki1l\2026\fixture.json,,,
1izl0exhl75xsi1029tl2xpn8,2026-06-20,2026-06-20Z,,Deportivo Armenio,Flandria,,,Estadio Armenia,,7,2026-04-11T23:46:12Z,epr9s9zih7yd5dygat10o64us,Prim B Metro,66nxwll8fur0rtp9q7wqaki1l,Argentina,South America,2026,data\south_america\argentina\prim_b_metro\66nxwll8fur0rtp9q7wqaki1l\2026\fixture.json,,,
1ii54xo209slwm0h6q5djc74k,2026-06-20,2026-06-20Z,,Brown de Adrogué,Argentino Quilmes,,,Estadio Lorenzo Arandilla,,7,2026-04-06T02:09:49Z,epr9s9zih7yd5dygat10o64us,Prim B Metro,66nxwll8fur0rtp9q7wqaki1l,Argentina,South America,2026,data\south_america\argentina\prim_b_metro\66nxwll8fur0rtp9q7wqaki1l\2026\fixture.json,,,
1i0vbzz3fhogtkkyyac8dplhw,2026-06-20,2026-06-20Z,,Deportivo Laferrere,Defensores Unidos,,,Estadio Deportivo Laferrere,,7,2026-04-06T01:54:34Z,epr9s9zih7yd5dygat10o64us,Prim B Metro,66nxwll8fur0rtp9q7wqaki1l,Argentina,South America,2026,data\south_america\argentina\prim_b_metro\66nxwll8fur0rtp9q7wqaki1l\2026\fixture.json,,,
1hjbqifj5xysp5jra8by0eh3o,2026-06-20,2026-06-20Z,,Talleres Remedios,Comunicaciones,,,Estadio Pablo Comelli,,7,2026-03-31T17:25:14Z,epr9s9zih7yd5dygat10o64us,Prim B Metro,66nxwll8fur0rtp9q7wqaki1l,Argentina,South America,2026,data\south_america\argentina\prim_b_metro\66nxwll8fur0rtp9q7wqaki1l\2026\fixture.json,,,
1h1xssybw7dnjxc8hy72b53x0,2026-06-20,2026-06-20Z,,Argentino Merlo,Dock Sud,,,Estadio Juan Carlos Brieva,,7,2026-04-06T23:43:43Z,epr9s9zih7yd5dygat10o64us,Prim B Metro,66nxwll8fur0rtp9q7wqaki1l,Argentina,South America,2026,data\south_america\argentina\prim_b_metro\66nxwll8fur0rtp9q7wqaki1l\2026\fixture.json,,,
1gknmf4i8h07i832hktzfpfkk,2026-06-20,2026-06-20Z,,Arsenal,Deportivo Merlo,,,Estadio Julio Humberto Grondona,,7,2026-04-07T02:07:10Z,epr9s9zih7yd5dygat10o64us,Prim B Metro,66nxwll8fur0rtp9q7wqaki1l,Argentina,South America,2026,data\south_america\argentina\prim_b_metro\66nxwll8fur0rtp9q7wqaki1l\2026\fixture.json,,,
1g3gt2igbayi4h8uglgc0jfo4,2026-06-20,2026-06-20Z,,Excursionistas,Deportivo Camioneros,,,Estadio de Excursionistas,,7,2026-04-06T01:57:17Z,epr9s9zih7yd5dygat10o64us,Prim B Metro,66nxwll8fur0rtp9q7wqaki1l,Argentina,South America,2026,data\south_america\argentina\prim_b_metro\66nxwll8fur0rtp9q7wqaki1l\2026\fixture.json,,,
1fm7vlt6igw6e4j8wqydwng9g,2026-06-20,2026-06-20Z,,Villa Dálmine,Sportivo Italiano,,,Estadio El Coliseo de Mitre y Puccini,,7,2026-03-31T17:25:14Z,epr9s9zih7yd5dygat10o64us,Prim B Metro,66nxwll8fur0rtp9q7wqaki1l,Argentina,South America,2026,data\south_america\argentina\prim_b_metro\66nxwll8fur0rtp9q7wqaki1l\2026\fixture.json,,,
1f4vrfzg0l4u34xmn9zmwtnv8,2026-06-20,2026-06-20Z,,UAI Urquiza,San Martín Burzaco,,,Estadio Monumental de Villa Lynch,,7,2026-03-31T17:25:14Z,epr9s9zih7yd5dygat10o64us,Prim B Metro,66nxwll8fur0rtp9q7wqaki1l,Argentina,South America,2026,data\south_america\argentina\prim_b_metro\66nxwll8fur0rtp9q7wqaki1l\2026\fixture.json,,,
1emqvwvkuhy227uxj2xyf47is,2026-06-20,2026-06-20Z,,Real Pilar,Villa San Carlos,,,Estadio Municipal de Pilar,,7,2026-03-31T17:25:14Z,epr9s9zih7yd5dygat10o64us,Prim B Metro,66nxwll8fur0rtp9q7wqaki1l,Argentina,South America,2026,data\south_america\argentina\prim_b_metro\66nxwll8fur0rtp9q7wqaki1l\2026\fixture.json,,,
1e3hzaadrlet8glhvo5xeak2c,2026-06-20,2026-06-20Z,,Ituzaingó,Liniers,,,Estadio de Ituzaingó,,7,2026-04-06T02:12:44Z,epr9s9zih7yd5dygat10o64us,Prim B Metro,66nxwll8fur0rtp9q7wqaki1l,Argentina,South America,2026,data\south_america\argentina\prim_b_metro\66nxwll8fur0rtp9q7wqaki1l\2026\fixture.json,,,
1dm8dqvoidv9ute9xhigsrg2c,2026-06-13,2026-06-13Z,,Liniers,Real Pilar,,,Estadio Juan Antonio Arias,,7,2026-04-06T02:12:44Z,epr9s9zih7yd5dygat10o64us,Prim B Metro,66nxwll8fur0rtp9q7wqaki1l,Argentina,South America,2026,data\south_america\argentina\prim_b_metro\66nxwll8fur0rtp9q7wqaki1l\2026\fixture.json,,,
1d4pwa7x1sd8oknsu4nkhxh5g,2026-06-13,2026-06-13Z,,Villa San Carlos,UAI Urquiza,,,Estadio Genancio Sálice,,7,2026-03-31T17:25:13Z,epr9s9zih7yd5dygat10o64us,Prim B Metro,66nxwll8fur0rtp9q7wqaki1l,Argentina,South America,2026,data\south_america\argentina\prim_b_metro\66nxwll8fur0rtp9q7wqaki1l\2026\fixture.json,,,
1cna95lfl6nmsvuucalyh7pjo,2026-06-13,2026-06-13Z,,San Martín Burzaco,Villa Dálmine,,,Estadio Francisco Boga,,7,2026-03-31T17:25:13Z,epr9s9zih7yd5dygat10o64us,Prim B Metro,66nxwll8fur0rtp9q7wqaki1l,Argentina,South America,2026,data\south_america\argentina\prim_b_metro\66nxwll8fur0rtp9q7wqaki1l\2026\fixture.json,,,
1c5ym9izw83s6ejgef55cdzpw,2026-06-13,2026-06-13Z,,Sportivo Italiano,Excursionistas,,,Estadio República de Italia,,7,2026-04-06T01:57:17Z,epr9s9zih7yd5dygat10o64us,Prim B Metro,66nxwll8fur0rtp9q7wqaki1l,Argentina,South America,2026,data\south_america\argentina\prim_b_metro\66nxwll8fur0rtp9q7wqaki1l\2026\fixture.json,,,
1bojqlnn5sstw58x0mg5kiyac,2026-06-13,2026-06-13Z,,Deportivo Camioneros,Arsenal,,,Estadio Hugo Moyano,,7,2026-03-31T17:25:12Z,epr9s9zih7yd5dygat10o64us,Prim B Metro,66nxwll8fur0rtp9q7wqaki1l,Argentina,South America,2026,data\south_america\argentina\prim_b_metro\66nxwll8fur0rtp9q7wqaki1l\2026\fixture.json,,,
1b77b97as54y9o74w8rrjqgpg,2026-06-13,2026-06-13Z,,Deportivo Merlo,Argentino Merlo,,,Estadio José Manuel Moreno,,7,2026-04-07T02:07:10Z,epr9s9zih7yd5dygat10o64us,Prim B Metro,66nxwll8fur0rtp9q7wqaki1l,Argentina,South America,2026,data\south_america\argentina\prim_b_metro\66nxwll8fur0rtp9q7wqaki1l\2026\fixture.json,,,
1aq0f5l4gzacteolnr7uj90k4,2026-06-13,2026-06-13Z,,Dock Sud,Talleres Remedios,,,Estadio de los Inmigrantes,,7,2026-04-06T23:43:43Z,epr9s9zih7yd5dygat10o64us,Prim B Metro,66nxwll8fur0rtp9q7wqaki1l,Argentina,South America,2026,data\south_america\argentina\prim_b_metro\66nxwll8fur0rtp9q7wqaki1l\2026\fixture.json,,,
1a8suaat2zem6lgx27wicqm1g,2026-06-13,2026-06-13Z,,Comunicaciones,Deportivo Laferrere,,,Estadio Alfredo Ramos,,7,2026-04-06T01:54:34Z,epr9s9zih7yd5dygat10o64us,Prim B Metro,66nxwll8fur0rtp9q7wqaki1l,Argentina,South America,2026,data\south_america\argentina\prim_b_metro\66nxwll8fur0rtp9q7wqaki1l\2026\fixture.json,,,
19rf1fcwni3a9j6mv2yn442l0,2026-06-13,2026-06-13Z,,Defensores Unidos,Brown de Adrogué,,,Estadio Gigante de Villa Fox,,7,2026-04-05T22:33:49Z,epr9s9zih7yd5dygat10o64us,Prim B Metro,66nxwll8fur0rtp9q7wqaki1l,Argentina,South America,2026,data\south_america\argentina\prim_b_metro\66nxwll8fur0rtp9q7wqaki1l\2026\fixture.json,,,
1989kdy4bfsa3l6n2071x2q6s,2026-06-13,2026-06-13Z,,Argentino Quilmes,Deportivo Armenio,,,Estadio de Argentino de Quilmes,,7,2026-04-06T13:01:02Z,epr9s9zih7yd5dygat10o64us,Prim B Metro,66nxwll8fur0rtp9q7wqaki1l,Argentina,South America,2026,data\south_america\argentina\prim_b_metro\66nxwll8fur0rtp9q7wqaki1l\2026\fixture.json,,,
18qxbsqgdjkgaw0nponiahkwk,2026-06-13,2026-06-13Z,,Flandria,Ituzaingó,,,Estadio Carlos V,,7,2026-04-11T23:46:12Z,epr9s9zih7yd5dygat10o64us,Prim B Metro,66nxwll8fur0rtp9q7wqaki1l,Argentina,South America,2026,data\south_america\argentina\prim_b_metro\66nxwll8fur0rtp9q7wqaki1l\2026\fixture.json,,,
189eyqlw9442juor1u41i740k,2026-06-06,2026-06-06Z,,Flandria,Argentino Quilmes,,,Estadio Carlos V,,7,2026-04-11T23:46:12Z,epr9s9zih7yd5dygat10o64us,Prim B Metro,66nxwll8fur0rtp9q7wqaki1l,Argentina,South America,2026,data\south_america\argentina\prim_b_metro\66nxwll8fur0rtp9q7wqaki1l\2026\fixture.json,,,
17rur9oeghsef5ve78wn8i9sk,2026-06-06,2026-06-06Z,,Deportivo Armenio,Defensores Unidos,,,Estadio Armenia,,7,2026-04-06T13:01:02Z,epr9s9zih7yd5dygat10o64us,Prim B Metro,66nxwll8fur0rtp9q7wqaki1l,Argentina,South America,2026,data\south_america\argentina\prim_b_metro\66nxwll8fur0rtp9q7wqaki1l\2026\fixture.json,,,
17ania733oyu5puul5z71ecyc,2026-06-06,2026-06-06Z,,Brown de Adrogué,Comunicaciones,,,Estadio Lorenzo Arandilla,,7,2026-03-31T17:25:10Z,epr9s9zih7yd5dygat10o64us,Prim B Metro,66nxwll8fur0rtp9q7wqaki1l,Argentina,South America,2026,data\south_america\argentina\prim_b_metro\66nxwll8fur0rtp9q7wqaki1l\2026\fixture.json,,,
16tgjj7dcvkefkumwdct6iuqc,2026-06-06,2026-06-06Z,,Deportivo Laferrere,Dock Sud,,,Estadio Deportivo Laferrere,,7,2026-04-06T23:43:43Z,epr9s9zih7yd5dygat10o64us,Prim B Metro,66nxwll8fur0rtp9q7wqaki1l,Argentina,South America,2026,data\south_america\argentina\prim_b_metro\66nxwll8fur0rtp9q7wqaki1l\2026\fixture.json,,,
16cc0sqx3t1vzaja7efmtxpuc,2026-06-06,2026-06-06Z,,Talleres Remedios,Deportivo Merlo,,,Estadio Pablo Comelli,,7,2026-04-07T02:07:10Z,epr9s9zih7yd5dygat10o64us,Prim B Metro,66nxwll8fur0rtp9q7wqaki1l,Argentina,South America,2026,data\south_america\argentina\prim_b_metro\66nxwll8fur0rtp9q7wqaki1l\2026\fixture.json,,,
15uvnu9cabd9azbtc0zjnfdp0,2026-06-06,2026-06-06Z,,Argentino Merlo,Deportivo Camioneros,,,Estadio Juan Carlos Brieva,,7,2026-03-31T17:25:10Z,epr9s9zih7yd5dygat10o64us,Prim B Metro,66nxwll8fur0rtp9q7wqaki1l,Argentina,South America,2026,data\south_america\argentina\prim_b_metro\66nxwll8fur0rtp9q7wqaki1l\2026\fixture.json,,,
15dmihk9g4ohx9jo1lxlswv84,2026-06-06,2026-06-06Z,,Arsenal,Sportivo Italiano,,,Estadio Julio Humberto Grondona,,7,2026-03-31T17:25:10Z,epr9s9zih7yd5dygat10o64us,Prim B Metro,66nxwll8fur0rtp9q7wqaki1l,Argentina,South America,2026,data\south_america\argentina\prim_b_metro\66nxwll8fur0rtp9q7wqaki1l\2026\fixture.json,,,
14w7t6mxv2f3stxukx0lplk44,2026-06-06,2026-06-06Z,,Excursionistas,San Martín Burzaco,,,Estadio de Excursionistas,,7,2026-04-06T01:57:17Z,epr9s9zih7yd5dygat10o64us,Prim B Metro,66nxwll8fur0rtp9q7wqaki1l,Argentina,South America,2026,data\south_america\argentina\prim_b_metro\66nxwll8fur0rtp9q7wqaki1l\2026\fixture.json,,,
14cz68ozer82e5fzs4hx1xmok,2026-06-06,2026-06-06Z,,Villa Dálmine,Villa San Carlos,,,Estadio El Coliseo de Mitre y Puccini,,7,2026-03-31T17:25:11Z,epr9s9zih7yd5dygat10o64us,Prim B Metro,66nxwll8fur0rtp9q7wqaki1l,Argentina,South America,2026,data\south_america\argentina\prim_b_metro\66nxwll8fur0rtp9q7wqaki1l\2026\fixture.json,,,
13vijdvn02hpo80s82g7gauqc,2026-06-06,2026-06-06Z,,UAI Urquiza,Liniers,,,Estadio Monumental de Villa Lynch,,7,2026-04-06T02:12:44Z,epr9s9zih7yd5dygat10o64us,Prim B Metro,66nxwll8fur0rtp9q7wqaki1l,Argentina,South America,2026,data\south_america\argentina\prim_b_metro\66nxwll8fur0rtp9q7wqaki1l\2026\fixture.json,,,
13e1tkt0apgdahjzy40mrhu6s,2026-06-06,2026-06-06Z,,Ituzaingó,Real Pilar,,,Estadio de Ituzaingó,,7,2026-03-31T17:25:11Z,epr9s9zih7yd5dygat10o64us,Prim B Metro,66nxwll8fur0rtp9q7wqaki1l,Argentina,South America,2026,data\south_america\argentina\prim_b_metro\66nxwll8fur0rtp9q7wqaki1l\2026\fixture.json,,,
zyl4tpjt28iwezov3w46oufo,2026-05-30,2026-05-30Z,,Deportivo Merlo,Deportivo Laferrere,,,Estadio José Manuel Moreno,,7,2026-04-07T02:07:10Z,epr9s9zih7yd5dygat10o64us,Prim B Metro,66nxwll8fur0rtp9q7wqaki1l,Argentina,South America,2026,data\south_america\argentina\prim_b_metro\66nxwll8fur0rtp9q7wqaki1l\2026\fixture.json,,,
zf8ycp4cpsvrjyufm45yybro,2026-05-30,2026-05-30Z,,Dock Sud,Brown de Adrogué,,,Estadio de los Inmigrantes,,7,2026-04-06T23:43:43Z,epr9s9zih7yd5dygat10o64us,Prim B Metro,66nxwll8fur0rtp9q7wqaki1l,Argentina,South America,2026,data\south_america\argentina\prim_b_metro\66nxwll8fur0rtp9q7wqaki1l\2026\fixture.json,,,
yxy5zwq7u0uqu0fkdonr8v10,2026-05-30,2026-05-30Z,,Comunicaciones,Deportivo Armenio,,,Estadio Alfredo Ramos,,7,2026-04-06T13:01:02Z,epr9s9zih7yd5dygat10o64us,Prim B Metro,66nxwll8fur0rtp9q7wqaki1l,Argentina,South America,2026,data\south_america\argentina\prim_b_metro\66nxwll8fur0rtp9q7wqaki1l\2026\fixture.json,,,
yglu3f7umpsq4uhm7sg05nh0,2026-05-30,2026-05-30Z,,Defensores Unidos,Flandria,,,Estadio Gigante de Villa Fox,,7,2026-04-11T23:46:12Z,epr9s9zih7yd5dygat10o64us,Prim B Metro,66nxwll8fur0rtp9q7wqaki1l,Argentina,South America,2026,data\south_america\argentina\prim_b_metro\66nxwll8fur0rtp9q7wqaki1l\2026\fixture.json,,,
xz7ypsrkn47wyyej57m2c9p0,2026-05-30,2026-05-30Z,,Argentino Quilmes,Ituzaingó,,,Estadio de Argentino de Quilmes,,7,2026-04-06T02:09:49Z,epr9s9zih7yd5dygat10o64us,Prim B Metro,66nxwll8fur0rtp9q7wqaki1l,Argentina,South America,2026,data\south_america\argentina\prim_b_metro\66nxwll8fur0rtp9q7wqaki1l\2026\fixture.json,,,
12w8990zikc46dpqvctaum1as,2026-05-30,2026-05-30Z,,Real Pilar,UAI Urquiza,,,Estadio Municipal de Pilar,,7,2026-03-31T17:25:09Z,epr9s9zih7yd5dygat10o64us,Prim B Metro,66nxwll8fur0rtp9q7wqaki1l,Argentina,South America,2026,data\south_america\argentina\prim_b_metro\66nxwll8fur0rtp9q7wqaki1l\2026\fixture.json,,,
12ewfjl248b4jv42j2k8j1c0k,2026-05-30,2026-05-30Z,,Liniers,Villa Dálmine,,,Estadio Juan Antonio Arias,,7,2026-04-06T02:12:44Z,epr9s9zih7yd5dygat10o64us,Prim B Metro,66nxwll8fur0rtp9q7wqaki1l,Argentina,South America,2026,data\south_america\argentina\prim_b_metro\66nxwll8fur0rtp9q7wqaki1l\2026\fixture.json,,,
11wp4mcgrbjuku2nfqn5urris,2026-05-30,2026-05-30Z,,Villa San Carlos,Excursionistas,,,Estadio Genancio Sálice,,7,2026-04-06T01:57:17Z,epr9s9zih7yd5dygat10o64us,Prim B Metro,66nxwll8fur0rtp9q7wqaki1l,Argentina,South America,2026,data\south_america\argentina\prim_b_metro\66nxwll8fur0rtp9q7wqaki1l\2026\fixture.json,,,
11ffaold63ix1zc9t5udhx6vo,2026-05-30,2026-05-30Z,,San Martín Burzaco,Arsenal,,,Estadio Francisco Boga,,7,2026-03-31T17:25:09Z,epr9s9zih7yd5dygat10o64us,Prim B Metro,66nxwll8fur0rtp9q7wqaki1l,Argentina,South America,2026,data\south_america\argentina\prim_b_metro\66nxwll8fur0rtp9q7wqaki1l\2026\fixture.json,,,
10xxq61xms872buhrchlseyhg,2026-05-30,2026-05-30Z,,Sportivo Italiano,Argentino Merlo,,,Estadio República de Italia,,7,2026-03-31T17:25:10Z,epr9s9zih7yd5dygat10o64us,Prim B Metro,66nxwll8fur0rtp9q7wqaki1l,Argentina,South America,2026,data\south_america\argentina\prim_b_metro\66nxwll8fur0rtp9q7wqaki1l\2026\fixture.json,,,
10gl00u9ltuur2gqbcbqw7g9g,2026-05-30,2026-05-30Z,,Deportivo Camioneros,Talleres Remedios,,,Estadio Hugo Moyano,,7,2026-03-31T17:25:09Z,epr9s9zih7yd5dygat10o64us,Prim B Metro,66nxwll8fur0rtp9q7wqaki1l,Argentina,South America,2026,data\south_america\argentina\prim_b_metro\66nxwll8fur0rtp9q7wqaki1l\2026\fixture.json,,,
e62xi6hcp7a34m0ztst75eihg,2026-05-26,2026-05-26Z,,Sportivo Italiano,San Martín Burzaco,,,Estadio República de Italia,,7,2026-03-31T17:12:04Z,epr9s9zih7yd5dygat10o64us,Prim B Metro,66nxwll8fur0rtp9q7wqaki1l,Argentina,South America,2026,data\south_america\argentina\prim_b_metro\66nxwll8fur0rtp9q7wqaki1l\2026\fixture.json,,,
e5lfybu85jir331hxiqmq0aac,2026-05-26,2026-05-26Z,,Deportivo Camioneros,Villa San Carlos,,,Estadio Hugo Moyano,,7,2026-03-31T17:12:04Z,epr9s9zih7yd5dygat10o64us,Prim B Metro,66nxwll8fur0rtp9q7wqaki1l,Argentina,South America,2026,data\south_america\argentina\prim_b_metro\66nxwll8fur0rtp9q7wqaki1l\2026\fixture.json,,,
e5487gmfqtdoun3hatm3w9z4k,2026-05-26,2026-05-26Z,,Deportivo Merlo,Liniers,,,Estadio José Manuel Moreno,,7,2026-04-07T02:07:10Z,epr9s9zih7yd5dygat10o64us,Prim B Metro,66nxwll8fur0rtp9q7wqaki1l,Argentina,South America,2026,data\south_america\argentina\prim_b_metro\66nxwll8fur0rtp9q7wqaki1l\2026\fixture.json,,,
e4n1tik2psl766d2jd8ycxa8k,2026-05-26,2026-05-26Z,,Dock Sud,Real Pilar,,,Estadio de los Inmigrantes,,7,2026-04-06T23:43:43Z,epr9s9zih7yd5dygat10o64us,Prim B Metro,66nxwll8fur0rtp9q7wqaki1l,Argentina,South America,2026,data\south_america\argentina\prim_b_metro\66nxwll8fur0rtp9q7wqaki1l\2026\fixture.json,,,
e43nzxedyhltkewfg6uygyhp0,2026-05-26,2026-05-26Z,,Comunicaciones,UAI Urquiza,,,Estadio Alfredo Ramos,,7,2026-03-31T17:12:04Z,epr9s9zih7yd5dygat10o64us,Prim B Metro,66nxwll8fur0rtp9q7wqaki1l,Argentina,South America,2026,data\south_america\argentina\prim_b_metro\66nxwll8fur0rtp9q7wqaki1l\2026\fixture.json,,,
e3ho7xyyjhty1qsfxyrujr9xw,2026-05-26,2026-05-26Z,,Defensores Unidos,Villa Dálmine,,,Estadio Gigante de Villa Fox,,7,2026-04-05T22:33:49Z,epr9s9zih7yd5dygat10o64us,Prim B Metro,66nxwll8fur0rtp9q7wqaki1l,Argentina,South America,2026,data\south_america\argentina\prim_b_metro\66nxwll8fur0rtp9q7wqaki1l\2026\fixture.json,,,
e2wjhl6dv4u64w9gwdbofqq6s,2026-05-26,2026-05-26Z,,Argentino Quilmes,Excursionistas,,,Estadio de Argentino de Quilmes,,7,2026-04-06T02:09:49Z,epr9s9zih7yd5dygat10o64us,Prim B Metro,66nxwll8fur0rtp9q7wqaki1l,Argentina,South America,2026,data\south_america\argentina\prim_b_metro\66nxwll8fur0rtp9q7wqaki1l\2026\fixture.json,,,
e2feneho11a82y6r1wrihqhw4,2026-05-26,2026-05-26Z,,Flandria,Arsenal,,,Estadio Carlos V,,7,2026-04-11T23:46:12Z,epr9s9zih7yd5dygat10o64us,Prim B Metro,66nxwll8fur0rtp9q7wqaki1l,Argentina,South America,2026,data\south_america\argentina\prim_b_metro\66nxwll8fur0rtp9q7wqaki1l\2026\fixture.json,,,
e1y771ktgiaw6m3pswxquqyac,2026-05-26,2026-05-26Z,,Deportivo Armenio,Argentino Merlo,,,Estadio Armenia,,7,2026-04-06T13:01:01Z,epr9s9zih7yd5dygat10o64us,Prim B Metro,66nxwll8fur0rtp9q7wqaki1l,Argentina,South America,2026,data\south_america\argentina\prim_b_metro\66nxwll8fur0rtp9q7wqaki1l\2026\fixture.json,,,
e1gqkhn7wuboum8eig7fhwcus,2026-05-26,2026-05-26Z,,Brown de Adrogué,Talleres Remedios,,,Estadio Lorenzo Arandilla,,7,2026-03-31T17:12:07Z,epr9s9zih7yd5dygat10o64us,Prim B Metro,66nxwll8fur0rtp9q7wqaki1l,Argentina,South America,2026,data\south_america\argentina\prim_b_metro\66nxwll8fur0rtp9q7wqaki1l\2026\fixture.json,,,
e0z64w6o0f98diqjfvuebeexg,2026-05-26,2026-05-26Z,,Ituzaingó,Deportivo Laferrere,,,Estadio de Ituzaingó,,7,2026-04-06T01:54:34Z,epr9s9zih7yd5dygat10o64us,Prim B Metro,66nxwll8fur0rtp9q7wqaki1l,Argentina,South America,2026,data\south_america\argentina\prim_b_metro\66nxwll8fur0rtp9q7wqaki1l\2026\fixture.json,,,
xhgnzh5v9t8qmpswra36ngno,2026-05-23,2026-05-23Z,,Argentino Quilmes,Defensores Unidos,,,Estadio de Argentino de Quilmes,,7,2026-04-06T02:09:49Z,epr9s9zih7yd5dygat10o64us,Prim B Metro,66nxwll8fur0rtp9q7wqaki1l,Argentina,South America,2026,data\south_america\argentina\prim_b_metro\66nxwll8fur0rtp9q7wqaki1l\2026\fixture.json,,,
x008zl7v4os2xnwa3gnxde6s,2026-05-23,2026-05-23Z,,Flandria,Comunicaciones,,,Estadio Carlos V,,7,2026-04-11T23:46:12Z,epr9s9zih7yd5dygat10o64us,Prim B Metro,66nxwll8fur0rtp9q7wqaki1l,Argentina,South America,2026,data\south_america\argentina\prim_b_metro\66nxwll8fur0rtp9q7wqaki1l\2026\fixture.json,,,
whbgsxas50gkyfsdz9wnyeqc,2026-05-23,2026-05-23Z,,Deportivo Armenio,Dock Sud,,,Estadio Armenia,,7,2026-04-06T23:43:43Z,epr9s9zih7yd5dygat10o64us,Prim B Metro,66nxwll8fur0rtp9q7wqaki1l,Argentina,South America,2026,data\south_america\argentina\prim_b_metro\66nxwll8fur0rtp9q7wqaki1l\2026\fixture.json,,,
vzix3zdj56egvvh680v2c5qs,2026-05-23,2026-05-23Z,,Brown de Adrogué,Deportivo Merlo,,,Estadio Lorenzo Arandilla,,7,2026-04-07T02:07:10Z,epr9s9zih7yd5dygat10o64us,Prim B Metro,66nxwll8fur0rtp9q7wqaki1l,Argentina,South America,2026,data\south_america\argentina\prim_b_metro\66nxwll8fur0rtp9q7wqaki1l\2026\fixture.json,,,
vhr3u8ob5m8w1qkjioejywwk,2026-05-23,2026-05-23Z,,Deportivo Laferrere,Deportivo Camioneros,,,Estadio Deportivo Laferrere,,7,2026-04-06T01:54:34Z,epr9s9zih7yd5dygat10o64us,Prim B Metro,66nxwll8fur0rtp9q7wqaki1l,Argentina,South America,2026,data\south_america\argentina\prim_b_metro\66nxwll8fur0rtp9q7wqaki1l\2026\fixture.json,,,
v05f6qwfqdd779ta7ye6o3kk,2026-05-23,2026-05-23Z,,Talleres Remedios,Sportivo Italiano,,,Estadio Pablo Comelli,,7,2026-03-31T17:25:07Z,epr9s9zih7yd5dygat10o64us,Prim B Metro,66nxwll8fur0rtp9q7wqaki1l,Argentina,South America,2026,data\south_america\argentina\prim_b_metro\66nxwll8fur0rtp9q7wqaki1l\2026\fixture.json,,,
uh0einuuhm42lft5sswec8wk,2026-05-23,2026-05-23Z,,Argentino Merlo,San Martín Burzaco,,,Estadio Juan Carlos Brieva,,7,2026-03-31T17:25:06Z,epr9s9zih7yd5dygat10o64us,Prim B Metro,66nxwll8fur0rtp9q7wqaki1l,Argentina,South America,2026,data\south_america\argentina\prim_b_metro\66nxwll8fur0rtp9q7wqaki1l\2026\fixture.json,,,
tzsxaduunzl47xs31ezpby1g,2026-05-23,2026-05-23Z,,Arsenal,Villa San Carlos,,,Estadio Julio Humberto Grondona,,7,2026-03-31T17:25:06Z,epr9s9zih7yd5dygat10o64us,Prim B Metro,66nxwll8fur0rtp9q7wqaki1l,Argentina,South America,2026,data\south_america\argentina\prim_b_metro\66nxwll8fur0rtp9q7wqaki1l\2026\fixture.json,,,
tibvfyif47mwu86lwwnrpd78,2026-05-23,2026-05-23Z,,Excursionistas,Liniers,,,Estadio de Excursionistas,,7,2026-04-06T02:12:44Z,epr9s9zih7yd5dygat10o64us,Prim B Metro,66nxwll8fur0rtp9q7wqaki1l,Argentina,South America,2026,data\south_america\argentina\prim_b_metro\66nxwll8fur0rtp9q7wqaki1l\2026\fixture.json,,,
t0vdlv84k8nf8e8c7xuqadqs,2026-05-23,2026-05-23Z,,Villa Dálmine,Real Pilar,,,Estadio El Coliseo de Mitre y Puccini,,7,2026-03-31T17:25:07Z,epr9s9zih7yd5dygat10o64us,Prim B Metro,66nxwll8fur0rtp9q7wqaki1l,Argentina,South America,2026,data\south_america\argentina\prim_b_metro\66nxwll8fur0rtp9q7wqaki1l\2026\fixture.json,,,
sjcdu3xou030wtyk47bowkyc,2026-05-23,2026-05-23Z,,Ituzaingó,UAI Urquiza,,,Estadio de Ituzaingó,,7,2026-03-31T17:25:07Z,epr9s9zih7yd5dygat10o64us,Prim B Metro,66nxwll8fur0rtp9q7wqaki1l,Argentina,South America,2026,data\south_america\argentina\prim_b_metro\66nxwll8fur0rtp9q7wqaki1l\2026\fixture.json,,,
s13ecg5zgyetkzr3hqmx1h5g,2026-05-16,2026-05-16Z,,UAI Urquiza,Villa Dálmine,,,Estadio Monumental de Villa Lynch,,7,2026-03-31T17:25:05Z,epr9s9zih7yd5dygat10o64us,Prim B Metro,66nxwll8fur0rtp9q7wqaki1l,Argentina,South America,2026,data\south_america\argentina\prim_b_metro\66nxwll8fur0rtp9q7wqaki1l\2026\fixture.json,,,
rjn3dftlza8h0roiw2tat6vo,2026-05-16,2026-05-16Z,,Real Pilar,Excursionistas,,,Estadio Municipal de Pilar,,7,2026-04-06T01:57:17Z,epr9s9zih7yd5dygat10o64us,Prim B Metro,66nxwll8fur0rtp9q7wqaki1l,Argentina,South America,2026,data\south_america\argentina\prim_b_metro\66nxwll8fur0rtp9q7wqaki1l\2026\fixture.json,,,
r2fb4alyc1b62elyrqh4b85w,2026-05-16,2026-05-16Z,,Liniers,Arsenal,,,Estadio Juan Antonio Arias,,7,2026-04-06T02:12:44Z,epr9s9zih7yd5dygat10o64us,Prim B Metro,66nxwll8fur0rtp9q7wqaki1l,Argentina,South America,2026,data\south_america\argentina\prim_b_metro\66nxwll8fur0rtp9q7wqaki1l\2026\fixture.json,,,
ql1ikvhyra96takiqb0ymrdg,2026-05-16,2026-05-16Z,,Villa San Carlos,Argentino Merlo,,,Estadio Genancio Sálice,,7,2026-03-31T17:25:06Z,epr9s9zih7yd5dygat10o64us,Prim B Metro,66nxwll8fur0rtp9q7wqaki1l,Argentina,South America,2026,data\south_america\argentina\prim_b_metro\66nxwll8fur0rtp9q7wqaki1l\2026\fixture.json,,,
q3o792vihplpt29rxq3vepzo,2026-05-16,2026-05-16Z,,San Martín Burzaco,Talleres Remedios,,,Estadio Francisco Boga,,7,2026-03-31T17:25:05Z,epr9s9zih7yd5dygat10o64us,Prim B Metro,66nxwll8fur0rtp9q7wqaki1l,Argentina,South America,2026,data\south_america\argentina\prim_b_metro\66nxwll8fur0rtp9q7wqaki1l\2026\fixture.json,,,
pkeizz5hghkbppamxu929b10,2026-05-16,2026-05-16Z,,Sportivo Italiano,Deportivo Laferrere,,,Estadio República de Italia,,7,2026-04-06T01:54:34Z,epr9s9zih7yd5dygat10o64us,Prim B Metro,66nxwll8fur0rtp9q7wqaki1l,Argentina,South America,2026,data\south_america\argentina\prim_b_metro\66nxwll8fur0rtp9q7wqaki1l\2026\fixture.json,,,
p11e0q7l196xlcoj9ggsufis,2026-05-16,2026-05-16Z,,Deportivo Camioneros,Brown de Adrogué,,,Estadio Hugo Moyano,,7,2026-03-31T17:48:16Z,epr9s9zih7yd5dygat10o64us,Prim B Metro,66nxwll8fur0rtp9q7wqaki1l,Argentina,South America,2026,data\south_america\argentina\prim_b_metro\66nxwll8fur0rtp9q7wqaki1l\2026\fixture.json,,,
oind3ekjkh8bjfb9caaan40k,2026-05-16,2026-05-16Z,,Deportivo Merlo,Deportivo Armenio,,,Estadio José Manuel Moreno,,7,2026-04-07T02:07:10Z,epr9s9zih7yd5dygat10o64us,Prim B Metro,66nxwll8fur0rtp9q7wqaki1l,Argentina,South America,2026,data\south_america\argentina\prim_b_metro\66nxwll8fur0rtp9q7wqaki1l\2026\fixture.json,,,
o1bbf6z9dzlbiq92mmslqcd0,2026-05-16,2026-05-16Z,,Dock Sud,Flandria,,,Estadio de los Inmigrantes,,7,2026-04-11T23:46:12Z,epr9s9zih7yd5dygat10o64us,Prim B Metro,66nxwll8fur0rtp9q7wqaki1l,Argentina,South America,2026,data\south_america\argentina\prim_b_metro\66nxwll8fur0rtp9q7wqaki1l\2026\fixture.json,,,
njn8368ehj9rp4naeubkf4t0,2026-05-16,2026-05-16Z,,Comunicaciones,Argentino Quilmes,,,Estadio Alfredo Ramos,,7,2026-04-06T02:09:49Z,epr9s9zih7yd5dygat10o64us,Prim B Metro,66nxwll8fur0rtp9q7wqaki1l,Argentina,South America,2026,data\south_america\argentina\prim_b_metro\66nxwll8fur0rtp9q7wqaki1l\2026\fixture.json,,,
n26p09vi2xfmluezc7vvjmz8,2026-05-16,2026-05-16Z,,Defensores Unidos,Ituzaingó,,,Estadio Gigante de Villa Fox,,7,2026-04-05T22:33:49Z,epr9s9zih7yd5dygat10o64us,Prim B Metro,66nxwll8fur0rtp9q7wqaki1l,Argentina,South America,2026,data\south_america\argentina\prim_b_metro\66nxwll8fur0rtp9q7wqaki1l\2026\fixture.json,,,
mkrfai5ynuvltmfafc5wb5sk,2026-05-09,2026-05-09Z,,Defensores Unidos,Comunicaciones,,,Estadio Gigante de Villa Fox,,7,2026-04-05T22:33:49Z,epr9s9zih7yd5dygat10o64us,Prim B Metro,66nxwll8fur0rtp9q7wqaki1l,Argentina,South America,2026,data\south_america\argentina\prim_b_metro\66nxwll8fur0rtp9q7wqaki1l\2026\fixture.json,,,
m2u58ops1cb38p178x4kc1ec,2026-05-09,2026-05-09Z,,Argentino Quilmes,Dock Sud,,,Estadio de Argentino de Quilmes,,7,2026-04-06T23:43:43Z,epr9s9zih7yd5dygat10o64us,Prim B Metro,66nxwll8fur0rtp9q7wqaki1l,Argentina,South America,2026,data\south_america\argentina\prim_b_metro\66nxwll8fur0rtp9q7wqaki1l\2026\fixture.json,,,
ljvgzfi5bvf7yyjlfwm6tpuc,2026-05-09,2026-05-09Z,,Flandria,Deportivo Merlo,,,Estadio Carlos V,,7,2026-04-11T23:46:12Z,epr9s9zih7yd5dygat10o64us,Prim B Metro,66nxwll8fur0rtp9q7wqaki1l,Argentina,South America,2026,data\south_america\argentina\prim_b_metro\66nxwll8fur0rtp9q7wqaki1l\2026\fixture.json,,,
kwuq8tge3846wgv4sr9ccbo4,2026-05-09,2026-05-09Z,,Deportivo Armenio,Deportivo Camioneros,,,Estadio Armenia,,7,2026-04-06T13:01:02Z,epr9s9zih7yd5dygat10o64us,Prim B Metro,66nxwll8fur0rtp9q7wqaki1l,Argentina,South America,2026,data\south_america\argentina\prim_b_metro\66nxwll8fur0rtp9q7wqaki1l\2026\fixture.json,,,
kdkjpom0qa35uzc48bh6wwes,2026-05-09,2026-05-09Z,,Brown de Adrogué,Sportivo Italiano,,,Estadio Lorenzo Arandilla,,7,2026-03-31T17:43:25Z,epr9s9zih7yd5dygat10o64us,Prim B Metro,66nxwll8fur0rtp9q7wqaki1l,Argentina,South America,2026,data\south_america\argentina\prim_b_metro\66nxwll8fur0rtp9q7wqaki1l\2026\fixture.json,,,
jw5ys0em2g3cvje41buxtb10,2026-05-09,2026-05-09Z,,Deportivo Laferrere,San Martín Burzaco,,,Estadio Deportivo Laferrere,,7,2026-04-06T01:54:34Z,epr9s9zih7yd5dygat10o64us,Prim B Metro,66nxwll8fur0rtp9q7wqaki1l,Argentina,South America,2026,data\south_america\argentina\prim_b_metro\66nxwll8fur0rtp9q7wqaki1l\2026\fixture.json,,,
j9a4v26f4dm7etlcyamj7vh0,2026-05-09,2026-05-09Z,,Talleres Remedios,Villa San Carlos,,,Estadio Pablo Comelli,,7,2026-03-31T17:43:26Z,epr9s9zih7yd5dygat10o64us,Prim B Metro,66nxwll8fur0rtp9q7wqaki1l,Argentina,South America,2026,data\south_america\argentina\prim_b_metro\66nxwll8fur0rtp9q7wqaki1l\2026\fixture.json,,,
in9ofwrf4cah99lkg3731pg4,2026-05-09,2026-05-09Z,,Argentino Merlo,Liniers,,,Estadio Juan Carlos Brieva,,7,2026-04-06T02:12:44Z,epr9s9zih7yd5dygat10o64us,Prim B Metro,66nxwll8fur0rtp9q7wqaki1l,Argentina,South America,2026,data\south_america\argentina\prim_b_metro\66nxwll8fur0rtp9q7wqaki1l\2026\fixture.json,,,
hueuo64er0l8st2d39exavbo,2026-05-09,2026-05-09Z,,Arsenal,Real Pilar,,,Estadio Julio Humberto Grondona,,7,2026-03-31T17:25:03Z,epr9s9zih7yd5dygat10o64us,Prim B Metro,66nxwll8fur0rtp9q7wqaki1l,Argentina,South America,2026,data\south_america\argentina\prim_b_metro\66nxwll8fur0rtp9q7wqaki1l\2026\fixture.json,,,
hd1fybsooihtnjywlhe2v8d0,2026-05-09,2026-05-09Z,,Excursionistas,UAI Urquiza,,,Estadio de Excursionistas,,7,2026-04-06T01:57:17Z,epr9s9zih7yd5dygat10o64us,Prim B Metro,66nxwll8fur0rtp9q7wqaki1l,Argentina,South America,2026,data\south_america\argentina\prim_b_metro\66nxwll8fur0rtp9q7wqaki1l\2026\fixture.json,,,
gvnlymrnm0s302xqy4dhti50,2026-05-09,2026-05-09Z,,Ituzaingó,Villa Dálmine,,,Estadio de Ituzaingó,,7,2026-03-31T17:43:25Z,epr9s9zih7yd5dygat10o64us,Prim B Metro,66nxwll8fur0rtp9q7wqaki1l,Argentina,South America,2026,data\south_america\argentina\prim_b_metro\66nxwll8fur0rtp9q7wqaki1l\2026\fixture.json,,,
ge3erqam61f9qnoilz0cozkk,2026-05-02,2026-05-02Z,,Villa Dálmine,Excursionistas,,,Estadio El Coliseo de Mitre y Puccini,,7,2026-04-06T01:57:17Z,epr9s9zih7yd5dygat10o64us,Prim B Metro,66nxwll8fur0rtp9q7wqaki1l,Argentina,South America,2026,data\south_america\argentina\prim_b_metro\66nxwll8fur0rtp9q7wqaki1l\2026\fixture.json,,,
fwlv5723170w078s2dejdel0,2026-05-02,2026-05-02Z,,UAI Urquiza,Arsenal,,,Estadio Monumental de Villa Lynch,,7,2026-03-31T17:25:02Z,epr9s9zih7yd5dygat10o64us,Prim B Metro,66nxwll8fur0rtp9q7wqaki1l,Argentina,South America,2026,data\south_america\argentina\prim_b_metro\66nxwll8fur0rtp9q7wqaki1l\2026\fixture.json,,,
ff6saxnilmp1io13wxcjfk0k,2026-05-02,2026-05-02Z,,Real Pilar,Argentino Merlo,,,Estadio Municipal de Pilar,,7,2026-03-31T17:25:02Z,epr9s9zih7yd5dygat10o64us,Prim B Metro,66nxwll8fur0rtp9q7wqaki1l,Argentina,South America,2026,data\south_america\argentina\prim_b_metro\66nxwll8fur0rtp9q7wqaki1l\2026\fixture.json,,,
ew2zt3bf5791db10sg0brw2c,2026-05-02,2026-05-02Z,,Liniers,Talleres Remedios,,,Estadio Juan Antonio Arias,,7,2026-04-06T02:12:44Z,epr9s9zih7yd5dygat10o64us,Prim B Metro,66nxwll8fur0rtp9q7wqaki1l,Argentina,South America,2026,data\south_america\argentina\prim_b_metro\66nxwll8fur0rtp9q7wqaki1l\2026\fixture.json,,,
eeuvv6l40sjfpkmtrv1do9as,2026-05-02,2026-05-02Z,,Villa San Carlos,Deportivo Laferrere,,,Estadio Genancio Sálice,,7,2026-04-06T01:54:34Z,epr9s9zih7yd5dygat10o64us,Prim B Metro,66nxwll8fur0rtp9q7wqaki1l,Argentina,South America,2026,data\south_america\argentina\prim_b_metro\66nxwll8fur0rtp9q7wqaki1l\2026\fixture.json,,,
dxm1o9e1rlhaz2uqx9dfwl5g,2026-05-02,2026-05-02Z,,San Martín Burzaco,Brown de Adrogué,,,Estadio Francisco Boga,,7,2026-03-31T17:25:02Z,epr9s9zih7yd5dygat10o64us,Prim B Metro,66nxwll8fur0rtp9q7wqaki1l,Argentina,South America,2026,data\south_america\argentina\prim_b_metro\66nxwll8fur0rtp9q7wqaki1l\2026\fixture.json,,,
dgjldq15b1paqa9vb4b0nhuc,2026-05-02,2026-05-02Z,,Sportivo Italiano,Deportivo Armenio,,,Estadio República de Italia,,7,2026-04-06T13:01:01Z,epr9s9zih7yd5dygat10o64us,Prim B Metro,66nxwll8fur0rtp9q7wqaki1l,Argentina,South America,2026,data\south_america\argentina\prim_b_metro\66nxwll8fur0rtp9q7wqaki1l\2026\fixture.json,,,
cvn7oxzfesh680xcild6nok4,2026-05-02,2026-05-02Z,,Deportivo Camioneros,Flandria,,,Estadio Hugo Moyano,,7,2026-04-11T23:46:12Z,epr9s9zih7yd5dygat10o64us,Prim B Metro,66nxwll8fur0rtp9q7wqaki1l,Argentina,South America,2026,data\south_america\argentina\prim_b_metro\66nxwll8fur0rtp9q7wqaki1l\2026\fixture.json,,,
ceafgu6j2rc970l0dls9ap04,2026-05-02,2026-05-02Z,,Deportivo Merlo,Argentino Quilmes,,,Estadio José Manuel Moreno,,7,2026-04-07T02:07:10Z,epr9s9zih7yd5dygat10o64us,Prim B Metro,66nxwll8fur0rtp9q7wqaki1l,Argentina,South America,2026,data\south_america\argentina\prim_b_metro\66nxwll8fur0rtp9q7wqaki1l\2026\fixture.json,,,
bwsqe7tylqje22kbc8prtvys,2026-05-02,2026-05-02Z,,Dock Sud,Defensores Unidos,,,Estadio de los Inmigrantes,,7,2026-04-06T23:43:43Z,epr9s9zih7yd5dygat10o64us,Prim B Metro,66nxwll8fur0rtp9q7wqaki1l,Argentina,South America,2026,data\south_america\argentina\prim_b_metro\66nxwll8fur0rtp9q7wqaki1l\2026\fixture.json,,,
bf6zxn9g0kgw8tvmboo7vy8k,2026-05-02,2026-05-02Z,,Comunicaciones,Ituzaingó,,,Estadio Alfredo Ramos,,7,2026-03-31T17:25:01Z,epr9s9zih7yd5dygat10o64us,Prim B Metro,66nxwll8fur0rtp9q7wqaki1l,Argentina,South America,2026,data\south_america\argentina\prim_b_metro\66nxwll8fur0rtp9q7wqaki1l\2026\fixture.json,,,
awwelppocmggmpeckl9tiwic,2026-04-25,2026-04-25Z,,Comunicaciones,Dock Sud,,,Estadio Alfredo Ramos,,7,2026-04-06T23:43:43Z,epr9s9zih7yd5dygat10o64us,Prim B Metro,66nxwll8fur0rtp9q7wqaki1l,Argentina,South America,2026,data\south_america\argentina\prim_b_metro\66nxwll8fur0rtp9q7wqaki1l\2026\fixture.json,,,
ae4hey6j7pud33o3oj9jrwus,2026-04-25,2026-04-25Z,,Defensores Unidos,Deportivo Merlo,,,Estadio Gigante de Villa Fox,,7,2026-04-07T02:07:10Z,epr9s9zih7yd5dygat10o64us,Prim B Metro,66nxwll8fur0rtp9q7wqaki1l,Argentina,South America,2026,data\south_america\argentina\prim_b_metro\66nxwll8fur0rtp9q7wqaki1l\2026\fixture.json,,,
9uh8s7kfpfbuv9gz65gyhbf8,2026-04-25,2026-04-25Z,,Argentino Quilmes,Deportivo Camioneros,,,Estadio de Argentino de Quilmes,,7,2026-04-06T02:09:49Z,epr9s9zih7yd5dygat10o64us,Prim B Metro,66nxwll8fur0rtp9q7wqaki1l,Argentina,South America,2026,data\south_america\argentina\prim_b_metro\66nxwll8fur0rtp9q7wqaki1l\2026\fixture.json,,,
9d43rnix42keoeausttbdams,2026-04-25,2026-04-25Z,,Flandria,Sportivo Italiano,,,Estadio Carlos V,,7,2026-04-11T23:46:12Z,epr9s9zih7yd5dygat10o64us,Prim B Metro,66nxwll8fur0rtp9q7wqaki1l,Argentina,South America,2026,data\south_america\argentina\prim_b_metro\66nxwll8fur0rtp9q7wqaki1l\2026\fixture.json,,,
8vwoq3x9yyldc8xl7frohtzo,2026-04-25,2026-04-25Z,,Deportivo Armenio,San Martín Burzaco,,,Estadio Armenia,,7,2026-04-06T13:01:01Z,epr9s9zih7yd5dygat10o64us,Prim B Metro,66nxwll8fur0rtp9q7wqaki1l,Argentina,South America,2026,data\south_america\argentina\prim_b_metro\66nxwll8fur0rtp9q7wqaki1l\2026\fixture.json,,,
8enits5zcsme0rhdyeg4yln8,2026-04-25,2026-04-25Z,,Brown de Adrogué,Villa San Carlos,,,Estadio Lorenzo Arandilla,,7,2026-03-31T17:25:00Z,epr9s9zih7yd5dygat10o64us,Prim B Metro,66nxwll8fur0rtp9q7wqaki1l,Argentina,South America,2026,data\south_america\argentina\prim_b_metro\66nxwll8fur0rtp9q7wqaki1l\2026\fixture.json,,,
7xacowcx3gw5hsgmqsbpjbis,2026-04-25,2026-04-25Z,,Deportivo Laferrere,Liniers,,,Estadio Deportivo Laferrere,,7,2026-04-06T02:12:44Z,epr9s9zih7yd5dygat10o64us,Prim B Metro,66nxwll8fur0rtp9q7wqaki1l,Argentina,South America,2026,data\south_america\argentina\prim_b_metro\66nxwll8fur0rtp9q7wqaki1l\2026\fixture.json,,,
7g2iyetl5gri0d5ju6ppe9sk,2026-04-25,2026-04-25Z,,Talleres Remedios,Real Pilar,,,Estadio Pablo Comelli,,7,2026-03-31T17:25:01Z,epr9s9zih7yd5dygat10o64us,Prim B Metro,66nxwll8fur0rtp9q7wqaki1l,Argentina,South America,2026,data\south_america\argentina\prim_b_metro\66nxwll8fur0rtp9q7wqaki1l\2026\fixture.json,,,
6ypj150i83vhnkmnuq1z5m38,2026-04-25,2026-04-25Z,,Argentino Merlo,UAI Urquiza,,,Estadio Juan Carlos Brieva,,7,2026-03-31T17:24:59Z,epr9s9zih7yd5dygat10o64us,Prim B Metro,66nxwll8fur0rtp9q7wqaki1l,Argentina,South America,2026,data\south_america\argentina\prim_b_metro\66nxwll8fur0rtp9q7wqaki1l\2026\fixture.json,,,
6h4tm4jv3twp2vv0glu08ro4,2026-04-25,2026-04-25Z,,Arsenal,Villa Dálmine,,,Estadio Julio Humberto Grondona,,7,2026-03-31T17:24:59Z,epr9s9zih7yd5dygat10o64us,Prim B Metro,66nxwll8fur0rtp9q7wqaki1l,Argentina,South America,2026,data\south_america\argentina\prim_b_metro\66nxwll8fur0rtp9q7wqaki1l\2026\fixture.json,,,
5zytjcfba41pqbzj8eu0kmc4,2026-04-25,2026-04-25Z,,Ituzaingó,Excursionistas,,,Estadio de Ituzaingó,,7,2026-04-06T01:57:17Z,epr9s9zih7yd5dygat10o64us,Prim B Metro,66nxwll8fur0rtp9q7wqaki1l,Argentina,South America,2026,data\south_america\argentina\prim_b_metro\66nxwll8fur0rtp9q7wqaki1l\2026\fixture.json,,,
y2l4lfro2nmf1mwrfz6yyok,2026-04-18,2026-04-18Z,,Deportivo Camioneros,Defensores Unidos,,,Estadio Hugo Moyano,,7,2026-04-05T22:33:49Z,epr9s9zih7yd5dygat10o64us,Prim B Metro,66nxwll8fur0rtp9q7wqaki1l,Argentina,South America,2026,data\south_america\argentina\prim_b_metro\66nxwll8fur0rtp9q7wqaki1l\2026\fixture.json,,,
f4vmif1j3qg7kz6haqv0rejo4,2026-04-18,2026-04-18Z,,Dock Sud,Ituzaingó,,,Estadio de los Inmigrantes,,7,2026-04-06T23:43:43Z,epr9s9zih7yd5dygat10o64us,Prim B Metro,66nxwll8fur0rtp9q7wqaki1l,Argentina,South America,2026,data\south_america\argentina\prim_b_metro\66nxwll8fur0rtp9q7wqaki1l\2026\fixture.json,,,
8l7f46pf27esup4ey2xl89g,2026-04-18,2026-04-18Z,,Deportivo Merlo,Comunicaciones,,,Estadio José Manuel Moreno,,7,2026-04-07T02:07:10Z,epr9s9zih7yd5dygat10o64us,Prim B Metro,66nxwll8fur0rtp9q7wqaki1l,Argentina,South America,2026,data\south_america\argentina\prim_b_metro\66nxwll8fur0rtp9q7wqaki1l\2026\fixture.json,,,
5ijjdzzbp0qx8o80cs7ncqvo,2026-04-18,2026-04-18Z,,Excursionistas,Arsenal,,,Estadio de Excursionistas,,7,2026-04-06T01:57:17Z,epr9s9zih7yd5dygat10o64us,Prim B Metro,66nxwll8fur0rtp9q7wqaki1l,Argentina,South America,2026,data\south_america\argentina\prim_b_metro\66nxwll8fur0rtp9q7wqaki1l\2026\fixture.json,,,
4z8pqxrcmw1kyr90ksij6dqs,2026-04-18,2026-04-18Z,,Villa Dálmine,Argentino Merlo,,,Estadio El Coliseo de Mitre y Puccini,,7,2026-03-31T17:24:59Z,epr9s9zih7yd5dygat10o64us,Prim B Metro,66nxwll8fur0rtp9q7wqaki1l,Argentina,South America,2026,data\south_america\argentina\prim_b_metro\66nxwll8fur0rtp9q7wqaki1l\2026\fixture.json,,,
4i1v2qrz4d9tlfwucwstuc5w,2026-04-18,2026-04-18Z,,UAI Urquiza,Talleres Remedios,,,Estadio Monumental de Villa Lynch,,7,2026-03-31T17:24:59Z,epr9s9zih7yd5dygat10o64us,Prim B Metro,66nxwll8fur0rtp9q7wqaki1l,Argentina,South America,2026,data\south_america\argentina\prim_b_metro\66nxwll8fur0rtp9q7wqaki1l\2026\fixture.json,,,
40kd6346qefhfno40640cetw,2026-04-18,2026-04-18Z,,Real Pilar,Deportivo Laferrere,,,Estadio Municipal de Pilar,,7,2026-04-06T01:54:34Z,epr9s9zih7yd5dygat10o64us,Prim B Metro,66nxwll8fur0rtp9q7wqaki1l,Argentina,South America,2026,data\south_america\argentina\prim_b_metro\66nxwll8fur0rtp9q7wqaki1l\2026\fixture.json,,,
3iwz72n2sa4urs3wcn62il90,2026-04-18,2026-04-18Z,,Liniers,Brown de Adrogué,,,Estadio Juan Antonio Arias,,7,2026-04-06T02:12:44Z,epr9s9zih7yd5dygat10o64us,Prim B Metro,66nxwll8fur0rtp9q7wqaki1l,Argentina,South America,2026,data\south_america\argentina\prim_b_metro\66nxwll8fur0rtp9q7wqaki1l\2026\fixture.json,,,
2z39udw3yaxy130f2uf0qe50,2026-04-18,2026-04-18Z,,Villa San Carlos,Deportivo Armenio,,,Estadio Genancio Sálice,,7,2026-04-06T13:01:01Z,epr9s9zih7yd5dygat10o64us,Prim B Metro,66nxwll8fur0rtp9q7wqaki1l,Argentina,South America,2026,data\south_america\argentina\prim_b_metro\66nxwll8fur0rtp9q7wqaki1l\2026\fixture.json,,,
2eglak0p6ayu98ryv25izn6c,2026-04-18,2026-04-18Z,,San Martín Burzaco,Flandria,,,Estadio Francisco Boga,,7,2026-04-11T23:46:12Z,epr9s9zih7yd5dygat10o64us,Prim B Metro,66nxwll8fur0rtp9q7wqaki1l,Argentina,South America,2026,data\south_america\argentina\prim_b_metro\66nxwll8fur0rtp9q7wqaki1l\2026\fixture.json,,,
1rq3mgcjjvntk10odcka9dec,2026-04-18,2026-04-18Z,,Sportivo Italiano,Argentino Quilmes,,,Estadio República de Italia,,7,2026-04-06T02:09:49Z,epr9s9zih7yd5dygat10o64us,Prim B Metro,66nxwll8fur0rtp9q7wqaki1l,Argentina,South America,2026,data\south_america\argentina\prim_b_metro\66nxwll8fur0rtp9q7wqaki1l\2026\fixture.json,,,
f45so0fo87lt73h0p58sl6uqc,2026-04-16,2026-04-16Z,18:30:00Z,Dock Sud,Deportivo Merlo,,,Estadio de los Inmigrantes,,7,2026-04-07T02:07:10Z,epr9s9zih7yd5dygat10o64us,Prim B Metro,66nxwll8fur0rtp9q7wqaki1l,Argentina,South America,2026,data\south_america\argentina\prim_b_metro\66nxwll8fur0rtp9q7wqaki1l\2026\fixture.json,,,
f3glvc1nn9pr3crz69ezjo9p0,2026-04-16,2026-04-16Z,18:30:00Z,Comunicaciones,Deportivo Camioneros,,,Estadio Alfredo Ramos,,7,2026-04-06T04:10:17Z,epr9s9zih7yd5dygat10o64us,Prim B Metro,66nxwll8fur0rtp9q7wqaki1l,Argentina,South America,2026,data\south_america\argentina\prim_b_metro\66nxwll8fur0rtp9q7wqaki1l\2026\fixture.json,,,
f27jvg2xz46hjc59a6uxijkt0,2026-04-15,2026-04-15Z,23:00:00Z,Argentino Quilmes,San Martín Burzaco,,,Estadio de Argentino de Quilmes,,7,2026-04-06T04:10:17Z,epr9s9zih7yd5dygat10o64us,Prim B Metro,66nxwll8fur0rtp9q7wqaki1l,Argentina,South America,2026,data\south_america\argentina\prim_b_metro\66nxwll8fur0rtp9q7wqaki1l\2026\fixture.json,,,
f11rvrt8by71ksqxu1rb9l91w,2026-04-15,2026-04-15Z,18:30:00Z,Deportivo Armenio,Liniers,,,Estadio Armenia,,7,2026-04-06T13:01:01Z,epr9s9zih7yd5dygat10o64us,Prim B Metro,66nxwll8fur0rtp9q7wqaki1l,Argentina,South America,2026,data\south_america\argentina\prim_b_metro\66nxwll8fur0rtp9q7wqaki1l\2026\fixture.json,,,
f0k4b6offb3pjdycqdnpmv8d0,2026-04-14,2026-04-14Z,23:00:00Z,Brown de Adrogué,Real Pilar,,,Estadio Lorenzo Arandilla,,7,2026-04-06T04:10:17Z,epr9s9zih7yd5dygat10o64us,Prim B Metro,66nxwll8fur0rtp9q7wqaki1l,Argentina,South America,2026,data\south_america\argentina\prim_b_metro\66nxwll8fur0rtp9q7wqaki1l\2026\fixture.json,,,
f02jhca1c6d993p804yp1711w,2026-04-14,2026-04-14Z,23:00:00Z,Deportivo Laferrere,UAI Urquiza,,,Estadio Deportivo Laferrere,,7,2026-04-06T04:10:17Z,epr9s9zih7yd5dygat10o64us,Prim B Metro,66nxwll8fur0rtp9q7wqaki1l,Argentina,South America,2026,data\south_america\argentina\prim_b_metro\66nxwll8fur0rtp9q7wqaki1l\2026\fixture.json,,,
f2t1ogr0ext32ucju2fillwr8,2026-04-14,2026-04-14Z,18:30:00Z,Defensores Unidos,Sportivo Italiano,,,Estadio Gigante de Villa Fox,,7,2026-04-06T04:10:16Z,epr9s9zih7yd5dygat10o64us,Prim B Metro,66nxwll8fur0rtp9q7wqaki1l,Argentina,South America,2026,data\south_america\argentina\prim_b_metro\66nxwll8fur0rtp9q7wqaki1l\2026\fixture.json,,,
f1lh1ou7jttmec3brccgsqx3o,2026-04-14,2026-04-14Z,18:30:00Z,Flandria,Villa San Carlos,,,Estadio Carlos V,,7,2026-04-11T23:46:12Z,epr9s9zih7yd5dygat10o64us,Prim B Metro,66nxwll8fur0rtp9q7wqaki1l,Argentina,South America,2026,data\south_america\argentina\prim_b_metro\66nxwll8fur0rtp9q7wqaki1l\2026\fixture.json,,,
ezjgdb83gj7t1khh0gxdqs4yc,2026-04-14,2026-04-14Z,18:30:00Z,Talleres Remedios,Villa Dálmine,,,Estadio Pablo Comelli,,7,2026-04-06T04:10:16Z,epr9s9zih7yd5dygat10o64us,Prim B Metro,66nxwll8fur0rtp9q7wqaki1l,Argentina,South America,2026,data\south_america\argentina\prim_b_metro\66nxwll8fur0rtp9q7wqaki1l\2026\fixture.json,,,
ez128z011f3kevdidiaqd5d04,2026-04-14,2026-04-14Z,18:30:00Z,Argentino Merlo,Excursionistas,,,Estadio Juan Carlos Brieva,,7,2026-04-06T04:10:16Z,epr9s9zih7yd5dygat10o64us,Prim B Metro,66nxwll8fur0rtp9q7wqaki1l,Argentina,South America,2026,data\south_america\argentina\prim_b_metro\66nxwll8fur0rtp9q7wqaki1l\2026\fixture.json,,,
eygomscscujkiabj99eo60pas,2026-04-14,2026-04-14Z,18:30:00Z,Ituzaingó,Arsenal,,,Estadio de Ituzaingó,,7,2026-04-06T04:10:16Z,epr9s9zih7yd5dygat10o64us,Prim B Metro,66nxwll8fur0rtp9q7wqaki1l,Argentina,South America,2026,data\south_america\argentina\prim_b_metro\66nxwll8fur0rtp9q7wqaki1l\2026\fixture.json,,,
et7r0qqhamyblbwrtdqk88i6s,2026-04-12,2026-04-12Z,18:00:00Z,Deportivo Camioneros,Dock Sud,,,Estadio Hugo Moyano,,7,2026-04-06T23:43:43Z,epr9s9zih7yd5dygat10o64us,Prim B Metro,66nxwll8fur0rtp9q7wqaki1l,Argentina,South America,2026,data\south_america\argentina\prim_b_metro\66nxwll8fur0rtp9q7wqaki1l\2026\fixture.json,,,
esp3c3o6cqn84t81dbfkevk7o,2026-04-11,2026-04-11Z,21:00:00Z,Deportivo Merlo,Ituzaingó,,,Estadio José Manuel Moreno,,7,2026-04-11T23:00:13Z,epr9s9zih7yd5dygat10o64us,Prim B Metro,66nxwll8fur0rtp9q7wqaki1l,Argentina,South America,2026,data\south_america\argentina\prim_b_metro\66nxwll8fur0rtp9q7wqaki1l\2026\fixture.json,,,
ewr73t21ogpbxt5nq8tdgn9xw,2026-04-11,2026-04-11Z,18:30:00Z,Villa Dálmine,Deportivo Laferrere,,,Estadio El Coliseo de Mitre y Puccini,,7,2026-04-11T20:29:31Z,epr9s9zih7yd5dygat10o64us,Prim B Metro,66nxwll8fur0rtp9q7wqaki1l,Argentina,South America,2026,data\south_america\argentina\prim_b_metro\66nxwll8fur0rtp9q7wqaki1l\2026\fixture.json,,,
evsrl2s0dj44jqi78jn0w0nbo,2026-04-11,2026-04-11Z,18:30:00Z,Real Pilar,Deportivo Armenio,,,Estadio Municipal de Pilar,,7,2026-04-11T20:46:24Z,epr9s9zih7yd5dygat10o64us,Prim B Metro,66nxwll8fur0rtp9q7wqaki1l,Argentina,South America,2026,data\south_america\argentina\prim_b_metro\66nxwll8fur0rtp9q7wqaki1l\2026\fixture.json,,,
eutpaurqdzzpetunlezbixbf8,2026-04-11,2026-04-11Z,18:30:00Z,Villa San Carlos,Argentino Quilmes,,,Estadio Genancio Sálice,,7,2026-04-11T20:34:38Z,epr9s9zih7yd5dygat10o64us,Prim B Metro,66nxwll8fur0rtp9q7wqaki1l,Argentina,South America,2026,data\south_america\argentina\prim_b_metro\66nxwll8fur0rtp9q7wqaki1l\2026\fixture.json,,,
eucdw55hjhm0se2tc197tedqs,2026-04-11,2026-04-11Z,18:30:00Z,San Martín Burzaco,Defensores Unidos,,,Estadio Francisco Boga,,7,2026-04-11T20:32:52Z,epr9s9zih7yd5dygat10o64us,Prim B Metro,66nxwll8fur0rtp9q7wqaki1l,Argentina,South America,2026,data\south_america\argentina\prim_b_metro\66nxwll8fur0rtp9q7wqaki1l\2026\fixture.json,,,
ettrk8et4jctbtbbkhmoco74k,2026-04-11,2026-04-11Z,18:30:00Z,Sportivo Italiano,Comunicaciones,,,Estadio República de Italia,,7,2026-04-11T20:29:23Z,epr9s9zih7yd5dygat10o64us,Prim B Metro,66nxwll8fur0rtp9q7wqaki1l,Argentina,South America,2026,data\south_america\argentina\prim_b_metro\66nxwll8fur0rtp9q7wqaki1l\2026\fixture.json,,,
exet1jcj389pexgm5xiglfdas,2026-04-10,2026-04-10Z,23:00:00Z,Excursionistas,Talleres Remedios,,,Estadio de Excursionistas,,7,2026-04-12T16:06:03Z,epr9s9zih7yd5dygat10o64us,Prim B Metro,66nxwll8fur0rtp9q7wqaki1l,Argentina,South America,2026,data\south_america\argentina\prim_b_metro\66nxwll8fur0rtp9q7wqaki1l\2026\fixture.json,,,
exwj6pb71qkr4axr2hdwsgaok,2026-04-10,2026-04-10Z,18:30:00Z,Arsenal,Argentino Merlo,,,Estadio Julio Humberto Grondona,,7,2026-04-12T00:02:57Z,epr9s9zih7yd5dygat10o64us,Prim B Metro,66nxwll8fur0rtp9q7wqaki1l,Argentina,South America,2026,data\south_america\argentina\prim_b_metro\66nxwll8fur0rtp9q7wqaki1l\2026\fixture.json,,,
ewa3llt4077yowxm52qooeas4,2026-04-10,2026-04-10Z,18:30:00Z,UAI Urquiza,Brown de Adrogué,,,Estadio Monumental de Villa Lynch,,7,2026-04-12T00:13:44Z,epr9s9zih7yd5dygat10o64us,Prim B Metro,66nxwll8fur0rtp9q7wqaki1l,Argentina,South America,2026,data\south_america\argentina\prim_b_metro\66nxwll8fur0rtp9q7wqaki1l\2026\fixture.json,,,
evb19xya13katuzz40a3g1mvo,2026-04-10,2026-04-10Z,18:30:00Z,Liniers,Flandria,,,Estadio Juan Antonio Arias,,7,2026-04-11T23:50:20Z,epr9s9zih7yd5dygat10o64us,Prim B Metro,66nxwll8fur0rtp9q7wqaki1l,Argentina,South America,2026,data\south_america\argentina\prim_b_metro\66nxwll8fur0rtp9q7wqaki1l\2026\fixture.json,,,
es7hsfeowpxr1wke9jc2nesd0,2026-04-05,2026-04-05Z,21:00:00Z,Deportivo Merlo,Deportivo Camioneros,,,Estadio José Manuel Moreno,,7,2026-04-08T00:15:17Z,epr9s9zih7yd5dygat10o64us,Prim B Metro,66nxwll8fur0rtp9q7wqaki1l,Argentina,South America,2026,data\south_america\argentina\prim_b_metro\66nxwll8fur0rtp9q7wqaki1l\2026\fixture.json,,,
erpdc82nsa5z04kob0gget3pw,2026-04-05,2026-04-05Z,18:30:00Z,Dock Sud,Sportivo Italiano,,,Estadio de los Inmigrantes,,7,2026-04-07T01:53:10Z,epr9s9zih7yd5dygat10o64us,Prim B Metro,66nxwll8fur0rtp9q7wqaki1l,Argentina,South America,2026,data\south_america\argentina\prim_b_metro\66nxwll8fur0rtp9q7wqaki1l\2026\fixture.json,,,
er86cnulvs5fe7jyesxcaghec,2026-04-05,2026-04-05Z,18:30:00Z,Comunicaciones,San Martín Burzaco,,,Estadio Alfredo Ramos,,7,2026-04-07T02:01:30Z,epr9s9zih7yd5dygat10o64us,Prim B Metro,66nxwll8fur0rtp9q7wqaki1l,Argentina,South America,2026,data\south_america\argentina\prim_b_metro\66nxwll8fur0rtp9q7wqaki1l\2026\fixture.json,,,
eq8yxeg8bqnr9wcaem0rdumfo,2026-04-04,2026-04-04Z,19:00:00Z,Argentino Quilmes,Liniers,,,Estadio de Argentino de Quilmes,,7,2026-04-06T02:17:26Z,epr9s9zih7yd5dygat10o64us,Prim B Metro,66nxwll8fur0rtp9q7wqaki1l,Argentina,South America,2026,data\south_america\argentina\prim_b_metro\66nxwll8fur0rtp9q7wqaki1l\2026\fixture.json,,,
ep8kbc2u4ctz6o9u81rzpasyc,2026-04-04,2026-04-04Z,18:30:00Z,Deportivo Armenio,UAI Urquiza,,,Estadio Armenia,,7,2026-04-06T13:31:23Z,epr9s9zih7yd5dygat10o64us,Prim B Metro,66nxwll8fur0rtp9q7wqaki1l,Argentina,South America,2026,data\south_america\argentina\prim_b_metro\66nxwll8fur0rtp9q7wqaki1l\2026\fixture.json,,,
eo3k30vdg4wwsec8y5p68qt5g,2026-04-04,2026-04-04Z,18:30:00Z,Deportivo Laferrere,Excursionistas,,,Estadio Deportivo Laferrere,,7,2026-04-06T02:01:36Z,epr9s9zih7yd5dygat10o64us,Prim B Metro,66nxwll8fur0rtp9q7wqaki1l,Argentina,South America,2026,data\south_america\argentina\prim_b_metro\66nxwll8fur0rtp9q7wqaki1l\2026\fixture.json,,,
epr0vy857idburuezkyuvmdqs,2026-04-04,2026-04-04Z,18:00:00Z,Flandria,Real Pilar,,,Estadio Carlos V,,7,2026-04-11T23:46:12Z,epr9s9zih7yd5dygat10o64us,Prim B Metro,66nxwll8fur0rtp9q7wqaki1l,Argentina,South America,2026,data\south_america\argentina\prim_b_metro\66nxwll8fur0rtp9q7wqaki1l\2026\fixture.json,,,
eqqmq443c6hvnptdq99zxdqtw,2026-04-04,2026-04-04Z,17:00:00Z,Defensores Unidos,Villa San Carlos,,,Estadio Gigante de Villa Fox,,7,2026-04-05T22:53:39Z,epr9s9zih7yd5dygat10o64us,Prim B Metro,66nxwll8fur0rtp9q7wqaki1l,Argentina,South America,2026,data\south_america\argentina\prim_b_metro\66nxwll8fur0rtp9q7wqaki1l\2026\fixture.json,,,
enkxv3q7i2hqj75w9nu6qqmfo,2026-04-04,2026-04-04Z,17:00:00Z,Talleres Remedios,Arsenal,,,Estadio Pablo Comelli,,7,2026-04-05T23:25:03Z,epr9s9zih7yd5dygat10o64us,Prim B Metro,66nxwll8fur0rtp9q7wqaki1l,Argentina,South America,2026,data\south_america\argentina\prim_b_metro\66nxwll8fur0rtp9q7wqaki1l\2026\fixture.json,,,
en0g83ttyma86o7svg28kfdhw,2026-04-03,2026-04-03Z,22:00:00Z,Ituzaingó,Argentino Merlo,,,Estadio de Ituzaingó,,7,2026-04-05T12:46:30Z,epr9s9zih7yd5dygat10o64us,Prim B Metro,66nxwll8fur0rtp9q7wqaki1l,Argentina,South America,2026,data\south_america\argentina\prim_b_metro\66nxwll8fur0rtp9q7wqaki1l\2026\fixture.json,,,
eopxqlf0x82mt6jey59839rf8,2026-04-03,2026-04-03Z,18:00:00Z,Brown de Adrogué,Villa Dálmine,,,Estadio Lorenzo Arandilla,,7,2026-04-05T12:42:28Z,epr9s9zih7yd5dygat10o64us,Prim B Metro,66nxwll8fur0rtp9q7wqaki1l,Argentina,South America,2026,data\south_america\argentina\prim_b_metro\66nxwll8fur0rtp9q7wqaki1l\2026\fixture.json,,,
emj993vi3fk0q8iqdkpiz9d78,2026-03-29,2026-03-29Z,19:00:00Z,Argentino Merlo,Talleres Remedios,,,Estadio Juan Carlos Brieva,,7,2026-03-31T17:12:08Z,epr9s9zih7yd5dygat10o64us,Prim B Metro,66nxwll8fur0rtp9q7wqaki1l,Argentina,South America,2026,data\south_america\argentina\prim_b_metro\66nxwll8fur0rtp9q7wqaki1l\2026\fixture.json,,,
ek3jipz11ft168b7jjyxm1ams,2026-03-29,2026-03-29Z,19:00:00Z,Real Pilar,Argentino Quilmes,,,Estadio Municipal de Pilar,,7,2026-04-06T02:09:10Z,epr9s9zih7yd5dygat10o64us,Prim B Metro,66nxwll8fur0rtp9q7wqaki1l,Argentina,South America,2026,data\south_america\argentina\prim_b_metro\66nxwll8fur0rtp9q7wqaki1l\2026\fixture.json,,,
eila5qrhpq55i8ptora3ajxg4,2026-03-29,2026-03-29Z,19:00:00Z,San Martín Burzaco,Dock Sud,,,Estadio Francisco Boga,,7,2026-03-31T17:12:07Z,epr9s9zih7yd5dygat10o64us,Prim B Metro,66nxwll8fur0rtp9q7wqaki1l,Argentina,South America,2026,data\south_america\argentina\prim_b_metro\66nxwll8fur0rtp9q7wqaki1l\2026\fixture.json,,,
ejlr1wxwajn612uj9ie00zod0,2026-03-29,2026-03-29Z,17:00:00Z,Liniers,Defensores Unidos,,,Estadio Juan Antonio Arias,,7,2026-04-06T02:12:44Z,epr9s9zih7yd5dygat10o64us,Prim B Metro,66nxwll8fur0rtp9q7wqaki1l,Argentina,South America,2026,data\south_america\argentina\prim_b_metro\66nxwll8fur0rtp9q7wqaki1l\2026\fixture.json,,,
ei3y7k0i4q8aqdoqt3v5tq6tw,2026-03-29,2026-03-29Z,17:00:00Z,Sportivo Italiano,Deportivo Merlo,,,Estadio República de Italia,,7,2026-04-07T02:07:10Z,epr9s9zih7yd5dygat10o64us,Prim B Metro,66nxwll8fur0rtp9q7wqaki1l,Argentina,South America,2026,data\south_america\argentina\prim_b_metro\66nxwll8fur0rtp9q7wqaki1l\2026\fixture.json,,,
elkbjghszekb0qy3erqwr9puc,2026-03-28,2026-03-28Z,23:00:00Z,Excursionistas,Brown de Adrogué,,,Estadio de Excursionistas,,7,2026-03-31T17:12:06Z,epr9s9zih7yd5dygat10o64us,Prim B Metro,66nxwll8fur0rtp9q7wqaki1l,Argentina,South America,2026,data\south_america\argentina\prim_b_metro\66nxwll8fur0rtp9q7wqaki1l\2026\fixture.json,,,
el2xkvfrreq9aus4mvzjpxmok,2026-03-28,2026-03-28Z,19:00:00Z,Villa Dálmine,Deportivo Armenio,,,Estadio El Coliseo de Mitre y Puccini,,7,2026-04-06T13:01:01Z,epr9s9zih7yd5dygat10o64us,Prim B Metro,66nxwll8fur0rtp9q7wqaki1l,Argentina,South America,2026,data\south_america\argentina\prim_b_metro\66nxwll8fur0rtp9q7wqaki1l\2026\fixture.json,,,
em24w6y3297kcsq8upnaw97h0,2026-03-28,2026-03-28Z,17:00:00Z,Arsenal,Deportivo Laferrere,,,Estadio Julio Humberto Grondona,,7,2026-04-06T01:53:51Z,epr9s9zih7yd5dygat10o64us,Prim B Metro,66nxwll8fur0rtp9q7wqaki1l,Argentina,South America,2026,data\south_america\argentina\prim_b_metro\66nxwll8fur0rtp9q7wqaki1l\2026\fixture.json,,,
ekl8shpv2hwh9239vddme153o,2026-03-28,2026-03-28Z,17:00:00Z,UAI Urquiza,Flandria,,,Estadio Monumental de Villa Lynch,,7,2026-04-11T23:43:58Z,epr9s9zih7yd5dygat10o64us,Prim B Metro,66nxwll8fur0rtp9q7wqaki1l,Argentina,South America,2026,data\south_america\argentina\prim_b_metro\66nxwll8fur0rtp9q7wqaki1l\2026\fixture.json,,,
ej2m8etjhdxvfg6b3ruvwmpec,2026-03-28,2026-03-28Z,17:00:00Z,Villa San Carlos,Comunicaciones,,,Estadio Genancio Sálice,,7,2026-03-31T17:12:06Z,epr9s9zih7yd5dygat10o64us,Prim B Metro,66nxwll8fur0rtp9q7wqaki1l,Argentina,South America,2026,data\south_america\argentina\prim_b_metro\66nxwll8fur0rtp9q7wqaki1l\2026\fixture.json,,,
ehmmef1zao3cryy60zuube2ac,2026-03-28,2026-03-28Z,17:00:00Z,Deportivo Camioneros,Ituzaingó,,,Estadio Hugo Moyano,,7,2026-04-08T00:16:15Z,epr9s9zih7yd5dygat10o64us,Prim B Metro,66nxwll8fur0rtp9q7wqaki1l,Argentina,South America,2026,data\south_america\argentina\prim_b_metro\66nxwll8fur0rtp9q7wqaki1l\2026\fixture.json,,,
efof6jsjgd6khnn14zjuypm38,2026-03-23,2026-03-23Z,23:00:00Z,Comunicaciones,Liniers,,,Estadio Alfredo Ramos,,7,2026-04-06T02:12:44Z,epr9s9zih7yd5dygat10o64us,Prim B Metro,66nxwll8fur0rtp9q7wqaki1l,Argentina,South America,2026,data\south_america\argentina\prim_b_metro\66nxwll8fur0rtp9q7wqaki1l\2026\fixture.json,,,
eg5nz9l3da84shm0uvylcw5xw,2026-03-23,2026-03-23Z,18:30:00Z,Dock Sud,Villa San Carlos,,,Estadio de los Inmigrantes,,7,2026-03-31T17:12:06Z,epr9s9zih7yd5dygat10o64us,Prim B Metro,66nxwll8fur0rtp9q7wqaki1l,Argentina,South America,2026,data\south_america\argentina\prim_b_metro\66nxwll8fur0rtp9q7wqaki1l\2026\fixture.json,,,
eh52vszuhaugl7xoyzdzejn6c,2026-03-22,2026-03-22Z,17:00:00Z,Deportivo Camioneros,Sportivo Italiano,,,Estadio Hugo Moyano,,7,2026-04-08T00:16:15Z,epr9s9zih7yd5dygat10o64us,Prim B Metro,66nxwll8fur0rtp9q7wqaki1l,Argentina,South America,2026,data\south_america\argentina\prim_b_metro\66nxwll8fur0rtp9q7wqaki1l\2026\fixture.json,,,
eeopmhgq4dkfrgdgiu2s4800k,2026-03-22,2026-03-22Z,17:00:00Z,Argentino Quilmes,UAI Urquiza,,,Estadio de Argentino de Quilmes,,7,2026-04-06T02:09:10Z,epr9s9zih7yd5dygat10o64us,Prim B Metro,66nxwll8fur0rtp9q7wqaki1l,Argentina,South America,2026,data\south_america\argentina\prim_b_metro\66nxwll8fur0rtp9q7wqaki1l\2026\fixture.json,,,
zcqrg2ihga4hqokdtma7k55g,2026-06-17,2026-06-17Z,,Estudiantes Res.,Central Córdoba SdE Res.,,,,,1,2026-01-24T08:07:53Z,3trr1fkbng6fnagct7101bpck,Torneo Proyección,2f3fydvyjz2svhlc1eo3qflwd,Argentina,South America,2026,data\south_america\argentina\torneo_proyeccion\2f3fydvyjz2svhlc1eo3qflwd\2026\fixture.json,,,
y0mibpgjrh0zmbdhukyqmbkk,2026-06-17,2026-06-17Z,,Quilmes Res.,San Martín San Juan Res.,,,,,1,2026-01-24T08:07:53Z,3trr1fkbng6fnagct7101bpck,Torneo Proyección,2f3fydvyjz2svhlc1eo3qflwd,Argentina,South America,2026,data\south_america\argentina\torneo_proyeccion\2f3fydvyjz2svhlc1eo3qflwd\2026\fixture.json,,,
wrt9mq4ryomck3neic5j8y6s,2026-06-17,2026-06-17Z,,Platense Res.,Independiente Riva. Res.,,,,,1,2026-01-24T08:07:53Z,3trr1fkbng6fnagct7101bpck,Torneo Proyección,2f3fydvyjz2svhlc1eo3qflwd,Argentina,South America,2026,data\south_america\argentina\torneo_proyeccion\2f3fydvyjz2svhlc1eo3qflwd\2026\fixture.json,,,
v8m6a1xe13momg3c3iqhx2xg,2026-06-17,2026-06-17Z,,Atlético Rafaela Res.,Deportivo Riestra Res.,,,,,1,2026-01-24T08:07:53Z,3trr1fkbng6fnagct7101bpck,Torneo Proyección,2f3fydvyjz2svhlc1eo3qflwd,Argentina,South America,2026,data\south_america\argentina\torneo_proyeccion\2f3fydvyjz2svhlc1eo3qflwd\2026\fixture.json,,,
u5a5ubi58z89nlg7rdxddwd0,2026-06-17,2026-06-17Z,,Independiente Res.,Belgrano Res.,,,,,1,2026-01-24T08:07:53Z,3trr1fkbng6fnagct7101bpck,Torneo Proyección,2f3fydvyjz2svhlc1eo3qflwd,Argentina,South America,2026,data\south_america\argentina\torneo_proyeccion\2f3fydvyjz2svhlc1eo3qflwd\2026\fixture.json,,,
t2awldkz21dt6hysvh6i9jpw,2026-06-17,2026-06-17Z,,Boca Juniors Res.,Lanús Res.,,,,,1,2026-01-24T08:07:53Z,3trr1fkbng6fnagct7101bpck,Torneo Proyección,2f3fydvyjz2svhlc1eo3qflwd,Argentina,South America,2026,data\south_america\argentina\torneo_proyeccion\2f3fydvyjz2svhlc1eo3qflwd\2026\fixture.json,,,
rzhxs7mdbkvbjlhxi1u1slqs,2026-06-17,2026-06-17Z,,Ferro Carril Oeste Res.,Newell's Old Boys Res.,,,,,1,2026-01-24T08:07:53Z,3trr1fkbng6fnagct7101bpck,Torneo Proyección,2f3fydvyjz2svhlc1eo3qflwd,Argentina,South America,2026,data\south_america\argentina\torneo_proyeccion\2f3fydvyjz2svhlc1eo3qflwd\2026\fixture.json,,,
r98e0ii4d06ew4fzr98cozkk,2026-06-17,2026-06-17Z,,Huracán Res.,Defensa y Justicia Res.,,,,,1,2026-01-24T08:07:53Z,3trr1fkbng6fnagct7101bpck,Torneo Proyección,2f3fydvyjz2svhlc1eo3qflwd,Argentina,South America,2026,data\south_america\argentina\torneo_proyeccion\2f3fydvyjz2svhlc1eo3qflwd\2026\fixture.json,,,
qhohyo910mdjo72k21wiy9ec,2026-06-17,2026-06-17Z,,Colón Res.,Estudiantes RC Res.,,,,,1,2026-01-24T08:07:52Z,3trr1fkbng6fnagct7101bpck,Torneo Proyección,2f3fydvyjz2svhlc1eo3qflwd,Argentina,South America,2026,data\south_america\argentina\torneo_proyeccion\2f3fydvyjz2svhlc1eo3qflwd\2026\fixture.json,,,
prdgihmgigxm9owlga19nnys,2026-06-17,2026-06-17Z,,Tigre Res.,San Lorenzo Res.,,,,,1,2026-01-24T08:07:52Z,3trr1fkbng6fnagct7101bpck,Torneo Proyección,2f3fydvyjz2svhlc1eo3qflwd,Argentina,South America,2026,data\south_america\argentina\torneo_proyeccion\2f3fydvyjz2svhlc1eo3qflwd\2026\fixture.json,,,
p3427hndddmsl1x20w3dht04,2026-06-17,2026-06-17Z,,Rosario Central Res.,Vélez Sársfield Res.,,,,,1,2026-01-24T08:07:52Z,3trr1fkbng6fnagct7101bpck,Torneo Proyección,2f3fydvyjz2svhlc1eo3qflwd,Argentina,South America,2026,data\south_america\argentina\torneo_proyeccion\2f3fydvyjz2svhlc1eo3qflwd\2026\fixture.json,,,
oh8zvz19jqc563hgid2i9mvo,2026-06-17,2026-06-17Z,,Banfield Res.,River Plate Res.,,,,,1,2026-01-24T08:07:52Z,3trr1fkbng6fnagct7101bpck,Torneo Proyección,2f3fydvyjz2svhlc1eo3qflwd,Argentina,South America,2026,data\south_america\argentina\torneo_proyeccion\2f3fydvyjz2svhlc1eo3qflwd\2026\fixture.json,,,
nyhtmrbg2yl2pdrqhszcgkyc,2026-06-17,2026-06-17Z,,Talleres de Córdoba Res.,Racing Club Res.,,,,,1,2026-01-24T08:07:52Z,3trr1fkbng6fnagct7101bpck,Torneo Proyección,2f3fydvyjz2svhlc1eo3qflwd,Argentina,South America,2026,data\south_america\argentina\torneo_proyeccion\2f3fydvyjz2svhlc1eo3qflwd\2026\fixture.json,,,
nihrytak8xssn82efve81ixg,2026-06-17,2026-06-17Z,,Barracas Central Res.,Sarmiento Res.,,,,,1,2026-01-24T08:07:52Z,3trr1fkbng6fnagct7101bpck,Torneo Proyección,2f3fydvyjz2svhlc1eo3qflwd,Argentina,South America,2026,data\south_america\argentina\torneo_proyeccion\2f3fydvyjz2svhlc1eo3qflwd\2026\fixture.json,,,
n2jwiho0cek0u6nyw2unntw4,2026-06-17,2026-06-17Z,,Gimnasia Mendoza Res.,Argentinos Juniors Res.,,,,,1,2026-01-24T08:07:52Z,3trr1fkbng6fnagct7101bpck,Torneo Proyección,2f3fydvyjz2svhlc1eo3qflwd,Argentina,South America,2026,data\south_america\argentina\torneo_proyeccion\2f3fydvyjz2svhlc1eo3qflwd\2026\fixture.json,,,
mmp5espkurmxq3i2901dm2ac,2026-06-17,2026-06-17Z,,Godoy Cruz Res.,Aldosivi Res.,,,,,1,2026-01-24T08:07:52Z,3trr1fkbng6fnagct7101bpck,Torneo Proyección,2f3fydvyjz2svhlc1eo3qflwd,Argentina,South America,2026,data\south_america\argentina\torneo_proyeccion\2f3fydvyjz2svhlc1eo3qflwd\2026\fixture.json,,,
m3iq440x2zo8tgle2cxv6v4k,2026-06-17,2026-06-17Z,,Atlético Tucumán Res.,Gimnasia La Plata Res.,,,,,1,2026-01-24T08:07:52Z,3trr1fkbng6fnagct7101bpck,Torneo Proyección,2f3fydvyjz2svhlc1eo3qflwd,Argentina,South America,2026,data\south_america\argentina\torneo_proyeccion\2f3fydvyjz2svhlc1eo3qflwd\2026\fixture.json,,,
lld1xkroksh58toqsyf9ptec,2026-06-17,2026-06-17Z,,Instituto Res.,Unión Res.,,,,,1,2026-01-24T08:07:52Z,3trr1fkbng6fnagct7101bpck,Torneo Proyección,2f3fydvyjz2svhlc1eo3qflwd,Argentina,South America,2026,data\south_america\argentina\torneo_proyeccion\2f3fydvyjz2svhlc1eo3qflwd\2026\fixture.json,,,
kvhr5unew8olm0s3qsnjf85w,2026-06-10,2026-06-10Z,,Estudiantes RC Res.,Huracán Res.,,,,,1,2026-01-24T08:07:52Z,3trr1fkbng6fnagct7101bpck,Torneo Proyección,2f3fydvyjz2svhlc1eo3qflwd,Argentina,South America,2026,data\south_america\argentina\torneo_proyeccion\2f3fydvyjz2svhlc1eo3qflwd\2026\fixture.json,,,
k1vprcsteb978l2bbfkcxbtg,2026-06-10,2026-06-10Z,,Defensa y Justicia Res.,Ferro Carril Oeste Res.,,,,,1,2026-01-24T08:07:52Z,3trr1fkbng6fnagct7101bpck,Torneo Proyección,2f3fydvyjz2svhlc1eo3qflwd,Argentina,South America,2026,data\south_america\argentina\torneo_proyeccion\2f3fydvyjz2svhlc1eo3qflwd\2026\fixture.json,,,
j7yh5catsr1m21hqc20udqms,2026-06-10,2026-06-10Z,,Newell's Old Boys Res.,Boca Juniors Res.,,,,,1,2026-01-24T08:07:52Z,3trr1fkbng6fnagct7101bpck,Torneo Proyección,2f3fydvyjz2svhlc1eo3qflwd,Argentina,South America,2026,data\south_america\argentina\torneo_proyeccion\2f3fydvyjz2svhlc1eo3qflwd\2026\fixture.json,,,
hujj5upv3x0q49v8ejuayivo,2026-06-10,2026-06-10Z,,Lanús Res.,Independiente Res.,,,,,1,2026-01-24T08:07:52Z,3trr1fkbng6fnagct7101bpck,Torneo Proyección,2f3fydvyjz2svhlc1eo3qflwd,Argentina,South America,2026,data\south_america\argentina\torneo_proyeccion\2f3fydvyjz2svhlc1eo3qflwd\2026\fixture.json,,,
gi8ydjobzsv5jvq91kim2oes,2026-06-10,2026-06-10Z,,Belgrano Res.,Atlético Rafaela Res.,,,,,1,2026-01-24T08:07:52Z,3trr1fkbng6fnagct7101bpck,Torneo Proyección,2f3fydvyjz2svhlc1eo3qflwd,Argentina,South America,2026,data\south_america\argentina\torneo_proyeccion\2f3fydvyjz2svhlc1eo3qflwd\2026\fixture.json,,,
f30yi9uk51163vivow7ynqxg,2026-06-10,2026-06-10Z,,Deportivo Riestra Res.,Platense Res.,,,,,1,2026-01-24T08:07:52Z,3trr1fkbng6fnagct7101bpck,Torneo Proyección,2f3fydvyjz2svhlc1eo3qflwd,Argentina,South America,2026,data\south_america\argentina\torneo_proyeccion\2f3fydvyjz2svhlc1eo3qflwd\2026\fixture.json,,,
elkzlgy0oiapp225lkipgvtg,2026-06-10,2026-06-10Z,,Independiente Riva. Res.,Quilmes Res.,,,,,1,2026-01-24T08:07:52Z,3trr1fkbng6fnagct7101bpck,Torneo Proyección,2f3fydvyjz2svhlc1eo3qflwd,Argentina,South America,2026,data\south_america\argentina\torneo_proyeccion\2f3fydvyjz2svhlc1eo3qflwd\2026\fixture.json,,,
e5grq3sza2z5xdp1lkng7oyc,2026-06-10,2026-06-10Z,,San Martín San Juan Res.,Estudiantes Res.,,,,,1,2026-01-24T08:07:52Z,3trr1fkbng6fnagct7101bpck,Torneo Proyección,2f3fydvyjz2svhlc1eo3qflwd,Argentina,South America,2026,data\south_america\argentina\torneo_proyeccion\2f3fydvyjz2svhlc1eo3qflwd\2026\fixture.json,,,
dnbx0fyhu40jeuyani1i1bf8,2026-06-10,2026-06-10Z,,Central Córdoba SdE Res.,Colón Res.,,,,,1,2026-01-24T08:07:52Z,3trr1fkbng6fnagct7101bpck,Torneo Proyección,2f3fydvyjz2svhlc1eo3qflwd,Argentina,South America,2026,data\south_america\argentina\torneo_proyeccion\2f3fydvyjz2svhlc1eo3qflwd\2026\fixture.json,,,
d28w9esc4xoefobzhz6d62ac,2026-06-10,2026-06-10Z,,Unión Res.,Atlético Tucumán Res.,,,,,1,2026-01-24T08:07:52Z,3trr1fkbng6fnagct7101bpck,Torneo Proyección,2f3fydvyjz2svhlc1eo3qflwd,Argentina,South America,2026,data\south_america\argentina\torneo_proyeccion\2f3fydvyjz2svhlc1eo3qflwd\2026\fixture.json,,,
cjstqgsqjtmt8xxwt9bldmvo,2026-06-10,2026-06-10Z,,Gimnasia La Plata Res.,Godoy Cruz Res.,,,,,1,2026-01-24T08:07:53Z,3trr1fkbng6fnagct7101bpck,Torneo Proyección,2f3fydvyjz2svhlc1eo3qflwd,Argentina,South America,2026,data\south_america\argentina\torneo_proyeccion\2f3fydvyjz2svhlc1eo3qflwd\2026\fixture.json,,,
c01sxzqriah97z35mxmskdn8,2026-06-10,2026-06-10Z,,Aldosivi Res.,Gimnasia Mendoza Res.,,,,,1,2026-01-24T08:07:52Z,3trr1fkbng6fnagct7101bpck,Torneo Proyección,2f3fydvyjz2svhlc1eo3qflwd,Argentina,South America,2026,data\south_america\argentina\torneo_proyeccion\2f3fydvyjz2svhlc1eo3qflwd\2026\fixture.json,,,
bb00pui3411o9oojf0p4bxg4,2026-06-10,2026-06-10Z,,Argentinos Juniors Res.,Barracas Central Res.,,,,,1,2026-01-24T08:07:52Z,3trr1fkbng6fnagct7101bpck,Torneo Proyección,2f3fydvyjz2svhlc1eo3qflwd,Argentina,South America,2026,data\south_america\argentina\torneo_proyeccion\2f3fydvyjz2svhlc1eo3qflwd\2026\fixture.json,,,
asdgll86wl4mioea7bqu153o,2026-06-10,2026-06-10Z,,Sarmiento Res.,Talleres de Córdoba Res.,,,,,1,2026-01-24T08:07:52Z,3trr1fkbng6fnagct7101bpck,Torneo Proyección,2f3fydvyjz2svhlc1eo3qflwd,Argentina,South America,2026,data\south_america\argentina\torneo_proyeccion\2f3fydvyjz2svhlc1eo3qflwd\2026\fixture.json,,,
aai5ompgjjrult9kdehkxyqc,2026-06-10,2026-06-10Z,,Racing Club Res.,Banfield Res.,,,,,1,2026-01-24T08:07:52Z,3trr1fkbng6fnagct7101bpck,Torneo Proyección,2f3fydvyjz2svhlc1eo3qflwd,Argentina,South America,2026,data\south_america\argentina\torneo_proyeccion\2f3fydvyjz2svhlc1eo3qflwd\2026\fixture.json,,,
9tk70gn4wtplz20n6kn7mbdg,2026-06-10,2026-06-10Z,,River Plate Res.,Rosario Central Res.,,,,,1,2026-01-24T08:07:52Z,3trr1fkbng6fnagct7101bpck,Torneo Proyección,2f3fydvyjz2svhlc1eo3qflwd,Argentina,South America,2026,data\south_america\argentina\torneo_proyeccion\2f3fydvyjz2svhlc1eo3qflwd\2026\fixture.json,,,
9drt16h63stb60mmtgl58bo4,2026-06-10,2026-06-10Z,,Vélez Sársfield Res.,Tigre Res.,,,,,1,2026-01-24T08:07:52Z,3trr1fkbng6fnagct7101bpck,Torneo Proyección,2f3fydvyjz2svhlc1eo3qflwd,Argentina,South America,2026,data\south_america\argentina\torneo_proyeccion\2f3fydvyjz2svhlc1eo3qflwd\2026\fixture.json,,,
8y0jojlqahuqedrqc4pmvuhg,2026-06-10,2026-06-10Z,,San Lorenzo Res.,Instituto Res.,,,,,1,2026-01-24T08:07:52Z,3trr1fkbng6fnagct7101bpck,Torneo Proyección,2f3fydvyjz2svhlc1eo3qflwd,Argentina,South America,2026,data\south_america\argentina\torneo_proyeccion\2f3fydvyjz2svhlc1eo3qflwd\2026\fixture.json,,,
oddpgpg3j96xxhsq9a3n28k,2026-06-03,2026-06-03Z,,Godoy Cruz Res.,Unión Res.,,,,,1,2026-01-24T08:07:52Z,3trr1fkbng6fnagct7101bpck,Torneo Proyección,2f3fydvyjz2svhlc1eo3qflwd,Argentina,South America,2026,data\south_america\argentina\torneo_proyeccion\2f3fydvyjz2svhlc1eo3qflwd\2026\fixture.json,,,
8if8zxmu02il00bgs4tutlw4,2026-06-03,2026-06-03Z,,Central Córdoba SdE Res.,San Martín San Juan Res.,,,,,1,2026-01-24T08:07:52Z,3trr1fkbng6fnagct7101bpck,Torneo Proyección,2f3fydvyjz2svhlc1eo3qflwd,Argentina,South America,2026,data\south_america\argentina\torneo_proyeccion\2f3fydvyjz2svhlc1eo3qflwd\2026\fixture.json,,,
822luvvm66h40w8ocnzplc7o,2026-06-03,2026-06-03Z,,Estudiantes Res.,Independiente Riva. Res.,,,,,1,2026-01-24T08:07:52Z,3trr1fkbng6fnagct7101bpck,Torneo Proyección,2f3fydvyjz2svhlc1eo3qflwd,Argentina,South America,2026,data\south_america\argentina\torneo_proyeccion\2f3fydvyjz2svhlc1eo3qflwd\2026\fixture.json,,,
80shz1xm8ae2xrujzn075zo,2026-06-03,2026-06-03Z,,Instituto Res.,Atlético Tucumán Res.,,,,,1,2026-01-24T08:07:52Z,3trr1fkbng6fnagct7101bpck,Torneo Proyección,2f3fydvyjz2svhlc1eo3qflwd,Argentina,South America,2026,data\south_america\argentina\torneo_proyeccion\2f3fydvyjz2svhlc1eo3qflwd\2026\fixture.json,,,
74unghkw10wdny28t879fa50,2026-06-03,2026-06-03Z,,Quilmes Res.,Deportivo Riestra Res.,,,,,1,2026-01-24T08:07:52Z,3trr1fkbng6fnagct7101bpck,Torneo Proyección,2f3fydvyjz2svhlc1eo3qflwd,Argentina,South America,2026,data\south_america\argentina\torneo_proyeccion\2f3fydvyjz2svhlc1eo3qflwd\2026\fixture.json,,,
6nuior28q9rgoc1hzhsn3lec,2026-06-03,2026-06-03Z,,Platense Res.,Belgrano Res.,,,,,1,2026-01-24T08:07:52Z,3trr1fkbng6fnagct7101bpck,Torneo Proyección,2f3fydvyjz2svhlc1eo3qflwd,Argentina,South America,2026,data\south_america\argentina\torneo_proyeccion\2f3fydvyjz2svhlc1eo3qflwd\2026\fixture.json,,,
681fk55hkmcv90rr4ghj6xhw,2026-06-03,2026-06-03Z,,Atlético Rafaela Res.,Lanús Res.,,,,,1,2026-01-24T08:07:52Z,3trr1fkbng6fnagct7101bpck,Torneo Proyección,2f3fydvyjz2svhlc1eo3qflwd,Argentina,South America,2026,data\south_america\argentina\torneo_proyeccion\2f3fydvyjz2svhlc1eo3qflwd\2026\fixture.json,,,
5qnuotn1s6ie6zo1r6es4b9w,2026-06-03,2026-06-03Z,,Independiente Res.,Newell's Old Boys Res.,,,,,1,2026-01-24T08:07:52Z,3trr1fkbng6fnagct7101bpck,Torneo Proyección,2f3fydvyjz2svhlc1eo3qflwd,Argentina,South America,2026,data\south_america\argentina\torneo_proyeccion\2f3fydvyjz2svhlc1eo3qflwd\2026\fixture.json,,,
5b5r07vpk7c7d24reyq4s26s,2026-06-03,2026-06-03Z,,Boca Juniors Res.,Defensa y Justicia Res.,,,,,1,2026-01-24T08:07:52Z,3trr1fkbng6fnagct7101bpck,Torneo Proyección,2f3fydvyjz2svhlc1eo3qflwd,Argentina,South America,2026,data\south_america\argentina\torneo_proyeccion\2f3fydvyjz2svhlc1eo3qflwd\2026\fixture.json,,,
4pex9okyqrtaq9dxqkre9q1g,2026-06-03,2026-06-03Z,,Ferro Carril Oeste Res.,Estudiantes RC Res.,,,,,1,2026-01-24T08:07:52Z,3trr1fkbng6fnagct7101bpck,Torneo Proyección,2f3fydvyjz2svhlc1eo3qflwd,Argentina,South America,2026,data\south_america\argentina\torneo_proyeccion\2f3fydvyjz2svhlc1eo3qflwd\2026\fixture.json,,,
483xnilmeahh0i0ighf1py50,2026-06-03,2026-06-03Z,,Colón Res.,Huracán Res.,,,,,1,2026-01-24T08:07:52Z,3trr1fkbng6fnagct7101bpck,Torneo Proyección,2f3fydvyjz2svhlc1eo3qflwd,Argentina,South America,2026,data\south_america\argentina\torneo_proyeccion\2f3fydvyjz2svhlc1eo3qflwd\2026\fixture.json,,,
3sp5ykpbkiavxweoit4p1nh0,2026-06-03,2026-06-03Z,,San Lorenzo Res.,Vélez Sársfield Res.,,,,,1,2026-01-24T08:07:52Z,3trr1fkbng6fnagct7101bpck,Torneo Proyección,2f3fydvyjz2svhlc1eo3qflwd,Argentina,South America,2026,data\south_america\argentina\torneo_proyeccion\2f3fydvyjz2svhlc1eo3qflwd\2026\fixture.json,,,
3cpk7ybogt3u9e0vhm218rh0,2026-06-03,2026-06-03Z,,Tigre Res.,River Plate Res.,,,,,1,2026-01-24T08:07:52Z,3trr1fkbng6fnagct7101bpck,Torneo Proyección,2f3fydvyjz2svhlc1eo3qflwd,Argentina,South America,2026,data\south_america\argentina\torneo_proyeccion\2f3fydvyjz2svhlc1eo3qflwd\2026\fixture.json,,,
2wqrqitttmmn3jn4pelyrtw4,2026-06-03,2026-06-03Z,,Rosario Central Res.,Racing Club Res.,,,,,1,2026-01-24T08:07:52Z,3trr1fkbng6fnagct7101bpck,Torneo Proyección,2f3fydvyjz2svhlc1eo3qflwd,Argentina,South America,2026,data\south_america\argentina\torneo_proyeccion\2f3fydvyjz2svhlc1eo3qflwd\2026\fixture.json,,,
2gz6sbnmy7ij0n70ut7vn5ec,2026-06-03,2026-06-03Z,,Banfield Res.,Sarmiento Res.,,,,,1,2026-01-24T08:07:52Z,3trr1fkbng6fnagct7101bpck,Torneo Proyección,2f3fydvyjz2svhlc1eo3qflwd,Argentina,South America,2026,data\south_america\argentina\torneo_proyeccion\2f3fydvyjz2svhlc1eo3qflwd\2026\fixture.json,,,
1zcxiqbwhndcj700xww4kdn8,2026-06-03,2026-06-03Z,,Talleres de Córdoba Res.,Argentinos Juniors Res.,,,,,1,2026-01-24T08:07:52Z,3trr1fkbng6fnagct7101bpck,Torneo Proyección,2f3fydvyjz2svhlc1eo3qflwd,Argentina,South America,2026,data\south_america\argentina\torneo_proyeccion\2f3fydvyjz2svhlc1eo3qflwd\2026\fixture.json,,,
1jl3ii4wwt6nqsk8zyba2710,2026-06-03,2026-06-03Z,,Barracas Central Res.,Aldosivi Res.,,,,,1,2026-01-24T08:07:52Z,3trr1fkbng6fnagct7101bpck,Torneo Proyección,2f3fydvyjz2svhlc1eo3qflwd,Argentina,South America,2026,data\south_america\argentina\torneo_proyeccion\2f3fydvyjz2svhlc1eo3qflwd\2026\fixture.json,,,
1419x1jo1npshfbssfl4qi38,2026-06-03,2026-06-03Z,,Gimnasia Mendoza Res.,Gimnasia La Plata Res.,,,,,1,2026-01-24T08:07:52Z,3trr1fkbng6fnagct7101bpck,Torneo Proyección,2f3fydvyjz2svhlc1eo3qflwd,Argentina,South America,2026,data\south_america\argentina\torneo_proyeccion\2f3fydvyjz2svhlc1eo3qflwd\2026\fixture.json,,,
f5e0cb45drm03v438bg7dbqxg,2026-05-27,2026-05-27Z,,Huracán Res.,Ferro Carril Oeste Res.,,,,,1,2026-01-24T08:07:52Z,3trr1fkbng6fnagct7101bpck,Torneo Proyección,2f3fydvyjz2svhlc1eo3qflwd,Argentina,South America,2026,data\south_america\argentina\torneo_proyeccion\2f3fydvyjz2svhlc1eo3qflwd\2026\fixture.json,,,
f4x7gchfmw9mikliyzb6s2n84,2026-05-27,2026-05-27Z,,Estudiantes RC Res.,Boca Juniors Res.,,,,,1,2026-01-24T08:07:52Z,3trr1fkbng6fnagct7101bpck,Torneo Proyección,2f3fydvyjz2svhlc1eo3qflwd,Argentina,South America,2026,data\south_america\argentina\torneo_proyeccion\2f3fydvyjz2svhlc1eo3qflwd\2026\fixture.json,,,
f4hkb16bkunrucr0is8r6lct0,2026-05-27,2026-05-27Z,,Defensa y Justicia Res.,Independiente Res.,,,,,1,2026-01-24T08:07:52Z,3trr1fkbng6fnagct7101bpck,Torneo Proyección,2f3fydvyjz2svhlc1eo3qflwd,Argentina,South America,2026,data\south_america\argentina\torneo_proyeccion\2f3fydvyjz2svhlc1eo3qflwd\2026\fixture.json,,,
f41ynjwfjcb3n5zab5ugeq49g,2026-05-27,2026-05-27Z,,Newell's Old Boys Res.,Atlético Rafaela Res.,,,,,1,2026-01-24T08:07:52Z,3trr1fkbng6fnagct7101bpck,Torneo Proyección,2f3fydvyjz2svhlc1eo3qflwd,Argentina,South America,2026,data\south_america\argentina\torneo_proyeccion\2f3fydvyjz2svhlc1eo3qflwd\2026\fixture.json,,,
f3lxej5pud6bn1wjb27s95yc4,2026-05-27,2026-05-27Z,,Lanús Res.,Platense Res.,,,,,1,2026-01-24T08:07:52Z,3trr1fkbng6fnagct7101bpck,Torneo Proyección,2f3fydvyjz2svhlc1eo3qflwd,Argentina,South America,2026,data\south_america\argentina\torneo_proyeccion\2f3fydvyjz2svhlc1eo3qflwd\2026\fixture.json,,,
f35f2st9h1jnb3y9ffyt6etck,2026-05-27,2026-05-27Z,,Belgrano Res.,Quilmes Res.,,,,,1,2026-01-24T08:07:52Z,3trr1fkbng6fnagct7101bpck,Torneo Proyección,2f3fydvyjz2svhlc1eo3qflwd,Argentina,South America,2026,data\south_america\argentina\torneo_proyeccion\2f3fydvyjz2svhlc1eo3qflwd\2026\fixture.json,,,
f2n6xip2cw3t93rc4iynynx90,2026-05-27,2026-05-27Z,,Deportivo Riestra Res.,Estudiantes Res.,,,,,1,2026-01-24T08:07:52Z,3trr1fkbng6fnagct7101bpck,Torneo Proyección,2f3fydvyjz2svhlc1eo3qflwd,Argentina,South America,2026,data\south_america\argentina\torneo_proyeccion\2f3fydvyjz2svhlc1eo3qflwd\2026\fixture.json,,,
f27zs71s1pg5sacdmvo6nwlxw,2026-05-27,2026-05-27Z,,Independiente Riva. Res.,Central Córdoba SdE Res.,,,,,1,2026-01-24T08:07:52Z,3trr1fkbng6fnagct7101bpck,Torneo Proyección,2f3fydvyjz2svhlc1eo3qflwd,Argentina,South America,2026,data\south_america\argentina\torneo_proyeccion\2f3fydvyjz2svhlc1eo3qflwd\2026\fixture.json,,,
f1s09sjyxr9113zr31358tn2s,2026-05-27,2026-05-27Z,,San Martín San Juan Res.,Colón Res.,,,,,1,2026-01-24T08:07:52Z,3trr1fkbng6fnagct7101bpck,Torneo Proyección,2f3fydvyjz2svhlc1eo3qflwd,Argentina,South America,2026,data\south_america\argentina\torneo_proyeccion\2f3fydvyjz2svhlc1eo3qflwd\2026\fixture.json,,,
f1azd1pq9m8a0uepacescyal0,2026-05-27,2026-05-27Z,,Atlético Tucumán Res.,Godoy Cruz Res.,,,,,1,2026-01-24T08:07:52Z,3trr1fkbng6fnagct7101bpck,Torneo Proyección,2f3fydvyjz2svhlc1eo3qflwd,Argentina,South America,2026,data\south_america\argentina\torneo_proyeccion\2f3fydvyjz2svhlc1eo3qflwd\2026\fixture.json,,,
f0v79v6vy3wuetpalls75zbis,2026-05-27,2026-05-27Z,,Unión Res.,Gimnasia Mendoza Res.,,,,,1,2026-01-24T08:07:52Z,3trr1fkbng6fnagct7101bpck,Torneo Proyección,2f3fydvyjz2svhlc1eo3qflwd,Argentina,South America,2026,data\south_america\argentina\torneo_proyeccion\2f3fydvyjz2svhlc1eo3qflwd\2026\fixture.json,,,
f0eyrhi0dbadysac1cif09vys,2026-05-27,2026-05-27Z,,Gimnasia La Plata Res.,Barracas Central Res.,,,,,1,2026-01-24T08:07:53Z,3trr1fkbng6fnagct7101bpck,Torneo Proyección,2f3fydvyjz2svhlc1eo3qflwd,Argentina,South America,2026,data\south_america\argentina\torneo_proyeccion\2f3fydvyjz2svhlc1eo3qflwd\2026\fixture.json,,,
ezwz4iqm5n9lrt7vq4ek8jqqc,2026-05-27,2026-05-27Z,,Aldosivi Res.,Talleres de Córdoba Res.,,,,,1,2026-01-24T08:07:52Z,3trr1fkbng6fnagct7101bpck,Torneo Proyección,2f3fydvyjz2svhlc1eo3qflwd,Argentina,South America,2026,data\south_america\argentina\torneo_proyeccion\2f3fydvyjz2svhlc1eo3qflwd\2026\fixture.json,,,
ezf6mosmags44cajelkmc2al0,2026-05-27,2026-05-27Z,,Argentinos Juniors Res.,Banfield Res.,,,,,1,2026-01-24T08:07:52Z,3trr1fkbng6fnagct7101bpck,Torneo Proyección,2f3fydvyjz2svhlc1eo3qflwd,Argentina,South America,2026,data\south_america\argentina\torneo_proyeccion\2f3fydvyjz2svhlc1eo3qflwd\2026\fixture.json,,,
eyyhctu24sdysyrt4ewwikavo,2026-05-27,2026-05-27Z,,Sarmiento Res.,Rosario Central Res.,,,,,1,2026-01-24T08:07:52Z,3trr1fkbng6fnagct7101bpck,Torneo Proyección,2f3fydvyjz2svhlc1eo3qflwd,Argentina,South America,2026,data\south_america\argentina\torneo_proyeccion\2f3fydvyjz2svhlc1eo3qflwd\2026\fixture.json,,,
eya7qiknh2m1ze9alpo5aomj8,2026-05-27,2026-05-27Z,,Racing Club Res.,Tigre Res.,,,,,1,2026-01-24T08:07:52Z,3trr1fkbng6fnagct7101bpck,Torneo Proyección,2f3fydvyjz2svhlc1eo3qflwd,Argentina,South America,2026,data\south_america\argentina\torneo_proyeccion\2f3fydvyjz2svhlc1eo3qflwd\2026\fixture.json,,,
exu4rbst84di1xijgtxrmsjys,2026-05-27,2026-05-27Z,,River Plate Res.,San Lorenzo Res.,,,,,1,2026-01-24T08:07:51Z,3trr1fkbng6fnagct7101bpck,Torneo Proyección,2f3fydvyjz2svhlc1eo3qflwd,Argentina,South America,2026,data\south_america\argentina\torneo_proyeccion\2f3fydvyjz2svhlc1eo3qflwd\2026\fixture.json,,,
exai3k4d40q0rncmw0gm5kf10,2026-05-27,2026-05-27Z,,Vélez Sársfield Res.,Instituto Res.,,,,,1,2026-01-24T08:07:52Z,3trr1fkbng6fnagct7101bpck,Torneo Proyección,2f3fydvyjz2svhlc1eo3qflwd,Argentina,South America,2026,data\south_america\argentina\torneo_proyeccion\2f3fydvyjz2svhlc1eo3qflwd\2026\fixture.json,,,
ewuznhkoywff88asu8c1s6pec,2026-05-20,2026-05-20Z,,San Martín San Juan Res.,Independiente Riva. Res.,,,,,1,2026-01-24T08:07:52Z,3trr1fkbng6fnagct7101bpck,Torneo Proyección,2f3fydvyjz2svhlc1eo3qflwd,Argentina,South America,2026,data\south_america\argentina\torneo_proyeccion\2f3fydvyjz2svhlc1eo3qflwd\2026\fixture.json,,,
ewfij6sa10hvvbnh7ocoilj4k,2026-05-20,2026-05-20Z,,Central Córdoba SdE Res.,Deportivo Riestra Res.,,,,,1,2026-01-24T08:07:51Z,3trr1fkbng6fnagct7101bpck,Torneo Proyección,2f3fydvyjz2svhlc1eo3qflwd,Argentina,South America,2026,data\south_america\argentina\torneo_proyeccion\2f3fydvyjz2svhlc1eo3qflwd\2026\fixture.json,,,
evztfqodj5blw91ks9s41g9p0,2026-05-20,2026-05-20Z,,Estudiantes Res.,Belgrano Res.,,,,,1,2026-01-24T08:07:51Z,3trr1fkbng6fnagct7101bpck,Torneo Proyección,2f3fydvyjz2svhlc1eo3qflwd,Argentina,South America,2026,data\south_america\argentina\torneo_proyeccion\2f3fydvyjz2svhlc1eo3qflwd\2026\fixture.json,,,
evkbqyhebdcefhaozh1xjacr8,2026-05-20,2026-05-20Z,,Quilmes Res.,Lanús Res.,,,,,1,2026-01-24T08:07:51Z,3trr1fkbng6fnagct7101bpck,Torneo Proyección,2f3fydvyjz2svhlc1eo3qflwd,Argentina,South America,2026,data\south_america\argentina\torneo_proyeccion\2f3fydvyjz2svhlc1eo3qflwd\2026\fixture.json,,,
ev4r777k7sg7sj9t2yhml436c,2026-05-20,2026-05-20Z,,Platense Res.,Newell's Old Boys Res.,,,,,1,2026-01-24T08:07:51Z,3trr1fkbng6fnagct7101bpck,Torneo Proyección,2f3fydvyjz2svhlc1eo3qflwd,Argentina,South America,2026,data\south_america\argentina\torneo_proyeccion\2f3fydvyjz2svhlc1eo3qflwd\2026\fixture.json,,,
euo410jsyng8jfn8bu4ysapzo,2026-05-20,2026-05-20Z,,Atlético Rafaela Res.,Defensa y Justicia Res.,,,,,1,2026-01-24T08:07:51Z,3trr1fkbng6fnagct7101bpck,Torneo Proyección,2f3fydvyjz2svhlc1eo3qflwd,Argentina,South America,2026,data\south_america\argentina\torneo_proyeccion\2f3fydvyjz2svhlc1eo3qflwd\2026\fixture.json,,,
eu4ay6gaxecu7bcom9e0rt15g,2026-05-20,2026-05-20Z,,Independiente Res.,Estudiantes RC Res.,,,,,1,2026-01-24T08:07:51Z,3trr1fkbng6fnagct7101bpck,Torneo Proyección,2f3fydvyjz2svhlc1eo3qflwd,Argentina,South America,2026,data\south_america\argentina\torneo_proyeccion\2f3fydvyjz2svhlc1eo3qflwd\2026\fixture.json,,,
etnn65ba9am5ucdaetc3hv4lw,2026-05-20,2026-05-20Z,,Boca Juniors Res.,Huracán Res.,,,,,1,2026-01-24T08:07:51Z,3trr1fkbng6fnagct7101bpck,Torneo Proyección,2f3fydvyjz2svhlc1eo3qflwd,Argentina,South America,2026,data\south_america\argentina\torneo_proyeccion\2f3fydvyjz2svhlc1eo3qflwd\2026\fixture.json,,,
et0to3jev9bfsg636yhb3d15g,2026-05-20,2026-05-20Z,,Colón Res.,Ferro Carril Oeste Res.,,,,,1,2026-01-24T08:07:51Z,3trr1fkbng6fnagct7101bpck,Torneo Proyección,2f3fydvyjz2svhlc1eo3qflwd,Argentina,South America,2026,data\south_america\argentina\torneo_proyeccion\2f3fydvyjz2svhlc1eo3qflwd\2026\fixture.json,,,
esiljye0vnnp2npd0dyni3aj8,2026-05-20,2026-05-20Z,,Vélez Sársfield Res.,River Plate Res.,,,,,1,2026-01-24T08:07:51Z,3trr1fkbng6fnagct7101bpck,Torneo Proyección,2f3fydvyjz2svhlc1eo3qflwd,Argentina,South America,2026,data\south_america\argentina\torneo_proyeccion\2f3fydvyjz2svhlc1eo3qflwd\2026\fixture.json,,,
erz01ij9fyvskaoynzxxjcglw,2026-05-20,2026-05-20Z,,San Lorenzo Res.,Racing Club Res.,,,,,1,2026-01-24T08:07:51Z,3trr1fkbng6fnagct7101bpck,Torneo Proyección,2f3fydvyjz2svhlc1eo3qflwd,Argentina,South America,2026,data\south_america\argentina\torneo_proyeccion\2f3fydvyjz2svhlc1eo3qflwd\2026\fixture.json,,,
eriptifxrmmrsibavsjtkbuac,2026-05-20,2026-05-20Z,,Tigre Res.,Sarmiento Res.,,,,,1,2026-01-24T08:07:51Z,3trr1fkbng6fnagct7101bpck,Torneo Proyección,2f3fydvyjz2svhlc1eo3qflwd,Argentina,South America,2026,data\south_america\argentina\torneo_proyeccion\2f3fydvyjz2svhlc1eo3qflwd\2026\fixture.json,,,
er35t8q7ggh6c8mjx7t0xkb2s,2026-05-20,2026-05-20Z,,Rosario Central Res.,Argentinos Juniors Res.,,,,,1,2026-01-24T08:07:51Z,3trr1fkbng6fnagct7101bpck,Torneo Proyección,2f3fydvyjz2svhlc1eo3qflwd,Argentina,South America,2026,data\south_america\argentina\torneo_proyeccion\2f3fydvyjz2svhlc1eo3qflwd\2026\fixture.json,,,
eqnn9ged2o35e8u88swlfyyhg,2026-05-20,2026-05-20Z,,Banfield Res.,Aldosivi Res.,,,,,1,2026-01-24T08:07:51Z,3trr1fkbng6fnagct7101bpck,Torneo Proyección,2f3fydvyjz2svhlc1eo3qflwd,Argentina,South America,2026,data\south_america\argentina\torneo_proyeccion\2f3fydvyjz2svhlc1eo3qflwd\2026\fixture.json,,,
eq80skdvjpjbw9ctr7tstcowk,2026-05-20,2026-05-20Z,,Talleres de Córdoba Res.,Gimnasia La Plata Res.,,,,,1,2026-01-24T08:07:51Z,3trr1fkbng6fnagct7101bpck,Torneo Proyección,2f3fydvyjz2svhlc1eo3qflwd,Argentina,South America,2026,data\south_america\argentina\torneo_proyeccion\2f3fydvyjz2svhlc1eo3qflwd\2026\fixture.json,,,
epsgzanr9pjuhfpa7xvu111ck,2026-05-20,2026-05-20Z,,Barracas Central Res.,Unión Res.,,,,,1,2026-01-24T08:07:51Z,3trr1fkbng6fnagct7101bpck,Torneo Proyección,2f3fydvyjz2svhlc1eo3qflwd,Argentina,South America,2026,data\south_america\argentina\torneo_proyeccion\2f3fydvyjz2svhlc1eo3qflwd\2026\fixture.json,,,
epbz3ow41squz5rldqkywquqc,2026-05-20,2026-05-20Z,,Gimnasia Mendoza Res.,Atlético Tucumán Res.,,,,,1,2026-01-24T08:07:51Z,3trr1fkbng6fnagct7101bpck,Torneo Proyección,2f3fydvyjz2svhlc1eo3qflwd,Argentina,South America,2026,data\south_america\argentina\torneo_proyeccion\2f3fydvyjz2svhlc1eo3qflwd\2026\fixture.json,,,
eouzkc9sw9bdwym2f3v9nm9sk,2026-05-20,2026-05-20Z,,Instituto Res.,Godoy Cruz Res.,,,,,1,2026-01-24T08:07:51Z,3trr1fkbng6fnagct7101bpck,Torneo Proyección,2f3fydvyjz2svhlc1eo3qflwd,Argentina,South America,2026,data\south_america\argentina\torneo_proyeccion\2f3fydvyjz2svhlc1eo3qflwd\2026\fixture.json,,,
eof565q2o69oqs9lv2k18ir6c,2026-05-13,2026-05-13Z,,Ferro Carril Oeste Res.,Boca Juniors Res.,,,,,1,2026-01-24T08:07:51Z,3trr1fkbng6fnagct7101bpck,Torneo Proyección,2f3fydvyjz2svhlc1eo3qflwd,Argentina,South America,2026,data\south_america\argentina\torneo_proyeccion\2f3fydvyjz2svhlc1eo3qflwd\2026\fixture.json,,,
enzl195khcjsow3s5eyi7340k,2026-05-13,2026-05-13Z,,Huracán Res.,Independiente Res.,,,,,1,2026-01-24T08:07:51Z,3trr1fkbng6fnagct7101bpck,Torneo Proyección,2f3fydvyjz2svhlc1eo3qflwd,Argentina,South America,2026,data\south_america\argentina\torneo_proyeccion\2f3fydvyjz2svhlc1eo3qflwd\2026\fixture.json,,,
enk33uame2kjwhr8cnjp1h4ic,2026-05-13,2026-05-13Z,,Estudiantes RC Res.,Atlético Rafaela Res.,,,,,1,2026-01-24T08:07:51Z,3trr1fkbng6fnagct7101bpck,Torneo Proyección,2f3fydvyjz2svhlc1eo3qflwd,Argentina,South America,2026,data\south_america\argentina\torneo_proyeccion\2f3fydvyjz2svhlc1eo3qflwd\2026\fixture.json,,,
en27hujr98hf4d60oy2xseluc,2026-05-13,2026-05-13Z,,Defensa y Justicia Res.,Platense Res.,,,,,1,2026-01-24T08:07:51Z,3trr1fkbng6fnagct7101bpck,Torneo Proyección,2f3fydvyjz2svhlc1eo3qflwd,Argentina,South America,2026,data\south_america\argentina\torneo_proyeccion\2f3fydvyjz2svhlc1eo3qflwd\2026\fixture.json,,,
emmrn7rqjcub9p4ty55oh8mqc,2026-05-13,2026-05-13Z,,Newell's Old Boys Res.,Quilmes Res.,,,,,1,2026-01-24T08:07:51Z,3trr1fkbng6fnagct7101bpck,Torneo Proyección,2f3fydvyjz2svhlc1eo3qflwd,Argentina,South America,2026,data\south_america\argentina\torneo_proyeccion\2f3fydvyjz2svhlc1eo3qflwd\2026\fixture.json,,,
em5slwuz6nm6o11cjiglo9g5w,2026-05-13,2026-05-13Z,,Lanús Res.,Estudiantes Res.,,,,,1,2026-01-24T08:07:51Z,3trr1fkbng6fnagct7101bpck,Torneo Proyección,2f3fydvyjz2svhlc1eo3qflwd,Argentina,South America,2026,data\south_america\argentina\torneo_proyeccion\2f3fydvyjz2svhlc1eo3qflwd\2026\fixture.json,,,
elq479hmefhlgmtuabz5reyok,2026-05-13,2026-05-13Z,,Belgrano Res.,Central Córdoba SdE Res.,,,,,1,2026-01-24T08:07:51Z,3trr1fkbng6fnagct7101bpck,Torneo Proyección,2f3fydvyjz2svhlc1eo3qflwd,Argentina,South America,2026,data\south_america\argentina\torneo_proyeccion\2f3fydvyjz2svhlc1eo3qflwd\2026\fixture.json,,,
elaemhhlu12qmsj7wz98mpzis,2026-05-13,2026-05-13Z,,Deportivo Riestra Res.,San Martín San Juan Res.,,,,,1,2026-01-24T08:07:51Z,3trr1fkbng6fnagct7101bpck,Torneo Proyección,2f3fydvyjz2svhlc1eo3qflwd,Argentina,South America,2026,data\south_america\argentina\torneo_proyeccion\2f3fydvyjz2svhlc1eo3qflwd\2026\fixture.json,,,
ekoqmcqsaz9gdp7rr3oltm8lw,2026-05-13,2026-05-13Z,,Independiente Riva. Res.,Colón Res.,,,,,1,2026-01-24T08:07:51Z,3trr1fkbng6fnagct7101bpck,Torneo Proyección,2f3fydvyjz2svhlc1eo3qflwd,Argentina,South America,2026,data\south_america\argentina\torneo_proyeccion\2f3fydvyjz2svhlc1eo3qflwd\2026\fixture.json,,,
ek1u2hg5oyk2kgr17xvqe2zh0,2026-05-13,2026-05-13Z,,Godoy Cruz Res.,Gimnasia Mendoza Res.,,,,,1,2026-01-24T08:07:51Z,3trr1fkbng6fnagct7101bpck,Torneo Proyección,2f3fydvyjz2svhlc1eo3qflwd,Argentina,South America,2026,data\south_america\argentina\torneo_proyeccion\2f3fydvyjz2svhlc1eo3qflwd\2026\fixture.json,,,
ejlf9ks3naene71bon5fmwoic,2026-05-13,2026-05-13Z,,Atlético Tucumán Res.,Barracas Central Res.,,,,,1,2026-01-24T08:07:51Z,3trr1fkbng6fnagct7101bpck,Torneo Proyección,2f3fydvyjz2svhlc1eo3qflwd,Argentina,South America,2026,data\south_america\argentina\torneo_proyeccion\2f3fydvyjz2svhlc1eo3qflwd\2026\fixture.json,,,
ej5pqmhxaxq3x74z8igkj0pw4,2026-05-13,2026-05-13Z,,Unión Res.,Talleres de Córdoba Res.,,,,,1,2026-01-24T08:07:51Z,3trr1fkbng6fnagct7101bpck,Torneo Proyección,2f3fydvyjz2svhlc1eo3qflwd,Argentina,South America,2026,data\south_america\argentina\torneo_proyeccion\2f3fydvyjz2svhlc1eo3qflwd\2026\fixture.json,,,
eipv5pk8qxn6zr2ijr9utxpuc,2026-05-13,2026-05-13Z,,Gimnasia La Plata Res.,Banfield Res.,,,,,1,2026-01-24T08:07:53Z,3trr1fkbng6fnagct7101bpck,Torneo Proyección,2f3fydvyjz2svhlc1eo3qflwd,Argentina,South America,2026,data\south_america\argentina\torneo_proyeccion\2f3fydvyjz2svhlc1eo3qflwd\2026\fixture.json,,,
ei90n42gcylhu9virdsf6vg9g,2026-05-13,2026-05-13Z,,Aldosivi Res.,Rosario Central Res.,,,,,1,2026-01-24T08:07:51Z,3trr1fkbng6fnagct7101bpck,Torneo Proyección,2f3fydvyjz2svhlc1eo3qflwd,Argentina,South America,2026,data\south_america\argentina\torneo_proyeccion\2f3fydvyjz2svhlc1eo3qflwd\2026\fixture.json,,,
ehrbavrvr08w1lw55ze6i8ems,2026-05-13,2026-05-13Z,,Argentinos Juniors Res.,Tigre Res.,,,,,1,2026-01-24T08:07:51Z,3trr1fkbng6fnagct7101bpck,Torneo Proyección,2f3fydvyjz2svhlc1eo3qflwd,Argentina,South America,2026,data\south_america\argentina\torneo_proyeccion\2f3fydvyjz2svhlc1eo3qflwd\2026\fixture.json,,,
ehbvtl2s3tembpf348sdlu6ms,2026-05-13,2026-05-13Z,,Sarmiento Res.,San Lorenzo Res.,,,,,1,2026-01-24T08:07:51Z,3trr1fkbng6fnagct7101bpck,Torneo Proyección,2f3fydvyjz2svhlc1eo3qflwd,Argentina,South America,2026,data\south_america\argentina\torneo_proyeccion\2f3fydvyjz2svhlc1eo3qflwd\2026\fixture.json,,,
egweqqryqdtg8to7d4sx1o8ic,2026-05-13,2026-05-13Z,,Racing Club Res.,Vélez Sársfield Res.,,,,,1,2026-01-24T08:07:51Z,3trr1fkbng6fnagct7101bpck,Torneo Proyección,2f3fydvyjz2svhlc1eo3qflwd,Argentina,South America,2026,data\south_america\argentina\torneo_proyeccion\2f3fydvyjz2svhlc1eo3qflwd\2026\fixture.json,,,
eggv8fcvso7uz2ebd71ae6o7o,2026-05-13,2026-05-13Z,,River Plate Res.,Instituto Res.,,,,,1,2026-01-24T08:07:51Z,3trr1fkbng6fnagct7101bpck,Torneo Proyección,2f3fydvyjz2svhlc1eo3qflwd,Argentina,South America,2026,data\south_america\argentina\torneo_proyeccion\2f3fydvyjz2svhlc1eo3qflwd\2026\fixture.json,,,
eg14kzjrkeae7227p84ffkc9g,2026-05-07,2026-05-07Z,18:00:00Z,Independiente Riva. Res.,Deportivo Riestra Res.,,,,,1,2026-04-01T09:39:41Z,3trr1fkbng6fnagct7101bpck,Torneo Proyección,2f3fydvyjz2svhlc1eo3qflwd,Argentina,South America,2026,data\south_america\argentina\torneo_proyeccion\2f3fydvyjz2svhlc1eo3qflwd\2026\fixture.json,,,
efluaazzle7x33up4p28d75sk,2026-05-07,2026-05-07Z,18:00:00Z,San Martín San Juan Res.,Belgrano Res.,,,,,1,2026-04-01T09:39:41Z,3trr1fkbng6fnagct7101bpck,Torneo Proyección,2f3fydvyjz2svhlc1eo3qflwd,Argentina,South America,2026,data\south_america\argentina\torneo_proyeccion\2f3fydvyjz2svhlc1eo3qflwd\2026\fixture.json,,,
eej4r13azuk9lncmn52980ufo,2026-05-07,2026-05-07Z,18:00:00Z,Estudiantes Res.,Newell's Old Boys Res.,,,,,1,2026-04-01T09:39:41Z,3trr1fkbng6fnagct7101bpck,Torneo Proyección,2f3fydvyjz2svhlc1eo3qflwd,Argentina,South America,2026,data\south_america\argentina\torneo_proyeccion\2f3fydvyjz2svhlc1eo3qflwd\2026\fixture.json,,,
ec7m9h3c1bmlj7umul2rlchsk,2026-05-07,2026-05-07Z,18:00:00Z,Colón Res.,Boca Juniors Res.,,,,,1,2026-04-01T09:39:40Z,3trr1fkbng6fnagct7101bpck,Torneo Proyección,2f3fydvyjz2svhlc1eo3qflwd,Argentina,South America,2026,data\south_america\argentina\torneo_proyeccion\2f3fydvyjz2svhlc1eo3qflwd\2026\fixture.json,,,
eag7dv5cxxj29x3mihfspcjdg,2026-05-07,2026-05-07Z,18:00:00Z,Tigre Res.,Aldosivi Res.,,,,,1,2026-04-01T09:39:39Z,3trr1fkbng6fnagct7101bpck,Torneo Proyección,2f3fydvyjz2svhlc1eo3qflwd,Argentina,South America,2026,data\south_america\argentina\torneo_proyeccion\2f3fydvyjz2svhlc1eo3qflwd\2026\fixture.json,,,
e8pcvff7oajjgo68ou6iz4pp0,2026-05-07,2026-05-07Z,18:00:00Z,Barracas Central Res.,Godoy Cruz Res.,,,,,1,2026-04-01T09:39:38Z,3trr1fkbng6fnagct7101bpck,Torneo Proyección,2f3fydvyjz2svhlc1eo3qflwd,Argentina,South America,2026,data\south_america\argentina\torneo_proyeccion\2f3fydvyjz2svhlc1eo3qflwd\2026\fixture.json,,,
ef2397056g4hl9plmf84hftw4,2026-05-06,2026-05-06Z,22:00:00Z,Central Córdoba SdE Res.,Lanús Res.,,,,,1,2026-04-01T09:40:29Z,3trr1fkbng6fnagct7101bpck,Torneo Proyección,2f3fydvyjz2svhlc1eo3qflwd,Argentina,South America,2026,data\south_america\argentina\torneo_proyeccion\2f3fydvyjz2svhlc1eo3qflwd\2026\fixture.json,,,
e95ixua9z13qrv7xjy9tuzhn8,2026-05-06,2026-05-06Z,22:00:00Z,Talleres de Córdoba Res.,Atlético Tucumán Res.,,,,,1,2026-04-01T09:40:26Z,3trr1fkbng6fnagct7101bpck,Torneo Proyección,2f3fydvyjz2svhlc1eo3qflwd,Argentina,South America,2026,data\south_america\argentina\torneo_proyeccion\2f3fydvyjz2svhlc1eo3qflwd\2026\fixture.json,,,
ebborg9y3qyxa2nzx2ze9iwic,2026-05-06,2026-05-06Z,18:00:00Z,Vélez Sársfield Res.,Sarmiento Res.,,,,,1,2026-04-01T09:39:39Z,3trr1fkbng6fnagct7101bpck,Torneo Proyección,2f3fydvyjz2svhlc1eo3qflwd,Argentina,South America,2026,data\south_america\argentina\torneo_proyeccion\2f3fydvyjz2svhlc1eo3qflwd\2026\fixture.json,,,
eavvzsr11grsct9vz1ufv96vo,2026-05-06,2026-05-06Z,18:00:00Z,San Lorenzo Res.,Argentinos Juniors Res.,,,,,1,2026-04-01T09:39:39Z,3trr1fkbng6fnagct7101bpck,Torneo Proyección,2f3fydvyjz2svhlc1eo3qflwd,Argentina,South America,2026,data\south_america\argentina\torneo_proyeccion\2f3fydvyjz2svhlc1eo3qflwd\2026\fixture.json,,,
ea0fg131pf4zcnp611gvfle6s,2026-05-06,2026-05-06Z,18:00:00Z,Rosario Central Res.,Gimnasia La Plata Res.,,,,,1,2026-04-01T09:39:39Z,3trr1fkbng6fnagct7101bpck,Torneo Proyección,2f3fydvyjz2svhlc1eo3qflwd,Argentina,South America,2026,data\south_america\argentina\torneo_proyeccion\2f3fydvyjz2svhlc1eo3qflwd\2026\fixture.json,,,
e9l416j4aeduvi84zrp3lfx1w,2026-05-06,2026-05-06Z,18:00:00Z,Banfield Res.,Unión Res.,,,,,1,2026-04-01T09:39:39Z,3trr1fkbng6fnagct7101bpck,Torneo Proyección,2f3fydvyjz2svhlc1eo3qflwd,Argentina,South America,2026,data\south_america\argentina\torneo_proyeccion\2f3fydvyjz2svhlc1eo3qflwd\2026\fixture.json,,,
ebrfxku70o8ae8emn8xpu6s5w,2026-05-05,2026-05-05Z,22:00:00Z,River Plate Res.,Racing Club Res.,,,,,1,2026-04-01T09:39:53Z,3trr1fkbng6fnagct7101bpck,Torneo Proyección,2f3fydvyjz2svhlc1eo3qflwd,Argentina,South America,2026,data\south_america\argentina\torneo_proyeccion\2f3fydvyjz2svhlc1eo3qflwd\2026\fixture.json,,,
ee3nlsdkb4r0z6sx8sqnjrcb8,2026-05-05,2026-05-05Z,18:00:00Z,Quilmes Res.,Defensa y Justicia Res.,,,,,1,2026-04-01T09:39:40Z,3trr1fkbng6fnagct7101bpck,Torneo Proyección,2f3fydvyjz2svhlc1eo3qflwd,Argentina,South America,2026,data\south_america\argentina\torneo_proyeccion\2f3fydvyjz2svhlc1eo3qflwd\2026\fixture.json,,,
edo4e33oox5xct43jlfx3zwgk,2026-05-05,2026-05-05Z,18:00:00Z,Platense Res.,Estudiantes RC Res.,,,,,1,2026-04-01T09:39:40Z,3trr1fkbng6fnagct7101bpck,Torneo Proyección,2f3fydvyjz2svhlc1eo3qflwd,Argentina,South America,2026,data\south_america\argentina\torneo_proyeccion\2f3fydvyjz2svhlc1eo3qflwd\2026\fixture.json,,,
ed7o5i2ecl9c1ez0rppn72k9g,2026-05-05,2026-05-05Z,18:00:00Z,Atlético Rafaela Res.,Huracán Res.,,,,,1,2026-04-01T09:39:40Z,3trr1fkbng6fnagct7101bpck,Torneo Proyección,2f3fydvyjz2svhlc1eo3qflwd,Argentina,South America,2026,data\south_america\argentina\torneo_proyeccion\2f3fydvyjz2svhlc1eo3qflwd\2026\fixture.json,,,
ecnjxddb1pb3mq2mmbyf25nv8,2026-05-05,2026-05-05Z,18:00:00Z,Independiente Res.,Ferro Carril Oeste Res.,,,,,1,2026-04-01T09:39:40Z,3trr1fkbng6fnagct7101bpck,Torneo Proyección,2f3fydvyjz2svhlc1eo3qflwd,Argentina,South America,2026,data\south_america\argentina\torneo_proyeccion\2f3fydvyjz2svhlc1eo3qflwd\2026\fixture.json,,,
e82l5wlmgscp9bnq45b78obv8,2026-05-05,2026-05-05Z,18:00:00Z,Instituto Res.,Gimnasia Mendoza Res.,,,,,1,2026-04-01T09:39:38Z,3trr1fkbng6fnagct7101bpck,Torneo Proyección,2f3fydvyjz2svhlc1eo3qflwd,Argentina,South America,2026,data\south_america\argentina\torneo_proyeccion\2f3fydvyjz2svhlc1eo3qflwd\2026\fixture.json,,,
e2ecv14a77a17vgt79cpka32s,2026-04-30,2026-04-30Z,22:00:00Z,Atlético Tucumán Res.,Banfield Res.,,,,,1,2026-04-01T09:41:38Z,3trr1fkbng6fnagct7101bpck,Torneo Proyección,2f3fydvyjz2svhlc1eo3qflwd,Argentina,South America,2026,data\south_america\argentina\torneo_proyeccion\2f3fydvyjz2svhlc1eo3qflwd\2026\fixture.json,,,
e6k409a99ojthilgmb3yz9w5w,2026-04-30,2026-04-30Z,18:00:00Z,Huracán Res.,Platense Res.,,,,,1,2026-04-01T09:34:03Z,3trr1fkbng6fnagct7101bpck,Torneo Proyección,2f3fydvyjz2svhlc1eo3qflwd,Argentina,South America,2026,data\south_america\argentina\torneo_proyeccion\2f3fydvyjz2svhlc1eo3qflwd\2026\fixture.json,,,
e61vkst9t5py2gsp0gg67u8lw,2026-04-30,2026-04-30Z,18:00:00Z,Estudiantes RC Res.,Quilmes Res.,,,,,1,2026-04-01T09:34:03Z,3trr1fkbng6fnagct7101bpck,Torneo Proyección,2f3fydvyjz2svhlc1eo3qflwd,Argentina,South America,2026,data\south_america\argentina\torneo_proyeccion\2f3fydvyjz2svhlc1eo3qflwd\2026\fixture.json,,,
e3snjir4gns27g8ofwfe3wa38,2026-04-30,2026-04-30Z,18:00:00Z,Deportivo Riestra Res.,Colón Res.,,,,,1,2026-04-01T09:34:02Z,3trr1fkbng6fnagct7101bpck,Torneo Proyección,2f3fydvyjz2svhlc1eo3qflwd,Argentina,South America,2026,data\south_america\argentina\torneo_proyeccion\2f3fydvyjz2svhlc1eo3qflwd\2026\fixture.json,,,
e2voal8yd5w2tuhun2dl7lx5g,2026-04-30,2026-04-30Z,18:00:00Z,Godoy Cruz Res.,Talleres de Córdoba Res.,,,,,1,2026-04-01T09:34:02Z,3trr1fkbng6fnagct7101bpck,Torneo Proyección,2f3fydvyjz2svhlc1eo3qflwd,Argentina,South America,2026,data\south_america\argentina\torneo_proyeccion\2f3fydvyjz2svhlc1eo3qflwd\2026\fixture.json,,,
e13evtqq96mtoc472gsv2i4no,2026-04-30,2026-04-30Z,18:00:00Z,Aldosivi Res.,San Lorenzo Res.,,,,,1,2026-04-01T09:34:01Z,3trr1fkbng6fnagct7101bpck,Torneo Proyección,2f3fydvyjz2svhlc1eo3qflwd,Argentina,South America,2026,data\south_america\argentina\torneo_proyeccion\2f3fydvyjz2svhlc1eo3qflwd\2026\fixture.json,,,
dzs7pcxsj0g5kfqhpvn2l1jis,2026-04-30,2026-04-30Z,18:00:00Z,Racing Club Res.,Instituto Res.,,,,,1,2026-04-01T09:34:00Z,3trr1fkbng6fnagct7101bpck,Torneo Proyección,2f3fydvyjz2svhlc1eo3qflwd,Argentina,South America,2026,data\south_america\argentina\torneo_proyeccion\2f3fydvyjz2svhlc1eo3qflwd\2026\fixture.json,,,
e7jna4dd3nsyxx9z6cpalao7o,2026-04-29,2026-04-29Z,22:00:00Z,Boca Juniors Res.,Independiente Res.,,,,,1,2026-04-01T09:41:25Z,3trr1fkbng6fnagct7101bpck,Torneo Proyección,2f3fydvyjz2svhlc1eo3qflwd,Argentina,South America,2026,data\south_america\argentina\torneo_proyeccion\2f3fydvyjz2svhlc1eo3qflwd\2026\fixture.json,,,
e3axy2vtd0bydspmyoz3egnpw,2026-04-29,2026-04-29Z,22:00:00Z,Gimnasia Mendoza Res.,Barracas Central Res.,,,,,1,2026-04-01T09:41:22Z,3trr1fkbng6fnagct7101bpck,Torneo Proyección,2f3fydvyjz2svhlc1eo3qflwd,Argentina,South America,2026,data\south_america\argentina\torneo_proyeccion\2f3fydvyjz2svhlc1eo3qflwd\2026\fixture.json,,,
e4pbuo7l5bfzkeexbvxf0y7f8,2026-04-29,2026-04-29Z,18:00:00Z,Lanús Res.,San Martín San Juan Res.,,,,,1,2026-04-01T09:34:02Z,3trr1fkbng6fnagct7101bpck,Torneo Proyección,2f3fydvyjz2svhlc1eo3qflwd,Argentina,South America,2026,data\south_america\argentina\torneo_proyeccion\2f3fydvyjz2svhlc1eo3qflwd\2026\fixture.json,,,
e48b619d03cwcnw19o7o7q2hg,2026-04-29,2026-04-29Z,18:00:00Z,Belgrano Res.,Independiente Riva. Res.,,,,,1,2026-04-01T09:34:02Z,3trr1fkbng6fnagct7101bpck,Torneo Proyección,2f3fydvyjz2svhlc1eo3qflwd,Argentina,South America,2026,data\south_america\argentina\torneo_proyeccion\2f3fydvyjz2svhlc1eo3qflwd\2026\fixture.json,,,
e1yyfv0ytdokvsetuz35cwff8,2026-04-29,2026-04-29Z,18:00:00Z,Unión Res.,Rosario Central Res.,,,,,1,2026-04-01T09:34:01Z,3trr1fkbng6fnagct7101bpck,Torneo Proyección,2f3fydvyjz2svhlc1eo3qflwd,Argentina,South America,2026,data\south_america\argentina\torneo_proyeccion\2f3fydvyjz2svhlc1eo3qflwd\2026\fixture.json,,,
e0nl69j3xwjjr1yntlmiu2gic,2026-04-29,2026-04-29Z,18:00:00Z,Argentinos Juniors Res.,Vélez Sársfield Res.,,,,,1,2026-04-01T09:34:01Z,3trr1fkbng6fnagct7101bpck,Torneo Proyección,2f3fydvyjz2svhlc1eo3qflwd,Argentina,South America,2026,data\south_america\argentina\torneo_proyeccion\2f3fydvyjz2svhlc1eo3qflwd\2026\fixture.json,,,
e70tje61pmo9irlskhjhw62hg,2026-04-28,2026-04-28Z,18:00:00Z,Ferro Carril Oeste Res.,Atlético Rafaela Res.,,,,,1,2026-04-01T09:34:03Z,3trr1fkbng6fnagct7101bpck,Torneo Proyección,2f3fydvyjz2svhlc1eo3qflwd,Argentina,South America,2026,data\south_america\argentina\torneo_proyeccion\2f3fydvyjz2svhlc1eo3qflwd\2026\fixture.json,,,
e5l425ey7fix6h5dbhd1ckefo,2026-04-28,2026-04-28Z,18:00:00Z,Defensa y Justicia Res.,Estudiantes Res.,,,,,1,2026-04-01T09:34:03Z,3trr1fkbng6fnagct7101bpck,Torneo Proyección,2f3fydvyjz2svhlc1eo3qflwd,Argentina,South America,2026,data\south_america\argentina\torneo_proyeccion\2f3fydvyjz2svhlc1eo3qflwd\2026\fixture.json,,,
e559s5xkvvf2blariq3ao3ms4,2026-04-28,2026-04-28Z,18:00:00Z,Newell's Old Boys Res.,Central Córdoba SdE Res.,,,,,1,2026-04-01T09:34:02Z,3trr1fkbng6fnagct7101bpck,Torneo Proyección,2f3fydvyjz2svhlc1eo3qflwd,Argentina,South America,2026,data\south_america\argentina\torneo_proyeccion\2f3fydvyjz2svhlc1eo3qflwd\2026\fixture.json,,,
e1j95x2d21lfuhovs98qry978,2026-04-28,2026-04-28Z,18:00:00Z,Gimnasia La Plata Res.,Tigre Res.,,,,,1,2026-04-01T09:34:01Z,3trr1fkbng6fnagct7101bpck,Torneo Proyección,2f3fydvyjz2svhlc1eo3qflwd,Argentina,South America,2026,data\south_america\argentina\torneo_proyeccion\2f3fydvyjz2svhlc1eo3qflwd\2026\fixture.json,,,
e07tcjbxpi1odoybnwpz44ljo,2026-04-28,2026-04-28Z,18:00:00Z,Sarmiento Res.,River Plate Res.,,,,,1,2026-04-01T09:34:00Z,3trr1fkbng6fnagct7101bpck,Torneo Proyección,2f3fydvyjz2svhlc1eo3qflwd,Argentina,South America,2026,data\south_america\argentina\torneo_proyeccion\2f3fydvyjz2svhlc1eo3qflwd\2026\fixture.json,,,
dwsyzs7t3w279s6k1a3795jbo,2026-04-23,2026-04-23Z,21:00:00Z,Talleres de Córdoba Res.,Belgrano Res.,,,,,1,2026-04-01T09:25:59Z,3trr1fkbng6fnagct7101bpck,Torneo Proyección,2f3fydvyjz2svhlc1eo3qflwd,Argentina,South America,2026,data\south_america\argentina\torneo_proyeccion\2f3fydvyjz2svhlc1eo3qflwd\2026\fixture.json,,,
dtb0hloc18f93nkqfmqkejpjo,2026-04-23,2026-04-23Z,21:00:00Z,Gimnasia Mendoza Res.,Independiente Riva. Res.,,,,,1,2026-04-01T09:25:57Z,3trr1fkbng6fnagct7101bpck,Torneo Proyección,2f3fydvyjz2svhlc1eo3qflwd,Argentina,South America,2026,data\south_america\argentina\torneo_proyeccion\2f3fydvyjz2svhlc1eo3qflwd\2026\fixture.json,,,
dw363yemzz91coa91vuwh9rtg,2026-04-23,2026-04-23Z,18:00:00Z,Huracán Res.,San Lorenzo Res.,,,,,1,2026-04-01T09:25:58Z,3trr1fkbng6fnagct7101bpck,Torneo Proyección,2f3fydvyjz2svhlc1eo3qflwd,Argentina,South America,2026,data\south_america\argentina\torneo_proyeccion\2f3fydvyjz2svhlc1eo3qflwd\2026\fixture.json,,,
dvmmp2buq1g7lyws9hyc409w4,2026-04-23,2026-04-23Z,18:00:00Z,Platense Res.,Argentinos Juniors Res.,,,,,1,2026-04-01T09:25:58Z,3trr1fkbng6fnagct7101bpck,Torneo Proyección,2f3fydvyjz2svhlc1eo3qflwd,Argentina,South America,2026,data\south_america\argentina\torneo_proyeccion\2f3fydvyjz2svhlc1eo3qflwd\2026\fixture.json,,,
du6d51lx80w4bu86svggabx1w,2026-04-23,2026-04-23Z,18:00:00Z,Estudiantes RC Res.,Instituto Res.,,,,,1,2026-04-01T09:25:58Z,3trr1fkbng6fnagct7101bpck,Torneo Proyección,2f3fydvyjz2svhlc1eo3qflwd,Argentina,South America,2026,data\south_america\argentina\torneo_proyeccion\2f3fydvyjz2svhlc1eo3qflwd\2026\fixture.json,,,
dsf7zskgxr9uo96rxdyf9togk,2026-04-23,2026-04-23Z,18:00:00Z,Barracas Central Res.,Deportivo Riestra Res.,,,,,1,2026-04-01T09:25:57Z,3trr1fkbng6fnagct7101bpck,Torneo Proyección,2f3fydvyjz2svhlc1eo3qflwd,Argentina,South America,2026,data\south_america\argentina\torneo_proyeccion\2f3fydvyjz2svhlc1eo3qflwd\2026\fixture.json,,,
dr1dynhg588gxlyrfkxxpywic,2026-04-22,2026-04-22Z,23:00:00Z,Boca Juniors Res.,River Plate Res.,,,,,1,2026-04-01T09:25:56Z,3trr1fkbng6fnagct7101bpck,Torneo Proyección,2f3fydvyjz2svhlc1eo3qflwd,Argentina,South America,2026,data\south_america\argentina\torneo_proyeccion\2f3fydvyjz2svhlc1eo3qflwd\2026\fixture.json,,,
dzcl51t73fycj6j1pf1gsxus4,2026-04-22,2026-04-22Z,18:00:00Z,Quilmes Res.,Aldosivi Res.,,,,,1,2026-04-01T09:26:00Z,3trr1fkbng6fnagct7101bpck,Torneo Proyección,2f3fydvyjz2svhlc1eo3qflwd,Argentina,South America,2026,data\south_america\argentina\torneo_proyeccion\2f3fydvyjz2svhlc1eo3qflwd\2026\fixture.json,,,
dywqutkw6h4fgmj19f3qo8jro,2026-04-22,2026-04-22Z,18:00:00Z,Atlético Rafaela Res.,Sarmiento Res.,,,,,1,2026-04-01T09:25:59Z,3trr1fkbng6fnagct7101bpck,Torneo Proyección,2f3fydvyjz2svhlc1eo3qflwd,Argentina,South America,2026,data\south_america\argentina\torneo_proyeccion\2f3fydvyjz2svhlc1eo3qflwd\2026\fixture.json,,,
dyh7oxt69cnxogp1blrpz85qs,2026-04-22,2026-04-22Z,18:00:00Z,Godoy Cruz Res.,San Martín San Juan Res.,,,,,1,2026-04-01T09:25:59Z,3trr1fkbng6fnagct7101bpck,Torneo Proyección,2f3fydvyjz2svhlc1eo3qflwd,Argentina,South America,2026,data\south_america\argentina\torneo_proyeccion\2f3fydvyjz2svhlc1eo3qflwd\2026\fixture.json,,,
dy1ak0qpqpv29sckjz48t4sgk,2026-04-22,2026-04-22Z,18:00:00Z,Ferro Carril Oeste Res.,Vélez Sársfield Res.,,,,,1,2026-04-01T09:25:59Z,3trr1fkbng6fnagct7101bpck,Torneo Proyección,2f3fydvyjz2svhlc1eo3qflwd,Argentina,South America,2026,data\south_america\argentina\torneo_proyeccion\2f3fydvyjz2svhlc1eo3qflwd\2026\fixture.json,,,
dxjgr4fjcorv0bb53lvp1ck5w,2026-04-22,2026-04-22Z,18:00:00Z,Unión Res.,Colón Res.,,,,,1,2026-04-01T09:25:59Z,3trr1fkbng6fnagct7101bpck,Torneo Proyección,2f3fydvyjz2svhlc1eo3qflwd,Argentina,South America,2026,data\south_america\argentina\torneo_proyeccion\2f3fydvyjz2svhlc1eo3qflwd\2026\fixture.json,,,
dumd7xxnnscc84r9umwzi3k0k,2026-04-22,2026-04-22Z,18:00:00Z,Banfield Res.,Lanús Res.,,,,,1,2026-04-01T09:25:58Z,3trr1fkbng6fnagct7101bpck,Torneo Proyección,2f3fydvyjz2svhlc1eo3qflwd,Argentina,South America,2026,data\south_america\argentina\torneo_proyeccion\2f3fydvyjz2svhlc1eo3qflwd\2026\fixture.json,,,
dtqhvraqvl6jvsnnm0v64vklw,2026-04-21,2026-04-21Z,23:00:00Z,Independiente Res.,Racing Club Res.,,,,,1,2026-04-01T09:25:57Z,3trr1fkbng6fnagct7101bpck,Torneo Proyección,2f3fydvyjz2svhlc1eo3qflwd,Argentina,South America,2026,data\south_america\argentina\torneo_proyeccion\2f3fydvyjz2svhlc1eo3qflwd\2026\fixture.json,,,
drh8dt0wqy6eygwukkx3y0kk4,2026-04-21,2026-04-21Z,21:00:00Z,Atlético Tucumán Res.,Central Córdoba SdE Res.,,,,,1,2026-04-01T09:25:56Z,3trr1fkbng6fnagct7101bpck,Torneo Proyección,2f3fydvyjz2svhlc1eo3qflwd,Argentina,South America,2026,data\south_america\argentina\torneo_proyeccion\2f3fydvyjz2svhlc1eo3qflwd\2026\fixture.json,,,
dv1uyjf41oug0htj8zjjgyk2c,2026-04-21,2026-04-21Z,18:00:00Z,Rosario Central Res.,Newell's Old Boys Res.,,,,,1,2026-04-01T09:25:58Z,3trr1fkbng6fnagct7101bpck,Torneo Proyección,2f3fydvyjz2svhlc1eo3qflwd,Argentina,South America,2026,data\south_america\argentina\torneo_proyeccion\2f3fydvyjz2svhlc1eo3qflwd\2026\fixture.json,,,
dsuyup0ca6epujp3nsqpv53x0,2026-04-21,2026-04-21Z,18:00:00Z,Estudiantes Res.,Gimnasia La Plata Res.,,,,,1,2026-04-01T09:25:57Z,3trr1fkbng6fnagct7101bpck,Torneo Proyección,2f3fydvyjz2svhlc1eo3qflwd,Argentina,South America,2026,data\south_america\argentina\torneo_proyeccion\2f3fydvyjz2svhlc1eo3qflwd\2026\fixture.json,,,
drwvv7e6qvcjlcbriml10r504,2026-04-21,2026-04-21Z,18:00:00Z,Tigre Res.,Defensa y Justicia Res.,,,,,1,2026-04-01T09:25:57Z,3trr1fkbng6fnagct7101bpck,Torneo Proyección,2f3fydvyjz2svhlc1eo3qflwd,Argentina,South America,2026,data\south_america\argentina\torneo_proyeccion\2f3fydvyjz2svhlc1eo3qflwd\2026\fixture.json,,,
dlj4mmy27l3y1yr5qnuovk1zo,2026-04-16,2026-04-16Z,18:00:00Z,River Plate Res.,Argentinos Juniors Res.,,,,,1,2026-04-01T09:21:41Z,3trr1fkbng6fnagct7101bpck,Torneo Proyección,2f3fydvyjz2svhlc1eo3qflwd,Argentina,South America,2026,data\south_america\argentina\torneo_proyeccion\2f3fydvyjz2svhlc1eo3qflwd\2026\fixture.json,,,
dibnda2d37rpe96v1zh8nllas,2026-04-16,2026-04-16Z,18:00:00Z,Instituto Res.,Barracas Central Res.,,,,,1,2026-04-01T09:21:40Z,3trr1fkbng6fnagct7101bpck,Torneo Proyección,2f3fydvyjz2svhlc1eo3qflwd,Argentina,South America,2026,data\south_america\argentina\torneo_proyeccion\2f3fydvyjz2svhlc1eo3qflwd\2026\fixture.json,,,
dorvyanl7ornduzqyx4gw9ous,2026-04-16,2026-04-16Z,16:30:00Z,Estudiantes Res.,Estudiantes RC Res.,,,,,1,2026-04-01T09:21:43Z,3trr1fkbng6fnagct7101bpck,Torneo Proyección,2f3fydvyjz2svhlc1eo3qflwd,Argentina,South America,2026,data\south_america\argentina\torneo_proyeccion\2f3fydvyjz2svhlc1eo3qflwd\2026\fixture.json,,,
dp8ao8fbdssycg1jat9vq3v2s,2026-04-15,2026-04-15Z,22:00:00Z,Central Córdoba SdE Res.,Defensa y Justicia Res.,,,,,1,2026-04-01T09:46:26Z,3trr1fkbng6fnagct7101bpck,Torneo Proyección,2f3fydvyjz2svhlc1eo3qflwd,Argentina,South America,2026,data\south_america\argentina\torneo_proyeccion\2f3fydvyjz2svhlc1eo3qflwd\2026\fixture.json,,,
diu0l46734wsnbkst1hcdzyfo,2026-04-15,2026-04-15Z,22:00:00Z,Talleres de Córdoba Res.,Gimnasia Mendoza Res.,,,,,1,2026-04-01T09:46:23Z,3trr1fkbng6fnagct7101bpck,Torneo Proyección,2f3fydvyjz2svhlc1eo3qflwd,Argentina,South America,2026,data\south_america\argentina\torneo_proyeccion\2f3fydvyjz2svhlc1eo3qflwd\2026\fixture.json,,,
dqlknhc0nqa78jj9qfnrm0mxg,2026-04-15,2026-04-15Z,18:00:00Z,Deportivo Riestra Res.,Belgrano Res.,,,,,1,2026-04-01T09:21:43Z,3trr1fkbng6fnagct7101bpck,Torneo Proyección,2f3fydvyjz2svhlc1eo3qflwd,Argentina,South America,2026,data\south_america\argentina\torneo_proyeccion\2f3fydvyjz2svhlc1eo3qflwd\2026\fixture.json,,,
dobxylk5jkgw5r4wherpctj4k,2026-04-15,2026-04-15Z,18:00:00Z,Quilmes Res.,Huracán Res.,,,,,1,2026-04-01T09:21:42Z,3trr1fkbng6fnagct7101bpck,Torneo Proyección,2f3fydvyjz2svhlc1eo3qflwd,Argentina,South America,2026,data\south_america\argentina\torneo_proyeccion\2f3fydvyjz2svhlc1eo3qflwd\2026\fixture.json,,,
dnt2ow54hhp7eq4acsdxxjrbo,2026-04-15,2026-04-15Z,18:00:00Z,Platense Res.,Ferro Carril Oeste Res.,,,,,1,2026-04-01T09:21:42Z,3trr1fkbng6fnagct7101bpck,Torneo Proyección,2f3fydvyjz2svhlc1eo3qflwd,Argentina,South America,2026,data\south_america\argentina\torneo_proyeccion\2f3fydvyjz2svhlc1eo3qflwd\2026\fixture.json,,,
dn7hyfugkywgz7foflzohtvkk,2026-04-15,2026-04-15Z,18:00:00Z,Atlético Rafaela Res.,Boca Juniors Res.,,,,,1,2026-04-01T09:21:42Z,3trr1fkbng6fnagct7101bpck,Torneo Proyección,2f3fydvyjz2svhlc1eo3qflwd,Argentina,South America,2026,data\south_america\argentina\torneo_proyeccion\2f3fydvyjz2svhlc1eo3qflwd\2026\fixture.json,,,
dl3g28e601g3glyq3k81rq784,2026-04-15,2026-04-15Z,18:00:00Z,Vélez Sársfield Res.,Aldosivi Res.,,,,,1,2026-04-01T09:21:41Z,3trr1fkbng6fnagct7101bpck,Torneo Proyección,2f3fydvyjz2svhlc1eo3qflwd,Argentina,South America,2026,data\south_america\argentina\torneo_proyeccion\2f3fydvyjz2svhlc1eo3qflwd\2026\fixture.json,,,
djcrbvfbl2rzqhjio5zh749w4,2026-04-15,2026-04-15Z,18:00:00Z,Banfield Res.,Godoy Cruz Res.,,,,,1,2026-04-01T09:21:40Z,3trr1fkbng6fnagct7101bpck,Torneo Proyección,2f3fydvyjz2svhlc1eo3qflwd,Argentina,South America,2026,data\south_america\argentina\torneo_proyeccion\2f3fydvyjz2svhlc1eo3qflwd\2026\fixture.json,,,
dq5wuuud3azknsw1smttjxmac,2026-04-14,2026-04-14Z,18:00:00Z,Independiente Riva. Res.,Lanús Res.,,,,,1,2026-04-01T09:21:43Z,3trr1fkbng6fnagct7101bpck,Torneo Proyección,2f3fydvyjz2svhlc1eo3qflwd,Argentina,South America,2026,data\south_america\argentina\torneo_proyeccion\2f3fydvyjz2svhlc1eo3qflwd\2026\fixture.json,,,
dpp5l6hiwtrp3r6fi273j9s7o,2026-04-14,2026-04-14Z,18:00:00Z,San Martín San Juan Res.,Newell's Old Boys Res.,,,,,1,2026-04-01T09:21:43Z,3trr1fkbng6fnagct7101bpck,Torneo Proyección,2f3fydvyjz2svhlc1eo3qflwd,Argentina,South America,2026,data\south_america\argentina\torneo_proyeccion\2f3fydvyjz2svhlc1eo3qflwd\2026\fixture.json,,,
dmku8vz9fuqhqw3j4art2t5as,2026-04-14,2026-04-14Z,18:00:00Z,Colón Res.,Independiente Res.,,,,,1,2026-04-01T09:21:42Z,3trr1fkbng6fnagct7101bpck,Torneo Proyección,2f3fydvyjz2svhlc1eo3qflwd,Argentina,South America,2026,data\south_america\argentina\torneo_proyeccion\2f3fydvyjz2svhlc1eo3qflwd\2026\fixture.json,,,
dlyr70f5fq8js3wjjb61q9clw,2026-04-14,2026-04-14Z,18:00:00Z,Racing Club Res.,Sarmiento Res.,,,,,1,2026-04-01T09:21:42Z,3trr1fkbng6fnagct7101bpck,Torneo Proyección,2f3fydvyjz2svhlc1eo3qflwd,Argentina,South America,2026,data\south_america\argentina\torneo_proyeccion\2f3fydvyjz2svhlc1eo3qflwd\2026\fixture.json,,,
dk7s8oeyuywkrg5gx9it7zpck,2026-04-14,2026-04-14Z,18:00:00Z,Tigre Res.,Unión Res.,,,,,1,2026-04-01T09:21:41Z,3trr1fkbng6fnagct7101bpck,Torneo Proyección,2f3fydvyjz2svhlc1eo3qflwd,Argentina,South America,2026,data\south_america\argentina\torneo_proyeccion\2f3fydvyjz2svhlc1eo3qflwd\2026\fixture.json,,,
djs99xr7m337frbgasjt2qc5w,2026-04-14,2026-04-14Z,18:00:00Z,Rosario Central Res.,Atlético Tucumán Res.,,,,,1,2026-04-01T09:21:41Z,3trr1fkbng6fnagct7101bpck,Torneo Proyección,2f3fydvyjz2svhlc1eo3qflwd,Argentina,South America,2026,data\south_america\argentina\torneo_proyeccion\2f3fydvyjz2svhlc1eo3qflwd\2026\fixture.json,,,
dkn6am1y4fy8retybokprj02c,2026-04-14,2026-04-14Z,16:30:00Z,San Lorenzo Res.,Gimnasia La Plata Res.,,,,,1,2026-04-01T09:21:41Z,3trr1fkbng6fnagct7101bpck,Torneo Proyección,2f3fydvyjz2svhlc1eo3qflwd,Argentina,South America,2026,data\south_america\argentina\torneo_proyeccion\2f3fydvyjz2svhlc1eo3qflwd\2026\fixture.json,,,
dc9qfw996ggf4v59wu970msk4,2026-04-09,2026-04-09Z,21:00:00Z,Atlético Tucumán Res.,Tigre Res.,,,,,1,2026-04-10T01:42:34Z,3trr1fkbng6fnagct7101bpck,Torneo Proyección,2f3fydvyjz2svhlc1eo3qflwd,Argentina,South America,2026,data\south_america\argentina\torneo_proyeccion\2f3fydvyjz2svhlc1eo3qflwd\2026\fixture.json,,,
dghxqpwjsomt3wibksr98lh5g,2026-04-09,2026-04-09Z,18:00:00Z,Huracán Res.,Estudiantes Res.,,,,,1,2026-04-09T21:12:51Z,3trr1fkbng6fnagct7101bpck,Torneo Proyección,2f3fydvyjz2svhlc1eo3qflwd,Argentina,South America,2026,data\south_america\argentina\torneo_proyeccion\2f3fydvyjz2svhlc1eo3qflwd\2026\fixture.json,,,
dfupkvl5s85za76ehqy9r3dhw,2026-04-09,2026-04-09Z,18:00:00Z,Estudiantes RC Res.,Central Córdoba SdE Res.,,,,,1,2026-04-09T21:12:51Z,3trr1fkbng6fnagct7101bpck,Torneo Proyección,2f3fydvyjz2svhlc1eo3qflwd,Argentina,South America,2026,data\south_america\argentina\torneo_proyeccion\2f3fydvyjz2svhlc1eo3qflwd\2026\fixture.json,,,
ddmspkv4kns3189dn17fb7t3o,2026-04-09,2026-04-09Z,18:00:00Z,Barracas Central Res.,Talleres de Córdoba Res.,,,,,1,2026-04-09T21:12:51Z,3trr1fkbng6fnagct7101bpck,Torneo Proyección,2f3fydvyjz2svhlc1eo3qflwd,Argentina,South America,2026,data\south_america\argentina\torneo_proyeccion\2f3fydvyjz2svhlc1eo3qflwd\2026\fixture.json,,,
dawx07ccaai6czg2hkb7dk9hw,2026-04-09,2026-04-09Z,18:00:00Z,Aldosivi Res.,River Plate Res.,,,,,1,2026-04-09T21:12:51Z,3trr1fkbng6fnagct7101bpck,Torneo Proyección,2f3fydvyjz2svhlc1eo3qflwd,Argentina,South America,2026,data\south_america\argentina\torneo_proyeccion\2f3fydvyjz2svhlc1eo3qflwd\2026\fixture.json,,,
da0jsdna05hraqim8487utdzo,2026-04-09,2026-04-09Z,18:00:00Z,Sarmiento Res.,Instituto Res.,,,,,1,2026-04-09T21:12:51Z,3trr1fkbng6fnagct7101bpck,Torneo Proyección,2f3fydvyjz2svhlc1eo3qflwd,Argentina,South America,2026,data\south_america\argentina\torneo_proyeccion\2f3fydvyjz2svhlc1eo3qflwd\2026\fixture.json,,,
dag81ok3pdoztdf6a01zug1lg,2026-04-09,2026-04-09Z,16:30:00Z,Argentinos Juniors Res.,Racing Club Res.,,,,,1,2026-04-09T18:40:22Z,3trr1fkbng6fnagct7101bpck,Torneo Proyección,2f3fydvyjz2svhlc1eo3qflwd,Argentina,South America,2026,data\south_america\argentina\torneo_proyeccion\2f3fydvyjz2svhlc1eo3qflwd\2026\fixture.json,,,
dhe215uyazcd3j02tmmwcm9lg,2026-04-08,2026-04-08Z,22:00:00Z,Boca Juniors Res.,Platense Res.,,,,,1,2026-04-09T00:58:54Z,3trr1fkbng6fnagct7101bpck,Torneo Proyección,2f3fydvyjz2svhlc1eo3qflwd,Argentina,South America,2026,data\south_america\argentina\torneo_proyeccion\2f3fydvyjz2svhlc1eo3qflwd\2026\fixture.json,,,
dfets3xk6cbj63t6isltka9ec,2026-04-08,2026-04-08Z,18:00:00Z,Defensa y Justicia Res.,San Martín San Juan Res.,,,,,1,2026-04-08T22:55:39Z,3trr1fkbng6fnagct7101bpck,Torneo Proyección,2f3fydvyjz2svhlc1eo3qflwd,Argentina,South America,2026,data\south_america\argentina\torneo_proyeccion\2f3fydvyjz2svhlc1eo3qflwd\2026\fixture.json,,,
dexkyobkj4b79igv6ubtdi0wk,2026-04-08,2026-04-08Z,18:00:00Z,Newell's Old Boys Res.,Independiente Riva. Res.,,,,,1,2026-04-08T22:55:39Z,3trr1fkbng6fnagct7101bpck,Torneo Proyección,2f3fydvyjz2svhlc1eo3qflwd,Argentina,South America,2026,data\south_america\argentina\torneo_proyeccion\2f3fydvyjz2svhlc1eo3qflwd\2026\fixture.json,,,
dd7bvj7ctn2sri8qf9q580xlg,2026-04-08,2026-04-08Z,18:00:00Z,Gimnasia Mendoza Res.,Banfield Res.,,,,,1,2026-04-08T22:55:39Z,3trr1fkbng6fnagct7101bpck,Torneo Proyección,2f3fydvyjz2svhlc1eo3qflwd,Argentina,South America,2026,data\south_america\argentina\torneo_proyeccion\2f3fydvyjz2svhlc1eo3qflwd\2026\fixture.json,,,
dbcfrou6uo7yeb0kptopo1a8k,2026-04-08,2026-04-08Z,18:00:00Z,Gimnasia La Plata Res.,Vélez Sársfield Res.,,,,,1,2026-04-08T22:55:38Z,3trr1fkbng6fnagct7101bpck,Torneo Proyección,2f3fydvyjz2svhlc1eo3qflwd,Argentina,South America,2026,data\south_america\argentina\torneo_proyeccion\2f3fydvyjz2svhlc1eo3qflwd\2026\fixture.json,,,
dhvj6cu8bltsmnybvlvy32p04,2026-04-07,2026-04-07Z,18:00:00Z,Independiente Res.,Atlético Rafaela Res.,,,,,1,2026-04-08T00:27:41Z,3trr1fkbng6fnagct7101bpck,Torneo Proyección,2f3fydvyjz2svhlc1eo3qflwd,Argentina,South America,2026,data\south_america\argentina\torneo_proyeccion\2f3fydvyjz2svhlc1eo3qflwd\2026\fixture.json,,,
dgyfyrylm2e0nni8ymor5iq6s,2026-04-07,2026-04-07Z,18:00:00Z,Ferro Carril Oeste Res.,Quilmes Res.,,,,,1,2026-04-08T00:27:41Z,3trr1fkbng6fnagct7101bpck,Torneo Proyección,2f3fydvyjz2svhlc1eo3qflwd,Argentina,South America,2026,data\south_america\argentina\torneo_proyeccion\2f3fydvyjz2svhlc1eo3qflwd\2026\fixture.json,,,
dei0c8lsd2umrk920udc6nvo4,2026-04-07,2026-04-07Z,18:00:00Z,Lanús Res.,Deportivo Riestra Res.,,,,,1,2026-04-08T00:27:41Z,3trr1fkbng6fnagct7101bpck,Torneo Proyección,2f3fydvyjz2svhlc1eo3qflwd,Argentina,South America,2026,data\south_america\argentina\torneo_proyeccion\2f3fydvyjz2svhlc1eo3qflwd\2026\fixture.json,,,
de2ebs1uujvnh6c4u9k1raqz8,2026-04-07,2026-04-07Z,18:00:00Z,Belgrano Res.,Colón Res.,,,,,1,2026-04-08T00:27:40Z,3trr1fkbng6fnagct7101bpck,Torneo Proyección,2f3fydvyjz2svhlc1eo3qflwd,Argentina,South America,2026,data\south_america\argentina\torneo_proyeccion\2f3fydvyjz2svhlc1eo3qflwd\2026\fixture.json,,,
dcrm6w34ujhslfpedeltzr7kk,2026-04-07,2026-04-07Z,18:00:00Z,Godoy Cruz Res.,Rosario Central Res.,,,,,1,2026-04-08T00:27:40Z,3trr1fkbng6fnagct7101bpck,Torneo Proyección,2f3fydvyjz2svhlc1eo3qflwd,Argentina,South America,2026,data\south_america\argentina\torneo_proyeccion\2f3fydvyjz2svhlc1eo3qflwd\2026\fixture.json,,,
dbs0pph86vzjvovmlopolhqms,2026-04-07,2026-04-07Z,18:00:00Z,Unión Res.,San Lorenzo Res.,,,,,1,2026-04-08T00:27:40Z,3trr1fkbng6fnagct7101bpck,Torneo Proyección,2f3fydvyjz2svhlc1eo3qflwd,Argentina,South America,2026,data\south_america\argentina\torneo_proyeccion\2f3fydvyjz2svhlc1eo3qflwd\2026\fixture.json,,,
d543x8fovgwyzjmt0pbsoqexg,2026-04-03,2026-04-03Z,18:00:00Z,Sarmiento Res.,Argentinos Juniors Res.,,,,,1,2026-04-03T22:02:55Z,3trr1fkbng6fnagct7101bpck,Torneo Proyección,2f3fydvyjz2svhlc1eo3qflwd,Argentina,South America,2026,data\south_america\argentina\torneo_proyeccion\2f3fydvyjz2svhlc1eo3qflwd\2026\fixture.json,,,
d0r1ridu8de9jyf0yd3l29b10,2026-04-03,2026-04-03Z,17:30:00Z,Instituto Res.,Talleres de Córdoba Res.,,,,,1,2026-04-03T22:00:51Z,3trr1fkbng6fnagct7101bpck,Torneo Proyección,2f3fydvyjz2svhlc1eo3qflwd,Argentina,South America,2026,data\south_america\argentina\torneo_proyeccion\2f3fydvyjz2svhlc1eo3qflwd\2026\fixture.json,,,
d7gjsgnb6dhra5fvo62wibp5g,2026-04-02,2026-04-02Z,23:00:00Z,Central Córdoba SdE Res.,Huracán Res.,,,,,1,2026-04-03T02:40:32Z,3trr1fkbng6fnagct7101bpck,Torneo Proyección,2f3fydvyjz2svhlc1eo3qflwd,Argentina,South America,2026,data\south_america\argentina\torneo_proyeccion\2f3fydvyjz2svhlc1eo3qflwd\2026\fixture.json,,,
d419i2d5ejcrus6c9pf8y8jdg,2026-04-02,2026-04-02Z,21:00:00Z,River Plate Res.,Gimnasia La Plata Res.,,,,,1,2026-04-03T01:49:47Z,3trr1fkbng6fnagct7101bpck,Torneo Proyección,2f3fydvyjz2svhlc1eo3qflwd,Argentina,South America,2026,data\south_america\argentina\torneo_proyeccion\2f3fydvyjz2svhlc1eo3qflwd\2026\fixture.json,,,
d1um3a4hxckqcdza4livmj8yc,2026-04-02,2026-04-02Z,18:00:00Z,Rosario Central Res.,Gimnasia Mendoza Res.,,,,,1,2026-04-02T21:10:52Z,3trr1fkbng6fnagct7101bpck,Torneo Proyección,2f3fydvyjz2svhlc1eo3qflwd,Argentina,South America,2026,data\south_america\argentina\torneo_proyeccion\2f3fydvyjz2svhlc1eo3qflwd\2026\fixture.json,,,
d6hpwk6n3hcna9s7ruhlch5hw,2026-04-01,2026-04-01Z,22:00:00Z,Quilmes Res.,Boca Juniors Res.,,,,,1,2026-04-02T03:32:23Z,3trr1fkbng6fnagct7101bpck,Torneo Proyección,2f3fydvyjz2svhlc1eo3qflwd,Argentina,South America,2026,data\south_america\argentina\torneo_proyeccion\2f3fydvyjz2svhlc1eo3qflwd\2026\fixture.json,,,
d7wf8fuo600kv2y9uw39zds0k,2026-04-01,2026-04-01Z,18:00:00Z,San Martín San Juan Res.,Estudiantes RC Res.,,,,,1,2026-04-01T21:55:16Z,3trr1fkbng6fnagct7101bpck,Torneo Proyección,2f3fydvyjz2svhlc1eo3qflwd,Argentina,South America,2026,data\south_america\argentina\torneo_proyeccion\2f3fydvyjz2svhlc1eo3qflwd\2026\fixture.json,,,
d6yekfr9q34sldisvhy79lfdg,2026-04-01,2026-04-01Z,18:00:00Z,Estudiantes Res.,Ferro Carril Oeste Res.,,,,,1,2026-04-01T21:49:22Z,3trr1fkbng6fnagct7101bpck,Torneo Proyección,2f3fydvyjz2svhlc1eo3qflwd,Argentina,South America,2026,data\south_america\argentina\torneo_proyeccion\2f3fydvyjz2svhlc1eo3qflwd\2026\fixture.json,,,
d3ld7p03hwj5349qwdxr9dclw,2026-04-01,2026-04-01Z,18:00:00Z,Vélez Sársfield Res.,Unión Res.,,,,,1,2026-04-01T21:48:19Z,3trr1fkbng6fnagct7101bpck,Torneo Proyección,2f3fydvyjz2svhlc1eo3qflwd,Argentina,South America,2026,data\south_america\argentina\torneo_proyeccion\2f3fydvyjz2svhlc1eo3qflwd\2026\fixture.json,,,
d3264ksa137fzudisrxt9nhn8,2026-04-01,2026-04-01Z,18:00:00Z,San Lorenzo Res.,Atlético Tucumán Res.,,,,,1,2026-04-01T21:35:14Z,3trr1fkbng6fnagct7101bpck,Torneo Proyección,2f3fydvyjz2svhlc1eo3qflwd,Argentina,South America,2026,data\south_america\argentina\torneo_proyeccion\2f3fydvyjz2svhlc1eo3qflwd\2026\fixture.json,,,
d2kj4wf3bjktbdktjh9kzfn6c,2026-04-01,2026-04-01Z,18:00:00Z,Tigre Res.,Godoy Cruz Res.,,,,,1,2026-04-01T21:33:50Z,3trr1fkbng6fnagct7101bpck,Torneo Proyección,2f3fydvyjz2svhlc1eo3qflwd,Argentina,South America,2026,data\south_america\argentina\torneo_proyeccion\2f3fydvyjz2svhlc1eo3qflwd\2026\fixture.json,,,
d17rv0m8xy3wv69dzx1fwowes,2026-04-01,2026-04-01Z,18:00:00Z,Banfield Res.,Barracas Central Res.,,,,,1,2026-04-01T21:32:24Z,3trr1fkbng6fnagct7101bpck,Torneo Proyección,2f3fydvyjz2svhlc1eo3qflwd,Argentina,South America,2026,data\south_america\argentina\torneo_proyeccion\2f3fydvyjz2svhlc1eo3qflwd\2026\fixture.json,,,
d9ky7l10k2b6h6h9ftaflnztg,2026-03-31,2026-03-31Z,18:00:00Z,Belgrano Res.,Lanús Res.,,,,,1,2026-03-31T23:03:28Z,3trr1fkbng6fnagct7101bpck,Torneo Proyección,2f3fydvyjz2svhlc1eo3qflwd,Argentina,South America,2026,data\south_america\argentina\torneo_proyeccion\2f3fydvyjz2svhlc1eo3qflwd\2026\fixture.json,,,
d95dl6t02r2klm1lenscd7llg,2026-03-31,2026-03-31Z,18:00:00Z,Deportivo Riestra Res.,Newell's Old Boys Res.,,,,,1,2026-03-31T23:00:29Z,3trr1fkbng6fnagct7101bpck,Torneo Proyección,2f3fydvyjz2svhlc1eo3qflwd,Argentina,South America,2026,data\south_america\argentina\torneo_proyeccion\2f3fydvyjz2svhlc1eo3qflwd\2026\fixture.json,,,
d8ls9kbqcfrt3abhgojvl7r4k,2026-03-31,2026-03-31Z,18:00:00Z,Independiente Riva. Res.,Defensa y Justicia Res.,,,,,1,2026-03-31T22:57:46Z,3trr1fkbng6fnagct7101bpck,Torneo Proyección,2f3fydvyjz2svhlc1eo3qflwd,Argentina,South America,2026,data\south_america\argentina\torneo_proyeccion\2f3fydvyjz2svhlc1eo3qflwd\2026\fixture.json,,,
d60utf5h6086uo366vlxoai38,2026-03-31,2026-03-31Z,18:00:00Z,Platense Res.,Independiente Res.,,,,,1,2026-03-31T22:59:13Z,3trr1fkbng6fnagct7101bpck,Torneo Proyección,2f3fydvyjz2svhlc1eo3qflwd,Argentina,South America,2026,data\south_america\argentina\torneo_proyeccion\2f3fydvyjz2svhlc1eo3qflwd\2026\fixture.json,,,
d5lby8ihxu83yneithnl3rqj8,2026-03-31,2026-03-31Z,18:00:00Z,Colón Res.,Atlético Rafaela Res.,,,,,1,2026-03-31T22:52:14Z,3trr1fkbng6fnagct7101bpck,Torneo Proyección,2f3fydvyjz2svhlc1eo3qflwd,Argentina,South America,2026,data\south_america\argentina\torneo_proyeccion\2f3fydvyjz2svhlc1eo3qflwd\2026\fixture.json,,,
d4hl32lfu1eafbbw6uhi4e9zo,2026-03-30,2026-03-30Z,18:00:00Z,Racing Club Res.,Aldosivi Res.,,,,,1,2026-03-30T21:37:51Z,3trr1fkbng6fnagct7101bpck,Torneo Proyección,2f3fydvyjz2svhlc1eo3qflwd,Argentina,South America,2026,data\south_america\argentina\torneo_proyeccion\2f3fydvyjz2svhlc1eo3qflwd\2026\fixture.json,,,
cu8pernx4xok8k74aet6pfaxg,2026-03-26,2026-03-26Z,23:30:00Z,Atlético Tucumán Res.,Vélez Sársfield Res.,,,,,1,2026-03-27T01:56:34Z,3trr1fkbng6fnagct7101bpck,Torneo Proyección,2f3fydvyjz2svhlc1eo3qflwd,Argentina,South America,2026,data\south_america\argentina\torneo_proyeccion\2f3fydvyjz2svhlc1eo3qflwd\2026\fixture.json,,,
ctt969dzewd465fy3jnfkitjo,2026-03-26,2026-03-26Z,23:30:00Z,Unión Res.,River Plate Res.,,,,,1,2026-03-27T01:55:31Z,3trr1fkbng6fnagct7101bpck,Torneo Proyección,2f3fydvyjz2svhlc1eo3qflwd,Argentina,South America,2026,data\south_america\argentina\torneo_proyeccion\2f3fydvyjz2svhlc1eo3qflwd\2026\fixture.json,,,
cvzgbu6e4khqxj4c8gnganlec,2026-03-26,2026-03-26Z,22:30:00Z,Talleres de Córdoba Res.,Banfield Res.,,,,,1,2026-03-27T01:54:11Z,3trr1fkbng6fnagct7101bpck,Torneo Proyección,2f3fydvyjz2svhlc1eo3qflwd,Argentina,South America,2026,data\south_america\argentina\torneo_proyeccion\2f3fydvyjz2svhlc1eo3qflwd\2026\fixture.json,,,
czgg426otznuoi0igbfljt1xw,2026-03-26,2026-03-26Z,21:30:00Z,Boca Juniors Res.,Estudiantes Res.,,,,,1,2026-03-27T00:11:32Z,3trr1fkbng6fnagct7101bpck,Torneo Proyección,2f3fydvyjz2svhlc1eo3qflwd,Argentina,South America,2026,data\south_america\argentina\torneo_proyeccion\2f3fydvyjz2svhlc1eo3qflwd\2026\fixture.json,,,
d0blsavuwg7y9xb92tz04yv4k,2026-03-26,2026-03-26Z,18:00:00Z,Atlético Rafaela Res.,Platense Res.,,,,,1,2026-03-26T20:24:59Z,3trr1fkbng6fnagct7101bpck,Torneo Proyección,2f3fydvyjz2svhlc1eo3qflwd,Argentina,South America,2026,data\south_america\argentina\torneo_proyeccion\2f3fydvyjz2svhlc1eo3qflwd\2026\fixture.json,,,
czw1lz3uaxry1rhogqrm2fs44,2026-03-26,2026-03-26Z,18:00:00Z,Independiente Res.,Quilmes Res.,,,,,1,2026-03-26T20:24:17Z,3trr1fkbng6fnagct7101bpck,Torneo Proyección,2f3fydvyjz2svhlc1eo3qflwd,Argentina,South America,2026,data\south_america\argentina\torneo_proyeccion\2f3fydvyjz2svhlc1eo3qflwd\2026\fixture.json,,,
cz0ohrc6jyr4lnxpe20fs8i6s,2026-03-26,2026-03-26Z,18:00:00Z,Ferro Carril Oeste Res.,Central Córdoba SdE Res.,,,,,1,2026-03-26T20:22:31Z,3trr1fkbng6fnagct7101bpck,Torneo Proyección,2f3fydvyjz2svhlc1eo3qflwd,Argentina,South America,2026,data\south_america\argentina\torneo_proyeccion\2f3fydvyjz2svhlc1eo3qflwd\2026\fixture.json,,,
cykflt14u17hbtcnnbtk1kqvo,2026-03-26,2026-03-26Z,18:00:00Z,Huracán Res.,San Martín San Juan Res.,,,,,1,2026-03-26T20:21:07Z,3trr1fkbng6fnagct7101bpck,Torneo Proyección,2f3fydvyjz2svhlc1eo3qflwd,Argentina,South America,2026,data\south_america\argentina\torneo_proyeccion\2f3fydvyjz2svhlc1eo3qflwd\2026\fixture.json,,,
cy4tz3ht9h8ye0tai9vlksvf8,2026-03-26,2026-03-26Z,18:00:00Z,Estudiantes RC Res.,Independiente Riva. Res.,,,,,1,2026-03-26T20:20:06Z,3trr1fkbng6fnagct7101bpck,Torneo Proyección,2f3fydvyjz2svhlc1eo3qflwd,Argentina,South America,2026,data\south_america\argentina\torneo_proyeccion\2f3fydvyjz2svhlc1eo3qflwd\2026\fixture.json,,,
cxo1g9wj7kt0uu11lfws6ip78,2026-03-26,2026-03-26Z,18:00:00Z,Defensa y Justicia Res.,Deportivo Riestra Res.,,,,,1,2026-03-26T20:17:34Z,3trr1fkbng6fnagct7101bpck,Torneo Proyección,2f3fydvyjz2svhlc1eo3qflwd,Argentina,South America,2026,data\south_america\argentina\torneo_proyeccion\2f3fydvyjz2svhlc1eo3qflwd\2026\fixture.json,,,
cuofhrck936m0gocr5da3soic,2026-03-26,2026-03-26Z,18:00:00Z,Godoy Cruz Res.,San Lorenzo Res.,,,,,1,2026-03-26T20:28:05Z,3trr1fkbng6fnagct7101bpck,Torneo Proyección,2f3fydvyjz2svhlc1eo3qflwd,Argentina,South America,2026,data\south_america\argentina\torneo_proyeccion\2f3fydvyjz2svhlc1eo3qflwd\2026\fixture.json,,,
cv3yfznq7b50ub1rfsqy8d444,2026-03-26,2026-03-26Z,00:00:00Z,Gimnasia Mendoza Res.,Tigre Res.,,,,,1,2026-03-26T03:52:50Z,3trr1fkbng6fnagct7101bpck,Torneo Proyección,2f3fydvyjz2svhlc1eo3qflwd,Argentina,South America,2026,data\south_america\argentina\torneo_proyeccion\2f3fydvyjz2svhlc1eo3qflwd\2026\fixture.json,,,
cx8cqdce81je4fvzjbxlw1xxw,2026-03-25,2026-03-25Z,18:00:00Z,Newell's Old Boys Res.,Belgrano Res.,,,,,1,2026-03-25T22:27:17Z,3trr1fkbng6fnagct7101bpck,Torneo Proyección,2f3fydvyjz2svhlc1eo3qflwd,Argentina,South America,2026,data\south_america\argentina\torneo_proyeccion\2f3fydvyjz2svhlc1eo3qflwd\2026\fixture.json,,,
cwm6jhwcoqev2putreixt83ro,2026-03-25,2026-03-25Z,18:00:00Z,Lanús Res.,Colón Res.,,,,,1,2026-03-25T22:27:17Z,3trr1fkbng6fnagct7101bpck,Torneo Proyección,2f3fydvyjz2svhlc1eo3qflwd,Argentina,South America,2026,data\south_america\argentina\torneo_proyeccion\2f3fydvyjz2svhlc1eo3qflwd\2026\fixture.json,,,
cvjq04u8rgjql8h5i2hyc2n84,2026-03-25,2026-03-25Z,18:00:00Z,Barracas Central Res.,Rosario Central Res.,,,,,1,2026-03-25T22:27:16Z,3trr1fkbng6fnagct7101bpck,Torneo Proyección,2f3fydvyjz2svhlc1eo3qflwd,Argentina,South America,2026,data\south_america\argentina\torneo_proyeccion\2f3fydvyjz2svhlc1eo3qflwd\2026\fixture.json,,,
ctdt2zxztipyzut3cs1jlwrv8,2026-03-25,2026-03-25Z,18:00:00Z,Gimnasia La Plata Res.,Racing Club Res.,,,,,1,2026-03-25T22:27:16Z,3trr1fkbng6fnagct7101bpck,Torneo Proyección,2f3fydvyjz2svhlc1eo3qflwd,Argentina,South America,2026,data\south_america\argentina\torneo_proyeccion\2f3fydvyjz2svhlc1eo3qflwd\2026\fixture.json,,,
csyc6s6vapb9cz24tcrfaqyac,2026-03-25,2026-03-25Z,18:00:00Z,Aldosivi Res.,Sarmiento Res.,,,,,1,2026-03-25T22:27:16Z,3trr1fkbng6fnagct7101bpck,Torneo Proyección,2f3fydvyjz2svhlc1eo3qflwd,Argentina,South America,2026,data\south_america\argentina\torneo_proyeccion\2f3fydvyjz2svhlc1eo3qflwd\2026\fixture.json,,,
csit6efe5kgjpukrajrxsdgr8,2026-03-25,2026-03-25Z,18:00:00Z,Argentinos Juniors Res.,Instituto Res.,,,,,1,2026-03-25T22:27:16Z,3trr1fkbng6fnagct7101bpck,Torneo Proyección,2f3fydvyjz2svhlc1eo3qflwd,Argentina,South America,2026,data\south_america\argentina\torneo_proyeccion\2f3fydvyjz2svhlc1eo3qflwd\2026\fixture.json,,,
cm300yfxamzxio1sy3vlog7is,2026-03-19,2026-03-19Z,23:00:00Z,River Plate Res.,Atlético Tucumán Res.,,,,,1,2026-03-20T01:59:46Z,3trr1fkbng6fnagct7101bpck,Torneo Proyección,2f3fydvyjz2svhlc1eo3qflwd,Argentina,South America,2026,data\south_america\argentina\torneo_proyeccion\2f3fydvyjz2svhlc1eo3qflwd\2026\fixture.json,,,
cql63owo1hdgd2o9rvxhzpd78,2026-03-19,2026-03-19Z,20:00:00Z,Independiente Riva. Res.,Huracán Res.,,,,,1,2026-03-19T22:11:45Z,3trr1fkbng6fnagct7101bpck,Torneo Proyección,2f3fydvyjz2svhlc1eo3qflwd,Argentina,South America,2026,data\south_america\argentina\torneo_proyeccion\2f3fydvyjz2svhlc1eo3qflwd\2026\fixture.json,,,
cq4y8ei4hi4joe2epc0lykzdg,2026-03-19,2026-03-19Z,20:00:00Z,San Martín San Juan Res.,Ferro Carril Oeste Res.,,,,,1,2026-03-19T22:11:45Z,3trr1fkbng6fnagct7101bpck,Torneo Proyección,2f3fydvyjz2svhlc1eo3qflwd,Argentina,South America,2026,data\south_america\argentina\torneo_proyeccion\2f3fydvyjz2svhlc1eo3qflwd\2026\fixture.json,,,
co9e0dd6grauo65m4y7extno4,2026-03-19,2026-03-19Z,19:00:00Z,Colón Res.,Platense Res.,,,,,1,2026-03-19T21:04:51Z,3trr1fkbng6fnagct7101bpck,Torneo Proyección,2f3fydvyjz2svhlc1eo3qflwd,Argentina,South America,2026,data\south_america\argentina\torneo_proyeccion\2f3fydvyjz2svhlc1eo3qflwd\2026\fixture.json,,,
cp5mbyy8don141vj26qq86yvo,2026-03-19,2026-03-19Z,18:00:00Z,Estudiantes Res.,Independiente Res.,,,,,1,2026-03-19T20:23:44Z,3trr1fkbng6fnagct7101bpck,Torneo Proyección,2f3fydvyjz2svhlc1eo3qflwd,Argentina,South America,2026,data\south_america\argentina\torneo_proyeccion\2f3fydvyjz2svhlc1eo3qflwd\2026\fixture.json,,,
clll6uor30aeb2uc6yabcxses,2026-03-19,2026-03-19Z,18:00:00Z,Vélez Sársfield Res.,Godoy Cruz Res.,,,,,1,2026-03-19T20:23:44Z,3trr1fkbng6fnagct7101bpck,Torneo Proyección,2f3fydvyjz2svhlc1eo3qflwd,Argentina,South America,2026,data\south_america\argentina\torneo_proyeccion\2f3fydvyjz2svhlc1eo3qflwd\2026\fixture.json,,,
cplgmb0srybphvlmf7uldvms4,2026-03-18,2026-03-18Z,23:00:00Z,Central Córdoba SdE Res.,Boca Juniors Res.,,,,,1,2026-03-19T02:04:43Z,3trr1fkbng6fnagct7101bpck,Torneo Proyección,2f3fydvyjz2svhlc1eo3qflwd,Argentina,South America,2026,data\south_america\argentina\torneo_proyeccion\2f3fydvyjz2svhlc1eo3qflwd\2026\fixture.json,,,
cr3x390iosq8s0woc705jupzo,2026-03-18,2026-03-18Z,19:00:00Z,Deportivo Riestra Res.,Estudiantes RC Res.,,,,,1,2026-03-18T23:42:57Z,3trr1fkbng6fnagct7101bpck,Torneo Proyección,2f3fydvyjz2svhlc1eo3qflwd,Argentina,South America,2026,data\south_america\argentina\torneo_proyeccion\2f3fydvyjz2svhlc1eo3qflwd\2026\fixture.json,,,
cl5za3pba6t4wn4gh66jrqbys,2026-03-18,2026-03-18Z,19:00:00Z,San Lorenzo Res.,Gimnasia Mendoza Res.,,,,,1,2026-03-18T22:36:50Z,3trr1fkbng6fnagct7101bpck,Torneo Proyección,2f3fydvyjz2svhlc1eo3qflwd,Argentina,South America,2026,data\south_america\argentina\torneo_proyeccion\2f3fydvyjz2svhlc1eo3qflwd\2026\fixture.json,,,
cs3gdzw4zzu0bq331oaas06qc,2026-03-18,2026-03-18Z,18:00:00Z,Lanús Res.,Newell's Old Boys Res.,,,,,1,2026-03-18T23:42:57Z,3trr1fkbng6fnagct7101bpck,Torneo Proyección,2f3fydvyjz2svhlc1eo3qflwd,Argentina,South America,2026,data\south_america\argentina\torneo_proyeccion\2f3fydvyjz2svhlc1eo3qflwd\2026\fixture.json,,,
cmilrrmpcc8yhqfu92tlezehg,2026-03-18,2026-03-18Z,18:00:00Z,Racing Club Res.,Unión Res.,,,,,1,2026-03-18T23:42:57Z,3trr1fkbng6fnagct7101bpck,Torneo Proyección,2f3fydvyjz2svhlc1eo3qflwd,Argentina,South America,2026,data\south_america\argentina\torneo_proyeccion\2f3fydvyjz2svhlc1eo3qflwd\2026\fixture.json,,,
cko5lj5hdtxdc8grcgezvs2dw,2026-03-18,2026-03-18Z,18:00:00Z,Tigre Res.,Barracas Central Res.,,,,,1,2026-03-18T22:36:50Z,3trr1fkbng6fnagct7101bpck,Torneo Proyección,2f3fydvyjz2svhlc1eo3qflwd,Argentina,South America,2026,data\south_america\argentina\torneo_proyeccion\2f3fydvyjz2svhlc1eo3qflwd\2026\fixture.json,,,
crlxkv3wgszbenlmsxdsjqfx0,2026-03-17,2026-03-17Z,19:00:00Z,Belgrano Res.,Defensa y Justicia Res.,,,,,1,2026-03-17T23:33:29Z,3trr1fkbng6fnagct7101bpck,Torneo Proyección,2f3fydvyjz2svhlc1eo3qflwd,Argentina,South America,2026,data\south_america\argentina\torneo_proyeccion\2f3fydvyjz2svhlc1eo3qflwd\2026\fixture.json,,,
cjyjzx0l05fyd7pb9h6xbwfmc,2026-03-17,2026-03-17Z,19:00:00Z,Rosario Central Res.,Talleres de Córdoba Res.,,,,,1,2026-03-17T23:33:28Z,3trr1fkbng6fnagct7101bpck,Torneo Proyección,2f3fydvyjz2svhlc1eo3qflwd,Argentina,South America,2026,data\south_america\argentina\torneo_proyeccion\2f3fydvyjz2svhlc1eo3qflwd\2026\fixture.json,,,
cjhmlkhoqghf9jgi4zconohlg,2026-03-17,2026-03-17Z,19:00:00Z,Instituto Res.,Banfield Res.,,,,,1,2026-03-17T23:33:27Z,3trr1fkbng6fnagct7101bpck,Torneo Proyección,2f3fydvyjz2svhlc1eo3qflwd,Argentina,South America,2026,data\south_america\argentina\torneo_proyeccion\2f3fydvyjz2svhlc1eo3qflwd\2026\fixture.json,,,
coq3g4mmotp9sj81p3kinm5uc,2026-03-17,2026-03-17Z,18:00:00Z,Quilmes Res.,Atlético Rafaela Res.,,,,,1,2026-03-17T23:33:28Z,3trr1fkbng6fnagct7101bpck,Torneo Proyección,2f3fydvyjz2svhlc1eo3qflwd,Argentina,South America,2026,data\south_america\argentina\torneo_proyeccion\2f3fydvyjz2svhlc1eo3qflwd\2026\fixture.json,,,
cnor7278452p3mhvj47969jpw,2026-03-17,2026-03-17Z,18:00:00Z,Argentinos Juniors Res.,Aldosivi Res.,,,,,1,2026-03-17T23:33:28Z,3trr1fkbng6fnagct7101bpck,Torneo Proyección,2f3fydvyjz2svhlc1eo3qflwd,Argentina,South America,2026,data\south_america\argentina\torneo_proyeccion\2f3fydvyjz2svhlc1eo3qflwd\2026\fixture.json,,,
cmy3727xb8scm38yjtforsf10,2026-03-17,2026-03-17Z,18:00:00Z,Sarmiento Res.,Gimnasia La Plata Res.,,,,,1,2026-03-17T23:33:28Z,3trr1fkbng6fnagct7101bpck,Torneo Proyección,2f3fydvyjz2svhlc1eo3qflwd,Argentina,South America,2026,data\south_america\argentina\torneo_proyeccion\2f3fydvyjz2svhlc1eo3qflwd\2026\fixture.json,,,
cbciy8pwv225p001vhuoigsgk,2026-03-04,2026-03-04Z,22:00:00Z,Atlético Tucumán Res.,Racing Club Res.,,,,,1,2026-03-05T01:21:55Z,3trr1fkbng6fnagct7101bpck,Torneo Proyección,2f3fydvyjz2svhlc1eo3qflwd,Argentina,South America,2026,data\south_america\argentina\torneo_proyeccion\2f3fydvyjz2svhlc1eo3qflwd\2026\fixture.json,,,
ciljii6p55ap2h1l7jfhp0nx0,2026-03-04,2026-03-04Z,20:00:00Z,Atlético Rafaela Res.,Estudiantes Res.,,,,,1,2026-03-05T01:21:56Z,3trr1fkbng6fnagct7101bpck,Torneo Proyección,2f3fydvyjz2svhlc1eo3qflwd,Argentina,South America,2026,data\south_america\argentina\torneo_proyeccion\2f3fydvyjz2svhlc1eo3qflwd\2026\fixture.json,,,
cgv1ijljp51rnbpetosvo03kk,2026-03-04,2026-03-04Z,20:00:00Z,Huracán Res.,Deportivo Riestra Res.,,,,,1,2026-03-05T01:21:56Z,3trr1fkbng6fnagct7101bpck,Torneo Proyección,2f3fydvyjz2svhlc1eo3qflwd,Argentina,South America,2026,data\south_america\argentina\torneo_proyeccion\2f3fydvyjz2svhlc1eo3qflwd\2026\fixture.json,,,
cgbs4pt84ujjckn4spb04ty50,2026-03-04,2026-03-04Z,20:00:00Z,Estudiantes RC Res.,Belgrano Res.,,,,,1,2026-03-05T01:21:56Z,3trr1fkbng6fnagct7101bpck,Torneo Proyección,2f3fydvyjz2svhlc1eo3qflwd,Argentina,South America,2026,data\south_america\argentina\torneo_proyeccion\2f3fydvyjz2svhlc1eo3qflwd\2026\fixture.json,,,
ces69et8dqgupalp2tvxy740k,2026-03-04,2026-03-04Z,20:00:00Z,Banfield Res.,Rosario Central Res.,,,,,1,2026-03-05T01:21:55Z,3trr1fkbng6fnagct7101bpck,Torneo Proyección,2f3fydvyjz2svhlc1eo3qflwd,Argentina,South America,2026,data\south_america\argentina\torneo_proyeccion\2f3fydvyjz2svhlc1eo3qflwd\2026\fixture.json,,,
ccsfc7qburnowyiz9z3dvxq8k,2026-03-04,2026-03-04Z,20:00:00Z,Barracas Central Res.,San Lorenzo Res.,,,,,1,2026-03-05T01:21:55Z,3trr1fkbng6fnagct7101bpck,Torneo Proyección,2f3fydvyjz2svhlc1eo3qflwd,Argentina,South America,2026,data\south_america\argentina\torneo_proyeccion\2f3fydvyjz2svhlc1eo3qflwd\2026\fixture.json,,,
cbs6bctm218t96tdmqhznr578,2026-03-04,2026-03-04Z,20:00:00Z,Godoy Cruz Res.,River Plate Res.,,,,,1,2026-03-05T01:21:55Z,3trr1fkbng6fnagct7101bpck,Torneo Proyección,2f3fydvyjz2svhlc1eo3qflwd,Argentina,South America,2026,data\south_america\argentina\torneo_proyeccion\2f3fydvyjz2svhlc1eo3qflwd\2026\fixture.json,,,
chq6e5q1t10a8llqkh8t9m68k,2026-03-03,2026-03-03Z,22:00:00Z,Boca Juniors Res.,San Martín San Juan Res.,,,,,1,2026-03-04T02:21:35Z,3trr1fkbng6fnagct7101bpck,Torneo Proyección,2f3fydvyjz2svhlc1eo3qflwd,Argentina,South America,2026,data\south_america\argentina\torneo_proyeccion\2f3fydvyjz2svhlc1eo3qflwd\2026\fixture.json,,,
ce6w7wfgkwsbuvzaeb2w2cu8k,2026-03-03,2026-03-03Z,22:00:00Z,Talleres de Córdoba Res.,Tigre Res.,,,,,1,2026-03-04T16:18:59Z,3trr1fkbng6fnagct7101bpck,Torneo Proyección,2f3fydvyjz2svhlc1eo3qflwd,Argentina,South America,2026,data\south_america\argentina\torneo_proyeccion\2f3fydvyjz2svhlc1eo3qflwd\2026\fixture.json,,,
cj1byedx8f3jhikzknjpz14wk,2026-03-03,2026-03-03Z,20:00:00Z,Platense Res.,Quilmes Res.,,,,,1,2026-03-03T23:21:13Z,3trr1fkbng6fnagct7101bpck,Torneo Proyección,2f3fydvyjz2svhlc1eo3qflwd,Argentina,South America,2026,data\south_america\argentina\torneo_proyeccion\2f3fydvyjz2svhlc1eo3qflwd\2026\fixture.json,,,
chalb7rus24nswslzm6e8tct0,2026-03-03,2026-03-03Z,20:00:00Z,Ferro Carril Oeste Res.,Independiente Riva. Res.,,,,,1,2026-03-03T23:16:58Z,3trr1fkbng6fnagct7101bpck,Torneo Proyección,2f3fydvyjz2svhlc1eo3qflwd,Argentina,South America,2026,data\south_america\argentina\torneo_proyeccion\2f3fydvyjz2svhlc1eo3qflwd\2026\fixture.json,,,
cca8tmm0nby9leez4g32ijn6c,2026-03-03,2026-03-03Z,20:00:00Z,Gimnasia Mendoza Res.,Vélez Sársfield Res.,,,,,1,2026-03-03T23:15:57Z,3trr1fkbng6fnagct7101bpck,Torneo Proyección,2f3fydvyjz2svhlc1eo3qflwd,Argentina,South America,2026,data\south_america\argentina\torneo_proyeccion\2f3fydvyjz2svhlc1eo3qflwd\2026\fixture.json,,,
c9yezffnbaetw0efwigcfsb2s,2026-03-03,2026-03-03Z,20:00:00Z,Aldosivi Res.,Instituto Res.,,,,,1,2026-03-03T23:14:57Z,3trr1fkbng6fnagct7101bpck,Torneo Proyección,2f3fydvyjz2svhlc1eo3qflwd,Argentina,South America,2026,data\south_america\argentina\torneo_proyeccion\2f3fydvyjz2svhlc1eo3qflwd\2026\fixture.json,,,
ci5u8qmj6natjyj3zvjbhpf6c,2026-03-02,2026-03-02Z,20:00:00Z,Independiente Res.,Central Córdoba SdE Res.,,,,,1,2026-03-03T04:44:23Z,3trr1fkbng6fnagct7101bpck,Torneo Proyección,2f3fydvyjz2svhlc1eo3qflwd,Argentina,South America,2026,data\south_america\argentina\torneo_proyeccion\2f3fydvyjz2svhlc1eo3qflwd\2026\fixture.json,,,
cfv1ogu10pbxn79j9ljst3190,2026-03-02,2026-03-02Z,20:00:00Z,Defensa y Justicia Res.,Lanús Res.,,,,,1,2026-03-03T04:44:22Z,3trr1fkbng6fnagct7101bpck,Torneo Proyección,2f3fydvyjz2svhlc1eo3qflwd,Argentina,South America,2026,data\south_america\argentina\torneo_proyeccion\2f3fydvyjz2svhlc1eo3qflwd\2026\fixture.json,,,
cfbq6bx070wox6i2d6sdde2ok,2026-03-02,2026-03-02Z,20:00:00Z,Newell's Old Boys Res.,Colón Res.,,,,,1,2026-03-03T04:44:22Z,3trr1fkbng6fnagct7101bpck,Torneo Proyección,2f3fydvyjz2svhlc1eo3qflwd,Argentina,South America,2026,data\south_america\argentina\torneo_proyeccion\2f3fydvyjz2svhlc1eo3qflwd\2026\fixture.json,,,
cax15m1rtgpxfvmsvox4qw0t0,2026-03-02,2026-03-02Z,20:00:00Z,Unión Res.,Sarmiento Res.,,,,,1,2026-03-03T04:44:22Z,3trr1fkbng6fnagct7101bpck,Torneo Proyección,2f3fydvyjz2svhlc1eo3qflwd,Argentina,South America,2026,data\south_america\argentina\torneo_proyeccion\2f3fydvyjz2svhlc1eo3qflwd\2026\fixture.json,,,
cag6n9ax0weai2l7qk3ok2al0,2026-03-02,2026-03-02Z,20:00:00Z,Gimnasia La Plata Res.,Argentinos Juniors Res.,,,,,1,2026-03-03T04:44:21Z,3trr1fkbng6fnagct7101bpck,Torneo Proyección,2f3fydvyjz2svhlc1eo3qflwd,Argentina,South America,2026,data\south_america\argentina\torneo_proyeccion\2f3fydvyjz2svhlc1eo3qflwd\2026\fixture.json,,,
c3r1vxes6svrtlhqthl7z3tas,2026-02-18,2026-02-18Z,23:00:00Z,River Plate Res.,Gimnasia Mendoza Res.,,,,,1,2026-02-19T03:21:15Z,3trr1fkbng6fnagct7101bpck,Torneo Proyección,2f3fydvyjz2svhlc1eo3qflwd,Argentina,South America,2026,data\south_america\argentina\torneo_proyeccion\2f3fydvyjz2svhlc1eo3qflwd\2026\fixture.json,,,
c91mszl0nl40anuhswobuejv8,2026-02-18,2026-02-18Z,20:00:00Z,Lanús Res.,Estudiantes RC Res.,,,,,1,2026-02-18T22:59:48Z,3trr1fkbng6fnagct7101bpck,Torneo Proyección,2f3fydvyjz2svhlc1eo3qflwd,Argentina,South America,2026,data\south_america\argentina\torneo_proyeccion\2f3fydvyjz2svhlc1eo3qflwd\2026\fixture.json,,,
c8lxg2iehqb1j1x6cy6p22a6s,2026-02-18,2026-02-18Z,20:00:00Z,Belgrano Res.,Huracán Res.,,,,,1,2026-02-18T22:58:35Z,3trr1fkbng6fnagct7101bpck,Torneo Proyección,2f3fydvyjz2svhlc1eo3qflwd,Argentina,South America,2026,data\south_america\argentina\torneo_proyeccion\2f3fydvyjz2svhlc1eo3qflwd\2026\fixture.json,,,
c79oiu518pd2ppy212mnpg2l0,2026-02-18,2026-02-18Z,20:00:00Z,San Martín San Juan Res.,Independiente Res.,,,,,1,2026-02-18T22:58:01Z,3trr1fkbng6fnagct7101bpck,Torneo Proyección,2f3fydvyjz2svhlc1eo3qflwd,Argentina,South America,2026,data\south_america\argentina\torneo_proyeccion\2f3fydvyjz2svhlc1eo3qflwd\2026\fixture.json,,,
c6e5h0ysa6lxhkwxnmb88u3o4,2026-02-18,2026-02-18Z,20:00:00Z,Estudiantes Res.,Platense Res.,,,,,1,2026-02-18T22:57:00Z,3trr1fkbng6fnagct7101bpck,Torneo Proyección,2f3fydvyjz2svhlc1eo3qflwd,Argentina,South America,2026,data\south_america\argentina\torneo_proyeccion\2f3fydvyjz2svhlc1eo3qflwd\2026\fixture.json,,,
c5yp2yjsijnm3venfe5j4r2ms,2026-02-18,2026-02-18Z,20:00:00Z,Colón Res.,Quilmes Res.,,,,,1,2026-02-18T22:56:33Z,3trr1fkbng6fnagct7101bpck,Torneo Proyección,2f3fydvyjz2svhlc1eo3qflwd,Argentina,South America,2026,data\south_america\argentina\torneo_proyeccion\2f3fydvyjz2svhlc1eo3qflwd\2026\fixture.json,,,
c4lwh3b5z444um8jmjfww92qc,2026-02-18,2026-02-18Z,20:00:00Z,Sarmiento Res.,Atlético Tucumán Res.,,,,,1,2026-02-18T22:50:50Z,3trr1fkbng6fnagct7101bpck,Torneo Proyección,2f3fydvyjz2svhlc1eo3qflwd,Argentina,South America,2026,data\south_america\argentina\torneo_proyeccion\2f3fydvyjz2svhlc1eo3qflwd\2026\fixture.json,,,
c6tq03288cch2n6ufl7a8kkr8,2026-02-18,2026-02-18Z,00:05:00Z,Central Córdoba SdE Res.,Atlético Rafaela Res.,,,,,1,2026-02-18T02:58:04Z,3trr1fkbng6fnagct7101bpck,Torneo Proyección,2f3fydvyjz2svhlc1eo3qflwd,Argentina,South America,2026,data\south_america\argentina\torneo_proyeccion\2f3fydvyjz2svhlc1eo3qflwd\2026\fixture.json,,,
c7pjnwj4krpyryuxtax301t78,2026-02-17,2026-02-17Z,22:10:00Z,Independiente Riva. Res.,Boca Juniors Res.,,,,,1,2026-02-18T01:34:13Z,3trr1fkbng6fnagct7101bpck,Torneo Proyección,2f3fydvyjz2svhlc1eo3qflwd,Argentina,South America,2026,data\south_america\argentina\torneo_proyeccion\2f3fydvyjz2svhlc1eo3qflwd\2026\fixture.json,,,
c9iw2x7qmrxomd8odvzxl3huc,2026-02-17,2026-02-17Z,20:00:00Z,Newell's Old Boys Res.,Defensa y Justicia Res.,,,,,1,2026-02-18T01:50:46Z,3trr1fkbng6fnagct7101bpck,Torneo Proyección,2f3fydvyjz2svhlc1eo3qflwd,Argentina,South America,2026,data\south_america\argentina\torneo_proyeccion\2f3fydvyjz2svhlc1eo3qflwd\2026\fixture.json,,,
c85getu1k0sbmdofw618rbdw4,2026-02-17,2026-02-17Z,20:00:00Z,Deportivo Riestra Res.,Ferro Carril Oeste Res.,,,,,1,2026-02-18T01:48:27Z,3trr1fkbng6fnagct7101bpck,Torneo Proyección,2f3fydvyjz2svhlc1eo3qflwd,Argentina,South America,2026,data\south_america\argentina\torneo_proyeccion\2f3fydvyjz2svhlc1eo3qflwd\2026\fixture.json,,,
c46dltwbwg9u8gj25an4p0rv8,2026-02-17,2026-02-17Z,20:00:00Z,Racing Club Res.,Godoy Cruz Res.,,,,,1,2026-02-18T01:47:16Z,3trr1fkbng6fnagct7101bpck,Torneo Proyección,2f3fydvyjz2svhlc1eo3qflwd,Argentina,South America,2026,data\south_america\argentina\torneo_proyeccion\2f3fydvyjz2svhlc1eo3qflwd\2026\fixture.json,,,
c3bomo9lmjv2hf2prb7uxlxjo,2026-02-17,2026-02-17Z,20:00:00Z,Vélez Sársfield Res.,Barracas Central Res.,,,,,1,2026-02-18T01:46:16Z,3trr1fkbng6fnagct7101bpck,Torneo Proyección,2f3fydvyjz2svhlc1eo3qflwd,Argentina,South America,2026,data\south_america\argentina\torneo_proyeccion\2f3fydvyjz2svhlc1eo3qflwd\2026\fixture.json,,,
c2w5sep81dbusg4nidcdnjmz8,2026-02-17,2026-02-17Z,20:00:00Z,San Lorenzo Res.,Talleres de Córdoba Res.,,,,,1,2026-02-18T01:43:52Z,3trr1fkbng6fnagct7101bpck,Torneo Proyección,2f3fydvyjz2svhlc1eo3qflwd,Argentina,South America,2026,data\south_america\argentina\torneo_proyeccion\2f3fydvyjz2svhlc1eo3qflwd\2026\fixture.json,,,
c5j4vqjwdw5kr60ac74mvzdhw,2026-02-16,2026-02-16Z,20:00:00Z,Aldosivi Res.,Gimnasia La Plata Res.,,,,,1,2026-02-16T23:32:13Z,3trr1fkbng6fnagct7101bpck,Torneo Proyección,2f3fydvyjz2svhlc1eo3qflwd,Argentina,South America,2026,data\south_america\argentina\torneo_proyeccion\2f3fydvyjz2svhlc1eo3qflwd\2026\fixture.json,,,
c51plut43k768unq3wfd37w9g,2026-02-16,2026-02-16Z,20:00:00Z,Argentinos Juniors Res.,Unión Res.,,,,,1,2026-02-16T23:32:13Z,3trr1fkbng6fnagct7101bpck,Torneo Proyección,2f3fydvyjz2svhlc1eo3qflwd,Argentina,South America,2026,data\south_america\argentina\torneo_proyeccion\2f3fydvyjz2svhlc1eo3qflwd\2026\fixture.json,,,
c2fv3hfsmtg5v3c8yuagaquc4,2026-02-16,2026-02-16Z,20:00:00Z,Tigre Res.,Banfield Res.,,,,,1,2026-02-16T23:32:13Z,3trr1fkbng6fnagct7101bpck,Torneo Proyección,2f3fydvyjz2svhlc1eo3qflwd,Argentina,South America,2026,data\south_america\argentina\torneo_proyeccion\2f3fydvyjz2svhlc1eo3qflwd\2026\fixture.json,,,
c1whki7mo1vke2x80kb0cg7is,2026-02-16,2026-02-16Z,20:00:00Z,Instituto Res.,Rosario Central Res.,,,,,1,2026-02-16T23:21:44Z,3trr1fkbng6fnagct7101bpck,Torneo Proyección,2f3fydvyjz2svhlc1eo3qflwd,Argentina,South America,2026,data\south_america\argentina\torneo_proyeccion\2f3fydvyjz2svhlc1eo3qflwd\2026\fixture.json,,,
c0uwqa82wgzf08aj7uw2mxxjo,2026-02-12,2026-02-12Z,20:00:00Z,Platense Res.,Central Córdoba SdE Res.,,,,,1,2026-02-13T01:21:34Z,3trr1fkbng6fnagct7101bpck,Torneo Proyección,2f3fydvyjz2svhlc1eo3qflwd,Argentina,South America,2026,data\south_america\argentina\torneo_proyeccion\2f3fydvyjz2svhlc1eo3qflwd\2026\fixture.json,,,
bzvzz0dwndiu685scv3sbff9w,2026-02-12,2026-02-12Z,20:00:00Z,Independiente Res.,Independiente Riva. Res.,,,,,1,2026-02-13T01:20:38Z,3trr1fkbng6fnagct7101bpck,Torneo Proyección,2f3fydvyjz2svhlc1eo3qflwd,Argentina,South America,2026,data\south_america\argentina\torneo_proyeccion\2f3fydvyjz2svhlc1eo3qflwd\2026\fixture.json,,,
by4wcfgqn66oxydgkpfzi87is,2026-02-12,2026-02-12Z,20:00:00Z,Estudiantes RC Res.,Newell's Old Boys Res.,,,,,1,2026-02-13T01:18:38Z,3trr1fkbng6fnagct7101bpck,Torneo Proyección,2f3fydvyjz2svhlc1eo3qflwd,Argentina,South America,2026,data\south_america\argentina\torneo_proyeccion\2f3fydvyjz2svhlc1eo3qflwd\2026\fixture.json,,,
bxp5oq1ypn4bvrq5m5lrz5hck,2026-02-12,2026-02-12Z,20:00:00Z,Defensa y Justicia Res.,Colón Res.,,,,,1,2026-02-13T01:14:51Z,3trr1fkbng6fnagct7101bpck,Torneo Proyección,2f3fydvyjz2svhlc1eo3qflwd,Argentina,South America,2026,data\south_america\argentina\torneo_proyeccion\2f3fydvyjz2svhlc1eo3qflwd\2026\fixture.json,,,
bwdzsg9230w6bu1jknagayx3o,2026-02-12,2026-02-12Z,20:00:00Z,Talleres de Córdoba Res.,Vélez Sársfield Res.,,,,,1,2026-02-13T01:10:47Z,3trr1fkbng6fnagct7101bpck,Torneo Proyección,2f3fydvyjz2svhlc1eo3qflwd,Argentina,South America,2026,data\south_america\argentina\torneo_proyeccion\2f3fydvyjz2svhlc1eo3qflwd\2026\fixture.json,,,
bv0ctv62iv2r2byck99i4mcr8,2026-02-12,2026-02-12Z,20:00:00Z,Godoy Cruz Res.,Sarmiento Res.,,,,,1,2026-02-13T01:06:49Z,3trr1fkbng6fnagct7101bpck,Torneo Proyección,2f3fydvyjz2svhlc1eo3qflwd,Argentina,South America,2026,data\south_america\argentina\torneo_proyeccion\2f3fydvyjz2svhlc1eo3qflwd\2026\fixture.json,,,
bukwcpssvejun1im1rafs5vdg,2026-02-12,2026-02-12Z,00:00:00Z,Atlético Tucumán Res.,Argentinos Juniors Res.,,,,,1,2026-02-12T03:09:56Z,3trr1fkbng6fnagct7101bpck,Torneo Proyección,2f3fydvyjz2svhlc1eo3qflwd,Argentina,South America,2026,data\south_america\argentina\torneo_proyeccion\2f3fydvyjz2svhlc1eo3qflwd\2026\fixture.json,,,
c1cokrx4mgrl61px8lmsojtw4,2026-02-11,2026-02-11Z,20:00:00Z,Quilmes Res.,Estudiantes Res.,,,,,1,2026-02-12T01:52:28Z,3trr1fkbng6fnagct7101bpck,Torneo Proyección,2f3fydvyjz2svhlc1eo3qflwd,Argentina,South America,2026,data\south_america\argentina\torneo_proyeccion\2f3fydvyjz2svhlc1eo3qflwd\2026\fixture.json,,,
c0f1cz8zgcf9rofm4s7j4hrmc,2026-02-11,2026-02-11Z,20:00:00Z,Atlético Rafaela Res.,San Martín San Juan Res.,,,,,1,2026-02-12T01:50:17Z,3trr1fkbng6fnagct7101bpck,Torneo Proyección,2f3fydvyjz2svhlc1eo3qflwd,Argentina,South America,2026,data\south_america\argentina\torneo_proyeccion\2f3fydvyjz2svhlc1eo3qflwd\2026\fixture.json,,,
byki8gmqpop6qmq0ofohatzbo,2026-02-11,2026-02-11Z,20:00:00Z,Huracán Res.,Lanús Res.,,,,,1,2026-02-12T01:49:30Z,3trr1fkbng6fnagct7101bpck,Torneo Proyección,2f3fydvyjz2svhlc1eo3qflwd,Argentina,South America,2026,data\south_america\argentina\torneo_proyeccion\2f3fydvyjz2svhlc1eo3qflwd\2026\fixture.json,,,
bvyl9ygj7z02qhwpaujjez9qs,2026-02-11,2026-02-11Z,20:00:00Z,Barracas Central Res.,River Plate Res.,,,,,1,2026-02-12T01:47:46Z,3trr1fkbng6fnagct7101bpck,Torneo Proyección,2f3fydvyjz2svhlc1eo3qflwd,Argentina,South America,2026,data\south_america\argentina\torneo_proyeccion\2f3fydvyjz2svhlc1eo3qflwd\2026\fixture.json,,,
bzg7tp1spu48asyrbh2ektafo,2026-02-11,2026-02-11Z,00:00:00Z,Boca Juniors Res.,Deportivo Riestra Res.,,,,,1,2026-02-11T03:27:43Z,3trr1fkbng6fnagct7101bpck,Torneo Proyección,2f3fydvyjz2svhlc1eo3qflwd,Argentina,South America,2026,data\south_america\argentina\torneo_proyeccion\2f3fydvyjz2svhlc1eo3qflwd\2026\fixture.json,,,
bvj2vvls1tbn1gdppo9kvxkpg,2026-02-10,2026-02-10Z,22:00:00Z,Gimnasia Mendoza Res.,Racing Club Res.,,,,,1,2026-02-11T01:00:48Z,3trr1fkbng6fnagct7101bpck,Torneo Proyección,2f3fydvyjz2svhlc1eo3qflwd,Argentina,South America,2026,data\south_america\argentina\torneo_proyeccion\2f3fydvyjz2svhlc1eo3qflwd\2026\fixture.json,,,
bz02kwe6c6uzebjgejxjbmal0,2026-02-10,2026-02-10Z,20:00:00Z,Ferro Carril Oeste Res.,Belgrano Res.,,,,,1,2026-02-10T23:21:14Z,3trr1fkbng6fnagct7101bpck,Torneo Proyección,2f3fydvyjz2svhlc1eo3qflwd,Argentina,South America,2026,data\south_america\argentina\torneo_proyeccion\2f3fydvyjz2svhlc1eo3qflwd\2026\fixture.json,,,
bx8yvhp13hvqde1zb191ae39w,2026-02-10,2026-02-10Z,20:00:00Z,Rosario Central Res.,Tigre Res.,,,,,1,2026-02-10T23:21:14Z,3trr1fkbng6fnagct7101bpck,Torneo Proyección,2f3fydvyjz2svhlc1eo3qflwd,Argentina,South America,2026,data\south_america\argentina\torneo_proyeccion\2f3fydvyjz2svhlc1eo3qflwd\2026\fixture.json,,,
bwtjf1q1apvj5ndklk0cluqdw,2026-02-10,2026-02-10Z,20:00:00Z,Banfield Res.,San Lorenzo Res.,,,,,1,2026-02-10T23:21:14Z,3trr1fkbng6fnagct7101bpck,Torneo Proyección,2f3fydvyjz2svhlc1eo3qflwd,Argentina,South America,2026,data\south_america\argentina\torneo_proyeccion\2f3fydvyjz2svhlc1eo3qflwd\2026\fixture.json,,,
bu5m833mns62scwgywmhvi9zo,2026-02-10,2026-02-10Z,20:00:00Z,Unión Res.,Aldosivi Res.,,,,,1,2026-02-10T23:21:14Z,3trr1fkbng6fnagct7101bpck,Torneo Proyección,2f3fydvyjz2svhlc1eo3qflwd,Argentina,South America,2026,data\south_america\argentina\torneo_proyeccion\2f3fydvyjz2svhlc1eo3qflwd\2026\fixture.json,,,
btpw6pnzc1aj9dwsr5tiq15w4,2026-02-10,2026-02-10Z,20:00:00Z,Gimnasia La Plata Res.,Instituto Res.,,,,,1,2026-02-10T23:21:13Z,3trr1fkbng6fnagct7101bpck,Torneo Proyección,2f3fydvyjz2svhlc1eo3qflwd,Argentina,South America,2026,data\south_america\argentina\torneo_proyeccion\2f3fydvyjz2svhlc1eo3qflwd\2026\fixture.json,,,
bpln013hma3mrap19bongm39w,2026-02-06,2026-02-06Z,00:00:00Z,Central Córdoba SdE Res.,Quilmes Res.,,,,,1,2026-02-06T03:59:34Z,3trr1fkbng6fnagct7101bpck,Torneo Proyección,2f3fydvyjz2svhlc1eo3qflwd,Argentina,South America,2026,data\south_america\argentina\torneo_proyeccion\2f3fydvyjz2svhlc1eo3qflwd\2026\fixture.json,,,
bm1sjlc4jtam7q2offza54m50,2026-02-05,2026-02-05Z,23:00:00Z,River Plate Res.,Talleres de Córdoba Res.,,,,,1,2026-02-06T01:45:27Z,3trr1fkbng6fnagct7101bpck,Torneo Proyección,2f3fydvyjz2svhlc1eo3qflwd,Argentina,South America,2026,data\south_america\argentina\torneo_proyeccion\2f3fydvyjz2svhlc1eo3qflwd\2026\fixture.json,,,
btahk52q3oirpa32ysbxoi1w4,2026-02-05,2026-02-05Z,20:00:00Z,Defensa y Justicia Res.,Estudiantes RC Res.,,,,,1,2026-02-05T22:41:29Z,3trr1fkbng6fnagct7101bpck,Torneo Proyección,2f3fydvyjz2svhlc1eo3qflwd,Argentina,South America,2026,data\south_america\argentina\torneo_proyeccion\2f3fydvyjz2svhlc1eo3qflwd\2026\fixture.json,,,
bqpj8ws2ds4eqo91joayvdv6c,2026-02-05,2026-02-05Z,20:00:00Z,Independiente Riva. Res.,Atlético Rafaela Res.,,,,,1,2026-02-05T22:41:29Z,3trr1fkbng6fnagct7101bpck,Torneo Proyección,2f3fydvyjz2svhlc1eo3qflwd,Argentina,South America,2026,data\south_america\argentina\torneo_proyeccion\2f3fydvyjz2svhlc1eo3qflwd\2026\fixture.json,,,
bq45zw9696qgyh9k3y6q46n10,2026-02-05,2026-02-05Z,20:00:00Z,San Martín San Juan Res.,Platense Res.,,,,,1,2026-02-05T22:41:29Z,3trr1fkbng6fnagct7101bpck,Torneo Proyección,2f3fydvyjz2svhlc1eo3qflwd,Argentina,South America,2026,data\south_america\argentina\torneo_proyeccion\2f3fydvyjz2svhlc1eo3qflwd\2026\fixture.json,,,
bnk1x9xqjwpug7yhkmepp3qj8,2026-02-05,2026-02-05Z,20:00:00Z,Argentinos Juniors Res.,Godoy Cruz Res.,,,,,1,2026-02-05T22:41:28Z,3trr1fkbng6fnagct7101bpck,Torneo Proyección,2f3fydvyjz2svhlc1eo3qflwd,Argentina,South America,2026,data\south_america\argentina\torneo_proyeccion\2f3fydvyjz2svhlc1eo3qflwd\2026\fixture.json,,,
bsa8dngrxt8iip4zc5yi4hclw,2026-02-04,2026-02-04Z,20:00:00Z,Lanús Res.,Ferro Carril Oeste Res.,,,,,1,2026-02-04T23:32:34Z,3trr1fkbng6fnagct7101bpck,Torneo Proyección,2f3fydvyjz2svhlc1eo3qflwd,Argentina,South America,2026,data\south_america\argentina\torneo_proyeccion\2f3fydvyjz2svhlc1eo3qflwd\2026\fixture.json,,,
brqsooaqlpvw5z1tbg6ao42l0,2026-02-04,2026-02-04Z,20:00:00Z,Belgrano Res.,Boca Juniors Res.,,,,,1,2026-02-04T23:31:32Z,3trr1fkbng6fnagct7101bpck,Torneo Proyección,2f3fydvyjz2svhlc1eo3qflwd,Argentina,South America,2026,data\south_america\argentina\torneo_proyeccion\2f3fydvyjz2svhlc1eo3qflwd\2026\fixture.json,,,
bn1ty3l9xse3b47z7wdw5k3ys,2026-02-04,2026-02-04Z,20:00:00Z,Sarmiento Res.,Gimnasia Mendoza Res.,,,,,1,2026-02-04T23:30:22Z,3trr1fkbng6fnagct7101bpck,Torneo Proyección,2f3fydvyjz2svhlc1eo3qflwd,Argentina,South America,2026,data\south_america\argentina\torneo_proyeccion\2f3fydvyjz2svhlc1eo3qflwd\2026\fixture.json,,,
bmjmhbyx951x6qhwb4ci3hpg4,2026-02-04,2026-02-04Z,20:00:00Z,Racing Club Res.,Barracas Central Res.,,,,,1,2026-02-04T23:28:51Z,3trr1fkbng6fnagct7101bpck,Torneo Proyección,2f3fydvyjz2svhlc1eo3qflwd,Argentina,South America,2026,data\south_america\argentina\torneo_proyeccion\2f3fydvyjz2svhlc1eo3qflwd\2026\fixture.json,,,
bkxwjmcjezm6veifrb3mid8gk,2026-02-04,2026-02-04Z,20:00:00Z,Vélez Sársfield Res.,Banfield Res.,,,,,1,2026-02-04T23:26:44Z,3trr1fkbng6fnagct7101bpck,Torneo Proyección,2f3fydvyjz2svhlc1eo3qflwd,Argentina,South America,2026,data\south_america\argentina\torneo_proyeccion\2f3fydvyjz2svhlc1eo3qflwd\2026\fixture.json,,,
bka69sjqb88pu7okfjp7migic,2026-02-04,2026-02-04Z,20:00:00Z,Instituto Res.,Tigre Res.,,,,,1,2026-02-04T23:33:42Z,3trr1fkbng6fnagct7101bpck,Torneo Proyección,2f3fydvyjz2svhlc1eo3qflwd,Argentina,South America,2026,data\south_america\argentina\torneo_proyeccion\2f3fydvyjz2svhlc1eo3qflwd\2026\fixture.json,,,
bssg7kzaf9vyror68sfghqjh0,2026-02-03,2026-02-03Z,20:00:00Z,Newell's Old Boys Res.,Huracán Res.,,,,,1,2026-02-03T23:29:16Z,3trr1fkbng6fnagct7101bpck,Torneo Proyección,2f3fydvyjz2svhlc1eo3qflwd,Argentina,South America,2026,data\south_america\argentina\torneo_proyeccion\2f3fydvyjz2svhlc1eo3qflwd\2026\fixture.json,,,
br8wk3uoshxbvlbloewk41btg,2026-02-03,2026-02-03Z,20:00:00Z,Deportivo Riestra Res.,Independiente Res.,,,,,1,2026-02-03T23:32:20Z,3trr1fkbng6fnagct7101bpck,Torneo Proyección,2f3fydvyjz2svhlc1eo3qflwd,Argentina,South America,2026,data\south_america\argentina\torneo_proyeccion\2f3fydvyjz2svhlc1eo3qflwd\2026\fixture.json,,,
bp2va86uqsk7bw8oz0nn6untg,2026-02-03,2026-02-03Z,20:00:00Z,Colón Res.,Estudiantes Res.,,,,,1,2026-02-03T23:25:47Z,3trr1fkbng6fnagct7101bpck,Torneo Proyección,2f3fydvyjz2svhlc1eo3qflwd,Argentina,South America,2026,data\south_america\argentina\torneo_proyeccion\2f3fydvyjz2svhlc1eo3qflwd\2026\fixture.json,,,
boknlv12tw5bwtx29l8z2tzbo,2026-02-03,2026-02-03Z,20:00:00Z,Gimnasia La Plata Res.,Unión Res.,,,,,1,2026-02-03T23:33:01Z,3trr1fkbng6fnagct7101bpck,Torneo Proyección,2f3fydvyjz2svhlc1eo3qflwd,Argentina,South America,2026,data\south_america\argentina\torneo_proyeccion\2f3fydvyjz2svhlc1eo3qflwd\2026\fixture.json,,,
bo2a9sd48pufq394meqznf47o,2026-02-03,2026-02-03Z,20:00:00Z,Aldosivi Res.,Atlético Tucumán Res.,,,,,1,2026-02-03T23:30:31Z,3trr1fkbng6fnagct7101bpck,Torneo Proyección,2f3fydvyjz2svhlc1eo3qflwd,Argentina,South America,2026,data\south_america\argentina\torneo_proyeccion\2f3fydvyjz2svhlc1eo3qflwd\2026\fixture.json,,,
bljavrr1ccrfzurbggm3fuyok,2026-02-03,2026-02-03Z,20:00:00Z,San Lorenzo Res.,Rosario Central Res.,,,,,1,2026-02-03T23:31:06Z,3trr1fkbng6fnagct7101bpck,Torneo Proyección,2f3fydvyjz2svhlc1eo3qflwd,Argentina,South America,2026,data\south_america\argentina\torneo_proyeccion\2f3fydvyjz2svhlc1eo3qflwd\2026\fixture.json,,,
