match_id,date,date_raw,time,home_team,away_team,home_score,away_score,venue,status,coverage,last_updated,tournament_id,competition,competition_id,country,continent,season,fixture_path,attendance,weather_temperature,weather_conditions
4vkb267py4l18e6ch2i3gfok4,2026-10-31,2026-10-31Z,,Flandria,Deportivo Armenio,,,Estadio Carlos V,,7,2026-04-11T23:46:12Z,epr9s9zih7yd5dygat10o64us,Prim B Metro,66nxwll8fur0rtp9q7wqaki1l,Argentina,South America,2026,data\south_america\argentina\prim_b_metro\66nxwll8fur0rtp9q7wqaki1l\2026\fixture.json,,,
4v0tai5z51xwpbvjtx7gcfuvo,2026-10-31,2026-10-31Z,,Argentino Quilmes,Brown de Adrogué,,,Estadio de Argentino de Quilmes,,7,2026-04-06T02:09:49Z,epr9s9zih7yd5dygat10o64us,Prim B Metro,66nxwll8fur0rtp9q7wqaki1l,Argentina,South America,2026,data\south_america\argentina\prim_b_metro\66nxwll8fur0rtp9q7wqaki1l\2026\fixture.json,,,
4uja8uk17nxxrwiii8sghpedw,2026-10-31,2026-10-31Z,,Defensores Unidos,Deportivo Laferrere,,,Estadio Gigante de Villa Fox,,7,2026-04-06T01:54:34Z,epr9s9zih7yd5dygat10o64us,Prim B Metro,66nxwll8fur0rtp9q7wqaki1l,Argentina,South America,2026,data\south_america\argentina\prim_b_metro\66nxwll8fur0rtp9q7wqaki1l\2026\fixture.json,,,
4u1x5ftmfk09je20b738jdpn8,2026-10-31,2026-10-31Z,,Comunicaciones,Talleres Remedios,,,Estadio Alfredo Ramos,,7,2026-03-31T17:25:46Z,epr9s9zih7yd5dygat10o64us,Prim B Metro,66nxwll8fur0rtp9q7wqaki1l,Argentina,South America,2026,data\south_america\argentina\prim_b_metro\66nxwll8fur0rtp9q7wqaki1l\2026\fixture.json,,,
4tkiie6viphxjia8loy6uutck,2026-10-31,2026-10-31Z,,Dock Sud,Argentino Merlo,,,Estadio de los Inmigrantes,,7,2026-04-06T23:43:43Z,epr9s9zih7yd5dygat10o64us,Prim B Metro,66nxwll8fur0rtp9q7wqaki1l,Argentina,South America,2026,data\south_america\argentina\prim_b_metro\66nxwll8fur0rtp9q7wqaki1l\2026\fixture.json,,,
4t2xw9duo3andsw6qyuxm67mc,2026-10-31,2026-10-31Z,,Deportivo Merlo,Arsenal,,,Estadio José Manuel Moreno,,7,2026-04-07T02:07:10Z,epr9s9zih7yd5dygat10o64us,Prim B Metro,66nxwll8fur0rtp9q7wqaki1l,Argentina,South America,2026,data\south_america\argentina\prim_b_metro\66nxwll8fur0rtp9q7wqaki1l\2026\fixture.json,,,
4sli5urlxy42dvbymaup5a61g,2026-10-31,2026-10-31Z,,Deportivo Camioneros,Excursionistas,,,Estadio Hugo Moyano,,7,2026-04-06T01:57:17Z,epr9s9zih7yd5dygat10o64us,Prim B Metro,66nxwll8fur0rtp9q7wqaki1l,Argentina,South America,2026,data\south_america\argentina\prim_b_metro\66nxwll8fur0rtp9q7wqaki1l\2026\fixture.json,,,
4s3e3xni5zmj91c7agp406j2s,2026-10-31,2026-10-31Z,,Sportivo Italiano,Villa Dálmine,,,Estadio República de Italia,,7,2026-03-31T17:25:47Z,epr9s9zih7yd5dygat10o64us,Prim B Metro,66nxwll8fur0rtp9q7wqaki1l,Argentina,South America,2026,data\south_america\argentina\prim_b_metro\66nxwll8fur0rtp9q7wqaki1l\2026\fixture.json,,,
4rlils64c0apqmtwnxddqgwes,2026-10-31,2026-10-31Z,,San Martín Burzaco,UAI Urquiza,,,Estadio Francisco Boga,,7,2026-03-31T17:25:47Z,epr9s9zih7yd5dygat10o64us,Prim B Metro,66nxwll8fur0rtp9q7wqaki1l,Argentina,South America,2026,data\south_america\argentina\prim_b_metro\66nxwll8fur0rtp9q7wqaki1l\2026\fixture.json,,,
4r3vfh98ruhmm61a6xzt78xec,2026-10-31,2026-10-31Z,,Villa San Carlos,Real Pilar,,,Estadio Genancio Sálice,,7,2026-03-31T17:25:47Z,epr9s9zih7yd5dygat10o64us,Prim B Metro,66nxwll8fur0rtp9q7wqaki1l,Argentina,South America,2026,data\south_america\argentina\prim_b_metro\66nxwll8fur0rtp9q7wqaki1l\2026\fixture.json,,,
4qlzlu1to3wevpzha2kpdqgb8,2026-10-31,2026-10-31Z,,Liniers,Ituzaingó,,,Estadio Juan Antonio Arias,,7,2026-04-06T02:12:44Z,epr9s9zih7yd5dygat10o64us,Prim B Metro,66nxwll8fur0rtp9q7wqaki1l,Argentina,South America,2026,data\south_america\argentina\prim_b_metro\66nxwll8fur0rtp9q7wqaki1l\2026\fixture.json,,,
4q2fxq0gj5jvi8w8uqb4zmhp0,2026-10-24,2026-10-24Z,,Real Pilar,Liniers,,,Estadio Municipal de Pilar,,7,2026-04-06T02:12:44Z,epr9s9zih7yd5dygat10o64us,Prim B Metro,66nxwll8fur0rtp9q7wqaki1l,Argentina,South America,2026,data\south_america\argentina\prim_b_metro\66nxwll8fur0rtp9q7wqaki1l\2026\fixture.json,,,
4pl00qzc807x8kql4q8z29yqc,2026-10-24,2026-10-24Z,,UAI Urquiza,Villa San Carlos,,,Estadio Monumental de Villa Lynch,,7,2026-03-31T17:25:45Z,epr9s9zih7yd5dygat10o64us,Prim B Metro,66nxwll8fur0rtp9q7wqaki1l,Argentina,South America,2026,data\south_america\argentina\prim_b_metro\66nxwll8fur0rtp9q7wqaki1l\2026\fixture.json,,,
4p3k3jeyuerm9uyyxbl5yqv4k,2026-10-24,2026-10-24Z,,Villa Dálmine,San Martín Burzaco,,,Estadio El Coliseo de Mitre y Puccini,,7,2026-03-31T17:25:45Z,epr9s9zih7yd5dygat10o64us,Prim B Metro,66nxwll8fur0rtp9q7wqaki1l,Argentina,South America,2026,data\south_america\argentina\prim_b_metro\66nxwll8fur0rtp9q7wqaki1l\2026\fixture.json,,,
4olwjtfmu3prrv1xhkzd3zmz8,2026-10-24,2026-10-24Z,,Excursionistas,Sportivo Italiano,,,Estadio de Excursionistas,,7,2026-04-06T01:57:17Z,epr9s9zih7yd5dygat10o64us,Prim B Metro,66nxwll8fur0rtp9q7wqaki1l,Argentina,South America,2026,data\south_america\argentina\prim_b_metro\66nxwll8fur0rtp9q7wqaki1l\2026\fixture.json,,,
4o4eo24s5ehfagphyi9jkz28k,2026-10-24,2026-10-24Z,,Arsenal,Deportivo Camioneros,,,Estadio Julio Humberto Grondona,,7,2026-03-31T17:25:44Z,epr9s9zih7yd5dygat10o64us,Prim B Metro,66nxwll8fur0rtp9q7wqaki1l,Argentina,South America,2026,data\south_america\argentina\prim_b_metro\66nxwll8fur0rtp9q7wqaki1l\2026\fixture.json,,,
4nmns8v05czje29wb60jomhhw,2026-10-24,2026-10-24Z,,Argentino Merlo,Deportivo Merlo,,,Estadio Juan Carlos Brieva,,7,2026-04-07T02:07:10Z,epr9s9zih7yd5dygat10o64us,Prim B Metro,66nxwll8fur0rtp9q7wqaki1l,Argentina,South America,2026,data\south_america\argentina\prim_b_metro\66nxwll8fur0rtp9q7wqaki1l\2026\fixture.json,,,
4n56n2qg8kwxxfhfwj0v2dwyc,2026-10-24,2026-10-24Z,,Talleres Remedios,Dock Sud,,,Estadio Pablo Comelli,,7,2026-04-06T23:43:43Z,epr9s9zih7yd5dygat10o64us,Prim B Metro,66nxwll8fur0rtp9q7wqaki1l,Argentina,South America,2026,data\south_america\argentina\prim_b_metro\66nxwll8fur0rtp9q7wqaki1l\2026\fixture.json,,,
4mnqfnj7cugchwvaf6bcqu9lg,2026-10-24,2026-10-24Z,,Deportivo Laferrere,Comunicaciones,,,Estadio Deportivo Laferrere,,7,2026-04-06T01:54:34Z,epr9s9zih7yd5dygat10o64us,Prim B Metro,66nxwll8fur0rtp9q7wqaki1l,Argentina,South America,2026,data\south_america\argentina\prim_b_metro\66nxwll8fur0rtp9q7wqaki1l\2026\fixture.json,,,
4m62xpcktxpfp4hhg55jeedjo,2026-10-24,2026-10-24Z,,Brown de Adrogué,Defensores Unidos,,,Estadio Lorenzo Arandilla,,7,2026-04-05T22:33:49Z,epr9s9zih7yd5dygat10o64us,Prim B Metro,66nxwll8fur0rtp9q7wqaki1l,Argentina,South America,2026,data\south_america\argentina\prim_b_metro\66nxwll8fur0rtp9q7wqaki1l\2026\fixture.json,,,
4loodnokfgbri22vr7x31hfkk,2026-10-24,2026-10-24Z,,Deportivo Armenio,Argentino Quilmes,,,Estadio Armenia,,7,2026-04-06T13:01:02Z,epr9s9zih7yd5dygat10o64us,Prim B Metro,66nxwll8fur0rtp9q7wqaki1l,Argentina,South America,2026,data\south_america\argentina\prim_b_metro\66nxwll8fur0rtp9q7wqaki1l\2026\fixture.json,,,
4l3uvrurbxeqzdqe12c0r4z6c,2026-10-24,2026-10-24Z,,Ituzaingó,Flandria,,,Estadio de Ituzaingó,,7,2026-04-11T23:46:12Z,epr9s9zih7yd5dygat10o64us,Prim B Metro,66nxwll8fur0rtp9q7wqaki1l,Argentina,South America,2026,data\south_america\argentina\prim_b_metro\66nxwll8fur0rtp9q7wqaki1l\2026\fixture.json,,,
4kmgnkxcbu2pkjtoif5qzcpas,2026-10-17,2026-10-17Z,,Argentino Quilmes,Flandria,,,Estadio de Argentino de Quilmes,,7,2026-04-11T23:46:12Z,epr9s9zih7yd5dygat10o64us,Prim B Metro,66nxwll8fur0rtp9q7wqaki1l,Argentina,South America,2026,data\south_america\argentina\prim_b_metro\66nxwll8fur0rtp9q7wqaki1l\2026\fixture.json,,,
4k3vpbsklrxytl9gpocvfrpqs,2026-10-17,2026-10-17Z,,Defensores Unidos,Deportivo Armenio,,,Estadio Gigante de Villa Fox,,7,2026-04-06T13:01:02Z,epr9s9zih7yd5dygat10o64us,Prim B Metro,66nxwll8fur0rtp9q7wqaki1l,Argentina,South America,2026,data\south_america\argentina\prim_b_metro\66nxwll8fur0rtp9q7wqaki1l\2026\fixture.json,,,
4jmiw9e0wya6fnjdcy4uunsic,2026-10-17,2026-10-17Z,,Comunicaciones,Brown de Adrogué,,,Estadio Alfredo Ramos,,7,2026-03-31T17:25:42Z,epr9s9zih7yd5dygat10o64us,Prim B Metro,66nxwll8fur0rtp9q7wqaki1l,Argentina,South America,2026,data\south_america\argentina\prim_b_metro\66nxwll8fur0rtp9q7wqaki1l\2026\fixture.json,,,
4iv6srdz5rz7bq9wbl53dquj8,2026-10-17,2026-10-17Z,,Dock Sud,Deportivo Laferrere,,,Estadio de los Inmigrantes,,7,2026-04-06T23:43:43Z,epr9s9zih7yd5dygat10o64us,Prim B Metro,66nxwll8fur0rtp9q7wqaki1l,Argentina,South America,2026,data\south_america\argentina\prim_b_metro\66nxwll8fur0rtp9q7wqaki1l\2026\fixture.json,,,
4idltq2romztsyrhlrha49vys,2026-10-17,2026-10-17Z,,Deportivo Merlo,Talleres Remedios,,,Estadio José Manuel Moreno,,7,2026-04-07T02:07:10Z,epr9s9zih7yd5dygat10o64us,Prim B Metro,66nxwll8fur0rtp9q7wqaki1l,Argentina,South America,2026,data\south_america\argentina\prim_b_metro\66nxwll8fur0rtp9q7wqaki1l\2026\fixture.json,,,
4hswj67itb20uykyg8bb14sgk,2026-10-17,2026-10-17Z,,Deportivo Camioneros,Argentino Merlo,,,Estadio Hugo Moyano,,7,2026-03-31T17:25:43Z,epr9s9zih7yd5dygat10o64us,Prim B Metro,66nxwll8fur0rtp9q7wqaki1l,Argentina,South America,2026,data\south_america\argentina\prim_b_metro\66nxwll8fur0rtp9q7wqaki1l\2026\fixture.json,,,
4hbfj6kf8m0xljyvpi5qil1qs,2026-10-17,2026-10-17Z,,Sportivo Italiano,Arsenal,,,Estadio República de Italia,,7,2026-03-31T17:25:44Z,epr9s9zih7yd5dygat10o64us,Prim B Metro,66nxwll8fur0rtp9q7wqaki1l,Argentina,South America,2026,data\south_america\argentina\prim_b_metro\66nxwll8fur0rtp9q7wqaki1l\2026\fixture.json,,,
4gu61v2szru2lpfb5xt4rwjkk,2026-10-17,2026-10-17Z,,San Martín Burzaco,Excursionistas,,,Estadio Francisco Boga,,7,2026-04-06T01:57:17Z,epr9s9zih7yd5dygat10o64us,Prim B Metro,66nxwll8fur0rtp9q7wqaki1l,Argentina,South America,2026,data\south_america\argentina\prim_b_metro\66nxwll8fur0rtp9q7wqaki1l\2026\fixture.json,,,
4gcn5l7hb5dpgslx0kfuipp90,2026-10-17,2026-10-17Z,,Villa San Carlos,Villa Dálmine,,,Estadio Genancio Sálice,,7,2026-03-31T17:25:44Z,epr9s9zih7yd5dygat10o64us,Prim B Metro,66nxwll8fur0rtp9q7wqaki1l,Argentina,South America,2026,data\south_america\argentina\prim_b_metro\66nxwll8fur0rtp9q7wqaki1l\2026\fixture.json,,,
4fskdk0zp5zyxohrm2atdfaxg,2026-10-17,2026-10-17Z,,Liniers,UAI Urquiza,,,Estadio Juan Antonio Arias,,7,2026-04-06T02:12:44Z,epr9s9zih7yd5dygat10o64us,Prim B Metro,66nxwll8fur0rtp9q7wqaki1l,Argentina,South America,2026,data\south_america\argentina\prim_b_metro\66nxwll8fur0rtp9q7wqaki1l\2026\fixture.json,,,
4fax48anisndxw66h5raediqc,2026-10-17,2026-10-17Z,,Real Pilar,Ituzaingó,,,Estadio Municipal de Pilar,,7,2026-03-31T17:25:43Z,epr9s9zih7yd5dygat10o64us,Prim B Metro,66nxwll8fur0rtp9q7wqaki1l,Argentina,South America,2026,data\south_america\argentina\prim_b_metro\66nxwll8fur0rtp9q7wqaki1l\2026\fixture.json,,,
4esiludwtnd93ao7ox093f9qs,2026-10-10,2026-10-10Z,,UAI Urquiza,Real Pilar,,,Estadio Monumental de Villa Lynch,,7,2026-03-31T17:25:42Z,epr9s9zih7yd5dygat10o64us,Prim B Metro,66nxwll8fur0rtp9q7wqaki1l,Argentina,South America,2026,data\south_america\argentina\prim_b_metro\66nxwll8fur0rtp9q7wqaki1l\2026\fixture.json,,,
4eaxau2hewa2fruxk3zfnqcr8,2026-10-10,2026-10-10Z,,Villa Dálmine,Liniers,,,Estadio El Coliseo de Mitre y Puccini,,7,2026-04-06T02:12:44Z,epr9s9zih7yd5dygat10o64us,Prim B Metro,66nxwll8fur0rtp9q7wqaki1l,Argentina,South America,2026,data\south_america\argentina\prim_b_metro\66nxwll8fur0rtp9q7wqaki1l\2026\fixture.json,,,
4dtd1lca4vnglvic8tc1vq6fo,2026-10-10,2026-10-10Z,,Excursionistas,Villa San Carlos,,,Estadio de Excursionistas,,7,2026-04-06T01:57:17Z,epr9s9zih7yd5dygat10o64us,Prim B Metro,66nxwll8fur0rtp9q7wqaki1l,Argentina,South America,2026,data\south_america\argentina\prim_b_metro\66nxwll8fur0rtp9q7wqaki1l\2026\fixture.json,,,
4dbmectc9oq8dgtd4x6m4bztg,2026-10-10,2026-10-10Z,,Arsenal,San Martín Burzaco,,,Estadio Julio Humberto Grondona,,7,2026-03-31T17:25:41Z,epr9s9zih7yd5dygat10o64us,Prim B Metro,66nxwll8fur0rtp9q7wqaki1l,Argentina,South America,2026,data\south_america\argentina\prim_b_metro\66nxwll8fur0rtp9q7wqaki1l\2026\fixture.json,,,
4cs28sek00h8a2ozd3ej7j2fo,2026-10-10,2026-10-10Z,,Argentino Merlo,Sportivo Italiano,,,Estadio Juan Carlos Brieva,,7,2026-03-31T17:25:41Z,epr9s9zih7yd5dygat10o64us,Prim B Metro,66nxwll8fur0rtp9q7wqaki1l,Argentina,South America,2026,data\south_america\argentina\prim_b_metro\66nxwll8fur0rtp9q7wqaki1l\2026\fixture.json,,,
4ca3f6gmj587q9h5vbe3s29sk,2026-10-10,2026-10-10Z,,Talleres Remedios,Deportivo Camioneros,,,Estadio Pablo Comelli,,7,2026-03-31T17:25:42Z,epr9s9zih7yd5dygat10o64us,Prim B Metro,66nxwll8fur0rtp9q7wqaki1l,Argentina,South America,2026,data\south_america\argentina\prim_b_metro\66nxwll8fur0rtp9q7wqaki1l\2026\fixture.json,,,
4bsnygwzhil96nrewxrw8fvo4,2026-10-10,2026-10-10Z,,Deportivo Laferrere,Deportivo Merlo,,,Estadio Deportivo Laferrere,,7,2026-04-07T02:07:10Z,epr9s9zih7yd5dygat10o64us,Prim B Metro,66nxwll8fur0rtp9q7wqaki1l,Argentina,South America,2026,data\south_america\argentina\prim_b_metro\66nxwll8fur0rtp9q7wqaki1l\2026\fixture.json,,,
4bb8u53kpto0h0mik6084szdg,2026-10-10,2026-10-10Z,,Brown de Adrogué,Dock Sud,,,Estadio Lorenzo Arandilla,,7,2026-04-06T23:43:43Z,epr9s9zih7yd5dygat10o64us,Prim B Metro,66nxwll8fur0rtp9q7wqaki1l,Argentina,South America,2026,data\south_america\argentina\prim_b_metro\66nxwll8fur0rtp9q7wqaki1l\2026\fixture.json,,,
4arl1m2uhl102x67b3bdyc45w,2026-10-10,2026-10-10Z,,Deportivo Armenio,Comunicaciones,,,Estadio Armenia,,7,2026-04-06T13:01:02Z,epr9s9zih7yd5dygat10o64us,Prim B Metro,66nxwll8fur0rtp9q7wqaki1l,Argentina,South America,2026,data\south_america\argentina\prim_b_metro\66nxwll8fur0rtp9q7wqaki1l\2026\fixture.json,,,
4aa8n0ich1cfnc6zlxtz4f4t0,2026-10-10,2026-10-10Z,,Flandria,Defensores Unidos,,,Estadio Carlos V,,7,2026-04-11T23:46:12Z,epr9s9zih7yd5dygat10o64us,Prim B Metro,66nxwll8fur0rtp9q7wqaki1l,Argentina,South America,2026,data\south_america\argentina\prim_b_metro\66nxwll8fur0rtp9q7wqaki1l\2026\fixture.json,,,
49srs3ar85wdr9hrg9a1eiwb8,2026-10-10,2026-10-10Z,,Ituzaingó,Argentino Quilmes,,,Estadio de Ituzaingó,,7,2026-04-06T02:09:49Z,epr9s9zih7yd5dygat10o64us,Prim B Metro,66nxwll8fur0rtp9q7wqaki1l,Argentina,South America,2026,data\south_america\argentina\prim_b_metro\66nxwll8fur0rtp9q7wqaki1l\2026\fixture.json,,,
49beypl3mea0y54vi9ly0iv4k,2026-10-03,2026-10-03Z,,Defensores Unidos,Argentino Quilmes,,,Estadio Gigante de Villa Fox,,7,2026-04-06T02:09:49Z,epr9s9zih7yd5dygat10o64us,Prim B Metro,66nxwll8fur0rtp9q7wqaki1l,Argentina,South America,2026,data\south_america\argentina\prim_b_metro\66nxwll8fur0rtp9q7wqaki1l\2026\fixture.json,,,
48u1uv9ye4blxx8lh95to7s44,2026-10-03,2026-10-03Z,,Comunicaciones,Flandria,,,Estadio Alfredo Ramos,,7,2026-04-11T23:46:12Z,epr9s9zih7yd5dygat10o64us,Prim B Metro,66nxwll8fur0rtp9q7wqaki1l,Argentina,South America,2026,data\south_america\argentina\prim_b_metro\66nxwll8fur0rtp9q7wqaki1l\2026\fixture.json,,,
48clzool593pxc8ipgqo3chec,2026-10-03,2026-10-03Z,,Dock Sud,Deportivo Armenio,,,Estadio de los Inmigrantes,,7,2026-04-06T23:43:43Z,epr9s9zih7yd5dygat10o64us,Prim B Metro,66nxwll8fur0rtp9q7wqaki1l,Argentina,South America,2026,data\south_america\argentina\prim_b_metro\66nxwll8fur0rtp9q7wqaki1l\2026\fixture.json,,,
47v26uk7rtn48jam1u3fedl3o,2026-10-03,2026-10-03Z,,Deportivo Merlo,Brown de Adrogué,,,Estadio José Manuel Moreno,,7,2026-04-07T02:07:10Z,epr9s9zih7yd5dygat10o64us,Prim B Metro,66nxwll8fur0rtp9q7wqaki1l,Argentina,South America,2026,data\south_america\argentina\prim_b_metro\66nxwll8fur0rtp9q7wqaki1l\2026\fixture.json,,,
47dmxs9g64wj4mi06sd8556ok,2026-10-03,2026-10-03Z,,Deportivo Camioneros,Deportivo Laferrere,,,Estadio Hugo Moyano,,7,2026-04-06T01:54:34Z,epr9s9zih7yd5dygat10o64us,Prim B Metro,66nxwll8fur0rtp9q7wqaki1l,Argentina,South America,2026,data\south_america\argentina\prim_b_metro\66nxwll8fur0rtp9q7wqaki1l\2026\fixture.json,,,
46vzxfcww1xdy5koag7rqnfv8,2026-10-03,2026-10-03Z,,Sportivo Italiano,Talleres Remedios,,,Estadio República de Italia,,7,2026-03-31T17:25:40Z,epr9s9zih7yd5dygat10o64us,Prim B Metro,66nxwll8fur0rtp9q7wqaki1l,Argentina,South America,2026,data\south_america\argentina\prim_b_metro\66nxwll8fur0rtp9q7wqaki1l\2026\fixture.json,,,
46eewe53wzq52dzyy6n0cshzo,2026-10-03,2026-10-03Z,,San Martín Burzaco,Argentino Merlo,,,Estadio Francisco Boga,,7,2026-03-31T17:25:40Z,epr9s9zih7yd5dygat10o64us,Prim B Metro,66nxwll8fur0rtp9q7wqaki1l,Argentina,South America,2026,data\south_america\argentina\prim_b_metro\66nxwll8fur0rtp9q7wqaki1l\2026\fixture.json,,,
45unigexq0otxmrcoo2s2yck4,2026-10-03,2026-10-03Z,,Villa San Carlos,Arsenal,,,Estadio Genancio Sálice,,7,2026-03-31T17:25:41Z,epr9s9zih7yd5dygat10o64us,Prim B Metro,66nxwll8fur0rtp9q7wqaki1l,Argentina,South America,2026,data\south_america\argentina\prim_b_metro\66nxwll8fur0rtp9q7wqaki1l\2026\fixture.json,,,
45day857cc4vz8jn04tbx78yc,2026-10-03,2026-10-03Z,,Liniers,Excursionistas,,,Estadio Juan Antonio Arias,,7,2026-04-06T02:12:44Z,epr9s9zih7yd5dygat10o64us,Prim B Metro,66nxwll8fur0rtp9q7wqaki1l,Argentina,South America,2026,data\south_america\argentina\prim_b_metro\66nxwll8fur0rtp9q7wqaki1l\2026\fixture.json,,,
44w3lwqzzceyxwwsapc6rfdp0,2026-10-03,2026-10-03Z,,Real Pilar,Villa Dálmine,,,Estadio Municipal de Pilar,,7,2026-03-31T17:25:40Z,epr9s9zih7yd5dygat10o64us,Prim B Metro,66nxwll8fur0rtp9q7wqaki1l,Argentina,South America,2026,data\south_america\argentina\prim_b_metro\66nxwll8fur0rtp9q7wqaki1l\2026\fixture.json,,,
44ewaabi8t8zfuhgjzgya1c7o,2026-10-03,2026-10-03Z,,UAI Urquiza,Ituzaingó,,,Estadio Monumental de Villa Lynch,,7,2026-03-31T17:25:41Z,epr9s9zih7yd5dygat10o64us,Prim B Metro,66nxwll8fur0rtp9q7wqaki1l,Argentina,South America,2026,data\south_america\argentina\prim_b_metro\66nxwll8fur0rtp9q7wqaki1l\2026\fixture.json,,,
43xepkiwstg5uwmezrwl2obh0,2026-09-26,2026-09-26Z,,Villa Dálmine,UAI Urquiza,,,Estadio El Coliseo de Mitre y Puccini,,7,2026-03-31T17:25:39Z,epr9s9zih7yd5dygat10o64us,Prim B Metro,66nxwll8fur0rtp9q7wqaki1l,Argentina,South America,2026,data\south_america\argentina\prim_b_metro\66nxwll8fur0rtp9q7wqaki1l\2026\fixture.json,,,
43flu95yox3450mpxb4ns20b8,2026-09-26,2026-09-26Z,,Excursionistas,Real Pilar,,,Estadio de Excursionistas,,7,2026-04-06T01:57:17Z,epr9s9zih7yd5dygat10o64us,Prim B Metro,66nxwll8fur0rtp9q7wqaki1l,Argentina,South America,2026,data\south_america\argentina\prim_b_metro\66nxwll8fur0rtp9q7wqaki1l\2026\fixture.json,,,
42y5yfj0k8qo8ta5nboo1ak9g,2026-09-26,2026-09-26Z,,Arsenal,Liniers,,,Estadio Julio Humberto Grondona,,7,2026-04-06T02:12:44Z,epr9s9zih7yd5dygat10o64us,Prim B Metro,66nxwll8fur0rtp9q7wqaki1l,Argentina,South America,2026,data\south_america\argentina\prim_b_metro\66nxwll8fur0rtp9q7wqaki1l\2026\fixture.json,,,
42gtyktkz5dn30fx7zzw34ufo,2026-09-26,2026-09-26Z,,Argentino Merlo,Villa San Carlos,,,Estadio Juan Carlos Brieva,,7,2026-03-31T17:25:38Z,epr9s9zih7yd5dygat10o64us,Prim B Metro,66nxwll8fur0rtp9q7wqaki1l,Argentina,South America,2026,data\south_america\argentina\prim_b_metro\66nxwll8fur0rtp9q7wqaki1l\2026\fixture.json,,,
41z4g5zf0o2qnazakjrw3kzys,2026-09-26,2026-09-26Z,,Talleres Remedios,San Martín Burzaco,,,Estadio Pablo Comelli,,7,2026-03-31T17:25:39Z,epr9s9zih7yd5dygat10o64us,Prim B Metro,66nxwll8fur0rtp9q7wqaki1l,Argentina,South America,2026,data\south_america\argentina\prim_b_metro\66nxwll8fur0rtp9q7wqaki1l\2026\fixture.json,,,
41dx49kxfrkpqfplaxy9wdct0,2026-09-26,2026-09-26Z,,Deportivo Laferrere,Sportivo Italiano,,,Estadio Deportivo Laferrere,,7,2026-04-06T01:54:34Z,epr9s9zih7yd5dygat10o64us,Prim B Metro,66nxwll8fur0rtp9q7wqaki1l,Argentina,South America,2026,data\south_america\argentina\prim_b_metro\66nxwll8fur0rtp9q7wqaki1l\2026\fixture.json,,,
40u1aykct7v1fzq8ocsfpc7is,2026-09-26,2026-09-26Z,,Brown de Adrogué,Deportivo Camioneros,,,Estadio Lorenzo Arandilla,,7,2026-03-31T17:25:38Z,epr9s9zih7yd5dygat10o64us,Prim B Metro,66nxwll8fur0rtp9q7wqaki1l,Argentina,South America,2026,data\south_america\argentina\prim_b_metro\66nxwll8fur0rtp9q7wqaki1l\2026\fixture.json,,,
40bu31xjjk1jtnoc33yz6uhhw,2026-09-26,2026-09-26Z,,Deportivo Armenio,Deportivo Merlo,,,Estadio Armenia,,7,2026-04-07T02:07:10Z,epr9s9zih7yd5dygat10o64us,Prim B Metro,66nxwll8fur0rtp9q7wqaki1l,Argentina,South America,2026,data\south_america\argentina\prim_b_metro\66nxwll8fur0rtp9q7wqaki1l\2026\fixture.json,,,
3zt0rnpqq4xjw9mksr1l0vm6s,2026-09-26,2026-09-26Z,,Flandria,Dock Sud,,,Estadio Carlos V,,7,2026-04-11T23:46:12Z,epr9s9zih7yd5dygat10o64us,Prim B Metro,66nxwll8fur0rtp9q7wqaki1l,Argentina,South America,2026,data\south_america\argentina\prim_b_metro\66nxwll8fur0rtp9q7wqaki1l\2026\fixture.json,,,
3z892w6ch9fayqznx9y3c1b10,2026-09-26,2026-09-26Z,,Argentino Quilmes,Comunicaciones,,,Estadio de Argentino de Quilmes,,7,2026-04-06T02:09:49Z,epr9s9zih7yd5dygat10o64us,Prim B Metro,66nxwll8fur0rtp9q7wqaki1l,Argentina,South America,2026,data\south_america\argentina\prim_b_metro\66nxwll8fur0rtp9q7wqaki1l\2026\fixture.json,,,
3yqjfs4wujxb8j40qk5lv7qqc,2026-09-26,2026-09-26Z,,Ituzaingó,Defensores Unidos,,,Estadio de Ituzaingó,,7,2026-04-05T22:33:49Z,epr9s9zih7yd5dygat10o64us,Prim B Metro,66nxwll8fur0rtp9q7wqaki1l,Argentina,South America,2026,data\south_america\argentina\prim_b_metro\66nxwll8fur0rtp9q7wqaki1l\2026\fixture.json,,,
3y95jsqyuitfni454axzftzx0,2026-09-19,2026-09-19Z,,Comunicaciones,Defensores Unidos,,,Estadio Alfredo Ramos,,7,2026-04-05T22:33:49Z,epr9s9zih7yd5dygat10o64us,Prim B Metro,66nxwll8fur0rtp9q7wqaki1l,Argentina,South America,2026,data\south_america\argentina\prim_b_metro\66nxwll8fur0rtp9q7wqaki1l\2026\fixture.json,,,
3xrne2rus1wkflm14cwsf3dhw,2026-09-19,2026-09-19Z,,Dock Sud,Argentino Quilmes,,,Estadio de los Inmigrantes,,7,2026-04-06T23:43:43Z,epr9s9zih7yd5dygat10o64us,Prim B Metro,66nxwll8fur0rtp9q7wqaki1l,Argentina,South America,2026,data\south_america\argentina\prim_b_metro\66nxwll8fur0rtp9q7wqaki1l\2026\fixture.json,,,
3x9z554a6tley3h65xnzg7v9w,2026-09-19,2026-09-19Z,,Deportivo Merlo,Flandria,,,Estadio José Manuel Moreno,,7,2026-04-11T23:46:12Z,epr9s9zih7yd5dygat10o64us,Prim B Metro,66nxwll8fur0rtp9q7wqaki1l,Argentina,South America,2026,data\south_america\argentina\prim_b_metro\66nxwll8fur0rtp9q7wqaki1l\2026\fixture.json,,,
3wsit2f7ujred2rlfzwpvu7tg,2026-09-19,2026-09-19Z,,Deportivo Camioneros,Deportivo Armenio,,,Estadio Hugo Moyano,,7,2026-04-06T13:01:02Z,epr9s9zih7yd5dygat10o64us,Prim B Metro,66nxwll8fur0rtp9q7wqaki1l,Argentina,South America,2026,data\south_america\argentina\prim_b_metro\66nxwll8fur0rtp9q7wqaki1l\2026\fixture.json,,,
3wasdcg5u5gy6l3vv27s9mt5g,2026-09-19,2026-09-19Z,,Sportivo Italiano,Brown de Adrogué,,,Estadio República de Italia,,7,2026-03-31T17:25:37Z,epr9s9zih7yd5dygat10o64us,Prim B Metro,66nxwll8fur0rtp9q7wqaki1l,Argentina,South America,2026,data\south_america\argentina\prim_b_metro\66nxwll8fur0rtp9q7wqaki1l\2026\fixture.json,,,
3vqw5e73qhosf066pud3xrsic,2026-09-19,2026-09-19Z,,San Martín Burzaco,Deportivo Laferrere,,,Estadio Francisco Boga,,7,2026-04-06T01:54:34Z,epr9s9zih7yd5dygat10o64us,Prim B Metro,66nxwll8fur0rtp9q7wqaki1l,Argentina,South America,2026,data\south_america\argentina\prim_b_metro\66nxwll8fur0rtp9q7wqaki1l\2026\fixture.json,,,
3v9d53nuy6duhl2eo8wkbl4pg,2026-09-19,2026-09-19Z,,Villa San Carlos,Talleres Remedios,,,Estadio Genancio Sálice,,7,2026-03-31T17:25:38Z,epr9s9zih7yd5dygat10o64us,Prim B Metro,66nxwll8fur0rtp9q7wqaki1l,Argentina,South America,2026,data\south_america\argentina\prim_b_metro\66nxwll8fur0rtp9q7wqaki1l\2026\fixture.json,,,
3us0fipwyjaubt0amkx3yk8ic,2026-09-19,2026-09-19Z,,Liniers,Argentino Merlo,,,Estadio Juan Antonio Arias,,7,2026-04-06T02:12:44Z,epr9s9zih7yd5dygat10o64us,Prim B Metro,66nxwll8fur0rtp9q7wqaki1l,Argentina,South America,2026,data\south_america\argentina\prim_b_metro\66nxwll8fur0rtp9q7wqaki1l\2026\fixture.json,,,
3uaj2tefm2sc9dk87h9wcyzv8,2026-09-19,2026-09-19Z,,Real Pilar,Arsenal,,,Estadio Municipal de Pilar,,7,2026-03-31T17:25:37Z,epr9s9zih7yd5dygat10o64us,Prim B Metro,66nxwll8fur0rtp9q7wqaki1l,Argentina,South America,2026,data\south_america\argentina\prim_b_metro\66nxwll8fur0rtp9q7wqaki1l\2026\fixture.json,,,
3tsk7m28gnbnj50n41rpstslw,2026-09-19,2026-09-19Z,,UAI Urquiza,Excursionistas,,,Estadio Monumental de Villa Lynch,,7,2026-04-06T01:57:17Z,epr9s9zih7yd5dygat10o64us,Prim B Metro,66nxwll8fur0rtp9q7wqaki1l,Argentina,South America,2026,data\south_america\argentina\prim_b_metro\66nxwll8fur0rtp9q7wqaki1l\2026\fixture.json,,,
3tb0q9nwcz4g2dm8qr7unnqqc,2026-09-19,2026-09-19Z,,Villa Dálmine,Ituzaingó,,,Estadio El Coliseo de Mitre y Puccini,,7,2026-03-31T17:25:37Z,epr9s9zih7yd5dygat10o64us,Prim B Metro,66nxwll8fur0rtp9q7wqaki1l,Argentina,South America,2026,data\south_america\argentina\prim_b_metro\66nxwll8fur0rtp9q7wqaki1l\2026\fixture.json,,,
3stkan5qiy2ukbaqxki9slgd0,2026-09-12,2026-09-12Z,,Excursionistas,Villa Dálmine,,,Estadio de Excursionistas,,7,2026-04-06T01:57:17Z,epr9s9zih7yd5dygat10o64us,Prim B Metro,66nxwll8fur0rtp9q7wqaki1l,Argentina,South America,2026,data\south_america\argentina\prim_b_metro\66nxwll8fur0rtp9q7wqaki1l\2026\fixture.json,,,
3sbyreoo21ztrqmbtl80p61hw,2026-09-12,2026-09-12Z,,Arsenal,UAI Urquiza,,,Estadio Julio Humberto Grondona,,7,2026-03-31T17:25:35Z,epr9s9zih7yd5dygat10o64us,Prim B Metro,66nxwll8fur0rtp9q7wqaki1l,Argentina,South America,2026,data\south_america\argentina\prim_b_metro\66nxwll8fur0rtp9q7wqaki1l\2026\fixture.json,,,
3ruh3fr1gd4v525t9vye5uln8,2026-09-12,2026-09-12Z,,Argentino Merlo,Real Pilar,,,Estadio Juan Carlos Brieva,,7,2026-03-31T17:25:35Z,epr9s9zih7yd5dygat10o64us,Prim B Metro,66nxwll8fur0rtp9q7wqaki1l,Argentina,South America,2026,data\south_america\argentina\prim_b_metro\66nxwll8fur0rtp9q7wqaki1l\2026\fixture.json,,,
3rcyohzid8isdjkl8assu9fro,2026-09-12,2026-09-12Z,,Talleres Remedios,Liniers,,,Estadio Pablo Comelli,,7,2026-04-06T02:12:44Z,epr9s9zih7yd5dygat10o64us,Prim B Metro,66nxwll8fur0rtp9q7wqaki1l,Argentina,South America,2026,data\south_america\argentina\prim_b_metro\66nxwll8fur0rtp9q7wqaki1l\2026\fixture.json,,,
3qtcfo7m2b38fpdh9v9jgldzo,2026-09-12,2026-09-12Z,,Deportivo Laferrere,Villa San Carlos,,,Estadio Deportivo Laferrere,,7,2026-04-06T01:54:34Z,epr9s9zih7yd5dygat10o64us,Prim B Metro,66nxwll8fur0rtp9q7wqaki1l,Argentina,South America,2026,data\south_america\argentina\prim_b_metro\66nxwll8fur0rtp9q7wqaki1l\2026\fixture.json,,,
3qbhrkiell343pxcfhn57ixp0,2026-09-12,2026-09-12Z,,Brown de Adrogué,San Martín Burzaco,,,Estadio Lorenzo Arandilla,,7,2026-03-31T17:25:35Z,epr9s9zih7yd5dygat10o64us,Prim B Metro,66nxwll8fur0rtp9q7wqaki1l,Argentina,South America,2026,data\south_america\argentina\prim_b_metro\66nxwll8fur0rtp9q7wqaki1l\2026\fixture.json,,,
3pttfgx0r2rgbvaqx3o73ih3o,2026-09-12,2026-09-12Z,,Deportivo Armenio,Sportivo Italiano,,,Estadio Armenia,,7,2026-04-06T13:01:02Z,epr9s9zih7yd5dygat10o64us,Prim B Metro,66nxwll8fur0rtp9q7wqaki1l,Argentina,South America,2026,data\south_america\argentina\prim_b_metro\66nxwll8fur0rtp9q7wqaki1l\2026\fixture.json,,,
3pc93tk7mtb2frlvsqmbxcs2c,2026-09-12,2026-09-12Z,,Flandria,Deportivo Camioneros,,,Estadio Carlos V,,7,2026-04-11T23:46:12Z,epr9s9zih7yd5dygat10o64us,Prim B Metro,66nxwll8fur0rtp9q7wqaki1l,Argentina,South America,2026,data\south_america\argentina\prim_b_metro\66nxwll8fur0rtp9q7wqaki1l\2026\fixture.json,,,
3oulep77suwhldiup6rsmw1lg,2026-09-12,2026-09-12Z,,Argentino Quilmes,Deportivo Merlo,,,Estadio de Argentino de Quilmes,,7,2026-04-07T02:07:10Z,epr9s9zih7yd5dygat10o64us,Prim B Metro,66nxwll8fur0rtp9q7wqaki1l,Argentina,South America,2026,data\south_america\argentina\prim_b_metro\66nxwll8fur0rtp9q7wqaki1l\2026\fixture.json,,,
3ochzwfuoit1t11fo8at0n9xw,2026-09-12,2026-09-12Z,,Defensores Unidos,Dock Sud,,,Estadio Gigante de Villa Fox,,7,2026-04-06T23:43:43Z,epr9s9zih7yd5dygat10o64us,Prim B Metro,66nxwll8fur0rtp9q7wqaki1l,Argentina,South America,2026,data\south_america\argentina\prim_b_metro\66nxwll8fur0rtp9q7wqaki1l\2026\fixture.json,,,
3nut6fgl2r0uk0xz31q4apclw,2026-09-12,2026-09-12Z,,Ituzaingó,Comunicaciones,,,Estadio de Ituzaingó,,7,2026-03-31T17:25:36Z,epr9s9zih7yd5dygat10o64us,Prim B Metro,66nxwll8fur0rtp9q7wqaki1l,Argentina,South America,2026,data\south_america\argentina\prim_b_metro\66nxwll8fur0rtp9q7wqaki1l\2026\fixture.json,,,
3ncgzv8fhsai6m6gp6p51gopg,2026-09-05,2026-09-05Z,,Dock Sud,Comunicaciones,,,Estadio de los Inmigrantes,,7,2026-04-06T23:43:43Z,epr9s9zih7yd5dygat10o64us,Prim B Metro,66nxwll8fur0rtp9q7wqaki1l,Argentina,South America,2026,data\south_america\argentina\prim_b_metro\66nxwll8fur0rtp9q7wqaki1l\2026\fixture.json,,,
3muu575xug7tp7w4ekz4rcpas,2026-09-05,2026-09-05Z,,Deportivo Merlo,Defensores Unidos,,,Estadio José Manuel Moreno,,7,2026-04-07T02:07:10Z,epr9s9zih7yd5dygat10o64us,Prim B Metro,66nxwll8fur0rtp9q7wqaki1l,Argentina,South America,2026,data\south_america\argentina\prim_b_metro\66nxwll8fur0rtp9q7wqaki1l\2026\fixture.json,,,
3mddud29l2ey923dk6t5kdlhw,2026-09-05,2026-09-05Z,,Deportivo Camioneros,Argentino Quilmes,,,Estadio Hugo Moyano,,7,2026-04-06T02:09:49Z,epr9s9zih7yd5dygat10o64us,Prim B Metro,66nxwll8fur0rtp9q7wqaki1l,Argentina,South America,2026,data\south_america\argentina\prim_b_metro\66nxwll8fur0rtp9q7wqaki1l\2026\fixture.json,,,
3ltvzq46wfnpib4npmxmj1n2s,2026-09-05,2026-09-05Z,,Sportivo Italiano,Flandria,,,Estadio República de Italia,,7,2026-04-11T23:46:12Z,epr9s9zih7yd5dygat10o64us,Prim B Metro,66nxwll8fur0rtp9q7wqaki1l,Argentina,South America,2026,data\south_america\argentina\prim_b_metro\66nxwll8fur0rtp9q7wqaki1l\2026\fixture.json,,,
3lceue0k8qp9k57mrm4e3a2hg,2026-09-05,2026-09-05Z,,San Martín Burzaco,Deportivo Armenio,,,Estadio Francisco Boga,,7,2026-04-06T13:01:02Z,epr9s9zih7yd5dygat10o64us,Prim B Metro,66nxwll8fur0rtp9q7wqaki1l,Argentina,South America,2026,data\south_america\argentina\prim_b_metro\66nxwll8fur0rtp9q7wqaki1l\2026\fixture.json,,,
3kt76kpnjfmdqgronp1ct0r2s,2026-09-05,2026-09-05Z,,Villa San Carlos,Brown de Adrogué,,,Estadio Genancio Sálice,,7,2026-03-31T17:25:34Z,epr9s9zih7yd5dygat10o64us,Prim B Metro,66nxwll8fur0rtp9q7wqaki1l,Argentina,South America,2026,data\south_america\argentina\prim_b_metro\66nxwll8fur0rtp9q7wqaki1l\2026\fixture.json,,,
3kbhsntlci0gzzct1468svu38,2026-09-05,2026-09-05Z,,Liniers,Deportivo Laferrere,,,Estadio Juan Antonio Arias,,7,2026-04-06T02:12:44Z,epr9s9zih7yd5dygat10o64us,Prim B Metro,66nxwll8fur0rtp9q7wqaki1l,Argentina,South America,2026,data\south_america\argentina\prim_b_metro\66nxwll8fur0rtp9q7wqaki1l\2026\fixture.json,,,
3ju269v9q1ogsk2yso99ozlzo,2026-09-05,2026-09-05Z,,Real Pilar,Talleres Remedios,,,Estadio Municipal de Pilar,,7,2026-03-31T17:25:34Z,epr9s9zih7yd5dygat10o64us,Prim B Metro,66nxwll8fur0rtp9q7wqaki1l,Argentina,South America,2026,data\south_america\argentina\prim_b_metro\66nxwll8fur0rtp9q7wqaki1l\2026\fixture.json,,,
3jch5r7qklxvx9ibk2c6lvkes,2026-09-05,2026-09-05Z,,UAI Urquiza,Argentino Merlo,,,Estadio Monumental de Villa Lynch,,7,2026-03-31T17:25:34Z,epr9s9zih7yd5dygat10o64us,Prim B Metro,66nxwll8fur0rtp9q7wqaki1l,Argentina,South America,2026,data\south_america\argentina\prim_b_metro\66nxwll8fur0rtp9q7wqaki1l\2026\fixture.json,,,
3it7z8igfgymkikldt0vfzfv8,2026-09-05,2026-09-05Z,,Villa Dálmine,Arsenal,,,Estadio El Coliseo de Mitre y Puccini,,7,2026-03-31T17:25:34Z,epr9s9zih7yd5dygat10o64us,Prim B Metro,66nxwll8fur0rtp9q7wqaki1l,Argentina,South America,2026,data\south_america\argentina\prim_b_metro\66nxwll8fur0rtp9q7wqaki1l\2026\fixture.json,,,
3i74drzc7k2r51ea9ik5b5hck,2026-09-05,2026-09-05Z,,Excursionistas,Ituzaingó,,,Estadio de Excursionistas,,7,2026-04-06T01:57:17Z,epr9s9zih7yd5dygat10o64us,Prim B Metro,66nxwll8fur0rtp9q7wqaki1l,Argentina,South America,2026,data\south_america\argentina\prim_b_metro\66nxwll8fur0rtp9q7wqaki1l\2026\fixture.json,,,
3hngaxp5iu6ehhwszapt5qo7o,2026-08-29,2026-08-29Z,,Arsenal,Excursionistas,,,Estadio Julio Humberto Grondona,,7,2026-04-06T01:57:17Z,epr9s9zih7yd5dygat10o64us,Prim B Metro,66nxwll8fur0rtp9q7wqaki1l,Argentina,South America,2026,data\south_america\argentina\prim_b_metro\66nxwll8fur0rtp9q7wqaki1l\2026\fixture.json,,,
3h5fpaxun52r2cxgmc8wsv4t0,2026-08-29,2026-08-29Z,,Argentino Merlo,Villa Dálmine,,,Estadio Juan Carlos Brieva,,7,2026-03-31T17:25:32Z,epr9s9zih7yd5dygat10o64us,Prim B Metro,66nxwll8fur0rtp9q7wqaki1l,Argentina,South America,2026,data\south_america\argentina\prim_b_metro\66nxwll8fur0rtp9q7wqaki1l\2026\fixture.json,,,
3glftddnzl6o0dqm48at5yb6c,2026-08-29,2026-08-29Z,,Talleres Remedios,UAI Urquiza,,,Estadio Pablo Comelli,,7,2026-03-31T17:25:33Z,epr9s9zih7yd5dygat10o64us,Prim B Metro,66nxwll8fur0rtp9q7wqaki1l,Argentina,South America,2026,data\south_america\argentina\prim_b_metro\66nxwll8fur0rtp9q7wqaki1l\2026\fixture.json,,,
3g43r1236sjxjlztm5arwvklw,2026-08-29,2026-08-29Z,,Deportivo Laferrere,Real Pilar,,,Estadio Deportivo Laferrere,,7,2026-04-06T01:54:34Z,epr9s9zih7yd5dygat10o64us,Prim B Metro,66nxwll8fur0rtp9q7wqaki1l,Argentina,South America,2026,data\south_america\argentina\prim_b_metro\66nxwll8fur0rtp9q7wqaki1l\2026\fixture.json,,,
3flcm3mzcmuydeao77b3baj2s,2026-08-29,2026-08-29Z,,Brown de Adrogué,Liniers,,,Estadio Lorenzo Arandilla,,7,2026-04-06T02:12:44Z,epr9s9zih7yd5dygat10o64us,Prim B Metro,66nxwll8fur0rtp9q7wqaki1l,Argentina,South America,2026,data\south_america\argentina\prim_b_metro\66nxwll8fur0rtp9q7wqaki1l\2026\fixture.json,,,
3f3zmf43v484kpnjygif1aeqc,2026-08-29,2026-08-29Z,,Deportivo Armenio,Villa San Carlos,,,Estadio Armenia,,7,2026-04-06T13:01:02Z,epr9s9zih7yd5dygat10o64us,Prim B Metro,66nxwll8fur0rtp9q7wqaki1l,Argentina,South America,2026,data\south_america\argentina\prim_b_metro\66nxwll8fur0rtp9q7wqaki1l\2026\fixture.json,,,
3emf94v9dkc3vsus3lies2k2c,2026-08-29,2026-08-29Z,,Flandria,San Martín Burzaco,,,Estadio Carlos V,,7,2026-04-11T23:46:12Z,epr9s9zih7yd5dygat10o64us,Prim B Metro,66nxwll8fur0rtp9q7wqaki1l,Argentina,South America,2026,data\south_america\argentina\prim_b_metro\66nxwll8fur0rtp9q7wqaki1l\2026\fixture.json,,,
3e4tfct5wph3nd2omwjctklck,2026-08-29,2026-08-29Z,,Argentino Quilmes,Sportivo Italiano,,,Estadio de Argentino de Quilmes,,7,2026-04-06T02:09:49Z,epr9s9zih7yd5dygat10o64us,Prim B Metro,66nxwll8fur0rtp9q7wqaki1l,Argentina,South America,2026,data\south_america\argentina\prim_b_metro\66nxwll8fur0rtp9q7wqaki1l\2026\fixture.json,,,
3dncwb6w62him115auayt0vtg,2026-08-29,2026-08-29Z,,Defensores Unidos,Deportivo Camioneros,,,Estadio Gigante de Villa Fox,,7,2026-04-05T22:33:49Z,epr9s9zih7yd5dygat10o64us,Prim B Metro,66nxwll8fur0rtp9q7wqaki1l,Argentina,South America,2026,data\south_america\argentina\prim_b_metro\66nxwll8fur0rtp9q7wqaki1l\2026\fixture.json,,,
3d5x08lbx0tazizq7s4nbyxp0,2026-08-29,2026-08-29Z,,Comunicaciones,Deportivo Merlo,,,Estadio Alfredo Ramos,,7,2026-04-07T02:07:10Z,epr9s9zih7yd5dygat10o64us,Prim B Metro,66nxwll8fur0rtp9q7wqaki1l,Argentina,South America,2026,data\south_america\argentina\prim_b_metro\66nxwll8fur0rtp9q7wqaki1l\2026\fixture.json,,,
3codfgv7ds2egvbu5rzmr9hxw,2026-08-29,2026-08-29Z,,Ituzaingó,Dock Sud,,,Estadio de Ituzaingó,,7,2026-04-06T23:43:43Z,epr9s9zih7yd5dygat10o64us,Prim B Metro,66nxwll8fur0rtp9q7wqaki1l,Argentina,South America,2026,data\south_america\argentina\prim_b_metro\66nxwll8fur0rtp9q7wqaki1l\2026\fixture.json,,,
3c6r488098p7zvz56rfq00lqs,2026-08-25,2026-08-25Z,,Deportivo Merlo,Dock Sud,,,Estadio José Manuel Moreno,,7,2026-04-07T02:07:10Z,epr9s9zih7yd5dygat10o64us,Prim B Metro,66nxwll8fur0rtp9q7wqaki1l,Argentina,South America,2026,data\south_america\argentina\prim_b_metro\66nxwll8fur0rtp9q7wqaki1l\2026\fixture.json,,,
3bnjbonf8wepakexqeghu7qxg,2026-08-25,2026-08-25Z,,Deportivo Camioneros,Comunicaciones,,,Estadio Hugo Moyano,,7,2026-03-31T17:25:30Z,epr9s9zih7yd5dygat10o64us,Prim B Metro,66nxwll8fur0rtp9q7wqaki1l,Argentina,South America,2026,data\south_america\argentina\prim_b_metro\66nxwll8fur0rtp9q7wqaki1l\2026\fixture.json,,,
3b69iesmnbx5pu6u9cxwrh6hg,2026-08-25,2026-08-25Z,,Sportivo Italiano,Defensores Unidos,,,Estadio República de Italia,,7,2026-04-05T22:33:49Z,epr9s9zih7yd5dygat10o64us,Prim B Metro,66nxwll8fur0rtp9q7wqaki1l,Argentina,South America,2026,data\south_america\argentina\prim_b_metro\66nxwll8fur0rtp9q7wqaki1l\2026\fixture.json,,,
3aozmaqhrcl3b76p5a9xwlp1w,2026-08-25,2026-08-25Z,,San Martín Burzaco,Argentino Quilmes,,,Estadio Francisco Boga,,7,2026-04-06T02:09:49Z,epr9s9zih7yd5dygat10o64us,Prim B Metro,66nxwll8fur0rtp9q7wqaki1l,Argentina,South America,2026,data\south_america\argentina\prim_b_metro\66nxwll8fur0rtp9q7wqaki1l\2026\fixture.json,,,
3a7nofpz57u7zrvb6kfrsrztg,2026-08-25,2026-08-25Z,,Villa San Carlos,Flandria,,,Estadio Genancio Sálice,,7,2026-04-11T23:46:12Z,epr9s9zih7yd5dygat10o64us,Prim B Metro,66nxwll8fur0rtp9q7wqaki1l,Argentina,South America,2026,data\south_america\argentina\prim_b_metro\66nxwll8fur0rtp9q7wqaki1l\2026\fixture.json,,,
39p3ltcaf21fkem4fypauentg,2026-08-25,2026-08-25Z,,Liniers,Deportivo Armenio,,,Estadio Juan Antonio Arias,,7,2026-04-06T13:01:02Z,epr9s9zih7yd5dygat10o64us,Prim B Metro,66nxwll8fur0rtp9q7wqaki1l,Argentina,South America,2026,data\south_america\argentina\prim_b_metro\66nxwll8fur0rtp9q7wqaki1l\2026\fixture.json,,,
397naxyizwmb0hkomk59z3rpw,2026-08-25,2026-08-25Z,,Real Pilar,Brown de Adrogué,,,Estadio Municipal de Pilar,,7,2026-03-31T17:25:31Z,epr9s9zih7yd5dygat10o64us,Prim B Metro,66nxwll8fur0rtp9q7wqaki1l,Argentina,South America,2026,data\south_america\argentina\prim_b_metro\66nxwll8fur0rtp9q7wqaki1l\2026\fixture.json,,,
38qebwxe5bcuou8ka8ha4t79w,2026-08-25,2026-08-25Z,,UAI Urquiza,Deportivo Laferrere,,,Estadio Monumental de Villa Lynch,,7,2026-04-06T01:54:34Z,epr9s9zih7yd5dygat10o64us,Prim B Metro,66nxwll8fur0rtp9q7wqaki1l,Argentina,South America,2026,data\south_america\argentina\prim_b_metro\66nxwll8fur0rtp9q7wqaki1l\2026\fixture.json,,,
3891dyhrxi7agct37ilv4opas,2026-08-25,2026-08-25Z,,Villa Dálmine,Talleres Remedios,,,Estadio El Coliseo de Mitre y Puccini,,7,2026-03-31T17:25:31Z,epr9s9zih7yd5dygat10o64us,Prim B Metro,66nxwll8fur0rtp9q7wqaki1l,Argentina,South America,2026,data\south_america\argentina\prim_b_metro\66nxwll8fur0rtp9q7wqaki1l\2026\fixture.json,,,
37rqxaokz26r8yrg50hbymvbo,2026-08-25,2026-08-25Z,,Excursionistas,Argentino Merlo,,,Estadio de Excursionistas,,7,2026-04-06T01:57:17Z,epr9s9zih7yd5dygat10o64us,Prim B Metro,66nxwll8fur0rtp9q7wqaki1l,Argentina,South America,2026,data\south_america\argentina\prim_b_metro\66nxwll8fur0rtp9q7wqaki1l\2026\fixture.json,,,
379x5o8vtoqy83vjj7848kyz8,2026-08-25,2026-08-25Z,,Arsenal,Ituzaingó,,,Estadio Julio Humberto Grondona,,7,2026-03-31T17:25:30Z,epr9s9zih7yd5dygat10o64us,Prim B Metro,66nxwll8fur0rtp9q7wqaki1l,Argentina,South America,2026,data\south_america\argentina\prim_b_metro\66nxwll8fur0rtp9q7wqaki1l\2026\fixture.json,,,
36qfp793yb7s1s3t2mrspnrx0,2026-08-22,2026-08-22Z,,Argentino Merlo,Arsenal,,,Estadio Juan Carlos Brieva,,7,2026-03-31T17:25:28Z,epr9s9zih7yd5dygat10o64us,Prim B Metro,66nxwll8fur0rtp9q7wqaki1l,Argentina,South America,2026,data\south_america\argentina\prim_b_metro\66nxwll8fur0rtp9q7wqaki1l\2026\fixture.json,,,
368q4349tixnokagicw9d86xg,2026-08-22,2026-08-22Z,,Talleres Remedios,Excursionistas,,,Estadio Pablo Comelli,,7,2026-04-06T01:57:17Z,epr9s9zih7yd5dygat10o64us,Prim B Metro,66nxwll8fur0rtp9q7wqaki1l,Argentina,South America,2026,data\south_america\argentina\prim_b_metro\66nxwll8fur0rtp9q7wqaki1l\2026\fixture.json,,,
35qxt8qixlev1abfagqgr2p04,2026-08-22,2026-08-22Z,,Deportivo Laferrere,Villa Dálmine,,,Estadio Deportivo Laferrere,,7,2026-04-06T01:54:34Z,epr9s9zih7yd5dygat10o64us,Prim B Metro,66nxwll8fur0rtp9q7wqaki1l,Argentina,South America,2026,data\south_america\argentina\prim_b_metro\66nxwll8fur0rtp9q7wqaki1l\2026\fixture.json,,,
359i0eumsbldf9skv84q1v8k4,2026-08-22,2026-08-22Z,,Brown de Adrogué,UAI Urquiza,,,Estadio Lorenzo Arandilla,,7,2026-03-31T17:25:28Z,epr9s9zih7yd5dygat10o64us,Prim B Metro,66nxwll8fur0rtp9q7wqaki1l,Argentina,South America,2026,data\south_america\argentina\prim_b_metro\66nxwll8fur0rtp9q7wqaki1l\2026\fixture.json,,,
34s2minlx9e3n2p2wjej65wk4,2026-08-22,2026-08-22Z,,Deportivo Armenio,Real Pilar,,,Estadio Armenia,,7,2026-04-06T13:01:02Z,epr9s9zih7yd5dygat10o64us,Prim B Metro,66nxwll8fur0rtp9q7wqaki1l,Argentina,South America,2026,data\south_america\argentina\prim_b_metro\66nxwll8fur0rtp9q7wqaki1l\2026\fixture.json,,,
34ap1p1jp5rxb0zkhun6nj02c,2026-08-22,2026-08-22Z,,Flandria,Liniers,,,Estadio Carlos V,,7,2026-04-11T23:46:12Z,epr9s9zih7yd5dygat10o64us,Prim B Metro,66nxwll8fur0rtp9q7wqaki1l,Argentina,South America,2026,data\south_america\argentina\prim_b_metro\66nxwll8fur0rtp9q7wqaki1l\2026\fixture.json,,,
33td6eue75ce1yoh1f3e1fsb8,2026-08-22,2026-08-22Z,,Argentino Quilmes,Villa San Carlos,,,Estadio de Argentino de Quilmes,,7,2026-04-06T02:09:49Z,epr9s9zih7yd5dygat10o64us,Prim B Metro,66nxwll8fur0rtp9q7wqaki1l,Argentina,South America,2026,data\south_america\argentina\prim_b_metro\66nxwll8fur0rtp9q7wqaki1l\2026\fixture.json,,,
33a9wlji9dn4vc6junl65rpck,2026-08-22,2026-08-22Z,,Defensores Unidos,San Martín Burzaco,,,Estadio Gigante de Villa Fox,,7,2026-04-05T22:33:49Z,epr9s9zih7yd5dygat10o64us,Prim B Metro,66nxwll8fur0rtp9q7wqaki1l,Argentina,South America,2026,data\south_america\argentina\prim_b_metro\66nxwll8fur0rtp9q7wqaki1l\2026\fixture.json,,,
32r6vv4d85rsbxcezbpi5ozdg,2026-08-22,2026-08-22Z,,Comunicaciones,Sportivo Italiano,,,Estadio Alfredo Ramos,,7,2026-03-31T17:25:29Z,epr9s9zih7yd5dygat10o64us,Prim B Metro,66nxwll8fur0rtp9q7wqaki1l,Argentina,South America,2026,data\south_america\argentina\prim_b_metro\66nxwll8fur0rtp9q7wqaki1l\2026\fixture.json,,,
329m633cgepkz5p9fzmh5gb9w,2026-08-22,2026-08-22Z,,Dock Sud,Deportivo Camioneros,,,Estadio de los Inmigrantes,,7,2026-04-06T23:43:43Z,epr9s9zih7yd5dygat10o64us,Prim B Metro,66nxwll8fur0rtp9q7wqaki1l,Argentina,South America,2026,data\south_america\argentina\prim_b_metro\66nxwll8fur0rtp9q7wqaki1l\2026\fixture.json,,,
31qc00ln60suaycr2k9asa3v8,2026-08-22,2026-08-22Z,,Ituzaingó,Deportivo Merlo,,,Estadio de Ituzaingó,,7,2026-04-07T02:07:10Z,epr9s9zih7yd5dygat10o64us,Prim B Metro,66nxwll8fur0rtp9q7wqaki1l,Argentina,South America,2026,data\south_america\argentina\prim_b_metro\66nxwll8fur0rtp9q7wqaki1l\2026\fixture.json,,,
318uq5p6mxqkl286gbtt8vqxg,2026-08-15,2026-08-15Z,,Deportivo Camioneros,Deportivo Merlo,,,Estadio Hugo Moyano,,7,2026-04-07T02:07:10Z,epr9s9zih7yd5dygat10o64us,Prim B Metro,66nxwll8fur0rtp9q7wqaki1l,Argentina,South America,2026,data\south_america\argentina\prim_b_metro\66nxwll8fur0rtp9q7wqaki1l\2026\fixture.json,,,
30rid2bqej81kigzxav1ctpg4,2026-08-15,2026-08-15Z,,Sportivo Italiano,Dock Sud,,,Estadio República de Italia,,7,2026-04-06T23:43:43Z,epr9s9zih7yd5dygat10o64us,Prim B Metro,66nxwll8fur0rtp9q7wqaki1l,Argentina,South America,2026,data\south_america\argentina\prim_b_metro\66nxwll8fur0rtp9q7wqaki1l\2026\fixture.json,,,
30a0qpus47lape1hsfevcghsk,2026-08-15,2026-08-15Z,,San Martín Burzaco,Comunicaciones,,,Estadio Francisco Boga,,7,2026-03-31T17:25:28Z,epr9s9zih7yd5dygat10o64us,Prim B Metro,66nxwll8fur0rtp9q7wqaki1l,Argentina,South America,2026,data\south_america\argentina\prim_b_metro\66nxwll8fur0rtp9q7wqaki1l\2026\fixture.json,,,
2zsvj8kww5gh526sdqzmy29ec,2026-08-15,2026-08-15Z,,Villa San Carlos,Defensores Unidos,,,Estadio Genancio Sálice,,7,2026-04-05T22:33:49Z,epr9s9zih7yd5dygat10o64us,Prim B Metro,66nxwll8fur0rtp9q7wqaki1l,Argentina,South America,2026,data\south_america\argentina\prim_b_metro\66nxwll8fur0rtp9q7wqaki1l\2026\fixture.json,,,
2zbi5f6586m4d31xk73gjx79w,2026-08-15,2026-08-15Z,,Liniers,Argentino Quilmes,,,Estadio Juan Antonio Arias,,7,2026-04-06T02:12:44Z,epr9s9zih7yd5dygat10o64us,Prim B Metro,66nxwll8fur0rtp9q7wqaki1l,Argentina,South America,2026,data\south_america\argentina\prim_b_metro\66nxwll8fur0rtp9q7wqaki1l\2026\fixture.json,,,
2yu44xu3glt92u0ax2iy54iz8,2026-08-15,2026-08-15Z,,Real Pilar,Flandria,,,Estadio Municipal de Pilar,,7,2026-04-11T23:46:12Z,epr9s9zih7yd5dygat10o64us,Prim B Metro,66nxwll8fur0rtp9q7wqaki1l,Argentina,South America,2026,data\south_america\argentina\prim_b_metro\66nxwll8fur0rtp9q7wqaki1l\2026\fixture.json,,,
2ycsd6dmtjkr5olvqplrfg4k4,2026-08-15,2026-08-15Z,,UAI Urquiza,Deportivo Armenio,,,Estadio Monumental de Villa Lynch,,7,2026-04-06T13:01:02Z,epr9s9zih7yd5dygat10o64us,Prim B Metro,66nxwll8fur0rtp9q7wqaki1l,Argentina,South America,2026,data\south_america\argentina\prim_b_metro\66nxwll8fur0rtp9q7wqaki1l\2026\fixture.json,,,
2xvg8ed1jp3p1ktkmdvjdy1p0,2026-08-15,2026-08-15Z,,Villa Dálmine,Brown de Adrogué,,,Estadio El Coliseo de Mitre y Puccini,,7,2026-03-31T17:25:28Z,epr9s9zih7yd5dygat10o64us,Prim B Metro,66nxwll8fur0rtp9q7wqaki1l,Argentina,South America,2026,data\south_america\argentina\prim_b_metro\66nxwll8fur0rtp9q7wqaki1l\2026\fixture.json,,,
2xdskzvmghko8reqj0vx3ayvo,2026-08-15,2026-08-15Z,,Excursionistas,Deportivo Laferrere,,,Estadio de Excursionistas,,7,2026-04-06T01:57:17Z,epr9s9zih7yd5dygat10o64us,Prim B Metro,66nxwll8fur0rtp9q7wqaki1l,Argentina,South America,2026,data\south_america\argentina\prim_b_metro\66nxwll8fur0rtp9q7wqaki1l\2026\fixture.json,,,
2wwd4t3xrg03898hu4zq4hfro,2026-08-15,2026-08-15Z,,Arsenal,Talleres Remedios,,,Estadio Julio Humberto Grondona,,7,2026-03-31T17:25:27Z,epr9s9zih7yd5dygat10o64us,Prim B Metro,66nxwll8fur0rtp9q7wqaki1l,Argentina,South America,2026,data\south_america\argentina\prim_b_metro\66nxwll8fur0rtp9q7wqaki1l\2026\fixture.json,,,
2wd48vhgb00rxr6l5ftls1m38,2026-08-15,2026-08-15Z,,Argentino Merlo,Ituzaingó,,,Estadio Juan Carlos Brieva,,7,2026-03-31T17:25:27Z,epr9s9zih7yd5dygat10o64us,Prim B Metro,66nxwll8fur0rtp9q7wqaki1l,Argentina,South America,2026,data\south_america\argentina\prim_b_metro\66nxwll8fur0rtp9q7wqaki1l\2026\fixture.json,,,
2vvw551kfipvg0cwmnikluqdw,2026-08-08,2026-08-08Z,,Talleres Remedios,Argentino Merlo,,,Estadio Pablo Comelli,,7,2026-03-31T17:25:27Z,epr9s9zih7yd5dygat10o64us,Prim B Metro,66nxwll8fur0rtp9q7wqaki1l,Argentina,South America,2026,data\south_america\argentina\prim_b_metro\66nxwll8fur0rtp9q7wqaki1l\2026\fixture.json,,,
2vbjzt0gbxbe4ip6uci0va1p0,2026-08-08,2026-08-08Z,,Deportivo Laferrere,Arsenal,,,Estadio Deportivo Laferrere,,7,2026-04-06T01:54:34Z,epr9s9zih7yd5dygat10o64us,Prim B Metro,66nxwll8fur0rtp9q7wqaki1l,Argentina,South America,2026,data\south_america\argentina\prim_b_metro\66nxwll8fur0rtp9q7wqaki1l\2026\fixture.json,,,
2uso3hsyfuma1h6aii3c7wavo,2026-08-08,2026-08-08Z,,Brown de Adrogué,Excursionistas,,,Estadio Lorenzo Arandilla,,7,2026-04-06T01:57:17Z,epr9s9zih7yd5dygat10o64us,Prim B Metro,66nxwll8fur0rtp9q7wqaki1l,Argentina,South America,2026,data\south_america\argentina\prim_b_metro\66nxwll8fur0rtp9q7wqaki1l\2026\fixture.json,,,
2u9ncjvpv4glihrmg3mqgtedw,2026-08-08,2026-08-08Z,,Deportivo Armenio,Villa Dálmine,,,Estadio Armenia,,7,2026-04-06T13:01:02Z,epr9s9zih7yd5dygat10o64us,Prim B Metro,66nxwll8fur0rtp9q7wqaki1l,Argentina,South America,2026,data\south_america\argentina\prim_b_metro\66nxwll8fur0rtp9q7wqaki1l\2026\fixture.json,,,
2tom4kc2yeihx3vn9ioz66fis,2026-08-08,2026-08-08Z,,Flandria,UAI Urquiza,,,Estadio Carlos V,,7,2026-04-11T23:46:12Z,epr9s9zih7yd5dygat10o64us,Prim B Metro,66nxwll8fur0rtp9q7wqaki1l,Argentina,South America,2026,data\south_america\argentina\prim_b_metro\66nxwll8fur0rtp9q7wqaki1l\2026\fixture.json,,,
2sw9fvc7y71v3cbo4jfdstpg4,2026-08-08,2026-08-08Z,,Argentino Quilmes,Real Pilar,,,Estadio de Argentino de Quilmes,,7,2026-04-06T02:09:49Z,epr9s9zih7yd5dygat10o64us,Prim B Metro,66nxwll8fur0rtp9q7wqaki1l,Argentina,South America,2026,data\south_america\argentina\prim_b_metro\66nxwll8fur0rtp9q7wqaki1l\2026\fixture.json,,,
2s3hvbma0cb4u8weokrpi9hck,2026-08-08,2026-08-08Z,,Defensores Unidos,Liniers,,,Estadio Gigante de Villa Fox,,7,2026-04-06T02:12:44Z,epr9s9zih7yd5dygat10o64us,Prim B Metro,66nxwll8fur0rtp9q7wqaki1l,Argentina,South America,2026,data\south_america\argentina\prim_b_metro\66nxwll8fur0rtp9q7wqaki1l\2026\fixture.json,,,
2r8vnn6fv514zyz6rktbeo178,2026-08-08,2026-08-08Z,,Comunicaciones,Villa San Carlos,,,Estadio Alfredo Ramos,,7,2026-03-31T17:25:25Z,epr9s9zih7yd5dygat10o64us,Prim B Metro,66nxwll8fur0rtp9q7wqaki1l,Argentina,South America,2026,data\south_america\argentina\prim_b_metro\66nxwll8fur0rtp9q7wqaki1l\2026\fixture.json,,,
2q7dphbfd9eogvhnqf4x95kwk,2026-08-08,2026-08-08Z,,Dock Sud,San Martín Burzaco,,,Estadio de los Inmigrantes,,7,2026-04-06T23:43:43Z,epr9s9zih7yd5dygat10o64us,Prim B Metro,66nxwll8fur0rtp9q7wqaki1l,Argentina,South America,2026,data\south_america\argentina\prim_b_metro\66nxwll8fur0rtp9q7wqaki1l\2026\fixture.json,,,
2p292g2to8jib5p9rhjobcpas,2026-08-08,2026-08-08Z,,Deportivo Merlo,Sportivo Italiano,,,Estadio José Manuel Moreno,,7,2026-04-07T02:07:10Z,epr9s9zih7yd5dygat10o64us,Prim B Metro,66nxwll8fur0rtp9q7wqaki1l,Argentina,South America,2026,data\south_america\argentina\prim_b_metro\66nxwll8fur0rtp9q7wqaki1l\2026\fixture.json,,,
2nzioaxy0scc8vl34ivam04r8,2026-08-08,2026-08-08Z,,Ituzaingó,Deportivo Camioneros,,,Estadio de Ituzaingó,,7,2026-03-31T17:25:26Z,epr9s9zih7yd5dygat10o64us,Prim B Metro,66nxwll8fur0rtp9q7wqaki1l,Argentina,South America,2026,data\south_america\argentina\prim_b_metro\66nxwll8fur0rtp9q7wqaki1l\2026\fixture.json,,,
2nevdrigjz4nm7f9bxtkxtp90,2026-08-01,2026-08-01Z,,Sportivo Italiano,Deportivo Camioneros,,,Estadio República de Italia,,7,2026-03-31T17:48:30Z,epr9s9zih7yd5dygat10o64us,Prim B Metro,66nxwll8fur0rtp9q7wqaki1l,Argentina,South America,2026,data\south_america\argentina\prim_b_metro\66nxwll8fur0rtp9q7wqaki1l\2026\fixture.json,,,
2mrx9f8fjoto3bgyfkesee9lg,2026-08-01,2026-08-01Z,,San Martín Burzaco,Deportivo Merlo,,,Estadio Francisco Boga,,7,2026-04-07T02:07:10Z,epr9s9zih7yd5dygat10o64us,Prim B Metro,66nxwll8fur0rtp9q7wqaki1l,Argentina,South America,2026,data\south_america\argentina\prim_b_metro\66nxwll8fur0rtp9q7wqaki1l\2026\fixture.json,,,
2m70ost9l714m94c9nsrsk6j8,2026-08-01,2026-08-01Z,,Villa San Carlos,Dock Sud,,,Estadio Genancio Sálice,,7,2026-04-06T23:43:43Z,epr9s9zih7yd5dygat10o64us,Prim B Metro,66nxwll8fur0rtp9q7wqaki1l,Argentina,South America,2026,data\south_america\argentina\prim_b_metro\66nxwll8fur0rtp9q7wqaki1l\2026\fixture.json,,,
2lo6khkf03rtc1765nl6ydbmc,2026-08-01,2026-08-01Z,,Liniers,Comunicaciones,,,Estadio Juan Antonio Arias,,7,2026-04-06T02:12:44Z,epr9s9zih7yd5dygat10o64us,Prim B Metro,66nxwll8fur0rtp9q7wqaki1l,Argentina,South America,2026,data\south_america\argentina\prim_b_metro\66nxwll8fur0rtp9q7wqaki1l\2026\fixture.json,,,
2kybsxddrnmanncaua6wex53o,2026-08-01,2026-08-01Z,,Real Pilar,Defensores Unidos,,,Estadio Municipal de Pilar,,7,2026-04-05T22:33:49Z,epr9s9zih7yd5dygat10o64us,Prim B Metro,66nxwll8fur0rtp9q7wqaki1l,Argentina,South America,2026,data\south_america\argentina\prim_b_metro\66nxwll8fur0rtp9q7wqaki1l\2026\fixture.json,,,
2ker23ls86brodcjnt5boe590,2026-08-01,2026-08-01Z,,UAI Urquiza,Argentino Quilmes,,,Estadio Monumental de Villa Lynch,,7,2026-04-06T02:09:49Z,epr9s9zih7yd5dygat10o64us,Prim B Metro,66nxwll8fur0rtp9q7wqaki1l,Argentina,South America,2026,data\south_america\argentina\prim_b_metro\66nxwll8fur0rtp9q7wqaki1l\2026\fixture.json,,,
2jufvirsp11scfpgcrgxpsbh0,2026-08-01,2026-08-01Z,,Villa Dálmine,Flandria,,,Estadio El Coliseo de Mitre y Puccini,,7,2026-04-11T23:46:12Z,epr9s9zih7yd5dygat10o64us,Prim B Metro,66nxwll8fur0rtp9q7wqaki1l,Argentina,South America,2026,data\south_america\argentina\prim_b_metro\66nxwll8fur0rtp9q7wqaki1l\2026\fixture.json,,,
2j52izrx592snkwgw5w2qyyok,2026-08-01,2026-08-01Z,,Excursionistas,Deportivo Armenio,,,Estadio de Excursionistas,,7,2026-04-06T13:01:02Z,epr9s9zih7yd5dygat10o64us,Prim B Metro,66nxwll8fur0rtp9q7wqaki1l,Argentina,South America,2026,data\south_america\argentina\prim_b_metro\66nxwll8fur0rtp9q7wqaki1l\2026\fixture.json,,,
2ikdpyu9q69yn08h150pj6ej8,2026-08-01,2026-08-01Z,,Arsenal,Brown de Adrogué,,,Estadio Julio Humberto Grondona,,7,2026-03-31T17:25:24Z,epr9s9zih7yd5dygat10o64us,Prim B Metro,66nxwll8fur0rtp9q7wqaki1l,Argentina,South America,2026,data\south_america\argentina\prim_b_metro\66nxwll8fur0rtp9q7wqaki1l\2026\fixture.json,,,
2hz2yir535rnophh21n1gk7bo,2026-08-01,2026-08-01Z,,Argentino Merlo,Deportivo Laferrere,,,Estadio Juan Carlos Brieva,,7,2026-04-06T01:54:34Z,epr9s9zih7yd5dygat10o64us,Prim B Metro,66nxwll8fur0rtp9q7wqaki1l,Argentina,South America,2026,data\south_america\argentina\prim_b_metro\66nxwll8fur0rtp9q7wqaki1l\2026\fixture.json,,,
2hdq4x7awmucn1op7inz5a7mc,2026-08-01,2026-08-01Z,,Talleres Remedios,Ituzaingó,,,Estadio Pablo Comelli,,7,2026-03-31T17:25:24Z,epr9s9zih7yd5dygat10o64us,Prim B Metro,66nxwll8fur0rtp9q7wqaki1l,Argentina,South America,2026,data\south_america\argentina\prim_b_metro\66nxwll8fur0rtp9q7wqaki1l\2026\fixture.json,,,
2guqf3eciwta0tbc4rfabvz10,2026-07-25,2026-07-25Z,,Deportivo Laferrere,Talleres Remedios,,,Estadio Deportivo Laferrere,,7,2026-04-06T01:54:34Z,epr9s9zih7yd5dygat10o64us,Prim B Metro,66nxwll8fur0rtp9q7wqaki1l,Argentina,South America,2026,data\south_america\argentina\prim_b_metro\66nxwll8fur0rtp9q7wqaki1l\2026\fixture.json,,,
2gafixgeel1oqyw1m20735hck,2026-07-25,2026-07-25Z,,Brown de Adrogué,Argentino Merlo,,,Estadio Lorenzo Arandilla,,7,2026-03-31T17:25:22Z,epr9s9zih7yd5dygat10o64us,Prim B Metro,66nxwll8fur0rtp9q7wqaki1l,Argentina,South America,2026,data\south_america\argentina\prim_b_metro\66nxwll8fur0rtp9q7wqaki1l\2026\fixture.json,,,
2frw147qx6gjvwg3ymlaqcxec,2026-07-25,2026-07-25Z,,Deportivo Armenio,Arsenal,,,Estadio Armenia,,7,2026-04-06T13:01:02Z,epr9s9zih7yd5dygat10o64us,Prim B Metro,66nxwll8fur0rtp9q7wqaki1l,Argentina,South America,2026,data\south_america\argentina\prim_b_metro\66nxwll8fur0rtp9q7wqaki1l\2026\fixture.json,,,
2f99kpybslprrcprhvqjubqqc,2026-07-25,2026-07-25Z,,Flandria,Excursionistas,,,Estadio Carlos V,,7,2026-04-11T23:46:12Z,epr9s9zih7yd5dygat10o64us,Prim B Metro,66nxwll8fur0rtp9q7wqaki1l,Argentina,South America,2026,data\south_america\argentina\prim_b_metro\66nxwll8fur0rtp9q7wqaki1l\2026\fixture.json,,,
2emyvba2kfwd9lg4sx04p5yc4,2026-07-25,2026-07-25Z,,Argentino Quilmes,Villa Dálmine,,,Estadio de Argentino de Quilmes,,7,2026-04-06T02:09:49Z,epr9s9zih7yd5dygat10o64us,Prim B Metro,66nxwll8fur0rtp9q7wqaki1l,Argentina,South America,2026,data\south_america\argentina\prim_b_metro\66nxwll8fur0rtp9q7wqaki1l\2026\fixture.json,,,
2e2syn0j0y2kp3wqxkynkvdhw,2026-07-25,2026-07-25Z,,Defensores Unidos,UAI Urquiza,,,Estadio Gigante de Villa Fox,,7,2026-04-05T22:33:49Z,epr9s9zih7yd5dygat10o64us,Prim B Metro,66nxwll8fur0rtp9q7wqaki1l,Argentina,South America,2026,data\south_america\argentina\prim_b_metro\66nxwll8fur0rtp9q7wqaki1l\2026\fixture.json,,,
2dejrxzc7z9e7cy7ih2oarpxw,2026-07-25,2026-07-25Z,,Comunicaciones,Real Pilar,,,Estadio Alfredo Ramos,,7,2026-03-31T17:25:22Z,epr9s9zih7yd5dygat10o64us,Prim B Metro,66nxwll8fur0rtp9q7wqaki1l,Argentina,South America,2026,data\south_america\argentina\prim_b_metro\66nxwll8fur0rtp9q7wqaki1l\2026\fixture.json,,,
2cprvbcvyejtlly9n4s7e9gk4,2026-07-25,2026-07-25Z,,Dock Sud,Liniers,,,Estadio de los Inmigrantes,,7,2026-04-06T23:43:43Z,epr9s9zih7yd5dygat10o64us,Prim B Metro,66nxwll8fur0rtp9q7wqaki1l,Argentina,South America,2026,data\south_america\argentina\prim_b_metro\66nxwll8fur0rtp9q7wqaki1l\2026\fixture.json,,,
2c8enaeqviuzbcn16if9vfk0k,2026-07-25,2026-07-25Z,,Deportivo Merlo,Villa San Carlos,,,Estadio José Manuel Moreno,,7,2026-04-07T02:07:10Z,epr9s9zih7yd5dygat10o64us,Prim B Metro,66nxwll8fur0rtp9q7wqaki1l,Argentina,South America,2026,data\south_america\argentina\prim_b_metro\66nxwll8fur0rtp9q7wqaki1l\2026\fixture.json,,,
2bq9in51n481jgnurvcztsydw,2026-07-25,2026-07-25Z,,Deportivo Camioneros,San Martín Burzaco,,,Estadio Hugo Moyano,,7,2026-03-31T17:25:23Z,epr9s9zih7yd5dygat10o64us,Prim B Metro,66nxwll8fur0rtp9q7wqaki1l,Argentina,South America,2026,data\south_america\argentina\prim_b_metro\66nxwll8fur0rtp9q7wqaki1l\2026\fixture.json,,,
2b8kddcbdltl5uxjgxb7181ec,2026-07-25,2026-07-25Z,,Ituzaingó,Sportivo Italiano,,,Estadio de Ituzaingó,,7,2026-03-31T17:25:23Z,epr9s9zih7yd5dygat10o64us,Prim B Metro,66nxwll8fur0rtp9q7wqaki1l,Argentina,South America,2026,data\south_america\argentina\prim_b_metro\66nxwll8fur0rtp9q7wqaki1l\2026\fixture.json,,,
2ao3owbhv47xmgxk8ec3qr1g4,2026-07-18,2026-07-18Z,,San Martín Burzaco,Sportivo Italiano,,,Estadio Francisco Boga,,7,2026-03-31T17:43:38Z,epr9s9zih7yd5dygat10o64us,Prim B Metro,66nxwll8fur0rtp9q7wqaki1l,Argentina,South America,2026,data\south_america\argentina\prim_b_metro\66nxwll8fur0rtp9q7wqaki1l\2026\fixture.json,,,
2a4se225eo48t77qv1mk486c4,2026-07-18,2026-07-18Z,,Villa San Carlos,Deportivo Camioneros,,,Estadio Genancio Sálice,,7,2026-03-31T17:43:38Z,epr9s9zih7yd5dygat10o64us,Prim B Metro,66nxwll8fur0rtp9q7wqaki1l,Argentina,South America,2026,data\south_america\argentina\prim_b_metro\66nxwll8fur0rtp9q7wqaki1l\2026\fixture.json,,,
29mr9soj3xps868d28rlxuqdw,2026-07-18,2026-07-18Z,,Liniers,Deportivo Merlo,,,Estadio Juan Antonio Arias,,7,2026-04-07T02:07:10Z,epr9s9zih7yd5dygat10o64us,Prim B Metro,66nxwll8fur0rtp9q7wqaki1l,Argentina,South America,2026,data\south_america\argentina\prim_b_metro\66nxwll8fur0rtp9q7wqaki1l\2026\fixture.json,,,
292u2ck6lofisrqx6dg4x7bbo,2026-07-18,2026-07-18Z,,Real Pilar,Dock Sud,,,Estadio Municipal de Pilar,,7,2026-04-06T23:43:43Z,epr9s9zih7yd5dygat10o64us,Prim B Metro,66nxwll8fur0rtp9q7wqaki1l,Argentina,South America,2026,data\south_america\argentina\prim_b_metro\66nxwll8fur0rtp9q7wqaki1l\2026\fixture.json,,,
28kt8yxfbp6g5ansyvzfj0e1g,2026-07-18,2026-07-18Z,,UAI Urquiza,Comunicaciones,,,Estadio Monumental de Villa Lynch,,7,2026-03-31T17:43:38Z,epr9s9zih7yd5dygat10o64us,Prim B Metro,66nxwll8fur0rtp9q7wqaki1l,Argentina,South America,2026,data\south_america\argentina\prim_b_metro\66nxwll8fur0rtp9q7wqaki1l\2026\fixture.json,,,
27zzjymp4tffq0xoew8dj2syc,2026-07-18,2026-07-18Z,,Villa Dálmine,Defensores Unidos,,,Estadio El Coliseo de Mitre y Puccini,,7,2026-04-05T22:33:49Z,epr9s9zih7yd5dygat10o64us,Prim B Metro,66nxwll8fur0rtp9q7wqaki1l,Argentina,South America,2026,data\south_america\argentina\prim_b_metro\66nxwll8fur0rtp9q7wqaki1l\2026\fixture.json,,,
27iuex1udt4xt14hmgjbx3wus,2026-07-18,2026-07-18Z,,Excursionistas,Argentino Quilmes,,,Estadio de Excursionistas,,7,2026-04-06T02:09:49Z,epr9s9zih7yd5dygat10o64us,Prim B Metro,66nxwll8fur0rtp9q7wqaki1l,Argentina,South America,2026,data\south_america\argentina\prim_b_metro\66nxwll8fur0rtp9q7wqaki1l\2026\fixture.json,,,
270u2jd1ojcr19gya5kvjep78,2026-07-18,2026-07-18Z,,Arsenal,Flandria,,,Estadio Julio Humberto Grondona,,7,2026-04-11T23:46:12Z,epr9s9zih7yd5dygat10o64us,Prim B Metro,66nxwll8fur0rtp9q7wqaki1l,Argentina,South America,2026,data\south_america\argentina\prim_b_metro\66nxwll8fur0rtp9q7wqaki1l\2026\fixture.json,,,
26j9nqhscx39w2d8xhxjs7z84,2026-07-18,2026-07-18Z,,Argentino Merlo,Deportivo Armenio,,,Estadio Juan Carlos Brieva,,7,2026-04-06T13:01:02Z,epr9s9zih7yd5dygat10o64us,Prim B Metro,66nxwll8fur0rtp9q7wqaki1l,Argentina,South America,2026,data\south_america\argentina\prim_b_metro\66nxwll8fur0rtp9q7wqaki1l\2026\fixture.json,,,
261m5e0ijlxvfbsd3ievq4h78,2026-07-18,2026-07-18Z,,Talleres Remedios,Brown de Adrogué,,,Estadio Pablo Comelli,,7,2026-03-31T17:43:38Z,epr9s9zih7yd5dygat10o64us,Prim B Metro,66nxwll8fur0rtp9q7wqaki1l,Argentina,South America,2026,data\south_america\argentina\prim_b_metro\66nxwll8fur0rtp9q7wqaki1l\2026\fixture.json,,,
25kei0wdey6pyx4o9dpxyn384,2026-07-18,2026-07-18Z,,Deportivo Laferrere,Ituzaingó,,,Estadio Deportivo Laferrere,,7,2026-04-06T01:54:34Z,epr9s9zih7yd5dygat10o64us,Prim B Metro,66nxwll8fur0rtp9q7wqaki1l,Argentina,South America,2026,data\south_america\argentina\prim_b_metro\66nxwll8fur0rtp9q7wqaki1l\2026\fixture.json,,,
2534bawpqffvfj2x0enf63g2c,2026-07-14,2026-07-14Z,,Brown de Adrogué,Deportivo Laferrere,,,Estadio Lorenzo Arandilla,,7,2026-04-06T01:54:34Z,epr9s9zih7yd5dygat10o64us,Prim B Metro,66nxwll8fur0rtp9q7wqaki1l,Argentina,South America,2026,data\south_america\argentina\prim_b_metro\66nxwll8fur0rtp9q7wqaki1l\2026\fixture.json,,,
24lpnm8dxrszk0ynsphjboefo,2026-07-14,2026-07-14Z,,Deportivo Armenio,Talleres Remedios,,,Estadio Armenia,,7,2026-04-06T13:01:02Z,epr9s9zih7yd5dygat10o64us,Prim B Metro,66nxwll8fur0rtp9q7wqaki1l,Argentina,South America,2026,data\south_america\argentina\prim_b_metro\66nxwll8fur0rtp9q7wqaki1l\2026\fixture.json,,,
243sww7nblqv97sa9x4srmz2s,2026-07-14,2026-07-14Z,,Flandria,Argentino Merlo,,,Estadio Carlos V,,7,2026-04-11T23:46:12Z,epr9s9zih7yd5dygat10o64us,Prim B Metro,66nxwll8fur0rtp9q7wqaki1l,Argentina,South America,2026,data\south_america\argentina\prim_b_metro\66nxwll8fur0rtp9q7wqaki1l\2026\fixture.json,,,
23m7ndg8440lgukotqflfn3tg,2026-07-14,2026-07-14Z,,Argentino Quilmes,Arsenal,,,Estadio de Argentino de Quilmes,,7,2026-04-06T02:09:49Z,epr9s9zih7yd5dygat10o64us,Prim B Metro,66nxwll8fur0rtp9q7wqaki1l,Argentina,South America,2026,data\south_america\argentina\prim_b_metro\66nxwll8fur0rtp9q7wqaki1l\2026\fixture.json,,,
232o71cq08u0wuah23hjh4cno,2026-07-14,2026-07-14Z,,Defensores Unidos,Excursionistas,,,Estadio Gigante de Villa Fox,,7,2026-04-06T01:57:17Z,epr9s9zih7yd5dygat10o64us,Prim B Metro,66nxwll8fur0rtp9q7wqaki1l,Argentina,South America,2026,data\south_america\argentina\prim_b_metro\66nxwll8fur0rtp9q7wqaki1l\2026\fixture.json,,,
22l5loxpk2cpuhoxsq188jqqc,2026-07-14,2026-07-14Z,,Comunicaciones,Villa Dálmine,,,Estadio Alfredo Ramos,,7,2026-03-31T17:25:20Z,epr9s9zih7yd5dygat10o64us,Prim B Metro,66nxwll8fur0rtp9q7wqaki1l,Argentina,South America,2026,data\south_america\argentina\prim_b_metro\66nxwll8fur0rtp9q7wqaki1l\2026\fixture.json,,,
223lhxkph5irlr2mexjct0kr8,2026-07-14,2026-07-14Z,,Dock Sud,UAI Urquiza,,,Estadio de los Inmigrantes,,7,2026-04-06T23:43:43Z,epr9s9zih7yd5dygat10o64us,Prim B Metro,66nxwll8fur0rtp9q7wqaki1l,Argentina,South America,2026,data\south_america\argentina\prim_b_metro\66nxwll8fur0rtp9q7wqaki1l\2026\fixture.json,,,
21m0qifyt5f7xjs3z9fufnsb8,2026-07-14,2026-07-14Z,,Deportivo Merlo,Real Pilar,,,Estadio José Manuel Moreno,,7,2026-04-07T02:07:10Z,epr9s9zih7yd5dygat10o64us,Prim B Metro,66nxwll8fur0rtp9q7wqaki1l,Argentina,South America,2026,data\south_america\argentina\prim_b_metro\66nxwll8fur0rtp9q7wqaki1l\2026\fixture.json,,,
213xcl1r43yz78pos2izvfrx0,2026-07-14,2026-07-14Z,,Deportivo Camioneros,Liniers,,,Estadio Hugo Moyano,,7,2026-04-06T02:12:44Z,epr9s9zih7yd5dygat10o64us,Prim B Metro,66nxwll8fur0rtp9q7wqaki1l,Argentina,South America,2026,data\south_america\argentina\prim_b_metro\66nxwll8fur0rtp9q7wqaki1l\2026\fixture.json,,,
20kx1nndoj6io122o7s0rsi6s,2026-07-14,2026-07-14Z,,Sportivo Italiano,Villa San Carlos,,,Estadio República de Italia,,7,2026-03-31T17:25:21Z,epr9s9zih7yd5dygat10o64us,Prim B Metro,66nxwll8fur0rtp9q7wqaki1l,Argentina,South America,2026,data\south_america\argentina\prim_b_metro\66nxwll8fur0rtp9q7wqaki1l\2026\fixture.json,,,
200rkm1f1pivgm5k85805dvkk,2026-07-14,2026-07-14Z,,Ituzaingó,San Martín Burzaco,,,Estadio de Ituzaingó,,7,2026-03-31T17:25:21Z,epr9s9zih7yd5dygat10o64us,Prim B Metro,66nxwll8fur0rtp9q7wqaki1l,Argentina,South America,2026,data\south_america\argentina\prim_b_metro\66nxwll8fur0rtp9q7wqaki1l\2026\fixture.json,,,
1zj3zfs5zwqd77vj2somv9dzo,2026-07-11,2026-07-11Z,,Villa San Carlos,San Martín Burzaco,,,Estadio Genancio Sálice,,7,2026-03-31T17:25:19Z,epr9s9zih7yd5dygat10o64us,Prim B Metro,66nxwll8fur0rtp9q7wqaki1l,Argentina,South America,2026,data\south_america\argentina\prim_b_metro\66nxwll8fur0rtp9q7wqaki1l\2026\fixture.json,,,
1z1fhac6e0q063nk2qbfljcb8,2026-07-11,2026-07-11Z,,Liniers,Sportivo Italiano,,,Estadio Juan Antonio Arias,,7,2026-04-06T02:12:44Z,epr9s9zih7yd5dygat10o64us,Prim B Metro,66nxwll8fur0rtp9q7wqaki1l,Argentina,South America,2026,data\south_america\argentina\prim_b_metro\66nxwll8fur0rtp9q7wqaki1l\2026\fixture.json,,,
1yjk01i153nmthsy8yxw26978,2026-07-11,2026-07-11Z,,Real Pilar,Deportivo Camioneros,,,Estadio Municipal de Pilar,,7,2026-03-31T17:25:19Z,epr9s9zih7yd5dygat10o64us,Prim B Metro,66nxwll8fur0rtp9q7wqaki1l,Argentina,South America,2026,data\south_america\argentina\prim_b_metro\66nxwll8fur0rtp9q7wqaki1l\2026\fixture.json,,,
1xxa8mxdlbdplrxxg7ab81us4,2026-07-11,2026-07-11Z,,UAI Urquiza,Deportivo Merlo,,,Estadio Monumental de Villa Lynch,,7,2026-04-07T02:07:10Z,epr9s9zih7yd5dygat10o64us,Prim B Metro,66nxwll8fur0rtp9q7wqaki1l,Argentina,South America,2026,data\south_america\argentina\prim_b_metro\66nxwll8fur0rtp9q7wqaki1l\2026\fixture.json,,,
1xfw4ocenilrlzrrnujkv845w,2026-07-11,2026-07-11Z,,Villa Dálmine,Dock Sud,,,Estadio El Coliseo de Mitre y Puccini,,7,2026-04-06T23:43:43Z,epr9s9zih7yd5dygat10o64us,Prim B Metro,66nxwll8fur0rtp9q7wqaki1l,Argentina,South America,2026,data\south_america\argentina\prim_b_metro\66nxwll8fur0rtp9q7wqaki1l\2026\fixture.json,,,
1wydbkmkr4rma1zk89ys186xg,2026-07-11,2026-07-11Z,,Excursionistas,Comunicaciones,,,Estadio de Excursionistas,,7,2026-04-06T01:57:17Z,epr9s9zih7yd5dygat10o64us,Prim B Metro,66nxwll8fur0rtp9q7wqaki1l,Argentina,South America,2026,data\south_america\argentina\prim_b_metro\66nxwll8fur0rtp9q7wqaki1l\2026\fixture.json,,,
1wh08y23hwfic6ubfguky3spg,2026-07-11,2026-07-11Z,,Arsenal,Defensores Unidos,,,Estadio Julio Humberto Grondona,,7,2026-04-05T22:33:49Z,epr9s9zih7yd5dygat10o64us,Prim B Metro,66nxwll8fur0rtp9q7wqaki1l,Argentina,South America,2026,data\south_america\argentina\prim_b_metro\66nxwll8fur0rtp9q7wqaki1l\2026\fixture.json,,,
1vzg0y4ytqfr5ry05juttk4r8,2026-07-11,2026-07-11Z,,Argentino Merlo,Argentino Quilmes,,,Estadio Juan Carlos Brieva,,7,2026-04-06T02:09:49Z,epr9s9zih7yd5dygat10o64us,Prim B Metro,66nxwll8fur0rtp9q7wqaki1l,Argentina,South America,2026,data\south_america\argentina\prim_b_metro\66nxwll8fur0rtp9q7wqaki1l\2026\fixture.json,,,
1vi3i9k1wx9t8sqgrzkek1q1g,2026-07-11,2026-07-11Z,,Talleres Remedios,Flandria,,,Estadio Pablo Comelli,,7,2026-04-11T23:46:12Z,epr9s9zih7yd5dygat10o64us,Prim B Metro,66nxwll8fur0rtp9q7wqaki1l,Argentina,South America,2026,data\south_america\argentina\prim_b_metro\66nxwll8fur0rtp9q7wqaki1l\2026\fixture.json,,,
1v0gs5548tpslmtgsxq0hsduc,2026-07-11,2026-07-11Z,,Deportivo Laferrere,Deportivo Armenio,,,Estadio Deportivo Laferrere,,7,2026-04-06T13:01:02Z,epr9s9zih7yd5dygat10o64us,Prim B Metro,66nxwll8fur0rtp9q7wqaki1l,Argentina,South America,2026,data\south_america\argentina\prim_b_metro\66nxwll8fur0rtp9q7wqaki1l\2026\fixture.json,,,
1uixypwhwjbdbvv0m9mskudxw,2026-07-11,2026-07-11Z,,Brown de Adrogué,Ituzaingó,,,Estadio Lorenzo Arandilla,,7,2026-03-31T17:25:19Z,epr9s9zih7yd5dygat10o64us,Prim B Metro,66nxwll8fur0rtp9q7wqaki1l,Argentina,South America,2026,data\south_america\argentina\prim_b_metro\66nxwll8fur0rtp9q7wqaki1l\2026\fixture.json,,,
1u1bs617eaxv45ufuuioqra50,2026-07-04,2026-07-04Z,,Deportivo Armenio,Brown de Adrogué,,,Estadio Armenia,,7,2026-04-06T13:01:02Z,epr9s9zih7yd5dygat10o64us,Prim B Metro,66nxwll8fur0rtp9q7wqaki1l,Argentina,South America,2026,data\south_america\argentina\prim_b_metro\66nxwll8fur0rtp9q7wqaki1l\2026\fixture.json,,,
1ti0wabgbwv877prldy21yec4,2026-07-04,2026-07-04Z,,Flandria,Deportivo Laferrere,,,Estadio Carlos V,,7,2026-04-11T23:46:12Z,epr9s9zih7yd5dygat10o64us,Prim B Metro,66nxwll8fur0rtp9q7wqaki1l,Argentina,South America,2026,data\south_america\argentina\prim_b_metro\66nxwll8fur0rtp9q7wqaki1l\2026\fixture.json,,,
1syprd01iqkxqt5zzi4x5vxuc,2026-07-04,2026-07-04Z,,Argentino Quilmes,Talleres Remedios,,,Estadio de Argentino de Quilmes,,7,2026-04-06T02:09:49Z,epr9s9zih7yd5dygat10o64us,Prim B Metro,66nxwll8fur0rtp9q7wqaki1l,Argentina,South America,2026,data\south_america\argentina\prim_b_metro\66nxwll8fur0rtp9q7wqaki1l\2026\fixture.json,,,
1shh7pg6xhk5jb8g3j5pt4utw,2026-07-04,2026-07-04Z,,Defensores Unidos,Argentino Merlo,,,Estadio Gigante de Villa Fox,,7,2026-04-05T22:33:49Z,epr9s9zih7yd5dygat10o64us,Prim B Metro,66nxwll8fur0rtp9q7wqaki1l,Argentina,South America,2026,data\south_america\argentina\prim_b_metro\66nxwll8fur0rtp9q7wqaki1l\2026\fixture.json,,,
1s07fwaofc0or8g8nrpdpvh90,2026-07-04,2026-07-04Z,,Comunicaciones,Arsenal,,,Estadio Alfredo Ramos,,7,2026-03-31T17:25:16Z,epr9s9zih7yd5dygat10o64us,Prim B Metro,66nxwll8fur0rtp9q7wqaki1l,Argentina,South America,2026,data\south_america\argentina\prim_b_metro\66nxwll8fur0rtp9q7wqaki1l\2026\fixture.json,,,
1riwdmyu6al869qmy0lwszlzo,2026-07-04,2026-07-04Z,,Dock Sud,Excursionistas,,,Estadio de los Inmigrantes,,7,2026-04-06T23:43:43Z,epr9s9zih7yd5dygat10o64us,Prim B Metro,66nxwll8fur0rtp9q7wqaki1l,Argentina,South America,2026,data\south_america\argentina\prim_b_metro\66nxwll8fur0rtp9q7wqaki1l\2026\fixture.json,,,
1r1h1nh6wqk6zolp68tjuusk4,2026-07-04,2026-07-04Z,,Deportivo Merlo,Villa Dálmine,,,Estadio José Manuel Moreno,,7,2026-04-07T02:07:10Z,epr9s9zih7yd5dygat10o64us,Prim B Metro,66nxwll8fur0rtp9q7wqaki1l,Argentina,South America,2026,data\south_america\argentina\prim_b_metro\66nxwll8fur0rtp9q7wqaki1l\2026\fixture.json,,,
1qf5zg50jctgg4xsj7oppw07o,2026-07-04,2026-07-04Z,,Deportivo Camioneros,UAI Urquiza,,,Estadio Hugo Moyano,,7,2026-03-31T17:25:17Z,epr9s9zih7yd5dygat10o64us,Prim B Metro,66nxwll8fur0rtp9q7wqaki1l,Argentina,South America,2026,data\south_america\argentina\prim_b_metro\66nxwll8fur0rtp9q7wqaki1l\2026\fixture.json,,,
1pxmq40409auz9ex56znwfrpw,2026-07-04,2026-07-04Z,,Sportivo Italiano,Real Pilar,,,Estadio República de Italia,,7,2026-03-31T17:25:17Z,epr9s9zih7yd5dygat10o64us,Prim B Metro,66nxwll8fur0rtp9q7wqaki1l,Argentina,South America,2026,data\south_america\argentina\prim_b_metro\66nxwll8fur0rtp9q7wqaki1l\2026\fixture.json,,,
1pfev97bcuku0lioyadhyo55g,2026-07-04,2026-07-04Z,,San Martín Burzaco,Liniers,,,Estadio Francisco Boga,,7,2026-04-06T02:12:44Z,epr9s9zih7yd5dygat10o64us,Prim B Metro,66nxwll8fur0rtp9q7wqaki1l,Argentina,South America,2026,data\south_america\argentina\prim_b_metro\66nxwll8fur0rtp9q7wqaki1l\2026\fixture.json,,,
1oxjys846x3v4j8n8oxhck1sk,2026-07-04,2026-07-04Z,,Ituzaingó,Villa San Carlos,,,Estadio de Ituzaingó,,7,2026-03-31T17:25:17Z,epr9s9zih7yd5dygat10o64us,Prim B Metro,66nxwll8fur0rtp9q7wqaki1l,Argentina,South America,2026,data\south_america\argentina\prim_b_metro\66nxwll8fur0rtp9q7wqaki1l\2026\fixture.json,,,
1ofrw00xm7p24s06gl7kkm1p0,2026-06-27,2026-06-27Z,,Liniers,Villa San Carlos,,,Estadio Juan Antonio Arias,,7,2026-04-06T02:12:44Z,epr9s9zih7yd5dygat10o64us,Prim B Metro,66nxwll8fur0rtp9q7wqaki1l,Argentina,South America,2026,data\south_america\argentina\prim_b_metro\66nxwll8fur0rtp9q7wqaki1l\2026\fixture.json,,,
1nwij2vumzg9ztll8dnvrsftg,2026-06-27,2026-06-27Z,,Real Pilar,San Martín Burzaco,,,Estadio Municipal de Pilar,,7,2026-03-31T17:25:16Z,epr9s9zih7yd5dygat10o64us,Prim B Metro,66nxwll8fur0rtp9q7wqaki1l,Argentina,South America,2026,data\south_america\argentina\prim_b_metro\66nxwll8fur0rtp9q7wqaki1l\2026\fixture.json,,,
1nf7skvpcyf3x2qp3jl4z5t78,2026-06-27,2026-06-27Z,,UAI Urquiza,Sportivo Italiano,,,Estadio Monumental de Villa Lynch,,7,2026-03-31T17:25:16Z,epr9s9zih7yd5dygat10o64us,Prim B Metro,66nxwll8fur0rtp9q7wqaki1l,Argentina,South America,2026,data\south_america\argentina\prim_b_metro\66nxwll8fur0rtp9q7wqaki1l\2026\fixture.json,,,
1mxki21qsf9cetaf7xwpl38d0,2026-06-27,2026-06-27Z,,Villa Dálmine,Deportivo Camioneros,,,Estadio El Coliseo de Mitre y Puccini,,7,2026-03-31T17:25:16Z,epr9s9zih7yd5dygat10o64us,Prim B Metro,66nxwll8fur0rtp9q7wqaki1l,Argentina,South America,2026,data\south_america\argentina\prim_b_metro\66nxwll8fur0rtp9q7wqaki1l\2026\fixture.json,,,
1mgc5n0rasj0xt018obz8yln8,2026-06-27,2026-06-27Z,,Excursionistas,Deportivo Merlo,,,Estadio de Excursionistas,,7,2026-04-07T02:07:10Z,epr9s9zih7yd5dygat10o64us,Prim B Metro,66nxwll8fur0rtp9q7wqaki1l,Argentina,South America,2026,data\south_america\argentina\prim_b_metro\66nxwll8fur0rtp9q7wqaki1l\2026\fixture.json,,,
1lyrz40l90322o325vgtdy39w,2026-06-27,2026-06-27Z,,Arsenal,Dock Sud,,,Estadio Julio Humberto Grondona,,7,2026-04-06T23:43:43Z,epr9s9zih7yd5dygat10o64us,Prim B Metro,66nxwll8fur0rtp9q7wqaki1l,Argentina,South America,2026,data\south_america\argentina\prim_b_metro\66nxwll8fur0rtp9q7wqaki1l\2026\fixture.json,,,
1lh0yxhp2k5ruthl21afndst0,2026-06-27,2026-06-27Z,,Argentino Merlo,Comunicaciones,,,Estadio Juan Carlos Brieva,,7,2026-03-31T17:25:15Z,epr9s9zih7yd5dygat10o64us,Prim B Metro,66nxwll8fur0rtp9q7wqaki1l,Argentina,South America,2026,data\south_america\argentina\prim_b_metro\66nxwll8fur0rtp9q7wqaki1l\2026\fixture.json,,,
1kzt6qhaoixxq4j049li9fh90,2026-06-27,2026-06-27Z,,Talleres Remedios,Defensores Unidos,,,Estadio Pablo Comelli,,7,2026-04-05T22:33:49Z,epr9s9zih7yd5dygat10o64us,Prim B Metro,66nxwll8fur0rtp9q7wqaki1l,Argentina,South America,2026,data\south_america\argentina\prim_b_metro\66nxwll8fur0rtp9q7wqaki1l\2026\fixture.json,,,
1kiewuqpkhqvuuncelw0w3das,2026-06-27,2026-06-27Z,,Deportivo Laferrere,Argentino Quilmes,,,Estadio Deportivo Laferrere,,7,2026-04-06T02:09:49Z,epr9s9zih7yd5dygat10o64us,Prim B Metro,66nxwll8fur0rtp9q7wqaki1l,Argentina,South America,2026,data\south_america\argentina\prim_b_metro\66nxwll8fur0rtp9q7wqaki1l\2026\fixture.json,,,
1k0saon77ienbb2sjlf5488pg,2026-06-27,2026-06-27Z,,Brown de Adrogué,Flandria,,,Estadio Lorenzo Arandilla,,7,2026-04-11T23:46:12Z,epr9s9zih7yd5dygat10o64us,Prim B Metro,66nxwll8fur0rtp9q7wqaki1l,Argentina,South America,2026,data\south_america\argentina\prim_b_metro\66nxwll8fur0rtp9q7wqaki1l\2026\fixture.json,,,
1jj06jdbhqatbjl2heqs3qfx0,2026-06-27,2026-06-27Z,,Deportivo Armenio,Ituzaingó,,,Estadio Armenia,,7,2026-04-06T13:01:02Z,epr9s9zih7yd5dygat10o64us,Prim B Metro,66nxwll8fur0rtp9q7wqaki1l,Argentina,South America,2026,data\south_america\argentina\prim_b_metro\66nxwll8fur0rtp9q7wqaki1l\2026\fixture.json,,,
1izl0exhl75xsi1029tl2xpn8,2026-06-20,2026-06-20Z,,Deportivo Armenio,Flandria,,,Estadio Armenia,,7,2026-04-11T23:46:12Z,epr9s9zih7yd5dygat10o64us,Prim B Metro,66nxwll8fur0rtp9q7wqaki1l,Argentina,South America,2026,data\south_america\argentina\prim_b_metro\66nxwll8fur0rtp9q7wqaki1l\2026\fixture.json,,,
1ii54xo209slwm0h6q5djc74k,2026-06-20,2026-06-20Z,,Brown de Adrogué,Argentino Quilmes,,,Estadio Lorenzo Arandilla,,7,2026-04-06T02:09:49Z,epr9s9zih7yd5dygat10o64us,Prim B Metro,66nxwll8fur0rtp9q7wqaki1l,Argentina,South America,2026,data\south_america\argentina\prim_b_metro\66nxwll8fur0rtp9q7wqaki1l\2026\fixture.json,,,
1i0vbzz3fhogtkkyyac8dplhw,2026-06-20,2026-06-20Z,,Deportivo Laferrere,Defensores Unidos,,,Estadio Deportivo Laferrere,,7,2026-04-06T01:54:34Z,epr9s9zih7yd5dygat10o64us,Prim B Metro,66nxwll8fur0rtp9q7wqaki1l,Argentina,South America,2026,data\south_america\argentina\prim_b_metro\66nxwll8fur0rtp9q7wqaki1l\2026\fixture.json,,,
1hjbqifj5xysp5jra8by0eh3o,2026-06-20,2026-06-20Z,,Talleres Remedios,Comunicaciones,,,Estadio Pablo Comelli,,7,2026-03-31T17:25:14Z,epr9s9zih7yd5dygat10o64us,Prim B Metro,66nxwll8fur0rtp9q7wqaki1l,Argentina,South America,2026,data\south_america\argentina\prim_b_metro\66nxwll8fur0rtp9q7wqaki1l\2026\fixture.json,,,
1h1xssybw7dnjxc8hy72b53x0,2026-06-20,2026-06-20Z,,Argentino Merlo,Dock Sud,,,Estadio Juan Carlos Brieva,,7,2026-04-06T23:43:43Z,epr9s9zih7yd5dygat10o64us,Prim B Metro,66nxwll8fur0rtp9q7wqaki1l,Argentina,South America,2026,data\south_america\argentina\prim_b_metro\66nxwll8fur0rtp9q7wqaki1l\2026\fixture.json,,,
1gknmf4i8h07i832hktzfpfkk,2026-06-20,2026-06-20Z,,Arsenal,Deportivo Merlo,,,Estadio Julio Humberto Grondona,,7,2026-04-07T02:07:10Z,epr9s9zih7yd5dygat10o64us,Prim B Metro,66nxwll8fur0rtp9q7wqaki1l,Argentina,South America,2026,data\south_america\argentina\prim_b_metro\66nxwll8fur0rtp9q7wqaki1l\2026\fixture.json,,,
1g3gt2igbayi4h8uglgc0jfo4,2026-06-20,2026-06-20Z,,Excursionistas,Deportivo Camioneros,,,Estadio de Excursionistas,,7,2026-04-06T01:57:17Z,epr9s9zih7yd5dygat10o64us,Prim B Metro,66nxwll8fur0rtp9q7wqaki1l,Argentina,South America,2026,data\south_america\argentina\prim_b_metro\66nxwll8fur0rtp9q7wqaki1l\2026\fixture.json,,,
1fm7vlt6igw6e4j8wqydwng9g,2026-06-20,2026-06-20Z,,Villa Dálmine,Sportivo Italiano,,,Estadio El Coliseo de Mitre y Puccini,,7,2026-03-31T17:25:14Z,epr9s9zih7yd5dygat10o64us,Prim B Metro,66nxwll8fur0rtp9q7wqaki1l,Argentina,South America,2026,data\south_america\argentina\prim_b_metro\66nxwll8fur0rtp9q7wqaki1l\2026\fixture.json,,,
1f4vrfzg0l4u34xmn9zmwtnv8,2026-06-20,2026-06-20Z,,UAI Urquiza,San Martín Burzaco,,,Estadio Monumental de Villa Lynch,,7,2026-03-31T17:25:14Z,epr9s9zih7yd5dygat10o64us,Prim B Metro,66nxwll8fur0rtp9q7wqaki1l,Argentina,South America,2026,data\south_america\argentina\prim_b_metro\66nxwll8fur0rtp9q7wqaki1l\2026\fixture.json,,,
1emqvwvkuhy227uxj2xyf47is,2026-06-20,2026-06-20Z,,Real Pilar,Villa San Carlos,,,Estadio Municipal de Pilar,,7,2026-03-31T17:25:14Z,epr9s9zih7yd5dygat10o64us,Prim B Metro,66nxwll8fur0rtp9q7wqaki1l,Argentina,South America,2026,data\south_america\argentina\prim_b_metro\66nxwll8fur0rtp9q7wqaki1l\2026\fixture.json,,,
1e3hzaadrlet8glhvo5xeak2c,2026-06-20,2026-06-20Z,,Ituzaingó,Liniers,,,Estadio de Ituzaingó,,7,2026-04-06T02:12:44Z,epr9s9zih7yd5dygat10o64us,Prim B Metro,66nxwll8fur0rtp9q7wqaki1l,Argentina,South America,2026,data\south_america\argentina\prim_b_metro\66nxwll8fur0rtp9q7wqaki1l\2026\fixture.json,,,
1dm8dqvoidv9ute9xhigsrg2c,2026-06-13,2026-06-13Z,,Liniers,Real Pilar,,,Estadio Juan Antonio Arias,,7,2026-04-06T02:12:44Z,epr9s9zih7yd5dygat10o64us,Prim B Metro,66nxwll8fur0rtp9q7wqaki1l,Argentina,South America,2026,data\south_america\argentina\prim_b_metro\66nxwll8fur0rtp9q7wqaki1l\2026\fixture.json,,,
1d4pwa7x1sd8oknsu4nkhxh5g,2026-06-13,2026-06-13Z,,Villa San Carlos,UAI Urquiza,,,Estadio Genancio Sálice,,7,2026-03-31T17:25:13Z,epr9s9zih7yd5dygat10o64us,Prim B Metro,66nxwll8fur0rtp9q7wqaki1l,Argentina,South America,2026,data\south_america\argentina\prim_b_metro\66nxwll8fur0rtp9q7wqaki1l\2026\fixture.json,,,
1cna95lfl6nmsvuucalyh7pjo,2026-06-13,2026-06-13Z,,San Martín Burzaco,Villa Dálmine,,,Estadio Francisco Boga,,7,2026-03-31T17:25:13Z,epr9s9zih7yd5dygat10o64us,Prim B Metro,66nxwll8fur0rtp9q7wqaki1l,Argentina,South America,2026,data\south_america\argentina\prim_b_metro\66nxwll8fur0rtp9q7wqaki1l\2026\fixture.json,,,
1c5ym9izw83s6ejgef55cdzpw,2026-06-13,2026-06-13Z,,Sportivo Italiano,Excursionistas,,,Estadio República de Italia,,7,2026-04-06T01:57:17Z,epr9s9zih7yd5dygat10o64us,Prim B Metro,66nxwll8fur0rtp9q7wqaki1l,Argentina,South America,2026,data\south_america\argentina\prim_b_metro\66nxwll8fur0rtp9q7wqaki1l\2026\fixture.json,,,
1bojqlnn5sstw58x0mg5kiyac,2026-06-13,2026-06-13Z,,Deportivo Camioneros,Arsenal,,,Estadio Hugo Moyano,,7,2026-03-31T17:25:12Z,epr9s9zih7yd5dygat10o64us,Prim B Metro,66nxwll8fur0rtp9q7wqaki1l,Argentina,South America,2026,data\south_america\argentina\prim_b_metro\66nxwll8fur0rtp9q7wqaki1l\2026\fixture.json,,,
1b77b97as54y9o74w8rrjqgpg,2026-06-13,2026-06-13Z,,Deportivo Merlo,Argentino Merlo,,,Estadio José Manuel Moreno,,7,2026-04-07T02:07:10Z,epr9s9zih7yd5dygat10o64us,Prim B Metro,66nxwll8fur0rtp9q7wqaki1l,Argentina,South America,2026,data\south_america\argentina\prim_b_metro\66nxwll8fur0rtp9q7wqaki1l\2026\fixture.json,,,
1aq0f5l4gzacteolnr7uj90k4,2026-06-13,2026-06-13Z,,Dock Sud,Talleres Remedios,,,Estadio de los Inmigrantes,,7,2026-04-06T23:43:43Z,epr9s9zih7yd5dygat10o64us,Prim B Metro,66nxwll8fur0rtp9q7wqaki1l,Argentina,South America,2026,data\south_america\argentina\prim_b_metro\66nxwll8fur0rtp9q7wqaki1l\2026\fixture.json,,,
1a8suaat2zem6lgx27wicqm1g,2026-06-13,2026-06-13Z,,Comunicaciones,Deportivo Laferrere,,,Estadio Alfredo Ramos,,7,2026-04-06T01:54:34Z,epr9s9zih7yd5dygat10o64us,Prim B Metro,66nxwll8fur0rtp9q7wqaki1l,Argentina,South America,2026,data\south_america\argentina\prim_b_metro\66nxwll8fur0rtp9q7wqaki1l\2026\fixture.json,,,
19rf1fcwni3a9j6mv2yn442l0,2026-06-13,2026-06-13Z,,Defensores Unidos,Brown de Adrogué,,,Estadio Gigante de Villa Fox,,7,2026-04-05T22:33:49Z,epr9s9zih7yd5dygat10o64us,Prim B Metro,66nxwll8fur0rtp9q7wqaki1l,Argentina,South America,2026,data\south_america\argentina\prim_b_metro\66nxwll8fur0rtp9q7wqaki1l\2026\fixture.json,,,
1989kdy4bfsa3l6n2071x2q6s,2026-06-13,2026-06-13Z,,Argentino Quilmes,Deportivo Armenio,,,Estadio de Argentino de Quilmes,,7,2026-04-06T13:01:02Z,epr9s9zih7yd5dygat10o64us,Prim B Metro,66nxwll8fur0rtp9q7wqaki1l,Argentina,South America,2026,data\south_america\argentina\prim_b_metro\66nxwll8fur0rtp9q7wqaki1l\2026\fixture.json,,,
18qxbsqgdjkgaw0nponiahkwk,2026-06-13,2026-06-13Z,,Flandria,Ituzaingó,,,Estadio Carlos V,,7,2026-04-11T23:46:12Z,epr9s9zih7yd5dygat10o64us,Prim B Metro,66nxwll8fur0rtp9q7wqaki1l,Argentina,South America,2026,data\south_america\argentina\prim_b_metro\66nxwll8fur0rtp9q7wqaki1l\2026\fixture.json,,,
189eyqlw9442juor1u41i740k,2026-06-06,2026-06-06Z,,Flandria,Argentino Quilmes,,,Estadio Carlos V,,7,2026-04-11T23:46:12Z,epr9s9zih7yd5dygat10o64us,Prim B Metro,66nxwll8fur0rtp9q7wqaki1l,Argentina,South America,2026,data\south_america\argentina\prim_b_metro\66nxwll8fur0rtp9q7wqaki1l\2026\fixture.json,,,
17rur9oeghsef5ve78wn8i9sk,2026-06-06,2026-06-06Z,,Deportivo Armenio,Defensores Unidos,,,Estadio Armenia,,7,2026-04-06T13:01:02Z,epr9s9zih7yd5dygat10o64us,Prim B Metro,66nxwll8fur0rtp9q7wqaki1l,Argentina,South America,2026,data\south_america\argentina\prim_b_metro\66nxwll8fur0rtp9q7wqaki1l\2026\fixture.json,,,
17ania733oyu5puul5z71ecyc,2026-06-06,2026-06-06Z,,Brown de Adrogué,Comunicaciones,,,Estadio Lorenzo Arandilla,,7,2026-03-31T17:25:10Z,epr9s9zih7yd5dygat10o64us,Prim B Metro,66nxwll8fur0rtp9q7wqaki1l,Argentina,South America,2026,data\south_america\argentina\prim_b_metro\66nxwll8fur0rtp9q7wqaki1l\2026\fixture.json,,,
16tgjj7dcvkefkumwdct6iuqc,2026-06-06,2026-06-06Z,,Deportivo Laferrere,Dock Sud,,,Estadio Deportivo Laferrere,,7,2026-04-06T23:43:43Z,epr9s9zih7yd5dygat10o64us,Prim B Metro,66nxwll8fur0rtp9q7wqaki1l,Argentina,South America,2026,data\south_america\argentina\prim_b_metro\66nxwll8fur0rtp9q7wqaki1l\2026\fixture.json,,,
16cc0sqx3t1vzaja7efmtxpuc,2026-06-06,2026-06-06Z,,Talleres Remedios,Deportivo Merlo,,,Estadio Pablo Comelli,,7,2026-04-07T02:07:10Z,epr9s9zih7yd5dygat10o64us,Prim B Metro,66nxwll8fur0rtp9q7wqaki1l,Argentina,South America,2026,data\south_america\argentina\prim_b_metro\66nxwll8fur0rtp9q7wqaki1l\2026\fixture.json,,,
15uvnu9cabd9azbtc0zjnfdp0,2026-06-06,2026-06-06Z,,Argentino Merlo,Deportivo Camioneros,,,Estadio Juan Carlos Brieva,,7,2026-03-31T17:25:10Z,epr9s9zih7yd5dygat10o64us,Prim B Metro,66nxwll8fur0rtp9q7wqaki1l,Argentina,South America,2026,data\south_america\argentina\prim_b_metro\66nxwll8fur0rtp9q7wqaki1l\2026\fixture.json,,,
15dmihk9g4ohx9jo1lxlswv84,2026-06-06,2026-06-06Z,,Arsenal,Sportivo Italiano,,,Estadio Julio Humberto Grondona,,7,2026-03-31T17:25:10Z,epr9s9zih7yd5dygat10o64us,Prim B Metro,66nxwll8fur0rtp9q7wqaki1l,Argentina,South America,2026,data\south_america\argentina\prim_b_metro\66nxwll8fur0rtp9q7wqaki1l\2026\fixture.json,,,
14w7t6mxv2f3stxukx0lplk44,2026-06-06,2026-06-06Z,,Excursionistas,San Martín Burzaco,,,Estadio de Excursionistas,,7,2026-04-06T01:57:17Z,epr9s9zih7yd5dygat10o64us,Prim B Metro,66nxwll8fur0rtp9q7wqaki1l,Argentina,South America,2026,data\south_america\argentina\prim_b_metro\66nxwll8fur0rtp9q7wqaki1l\2026\fixture.json,,,
14cz68ozer82e5fzs4hx1xmok,2026-06-06,2026-06-06Z,,Villa Dálmine,Villa San Carlos,,,Estadio El Coliseo de Mitre y Puccini,,7,2026-03-31T17:25:11Z,epr9s9zih7yd5dygat10o64us,Prim B Metro,66nxwll8fur0rtp9q7wqaki1l,Argentina,South America,2026,data\south_america\argentina\prim_b_metro\66nxwll8fur0rtp9q7wqaki1l\2026\fixture.json,,,
13vijdvn02hpo80s82g7gauqc,2026-06-06,2026-06-06Z,,UAI Urquiza,Liniers,,,Estadio Monumental de Villa Lynch,,7,2026-04-06T02:12:44Z,epr9s9zih7yd5dygat10o64us,Prim B Metro,66nxwll8fur0rtp9q7wqaki1l,Argentina,South America,2026,data\south_america\argentina\prim_b_metro\66nxwll8fur0rtp9q7wqaki1l\2026\fixture.json,,,
13e1tkt0apgdahjzy40mrhu6s,2026-06-06,2026-06-06Z,,Ituzaingó,Real Pilar,,,Estadio de Ituzaingó,,7,2026-03-31T17:25:11Z,epr9s9zih7yd5dygat10o64us,Prim B Metro,66nxwll8fur0rtp9q7wqaki1l,Argentina,South America,2026,data\south_america\argentina\prim_b_metro\66nxwll8fur0rtp9q7wqaki1l\2026\fixture.json,,,
zyl4tpjt28iwezov3w46oufo,2026-05-30,2026-05-30Z,,Deportivo Merlo,Deportivo Laferrere,,,Estadio José Manuel Moreno,,7,2026-04-07T02:07:10Z,epr9s9zih7yd5dygat10o64us,Prim B Metro,66nxwll8fur0rtp9q7wqaki1l,Argentina,South America,2026,data\south_america\argentina\prim_b_metro\66nxwll8fur0rtp9q7wqaki1l\2026\fixture.json,,,
zf8ycp4cpsvrjyufm45yybro,2026-05-30,2026-05-30Z,,Dock Sud,Brown de Adrogué,,,Estadio de los Inmigrantes,,7,2026-04-06T23:43:43Z,epr9s9zih7yd5dygat10o64us,Prim B Metro,66nxwll8fur0rtp9q7wqaki1l,Argentina,South America,2026,data\south_america\argentina\prim_b_metro\66nxwll8fur0rtp9q7wqaki1l\2026\fixture.json,,,
yxy5zwq7u0uqu0fkdonr8v10,2026-05-30,2026-05-30Z,,Comunicaciones,Deportivo Armenio,,,Estadio Alfredo Ramos,,7,2026-04-06T13:01:02Z,epr9s9zih7yd5dygat10o64us,Prim B Metro,66nxwll8fur0rtp9q7wqaki1l,Argentina,South America,2026,data\south_america\argentina\prim_b_metro\66nxwll8fur0rtp9q7wqaki1l\2026\fixture.json,,,
yglu3f7umpsq4uhm7sg05nh0,2026-05-30,2026-05-30Z,,Defensores Unidos,Flandria,,,Estadio Gigante de Villa Fox,,7,2026-04-11T23:46:12Z,epr9s9zih7yd5dygat10o64us,Prim B Metro,66nxwll8fur0rtp9q7wqaki1l,Argentina,South America,2026,data\south_america\argentina\prim_b_metro\66nxwll8fur0rtp9q7wqaki1l\2026\fixture.json,,,
xz7ypsrkn47wyyej57m2c9p0,2026-05-30,2026-05-30Z,,Argentino Quilmes,Ituzaingó,,,Estadio de Argentino de Quilmes,,7,2026-04-06T02:09:49Z,epr9s9zih7yd5dygat10o64us,Prim B Metro,66nxwll8fur0rtp9q7wqaki1l,Argentina,South America,2026,data\south_america\argentina\prim_b_metro\66nxwll8fur0rtp9q7wqaki1l\2026\fixture.json,,,
12w8990zikc46dpqvctaum1as,2026-05-30,2026-05-30Z,,Real Pilar,UAI Urquiza,,,Estadio Municipal de Pilar,,7,2026-03-31T17:25:09Z,epr9s9zih7yd5dygat10o64us,Prim B Metro,66nxwll8fur0rtp9q7wqaki1l,Argentina,South America,2026,data\south_america\argentina\prim_b_metro\66nxwll8fur0rtp9q7wqaki1l\2026\fixture.json,,,
12ewfjl248b4jv42j2k8j1c0k,2026-05-30,2026-05-30Z,,Liniers,Villa Dálmine,,,Estadio Juan Antonio Arias,,7,2026-04-06T02:12:44Z,epr9s9zih7yd5dygat10o64us,Prim B Metro,66nxwll8fur0rtp9q7wqaki1l,Argentina,South America,2026,data\south_america\argentina\prim_b_metro\66nxwll8fur0rtp9q7wqaki1l\2026\fixture.json,,,
11wp4mcgrbjuku2nfqn5urris,2026-05-30,2026-05-30Z,,Villa San Carlos,Excursionistas,,,Estadio Genancio Sálice,,7,2026-04-06T01:57:17Z,epr9s9zih7yd5dygat10o64us,Prim B Metro,66nxwll8fur0rtp9q7wqaki1l,Argentina,South America,2026,data\south_america\argentina\prim_b_metro\66nxwll8fur0rtp9q7wqaki1l\2026\fixture.json,,,
11ffaold63ix1zc9t5udhx6vo,2026-05-30,2026-05-30Z,,San Martín Burzaco,Arsenal,,,Estadio Francisco Boga,,7,2026-03-31T17:25:09Z,epr9s9zih7yd5dygat10o64us,Prim B Metro,66nxwll8fur0rtp9q7wqaki1l,Argentina,South America,2026,data\south_america\argentina\prim_b_metro\66nxwll8fur0rtp9q7wqaki1l\2026\fixture.json,,,
10xxq61xms872buhrchlseyhg,2026-05-30,2026-05-30Z,,Sportivo Italiano,Argentino Merlo,,,Estadio República de Italia,,7,2026-03-31T17:25:10Z,epr9s9zih7yd5dygat10o64us,Prim B Metro,66nxwll8fur0rtp9q7wqaki1l,Argentina,South America,2026,data\south_america\argentina\prim_b_metro\66nxwll8fur0rtp9q7wqaki1l\2026\fixture.json,,,
10gl00u9ltuur2gqbcbqw7g9g,2026-05-30,2026-05-30Z,,Deportivo Camioneros,Talleres Remedios,,,Estadio Hugo Moyano,,7,2026-03-31T17:25:09Z,epr9s9zih7yd5dygat10o64us,Prim B Metro,66nxwll8fur0rtp9q7wqaki1l,Argentina,South America,2026,data\south_america\argentina\prim_b_metro\66nxwll8fur0rtp9q7wqaki1l\2026\fixture.json,,,
e62xi6hcp7a34m0ztst75eihg,2026-05-26,2026-05-26Z,,Sportivo Italiano,San Martín Burzaco,,,Estadio República de Italia,,7,2026-03-31T17:12:04Z,epr9s9zih7yd5dygat10o64us,Prim B Metro,66nxwll8fur0rtp9q7wqaki1l,Argentina,South America,2026,data\south_america\argentina\prim_b_metro\66nxwll8fur0rtp9q7wqaki1l\2026\fixture.json,,,
e5lfybu85jir331hxiqmq0aac,2026-05-26,2026-05-26Z,,Deportivo Camioneros,Villa San Carlos,,,Estadio Hugo Moyano,,7,2026-03-31T17:12:04Z,epr9s9zih7yd5dygat10o64us,Prim B Metro,66nxwll8fur0rtp9q7wqaki1l,Argentina,South America,2026,data\south_america\argentina\prim_b_metro\66nxwll8fur0rtp9q7wqaki1l\2026\fixture.json,,,
e5487gmfqtdoun3hatm3w9z4k,2026-05-26,2026-05-26Z,,Deportivo Merlo,Liniers,,,Estadio José Manuel Moreno,,7,2026-04-07T02:07:10Z,epr9s9zih7yd5dygat10o64us,Prim B Metro,66nxwll8fur0rtp9q7wqaki1l,Argentina,South America,2026,data\south_america\argentina\prim_b_metro\66nxwll8fur0rtp9q7wqaki1l\2026\fixture.json,,,
e4n1tik2psl766d2jd8ycxa8k,2026-05-26,2026-05-26Z,,Dock Sud,Real Pilar,,,Estadio de los Inmigrantes,,7,2026-04-06T23:43:43Z,epr9s9zih7yd5dygat10o64us,Prim B Metro,66nxwll8fur0rtp9q7wqaki1l,Argentina,South America,2026,data\south_america\argentina\prim_b_metro\66nxwll8fur0rtp9q7wqaki1l\2026\fixture.json,,,
e43nzxedyhltkewfg6uygyhp0,2026-05-26,2026-05-26Z,,Comunicaciones,UAI Urquiza,,,Estadio Alfredo Ramos,,7,2026-03-31T17:12:04Z,epr9s9zih7yd5dygat10o64us,Prim B Metro,66nxwll8fur0rtp9q7wqaki1l,Argentina,South America,2026,data\south_america\argentina\prim_b_metro\66nxwll8fur0rtp9q7wqaki1l\2026\fixture.json,,,
e3ho7xyyjhty1qsfxyrujr9xw,2026-05-26,2026-05-26Z,,Defensores Unidos,Villa Dálmine,,,Estadio Gigante de Villa Fox,,7,2026-04-05T22:33:49Z,epr9s9zih7yd5dygat10o64us,Prim B Metro,66nxwll8fur0rtp9q7wqaki1l,Argentina,South America,2026,data\south_america\argentina\prim_b_metro\66nxwll8fur0rtp9q7wqaki1l\2026\fixture.json,,,
e2wjhl6dv4u64w9gwdbofqq6s,2026-05-26,2026-05-26Z,,Argentino Quilmes,Excursionistas,,,Estadio de Argentino de Quilmes,,7,2026-04-06T02:09:49Z,epr9s9zih7yd5dygat10o64us,Prim B Metro,66nxwll8fur0rtp9q7wqaki1l,Argentina,South America,2026,data\south_america\argentina\prim_b_metro\66nxwll8fur0rtp9q7wqaki1l\2026\fixture.json,,,
e2feneho11a82y6r1wrihqhw4,2026-05-26,2026-05-26Z,,Flandria,Arsenal,,,Estadio Carlos V,,7,2026-04-11T23:46:12Z,epr9s9zih7yd5dygat10o64us,Prim B Metro,66nxwll8fur0rtp9q7wqaki1l,Argentina,South America,2026,data\south_america\argentina\prim_b_metro\66nxwll8fur0rtp9q7wqaki1l\2026\fixture.json,,,
e1y771ktgiaw6m3pswxquqyac,2026-05-26,2026-05-26Z,,Deportivo Armenio,Argentino Merlo,,,Estadio Armenia,,7,2026-04-06T13:01:01Z,epr9s9zih7yd5dygat10o64us,Prim B Metro,66nxwll8fur0rtp9q7wqaki1l,Argentina,South America,2026,data\south_america\argentina\prim_b_metro\66nxwll8fur0rtp9q7wqaki1l\2026\fixture.json,,,
e1gqkhn7wuboum8eig7fhwcus,2026-05-26,2026-05-26Z,,Brown de Adrogué,Talleres Remedios,,,Estadio Lorenzo Arandilla,,7,2026-03-31T17:12:07Z,epr9s9zih7yd5dygat10o64us,Prim B Metro,66nxwll8fur0rtp9q7wqaki1l,Argentina,South America,2026,data\south_america\argentina\prim_b_metro\66nxwll8fur0rtp9q7wqaki1l\2026\fixture.json,,,
e0z64w6o0f98diqjfvuebeexg,2026-05-26,2026-05-26Z,,Ituzaingó,Deportivo Laferrere,,,Estadio de Ituzaingó,,7,2026-04-06T01:54:34Z,epr9s9zih7yd5dygat10o64us,Prim B Metro,66nxwll8fur0rtp9q7wqaki1l,Argentina,South America,2026,data\south_america\argentina\prim_b_metro\66nxwll8fur0rtp9q7wqaki1l\2026\fixture.json,,,
xhgnzh5v9t8qmpswra36ngno,2026-05-23,2026-05-23Z,,Argentino Quilmes,Defensores Unidos,,,Estadio de Argentino de Quilmes,,7,2026-04-06T02:09:49Z,epr9s9zih7yd5dygat10o64us,Prim B Metro,66nxwll8fur0rtp9q7wqaki1l,Argentina,South America,2026,data\south_america\argentina\prim_b_metro\66nxwll8fur0rtp9q7wqaki1l\2026\fixture.json,,,
x008zl7v4os2xnwa3gnxde6s,2026-05-23,2026-05-23Z,,Flandria,Comunicaciones,,,Estadio Carlos V,,7,2026-04-11T23:46:12Z,epr9s9zih7yd5dygat10o64us,Prim B Metro,66nxwll8fur0rtp9q7wqaki1l,Argentina,South America,2026,data\south_america\argentina\prim_b_metro\66nxwll8fur0rtp9q7wqaki1l\2026\fixture.json,,,
whbgsxas50gkyfsdz9wnyeqc,2026-05-23,2026-05-23Z,,Deportivo Armenio,Dock Sud,,,Estadio Armenia,,7,2026-04-06T23:43:43Z,epr9s9zih7yd5dygat10o64us,Prim B Metro,66nxwll8fur0rtp9q7wqaki1l,Argentina,South America,2026,data\south_america\argentina\prim_b_metro\66nxwll8fur0rtp9q7wqaki1l\2026\fixture.json,,,
vzix3zdj56egvvh680v2c5qs,2026-05-23,2026-05-23Z,,Brown de Adrogué,Deportivo Merlo,,,Estadio Lorenzo Arandilla,,7,2026-04-07T02:07:10Z,epr9s9zih7yd5dygat10o64us,Prim B Metro,66nxwll8fur0rtp9q7wqaki1l,Argentina,South America,2026,data\south_america\argentina\prim_b_metro\66nxwll8fur0rtp9q7wqaki1l\2026\fixture.json,,,
vhr3u8ob5m8w1qkjioejywwk,2026-05-23,2026-05-23Z,,Deportivo Laferrere,Deportivo Camioneros,,,Estadio Deportivo Laferrere,,7,2026-04-06T01:54:34Z,epr9s9zih7yd5dygat10o64us,Prim B Metro,66nxwll8fur0rtp9q7wqaki1l,Argentina,South America,2026,data\south_america\argentina\prim_b_metro\66nxwll8fur0rtp9q7wqaki1l\2026\fixture.json,,,
v05f6qwfqdd779ta7ye6o3kk,2026-05-23,2026-05-23Z,,Talleres Remedios,Sportivo Italiano,,,Estadio Pablo Comelli,,7,2026-03-31T17:25:07Z,epr9s9zih7yd5dygat10o64us,Prim B Metro,66nxwll8fur0rtp9q7wqaki1l,Argentina,South America,2026,data\south_america\argentina\prim_b_metro\66nxwll8fur0rtp9q7wqaki1l\2026\fixture.json,,,
uh0einuuhm42lft5sswec8wk,2026-05-23,2026-05-23Z,,Argentino Merlo,San Martín Burzaco,,,Estadio Juan Carlos Brieva,,7,2026-03-31T17:25:06Z,epr9s9zih7yd5dygat10o64us,Prim B Metro,66nxwll8fur0rtp9q7wqaki1l,Argentina,South America,2026,data\south_america\argentina\prim_b_metro\66nxwll8fur0rtp9q7wqaki1l\2026\fixture.json,,,
tzsxaduunzl47xs31ezpby1g,2026-05-23,2026-05-23Z,,Arsenal,Villa San Carlos,,,Estadio Julio Humberto Grondona,,7,2026-03-31T17:25:06Z,epr9s9zih7yd5dygat10o64us,Prim B Metro,66nxwll8fur0rtp9q7wqaki1l,Argentina,South America,2026,data\south_america\argentina\prim_b_metro\66nxwll8fur0rtp9q7wqaki1l\2026\fixture.json,,,
tibvfyif47mwu86lwwnrpd78,2026-05-23,2026-05-23Z,,Excursionistas,Liniers,,,Estadio de Excursionistas,,7,2026-04-06T02:12:44Z,epr9s9zih7yd5dygat10o64us,Prim B Metro,66nxwll8fur0rtp9q7wqaki1l,Argentina,South America,2026,data\south_america\argentina\prim_b_metro\66nxwll8fur0rtp9q7wqaki1l\2026\fixture.json,,,
t0vdlv84k8nf8e8c7xuqadqs,2026-05-23,2026-05-23Z,,Villa Dálmine,Real Pilar,,,Estadio El Coliseo de Mitre y Puccini,,7,2026-03-31T17:25:07Z,epr9s9zih7yd5dygat10o64us,Prim B Metro,66nxwll8fur0rtp9q7wqaki1l,Argentina,South America,2026,data\south_america\argentina\prim_b_metro\66nxwll8fur0rtp9q7wqaki1l\2026\fixture.json,,,
sjcdu3xou030wtyk47bowkyc,2026-05-23,2026-05-23Z,,Ituzaingó,UAI Urquiza,,,Estadio de Ituzaingó,,7,2026-03-31T17:25:07Z,epr9s9zih7yd5dygat10o64us,Prim B Metro,66nxwll8fur0rtp9q7wqaki1l,Argentina,South America,2026,data\south_america\argentina\prim_b_metro\66nxwll8fur0rtp9q7wqaki1l\2026\fixture.json,,,
s13ecg5zgyetkzr3hqmx1h5g,2026-05-16,2026-05-16Z,,UAI Urquiza,Villa Dálmine,,,Estadio Monumental de Villa Lynch,,7,2026-03-31T17:25:05Z,epr9s9zih7yd5dygat10o64us,Prim B Metro,66nxwll8fur0rtp9q7wqaki1l,Argentina,South America,2026,data\south_america\argentina\prim_b_metro\66nxwll8fur0rtp9q7wqaki1l\2026\fixture.json,,,
rjn3dftlza8h0roiw2tat6vo,2026-05-16,2026-05-16Z,,Real Pilar,Excursionistas,,,Estadio Municipal de Pilar,,7,2026-04-06T01:57:17Z,epr9s9zih7yd5dygat10o64us,Prim B Metro,66nxwll8fur0rtp9q7wqaki1l,Argentina,South America,2026,data\south_america\argentina\prim_b_metro\66nxwll8fur0rtp9q7wqaki1l\2026\fixture.json,,,
r2fb4alyc1b62elyrqh4b85w,2026-05-16,2026-05-16Z,,Liniers,Arsenal,,,Estadio Juan Antonio Arias,,7,2026-04-06T02:12:44Z,epr9s9zih7yd5dygat10o64us,Prim B Metro,66nxwll8fur0rtp9q7wqaki1l,Argentina,South America,2026,data\south_america\argentina\prim_b_metro\66nxwll8fur0rtp9q7wqaki1l\2026\fixture.json,,,
ql1ikvhyra96takiqb0ymrdg,2026-05-16,2026-05-16Z,,Villa San Carlos,Argentino Merlo,,,Estadio Genancio Sálice,,7,2026-03-31T17:25:06Z,epr9s9zih7yd5dygat10o64us,Prim B Metro,66nxwll8fur0rtp9q7wqaki1l,Argentina,South America,2026,data\south_america\argentina\prim_b_metro\66nxwll8fur0rtp9q7wqaki1l\2026\fixture.json,,,
q3o792vihplpt29rxq3vepzo,2026-05-16,2026-05-16Z,,San Martín Burzaco,Talleres Remedios,,,Estadio Francisco Boga,,7,2026-03-31T17:25:05Z,epr9s9zih7yd5dygat10o64us,Prim B Metro,66nxwll8fur0rtp9q7wqaki1l,Argentina,South America,2026,data\south_america\argentina\prim_b_metro\66nxwll8fur0rtp9q7wqaki1l\2026\fixture.json,,,
pkeizz5hghkbppamxu929b10,2026-05-16,2026-05-16Z,,Sportivo Italiano,Deportivo Laferrere,,,Estadio República de Italia,,7,2026-04-06T01:54:34Z,epr9s9zih7yd5dygat10o64us,Prim B Metro,66nxwll8fur0rtp9q7wqaki1l,Argentina,South America,2026,data\south_america\argentina\prim_b_metro\66nxwll8fur0rtp9q7wqaki1l\2026\fixture.json,,,
p11e0q7l196xlcoj9ggsufis,2026-05-16,2026-05-16Z,,Deportivo Camioneros,Brown de Adrogué,,,Estadio Hugo Moyano,,7,2026-03-31T17:48:16Z,epr9s9zih7yd5dygat10o64us,Prim B Metro,66nxwll8fur0rtp9q7wqaki1l,Argentina,South America,2026,data\south_america\argentina\prim_b_metro\66nxwll8fur0rtp9q7wqaki1l\2026\fixture.json,,,
oind3ekjkh8bjfb9caaan40k,2026-05-16,2026-05-16Z,,Deportivo Merlo,Deportivo Armenio,,,Estadio José Manuel Moreno,,7,2026-04-07T02:07:10Z,epr9s9zih7yd5dygat10o64us,Prim B Metro,66nxwll8fur0rtp9q7wqaki1l,Argentina,South America,2026,data\south_america\argentina\prim_b_metro\66nxwll8fur0rtp9q7wqaki1l\2026\fixture.json,,,
o1bbf6z9dzlbiq92mmslqcd0,2026-05-16,2026-05-16Z,,Dock Sud,Flandria,,,Estadio de los Inmigrantes,,7,2026-04-11T23:46:12Z,epr9s9zih7yd5dygat10o64us,Prim B Metro,66nxwll8fur0rtp9q7wqaki1l,Argentina,South America,2026,data\south_america\argentina\prim_b_metro\66nxwll8fur0rtp9q7wqaki1l\2026\fixture.json,,,
njn8368ehj9rp4naeubkf4t0,2026-05-16,2026-05-16Z,,Comunicaciones,Argentino Quilmes,,,Estadio Alfredo Ramos,,7,2026-04-06T02:09:49Z,epr9s9zih7yd5dygat10o64us,Prim B Metro,66nxwll8fur0rtp9q7wqaki1l,Argentina,South America,2026,data\south_america\argentina\prim_b_metro\66nxwll8fur0rtp9q7wqaki1l\2026\fixture.json,,,
n26p09vi2xfmluezc7vvjmz8,2026-05-16,2026-05-16Z,,Defensores Unidos,Ituzaingó,,,Estadio Gigante de Villa Fox,,7,2026-04-05T22:33:49Z,epr9s9zih7yd5dygat10o64us,Prim B Metro,66nxwll8fur0rtp9q7wqaki1l,Argentina,South America,2026,data\south_america\argentina\prim_b_metro\66nxwll8fur0rtp9q7wqaki1l\2026\fixture.json,,,
mkrfai5ynuvltmfafc5wb5sk,2026-05-09,2026-05-09Z,,Defensores Unidos,Comunicaciones,,,Estadio Gigante de Villa Fox,,7,2026-04-05T22:33:49Z,epr9s9zih7yd5dygat10o64us,Prim B Metro,66nxwll8fur0rtp9q7wqaki1l,Argentina,South America,2026,data\south_america\argentina\prim_b_metro\66nxwll8fur0rtp9q7wqaki1l\2026\fixture.json,,,
m2u58ops1cb38p178x4kc1ec,2026-05-09,2026-05-09Z,,Argentino Quilmes,Dock Sud,,,Estadio de Argentino de Quilmes,,7,2026-04-06T23:43:43Z,epr9s9zih7yd5dygat10o64us,Prim B Metro,66nxwll8fur0rtp9q7wqaki1l,Argentina,South America,2026,data\south_america\argentina\prim_b_metro\66nxwll8fur0rtp9q7wqaki1l\2026\fixture.json,,,
ljvgzfi5bvf7yyjlfwm6tpuc,2026-05-09,2026-05-09Z,,Flandria,Deportivo Merlo,,,Estadio Carlos V,,7,2026-04-11T23:46:12Z,epr9s9zih7yd5dygat10o64us,Prim B Metro,66nxwll8fur0rtp9q7wqaki1l,Argentina,South America,2026,data\south_america\argentina\prim_b_metro\66nxwll8fur0rtp9q7wqaki1l\2026\fixture.json,,,
kwuq8tge3846wgv4sr9ccbo4,2026-05-09,2026-05-09Z,,Deportivo Armenio,Deportivo Camioneros,,,Estadio Armenia,,7,2026-04-06T13:01:02Z,epr9s9zih7yd5dygat10o64us,Prim B Metro,66nxwll8fur0rtp9q7wqaki1l,Argentina,South America,2026,data\south_america\argentina\prim_b_metro\66nxwll8fur0rtp9q7wqaki1l\2026\fixture.json,,,
kdkjpom0qa35uzc48bh6wwes,2026-05-09,2026-05-09Z,,Brown de Adrogué,Sportivo Italiano,,,Estadio Lorenzo Arandilla,,7,2026-03-31T17:43:25Z,epr9s9zih7yd5dygat10o64us,Prim B Metro,66nxwll8fur0rtp9q7wqaki1l,Argentina,South America,2026,data\south_america\argentina\prim_b_metro\66nxwll8fur0rtp9q7wqaki1l\2026\fixture.json,,,
jw5ys0em2g3cvje41buxtb10,2026-05-09,2026-05-09Z,,Deportivo Laferrere,San Martín Burzaco,,,Estadio Deportivo Laferrere,,7,2026-04-06T01:54:34Z,epr9s9zih7yd5dygat10o64us,Prim B Metro,66nxwll8fur0rtp9q7wqaki1l,Argentina,South America,2026,data\south_america\argentina\prim_b_metro\66nxwll8fur0rtp9q7wqaki1l\2026\fixture.json,,,
j9a4v26f4dm7etlcyamj7vh0,2026-05-09,2026-05-09Z,,Talleres Remedios,Villa San Carlos,,,Estadio Pablo Comelli,,7,2026-03-31T17:43:26Z,epr9s9zih7yd5dygat10o64us,Prim B Metro,66nxwll8fur0rtp9q7wqaki1l,Argentina,South America,2026,data\south_america\argentina\prim_b_metro\66nxwll8fur0rtp9q7wqaki1l\2026\fixture.json,,,
in9ofwrf4cah99lkg3731pg4,2026-05-09,2026-05-09Z,,Argentino Merlo,Liniers,,,Estadio Juan Carlos Brieva,,7,2026-04-06T02:12:44Z,epr9s9zih7yd5dygat10o64us,Prim B Metro,66nxwll8fur0rtp9q7wqaki1l,Argentina,South America,2026,data\south_america\argentina\prim_b_metro\66nxwll8fur0rtp9q7wqaki1l\2026\fixture.json,,,
hueuo64er0l8st2d39exavbo,2026-05-09,2026-05-09Z,,Arsenal,Real Pilar,,,Estadio Julio Humberto Grondona,,7,2026-03-31T17:25:03Z,epr9s9zih7yd5dygat10o64us,Prim B Metro,66nxwll8fur0rtp9q7wqaki1l,Argentina,South America,2026,data\south_america\argentina\prim_b_metro\66nxwll8fur0rtp9q7wqaki1l\2026\fixture.json,,,
hd1fybsooihtnjywlhe2v8d0,2026-05-09,2026-05-09Z,,Excursionistas,UAI Urquiza,,,Estadio de Excursionistas,,7,2026-04-06T01:57:17Z,epr9s9zih7yd5dygat10o64us,Prim B Metro,66nxwll8fur0rtp9q7wqaki1l,Argentina,South America,2026,data\south_america\argentina\prim_b_metro\66nxwll8fur0rtp9q7wqaki1l\2026\fixture.json,,,
gvnlymrnm0s302xqy4dhti50,2026-05-09,2026-05-09Z,,Ituzaingó,Villa Dálmine,,,Estadio de Ituzaingó,,7,2026-03-31T17:43:25Z,epr9s9zih7yd5dygat10o64us,Prim B Metro,66nxwll8fur0rtp9q7wqaki1l,Argentina,South America,2026,data\south_america\argentina\prim_b_metro\66nxwll8fur0rtp9q7wqaki1l\2026\fixture.json,,,
ge3erqam61f9qnoilz0cozkk,2026-05-02,2026-05-02Z,,Villa Dálmine,Excursionistas,,,Estadio El Coliseo de Mitre y Puccini,,7,2026-04-06T01:57:17Z,epr9s9zih7yd5dygat10o64us,Prim B Metro,66nxwll8fur0rtp9q7wqaki1l,Argentina,South America,2026,data\south_america\argentina\prim_b_metro\66nxwll8fur0rtp9q7wqaki1l\2026\fixture.json,,,
fwlv5723170w078s2dejdel0,2026-05-02,2026-05-02Z,,UAI Urquiza,Arsenal,,,Estadio Monumental de Villa Lynch,,7,2026-03-31T17:25:02Z,epr9s9zih7yd5dygat10o64us,Prim B Metro,66nxwll8fur0rtp9q7wqaki1l,Argentina,South America,2026,data\south_america\argentina\prim_b_metro\66nxwll8fur0rtp9q7wqaki1l\2026\fixture.json,,,
ff6saxnilmp1io13wxcjfk0k,2026-05-02,2026-05-02Z,,Real Pilar,Argentino Merlo,,,Estadio Municipal de Pilar,,7,2026-03-31T17:25:02Z,epr9s9zih7yd5dygat10o64us,Prim B Metro,66nxwll8fur0rtp9q7wqaki1l,Argentina,South America,2026,data\south_america\argentina\prim_b_metro\66nxwll8fur0rtp9q7wqaki1l\2026\fixture.json,,,
ew2zt3bf5791db10sg0brw2c,2026-05-02,2026-05-02Z,,Liniers,Talleres Remedios,,,Estadio Juan Antonio Arias,,7,2026-04-06T02:12:44Z,epr9s9zih7yd5dygat10o64us,Prim B Metro,66nxwll8fur0rtp9q7wqaki1l,Argentina,South America,2026,data\south_america\argentina\prim_b_metro\66nxwll8fur0rtp9q7wqaki1l\2026\fixture.json,,,
eeuvv6l40sjfpkmtrv1do9as,2026-05-02,2026-05-02Z,,Villa San Carlos,Deportivo Laferrere,,,Estadio Genancio Sálice,,7,2026-04-06T01:54:34Z,epr9s9zih7yd5dygat10o64us,Prim B Metro,66nxwll8fur0rtp9q7wqaki1l,Argentina,South America,2026,data\south_america\argentina\prim_b_metro\66nxwll8fur0rtp9q7wqaki1l\2026\fixture.json,,,
dxm1o9e1rlhaz2uqx9dfwl5g,2026-05-02,2026-05-02Z,,San Martín Burzaco,Brown de Adrogué,,,Estadio Francisco Boga,,7,2026-03-31T17:25:02Z,epr9s9zih7yd5dygat10o64us,Prim B Metro,66nxwll8fur0rtp9q7wqaki1l,Argentina,South America,2026,data\south_america\argentina\prim_b_metro\66nxwll8fur0rtp9q7wqaki1l\2026\fixture.json,,,
dgjldq15b1paqa9vb4b0nhuc,2026-05-02,2026-05-02Z,,Sportivo Italiano,Deportivo Armenio,,,Estadio República de Italia,,7,2026-04-06T13:01:01Z,epr9s9zih7yd5dygat10o64us,Prim B Metro,66nxwll8fur0rtp9q7wqaki1l,Argentina,South America,2026,data\south_america\argentina\prim_b_metro\66nxwll8fur0rtp9q7wqaki1l\2026\fixture.json,,,
cvn7oxzfesh680xcild6nok4,2026-05-02,2026-05-02Z,,Deportivo Camioneros,Flandria,,,Estadio Hugo Moyano,,7,2026-04-11T23:46:12Z,epr9s9zih7yd5dygat10o64us,Prim B Metro,66nxwll8fur0rtp9q7wqaki1l,Argentina,South America,2026,data\south_america\argentina\prim_b_metro\66nxwll8fur0rtp9q7wqaki1l\2026\fixture.json,,,
ceafgu6j2rc970l0dls9ap04,2026-05-02,2026-05-02Z,,Deportivo Merlo,Argentino Quilmes,,,Estadio José Manuel Moreno,,7,2026-04-07T02:07:10Z,epr9s9zih7yd5dygat10o64us,Prim B Metro,66nxwll8fur0rtp9q7wqaki1l,Argentina,South America,2026,data\south_america\argentina\prim_b_metro\66nxwll8fur0rtp9q7wqaki1l\2026\fixture.json,,,
bwsqe7tylqje22kbc8prtvys,2026-05-02,2026-05-02Z,,Dock Sud,Defensores Unidos,,,Estadio de los Inmigrantes,,7,2026-04-06T23:43:43Z,epr9s9zih7yd5dygat10o64us,Prim B Metro,66nxwll8fur0rtp9q7wqaki1l,Argentina,South America,2026,data\south_america\argentina\prim_b_metro\66nxwll8fur0rtp9q7wqaki1l\2026\fixture.json,,,
bf6zxn9g0kgw8tvmboo7vy8k,2026-05-02,2026-05-02Z,,Comunicaciones,Ituzaingó,,,Estadio Alfredo Ramos,,7,2026-03-31T17:25:01Z,epr9s9zih7yd5dygat10o64us,Prim B Metro,66nxwll8fur0rtp9q7wqaki1l,Argentina,South America,2026,data\south_america\argentina\prim_b_metro\66nxwll8fur0rtp9q7wqaki1l\2026\fixture.json,,,
awwelppocmggmpeckl9tiwic,2026-04-25,2026-04-25Z,,Comunicaciones,Dock Sud,,,Estadio Alfredo Ramos,,7,2026-04-06T23:43:43Z,epr9s9zih7yd5dygat10o64us,Prim B Metro,66nxwll8fur0rtp9q7wqaki1l,Argentina,South America,2026,data\south_america\argentina\prim_b_metro\66nxwll8fur0rtp9q7wqaki1l\2026\fixture.json,,,
ae4hey6j7pud33o3oj9jrwus,2026-04-25,2026-04-25Z,,Defensores Unidos,Deportivo Merlo,,,Estadio Gigante de Villa Fox,,7,2026-04-07T02:07:10Z,epr9s9zih7yd5dygat10o64us,Prim B Metro,66nxwll8fur0rtp9q7wqaki1l,Argentina,South America,2026,data\south_america\argentina\prim_b_metro\66nxwll8fur0rtp9q7wqaki1l\2026\fixture.json,,,
9uh8s7kfpfbuv9gz65gyhbf8,2026-04-25,2026-04-25Z,,Argentino Quilmes,Deportivo Camioneros,,,Estadio de Argentino de Quilmes,,7,2026-04-06T02:09:49Z,epr9s9zih7yd5dygat10o64us,Prim B Metro,66nxwll8fur0rtp9q7wqaki1l,Argentina,South America,2026,data\south_america\argentina\prim_b_metro\66nxwll8fur0rtp9q7wqaki1l\2026\fixture.json,,,
9d43rnix42keoeausttbdams,2026-04-25,2026-04-25Z,,Flandria,Sportivo Italiano,,,Estadio Carlos V,,7,2026-04-11T23:46:12Z,epr9s9zih7yd5dygat10o64us,Prim B Metro,66nxwll8fur0rtp9q7wqaki1l,Argentina,South America,2026,data\south_america\argentina\prim_b_metro\66nxwll8fur0rtp9q7wqaki1l\2026\fixture.json,,,
8vwoq3x9yyldc8xl7frohtzo,2026-04-25,2026-04-25Z,,Deportivo Armenio,San Martín Burzaco,,,Estadio Armenia,,7,2026-04-06T13:01:01Z,epr9s9zih7yd5dygat10o64us,Prim B Metro,66nxwll8fur0rtp9q7wqaki1l,Argentina,South America,2026,data\south_america\argentina\prim_b_metro\66nxwll8fur0rtp9q7wqaki1l\2026\fixture.json,,,
8enits5zcsme0rhdyeg4yln8,2026-04-25,2026-04-25Z,,Brown de Adrogué,Villa San Carlos,,,Estadio Lorenzo Arandilla,,7,2026-03-31T17:25:00Z,epr9s9zih7yd5dygat10o64us,Prim B Metro,66nxwll8fur0rtp9q7wqaki1l,Argentina,South America,2026,data\south_america\argentina\prim_b_metro\66nxwll8fur0rtp9q7wqaki1l\2026\fixture.json,,,
7xacowcx3gw5hsgmqsbpjbis,2026-04-25,2026-04-25Z,,Deportivo Laferrere,Liniers,,,Estadio Deportivo Laferrere,,7,2026-04-06T02:12:44Z,epr9s9zih7yd5dygat10o64us,Prim B Metro,66nxwll8fur0rtp9q7wqaki1l,Argentina,South America,2026,data\south_america\argentina\prim_b_metro\66nxwll8fur0rtp9q7wqaki1l\2026\fixture.json,,,
7g2iyetl5gri0d5ju6ppe9sk,2026-04-25,2026-04-25Z,,Talleres Remedios,Real Pilar,,,Estadio Pablo Comelli,,7,2026-03-31T17:25:01Z,epr9s9zih7yd5dygat10o64us,Prim B Metro,66nxwll8fur0rtp9q7wqaki1l,Argentina,South America,2026,data\south_america\argentina\prim_b_metro\66nxwll8fur0rtp9q7wqaki1l\2026\fixture.json,,,
6ypj150i83vhnkmnuq1z5m38,2026-04-25,2026-04-25Z,,Argentino Merlo,UAI Urquiza,,,Estadio Juan Carlos Brieva,,7,2026-03-31T17:24:59Z,epr9s9zih7yd5dygat10o64us,Prim B Metro,66nxwll8fur0rtp9q7wqaki1l,Argentina,South America,2026,data\south_america\argentina\prim_b_metro\66nxwll8fur0rtp9q7wqaki1l\2026\fixture.json,,,
6h4tm4jv3twp2vv0glu08ro4,2026-04-25,2026-04-25Z,,Arsenal,Villa Dálmine,,,Estadio Julio Humberto Grondona,,7,2026-03-31T17:24:59Z,epr9s9zih7yd5dygat10o64us,Prim B Metro,66nxwll8fur0rtp9q7wqaki1l,Argentina,South America,2026,data\south_america\argentina\prim_b_metro\66nxwll8fur0rtp9q7wqaki1l\2026\fixture.json,,,
5zytjcfba41pqbzj8eu0kmc4,2026-04-25,2026-04-25Z,,Ituzaingó,Excursionistas,,,Estadio de Ituzaingó,,7,2026-04-06T01:57:17Z,epr9s9zih7yd5dygat10o64us,Prim B Metro,66nxwll8fur0rtp9q7wqaki1l,Argentina,South America,2026,data\south_america\argentina\prim_b_metro\66nxwll8fur0rtp9q7wqaki1l\2026\fixture.json,,,
y2l4lfro2nmf1mwrfz6yyok,2026-04-18,2026-04-18Z,,Deportivo Camioneros,Defensores Unidos,,,Estadio Hugo Moyano,,7,2026-04-05T22:33:49Z,epr9s9zih7yd5dygat10o64us,Prim B Metro,66nxwll8fur0rtp9q7wqaki1l,Argentina,South America,2026,data\south_america\argentina\prim_b_metro\66nxwll8fur0rtp9q7wqaki1l\2026\fixture.json,,,
f4vmif1j3qg7kz6haqv0rejo4,2026-04-18,2026-04-18Z,,Dock Sud,Ituzaingó,,,Estadio de los Inmigrantes,,7,2026-04-06T23:43:43Z,epr9s9zih7yd5dygat10o64us,Prim B Metro,66nxwll8fur0rtp9q7wqaki1l,Argentina,South America,2026,data\south_america\argentina\prim_b_metro\66nxwll8fur0rtp9q7wqaki1l\2026\fixture.json,,,
8l7f46pf27esup4ey2xl89g,2026-04-18,2026-04-18Z,,Deportivo Merlo,Comunicaciones,,,Estadio José Manuel Moreno,,7,2026-04-07T02:07:10Z,epr9s9zih7yd5dygat10o64us,Prim B Metro,66nxwll8fur0rtp9q7wqaki1l,Argentina,South America,2026,data\south_america\argentina\prim_b_metro\66nxwll8fur0rtp9q7wqaki1l\2026\fixture.json,,,
5ijjdzzbp0qx8o80cs7ncqvo,2026-04-18,2026-04-18Z,,Excursionistas,Arsenal,,,Estadio de Excursionistas,,7,2026-04-06T01:57:17Z,epr9s9zih7yd5dygat10o64us,Prim B Metro,66nxwll8fur0rtp9q7wqaki1l,Argentina,South America,2026,data\south_america\argentina\prim_b_metro\66nxwll8fur0rtp9q7wqaki1l\2026\fixture.json,,,
4z8pqxrcmw1kyr90ksij6dqs,2026-04-18,2026-04-18Z,,Villa Dálmine,Argentino Merlo,,,Estadio El Coliseo de Mitre y Puccini,,7,2026-03-31T17:24:59Z,epr9s9zih7yd5dygat10o64us,Prim B Metro,66nxwll8fur0rtp9q7wqaki1l,Argentina,South America,2026,data\south_america\argentina\prim_b_metro\66nxwll8fur0rtp9q7wqaki1l\2026\fixture.json,,,
4i1v2qrz4d9tlfwucwstuc5w,2026-04-18,2026-04-18Z,,UAI Urquiza,Talleres Remedios,,,Estadio Monumental de Villa Lynch,,7,2026-03-31T17:24:59Z,epr9s9zih7yd5dygat10o64us,Prim B Metro,66nxwll8fur0rtp9q7wqaki1l,Argentina,South America,2026,data\south_america\argentina\prim_b_metro\66nxwll8fur0rtp9q7wqaki1l\2026\fixture.json,,,
40kd6346qefhfno40640cetw,2026-04-18,2026-04-18Z,,Real Pilar,Deportivo Laferrere,,,Estadio Municipal de Pilar,,7,2026-04-06T01:54:34Z,epr9s9zih7yd5dygat10o64us,Prim B Metro,66nxwll8fur0rtp9q7wqaki1l,Argentina,South America,2026,data\south_america\argentina\prim_b_metro\66nxwll8fur0rtp9q7wqaki1l\2026\fixture.json,,,
3iwz72n2sa4urs3wcn62il90,2026-04-18,2026-04-18Z,,Liniers,Brown de Adrogué,,,Estadio Juan Antonio Arias,,7,2026-04-06T02:12:44Z,epr9s9zih7yd5dygat10o64us,Prim B Metro,66nxwll8fur0rtp9q7wqaki1l,Argentina,South America,2026,data\south_america\argentina\prim_b_metro\66nxwll8fur0rtp9q7wqaki1l\2026\fixture.json,,,
2z39udw3yaxy130f2uf0qe50,2026-04-18,2026-04-18Z,,Villa San Carlos,Deportivo Armenio,,,Estadio Genancio Sálice,,7,2026-04-06T13:01:01Z,epr9s9zih7yd5dygat10o64us,Prim B Metro,66nxwll8fur0rtp9q7wqaki1l,Argentina,South America,2026,data\south_america\argentina\prim_b_metro\66nxwll8fur0rtp9q7wqaki1l\2026\fixture.json,,,
2eglak0p6ayu98ryv25izn6c,2026-04-18,2026-04-18Z,,San Martín Burzaco,Flandria,,,Estadio Francisco Boga,,7,2026-04-11T23:46:12Z,epr9s9zih7yd5dygat10o64us,Prim B Metro,66nxwll8fur0rtp9q7wqaki1l,Argentina,South America,2026,data\south_america\argentina\prim_b_metro\66nxwll8fur0rtp9q7wqaki1l\2026\fixture.json,,,
1rq3mgcjjvntk10odcka9dec,2026-04-18,2026-04-18Z,,Sportivo Italiano,Argentino Quilmes,,,Estadio República de Italia,,7,2026-04-06T02:09:49Z,epr9s9zih7yd5dygat10o64us,Prim B Metro,66nxwll8fur0rtp9q7wqaki1l,Argentina,South America,2026,data\south_america\argentina\prim_b_metro\66nxwll8fur0rtp9q7wqaki1l\2026\fixture.json,,,
f45so0fo87lt73h0p58sl6uqc,2026-04-16,2026-04-16Z,18:30:00Z,Dock Sud,Deportivo Merlo,,,Estadio de los Inmigrantes,,7,2026-04-07T02:07:10Z,epr9s9zih7yd5dygat10o64us,Prim B Metro,66nxwll8fur0rtp9q7wqaki1l,Argentina,South America,2026,data\south_america\argentina\prim_b_metro\66nxwll8fur0rtp9q7wqaki1l\2026\fixture.json,,,
f3glvc1nn9pr3crz69ezjo9p0,2026-04-16,2026-04-16Z,18:30:00Z,Comunicaciones,Deportivo Camioneros,,,Estadio Alfredo Ramos,,7,2026-04-06T04:10:17Z,epr9s9zih7yd5dygat10o64us,Prim B Metro,66nxwll8fur0rtp9q7wqaki1l,Argentina,South America,2026,data\south_america\argentina\prim_b_metro\66nxwll8fur0rtp9q7wqaki1l\2026\fixture.json,,,
f27jvg2xz46hjc59a6uxijkt0,2026-04-15,2026-04-15Z,23:00:00Z,Argentino Quilmes,San Martín Burzaco,,,Estadio de Argentino de Quilmes,,7,2026-04-06T04:10:17Z,epr9s9zih7yd5dygat10o64us,Prim B Metro,66nxwll8fur0rtp9q7wqaki1l,Argentina,South America,2026,data\south_america\argentina\prim_b_metro\66nxwll8fur0rtp9q7wqaki1l\2026\fixture.json,,,
f11rvrt8by71ksqxu1rb9l91w,2026-04-15,2026-04-15Z,18:30:00Z,Deportivo Armenio,Liniers,,,Estadio Armenia,,7,2026-04-06T13:01:01Z,epr9s9zih7yd5dygat10o64us,Prim B Metro,66nxwll8fur0rtp9q7wqaki1l,Argentina,South America,2026,data\south_america\argentina\prim_b_metro\66nxwll8fur0rtp9q7wqaki1l\2026\fixture.json,,,
f0k4b6offb3pjdycqdnpmv8d0,2026-04-14,2026-04-14Z,23:00:00Z,Brown de Adrogué,Real Pilar,,,Estadio Lorenzo Arandilla,,7,2026-04-06T04:10:17Z,epr9s9zih7yd5dygat10o64us,Prim B Metro,66nxwll8fur0rtp9q7wqaki1l,Argentina,South America,2026,data\south_america\argentina\prim_b_metro\66nxwll8fur0rtp9q7wqaki1l\2026\fixture.json,,,
f02jhca1c6d993p804yp1711w,2026-04-14,2026-04-14Z,23:00:00Z,Deportivo Laferrere,UAI Urquiza,,,Estadio Deportivo Laferrere,,7,2026-04-06T04:10:17Z,epr9s9zih7yd5dygat10o64us,Prim B Metro,66nxwll8fur0rtp9q7wqaki1l,Argentina,South America,2026,data\south_america\argentina\prim_b_metro\66nxwll8fur0rtp9q7wqaki1l\2026\fixture.json,,,
f2t1ogr0ext32ucju2fillwr8,2026-04-14,2026-04-14Z,18:30:00Z,Defensores Unidos,Sportivo Italiano,,,Estadio Gigante de Villa Fox,,7,2026-04-06T04:10:16Z,epr9s9zih7yd5dygat10o64us,Prim B Metro,66nxwll8fur0rtp9q7wqaki1l,Argentina,South America,2026,data\south_america\argentina\prim_b_metro\66nxwll8fur0rtp9q7wqaki1l\2026\fixture.json,,,
f1lh1ou7jttmec3brccgsqx3o,2026-04-14,2026-04-14Z,18:30:00Z,Flandria,Villa San Carlos,,,Estadio Carlos V,,7,2026-04-11T23:46:12Z,epr9s9zih7yd5dygat10o64us,Prim B Metro,66nxwll8fur0rtp9q7wqaki1l,Argentina,South America,2026,data\south_america\argentina\prim_b_metro\66nxwll8fur0rtp9q7wqaki1l\2026\fixture.json,,,
ezjgdb83gj7t1khh0gxdqs4yc,2026-04-14,2026-04-14Z,18:30:00Z,Talleres Remedios,Villa Dálmine,,,Estadio Pablo Comelli,,7,2026-04-06T04:10:16Z,epr9s9zih7yd5dygat10o64us,Prim B Metro,66nxwll8fur0rtp9q7wqaki1l,Argentina,South America,2026,data\south_america\argentina\prim_b_metro\66nxwll8fur0rtp9q7wqaki1l\2026\fixture.json,,,
ez128z011f3kevdidiaqd5d04,2026-04-14,2026-04-14Z,18:30:00Z,Argentino Merlo,Excursionistas,,,Estadio Juan Carlos Brieva,,7,2026-04-06T04:10:16Z,epr9s9zih7yd5dygat10o64us,Prim B Metro,66nxwll8fur0rtp9q7wqaki1l,Argentina,South America,2026,data\south_america\argentina\prim_b_metro\66nxwll8fur0rtp9q7wqaki1l\2026\fixture.json,,,
eygomscscujkiabj99eo60pas,2026-04-14,2026-04-14Z,18:30:00Z,Ituzaingó,Arsenal,,,Estadio de Ituzaingó,,7,2026-04-06T04:10:16Z,epr9s9zih7yd5dygat10o64us,Prim B Metro,66nxwll8fur0rtp9q7wqaki1l,Argentina,South America,2026,data\south_america\argentina\prim_b_metro\66nxwll8fur0rtp9q7wqaki1l\2026\fixture.json,,,
et7r0qqhamyblbwrtdqk88i6s,2026-04-12,2026-04-12Z,18:00:00Z,Deportivo Camioneros,Dock Sud,,,Estadio Hugo Moyano,,7,2026-04-06T23:43:43Z,epr9s9zih7yd5dygat10o64us,Prim B Metro,66nxwll8fur0rtp9q7wqaki1l,Argentina,South America,2026,data\south_america\argentina\prim_b_metro\66nxwll8fur0rtp9q7wqaki1l\2026\fixture.json,,,
esp3c3o6cqn84t81dbfkevk7o,2026-04-11,2026-04-11Z,21:00:00Z,Deportivo Merlo,Ituzaingó,,,Estadio José Manuel Moreno,,7,2026-04-11T23:00:13Z,epr9s9zih7yd5dygat10o64us,Prim B Metro,66nxwll8fur0rtp9q7wqaki1l,Argentina,South America,2026,data\south_america\argentina\prim_b_metro\66nxwll8fur0rtp9q7wqaki1l\2026\fixture.json,,,
ewr73t21ogpbxt5nq8tdgn9xw,2026-04-11,2026-04-11Z,18:30:00Z,Villa Dálmine,Deportivo Laferrere,,,Estadio El Coliseo de Mitre y Puccini,,7,2026-04-11T20:29:31Z,epr9s9zih7yd5dygat10o64us,Prim B Metro,66nxwll8fur0rtp9q7wqaki1l,Argentina,South America,2026,data\south_america\argentina\prim_b_metro\66nxwll8fur0rtp9q7wqaki1l\2026\fixture.json,,,
evsrl2s0dj44jqi78jn0w0nbo,2026-04-11,2026-04-11Z,18:30:00Z,Real Pilar,Deportivo Armenio,,,Estadio Municipal de Pilar,,7,2026-04-11T20:46:24Z,epr9s9zih7yd5dygat10o64us,Prim B Metro,66nxwll8fur0rtp9q7wqaki1l,Argentina,South America,2026,data\south_america\argentina\prim_b_metro\66nxwll8fur0rtp9q7wqaki1l\2026\fixture.json,,,
eutpaurqdzzpetunlezbixbf8,2026-04-11,2026-04-11Z,18:30:00Z,Villa San Carlos,Argentino Quilmes,,,Estadio Genancio Sálice,,7,2026-04-11T20:34:38Z,epr9s9zih7yd5dygat10o64us,Prim B Metro,66nxwll8fur0rtp9q7wqaki1l,Argentina,South America,2026,data\south_america\argentina\prim_b_metro\66nxwll8fur0rtp9q7wqaki1l\2026\fixture.json,,,
eucdw55hjhm0se2tc197tedqs,2026-04-11,2026-04-11Z,18:30:00Z,San Martín Burzaco,Defensores Unidos,,,Estadio Francisco Boga,,7,2026-04-11T20:32:52Z,epr9s9zih7yd5dygat10o64us,Prim B Metro,66nxwll8fur0rtp9q7wqaki1l,Argentina,South America,2026,data\south_america\argentina\prim_b_metro\66nxwll8fur0rtp9q7wqaki1l\2026\fixture.json,,,
ettrk8et4jctbtbbkhmoco74k,2026-04-11,2026-04-11Z,18:30:00Z,Sportivo Italiano,Comunicaciones,,,Estadio República de Italia,,7,2026-04-11T20:29:23Z,epr9s9zih7yd5dygat10o64us,Prim B Metro,66nxwll8fur0rtp9q7wqaki1l,Argentina,South America,2026,data\south_america\argentina\prim_b_metro\66nxwll8fur0rtp9q7wqaki1l\2026\fixture.json,,,
exet1jcj389pexgm5xiglfdas,2026-04-10,2026-04-10Z,23:00:00Z,Excursionistas,Talleres Remedios,,,Estadio de Excursionistas,,7,2026-04-12T16:06:03Z,epr9s9zih7yd5dygat10o64us,Prim B Metro,66nxwll8fur0rtp9q7wqaki1l,Argentina,South America,2026,data\south_america\argentina\prim_b_metro\66nxwll8fur0rtp9q7wqaki1l\2026\fixture.json,,,
exwj6pb71qkr4axr2hdwsgaok,2026-04-10,2026-04-10Z,18:30:00Z,Arsenal,Argentino Merlo,,,Estadio Julio Humberto Grondona,,7,2026-04-12T00:02:57Z,epr9s9zih7yd5dygat10o64us,Prim B Metro,66nxwll8fur0rtp9q7wqaki1l,Argentina,South America,2026,data\south_america\argentina\prim_b_metro\66nxwll8fur0rtp9q7wqaki1l\2026\fixture.json,,,
ewa3llt4077yowxm52qooeas4,2026-04-10,2026-04-10Z,18:30:00Z,UAI Urquiza,Brown de Adrogué,,,Estadio Monumental de Villa Lynch,,7,2026-04-12T00:13:44Z,epr9s9zih7yd5dygat10o64us,Prim B Metro,66nxwll8fur0rtp9q7wqaki1l,Argentina,South America,2026,data\south_america\argentina\prim_b_metro\66nxwll8fur0rtp9q7wqaki1l\2026\fixture.json,,,
evb19xya13katuzz40a3g1mvo,2026-04-10,2026-04-10Z,18:30:00Z,Liniers,Flandria,,,Estadio Juan Antonio Arias,,7,2026-04-11T23:50:20Z,epr9s9zih7yd5dygat10o64us,Prim B Metro,66nxwll8fur0rtp9q7wqaki1l,Argentina,South America,2026,data\south_america\argentina\prim_b_metro\66nxwll8fur0rtp9q7wqaki1l\2026\fixture.json,,,
es7hsfeowpxr1wke9jc2nesd0,2026-04-05,2026-04-05Z,21:00:00Z,Deportivo Merlo,Deportivo Camioneros,,,Estadio José Manuel Moreno,,7,2026-04-08T00:15:17Z,epr9s9zih7yd5dygat10o64us,Prim B Metro,66nxwll8fur0rtp9q7wqaki1l,Argentina,South America,2026,data\south_america\argentina\prim_b_metro\66nxwll8fur0rtp9q7wqaki1l\2026\fixture.json,,,
erpdc82nsa5z04kob0gget3pw,2026-04-05,2026-04-05Z,18:30:00Z,Dock Sud,Sportivo Italiano,,,Estadio de los Inmigrantes,,7,2026-04-07T01:53:10Z,epr9s9zih7yd5dygat10o64us,Prim B Metro,66nxwll8fur0rtp9q7wqaki1l,Argentina,South America,2026,data\south_america\argentina\prim_b_metro\66nxwll8fur0rtp9q7wqaki1l\2026\fixture.json,,,
er86cnulvs5fe7jyesxcaghec,2026-04-05,2026-04-05Z,18:30:00Z,Comunicaciones,San Martín Burzaco,,,Estadio Alfredo Ramos,,7,2026-04-07T02:01:30Z,epr9s9zih7yd5dygat10o64us,Prim B Metro,66nxwll8fur0rtp9q7wqaki1l,Argentina,South America,2026,data\south_america\argentina\prim_b_metro\66nxwll8fur0rtp9q7wqaki1l\2026\fixture.json,,,
eq8yxeg8bqnr9wcaem0rdumfo,2026-04-04,2026-04-04Z,19:00:00Z,Argentino Quilmes,Liniers,,,Estadio de Argentino de Quilmes,,7,2026-04-06T02:17:26Z,epr9s9zih7yd5dygat10o64us,Prim B Metro,66nxwll8fur0rtp9q7wqaki1l,Argentina,South America,2026,data\south_america\argentina\prim_b_metro\66nxwll8fur0rtp9q7wqaki1l\2026\fixture.json,,,
ep8kbc2u4ctz6o9u81rzpasyc,2026-04-04,2026-04-04Z,18:30:00Z,Deportivo Armenio,UAI Urquiza,,,Estadio Armenia,,7,2026-04-06T13:31:23Z,epr9s9zih7yd5dygat10o64us,Prim B Metro,66nxwll8fur0rtp9q7wqaki1l,Argentina,South America,2026,data\south_america\argentina\prim_b_metro\66nxwll8fur0rtp9q7wqaki1l\2026\fixture.json,,,
eo3k30vdg4wwsec8y5p68qt5g,2026-04-04,2026-04-04Z,18:30:00Z,Deportivo Laferrere,Excursionistas,,,Estadio Deportivo Laferrere,,7,2026-04-06T02:01:36Z,epr9s9zih7yd5dygat10o64us,Prim B Metro,66nxwll8fur0rtp9q7wqaki1l,Argentina,South America,2026,data\south_america\argentina\prim_b_metro\66nxwll8fur0rtp9q7wqaki1l\2026\fixture.json,,,
epr0vy857idburuezkyuvmdqs,2026-04-04,2026-04-04Z,18:00:00Z,Flandria,Real Pilar,,,Estadio Carlos V,,7,2026-04-11T23:46:12Z,epr9s9zih7yd5dygat10o64us,Prim B Metro,66nxwll8fur0rtp9q7wqaki1l,Argentina,South America,2026,data\south_america\argentina\prim_b_metro\66nxwll8fur0rtp9q7wqaki1l\2026\fixture.json,,,
eqqmq443c6hvnptdq99zxdqtw,2026-04-04,2026-04-04Z,17:00:00Z,Defensores Unidos,Villa San Carlos,,,Estadio Gigante de Villa Fox,,7,2026-04-05T22:53:39Z,epr9s9zih7yd5dygat10o64us,Prim B Metro,66nxwll8fur0rtp9q7wqaki1l,Argentina,South America,2026,data\south_america\argentina\prim_b_metro\66nxwll8fur0rtp9q7wqaki1l\2026\fixture.json,,,
enkxv3q7i2hqj75w9nu6qqmfo,2026-04-04,2026-04-04Z,17:00:00Z,Talleres Remedios,Arsenal,,,Estadio Pablo Comelli,,7,2026-04-05T23:25:03Z,epr9s9zih7yd5dygat10o64us,Prim B Metro,66nxwll8fur0rtp9q7wqaki1l,Argentina,South America,2026,data\south_america\argentina\prim_b_metro\66nxwll8fur0rtp9q7wqaki1l\2026\fixture.json,,,
en0g83ttyma86o7svg28kfdhw,2026-04-03,2026-04-03Z,22:00:00Z,Ituzaingó,Argentino Merlo,,,Estadio de Ituzaingó,,7,2026-04-05T12:46:30Z,epr9s9zih7yd5dygat10o64us,Prim B Metro,66nxwll8fur0rtp9q7wqaki1l,Argentina,South America,2026,data\south_america\argentina\prim_b_metro\66nxwll8fur0rtp9q7wqaki1l\2026\fixture.json,,,
eopxqlf0x82mt6jey59839rf8,2026-04-03,2026-04-03Z,18:00:00Z,Brown de Adrogué,Villa Dálmine,,,Estadio Lorenzo Arandilla,,7,2026-04-05T12:42:28Z,epr9s9zih7yd5dygat10o64us,Prim B Metro,66nxwll8fur0rtp9q7wqaki1l,Argentina,South America,2026,data\south_america\argentina\prim_b_metro\66nxwll8fur0rtp9q7wqaki1l\2026\fixture.json,,,
emj993vi3fk0q8iqdkpiz9d78,2026-03-29,2026-03-29Z,19:00:00Z,Argentino Merlo,Talleres Remedios,,,Estadio Juan Carlos Brieva,,7,2026-03-31T17:12:08Z,epr9s9zih7yd5dygat10o64us,Prim B Metro,66nxwll8fur0rtp9q7wqaki1l,Argentina,South America,2026,data\south_america\argentina\prim_b_metro\66nxwll8fur0rtp9q7wqaki1l\2026\fixture.json,,,
ek3jipz11ft168b7jjyxm1ams,2026-03-29,2026-03-29Z,19:00:00Z,Real Pilar,Argentino Quilmes,,,Estadio Municipal de Pilar,,7,2026-04-06T02:09:10Z,epr9s9zih7yd5dygat10o64us,Prim B Metro,66nxwll8fur0rtp9q7wqaki1l,Argentina,South America,2026,data\south_america\argentina\prim_b_metro\66nxwll8fur0rtp9q7wqaki1l\2026\fixture.json,,,
eila5qrhpq55i8ptora3ajxg4,2026-03-29,2026-03-29Z,19:00:00Z,San Martín Burzaco,Dock Sud,,,Estadio Francisco Boga,,7,2026-03-31T17:12:07Z,epr9s9zih7yd5dygat10o64us,Prim B Metro,66nxwll8fur0rtp9q7wqaki1l,Argentina,South America,2026,data\south_america\argentina\prim_b_metro\66nxwll8fur0rtp9q7wqaki1l\2026\fixture.json,,,
ejlr1wxwajn612uj9ie00zod0,2026-03-29,2026-03-29Z,17:00:00Z,Liniers,Defensores Unidos,,,Estadio Juan Antonio Arias,,7,2026-04-06T02:12:44Z,epr9s9zih7yd5dygat10o64us,Prim B Metro,66nxwll8fur0rtp9q7wqaki1l,Argentina,South America,2026,data\south_america\argentina\prim_b_metro\66nxwll8fur0rtp9q7wqaki1l\2026\fixture.json,,,
ei3y7k0i4q8aqdoqt3v5tq6tw,2026-03-29,2026-03-29Z,17:00:00Z,Sportivo Italiano,Deportivo Merlo,,,Estadio República de Italia,,7,2026-04-07T02:07:10Z,epr9s9zih7yd5dygat10o64us,Prim B Metro,66nxwll8fur0rtp9q7wqaki1l,Argentina,South America,2026,data\south_america\argentina\prim_b_metro\66nxwll8fur0rtp9q7wqaki1l\2026\fixture.json,,,
elkbjghszekb0qy3erqwr9puc,2026-03-28,2026-03-28Z,23:00:00Z,Excursionistas,Brown de Adrogué,,,Estadio de Excursionistas,,7,2026-03-31T17:12:06Z,epr9s9zih7yd5dygat10o64us,Prim B Metro,66nxwll8fur0rtp9q7wqaki1l,Argentina,South America,2026,data\south_america\argentina\prim_b_metro\66nxwll8fur0rtp9q7wqaki1l\2026\fixture.json,,,
el2xkvfrreq9aus4mvzjpxmok,2026-03-28,2026-03-28Z,19:00:00Z,Villa Dálmine,Deportivo Armenio,,,Estadio El Coliseo de Mitre y Puccini,,7,2026-04-06T13:01:01Z,epr9s9zih7yd5dygat10o64us,Prim B Metro,66nxwll8fur0rtp9q7wqaki1l,Argentina,South America,2026,data\south_america\argentina\prim_b_metro\66nxwll8fur0rtp9q7wqaki1l\2026\fixture.json,,,
em24w6y3297kcsq8upnaw97h0,2026-03-28,2026-03-28Z,17:00:00Z,Arsenal,Deportivo Laferrere,,,Estadio Julio Humberto Grondona,,7,2026-04-06T01:53:51Z,epr9s9zih7yd5dygat10o64us,Prim B Metro,66nxwll8fur0rtp9q7wqaki1l,Argentina,South America,2026,data\south_america\argentina\prim_b_metro\66nxwll8fur0rtp9q7wqaki1l\2026\fixture.json,,,
ekl8shpv2hwh9239vddme153o,2026-03-28,2026-03-28Z,17:00:00Z,UAI Urquiza,Flandria,,,Estadio Monumental de Villa Lynch,,7,2026-04-11T23:43:58Z,epr9s9zih7yd5dygat10o64us,Prim B Metro,66nxwll8fur0rtp9q7wqaki1l,Argentina,South America,2026,data\south_america\argentina\prim_b_metro\66nxwll8fur0rtp9q7wqaki1l\2026\fixture.json,,,
ej2m8etjhdxvfg6b3ruvwmpec,2026-03-28,2026-03-28Z,17:00:00Z,Villa San Carlos,Comunicaciones,,,Estadio Genancio Sálice,,7,2026-03-31T17:12:06Z,epr9s9zih7yd5dygat10o64us,Prim B Metro,66nxwll8fur0rtp9q7wqaki1l,Argentina,South America,2026,data\south_america\argentina\prim_b_metro\66nxwll8fur0rtp9q7wqaki1l\2026\fixture.json,,,
ehmmef1zao3cryy60zuube2ac,2026-03-28,2026-03-28Z,17:00:00Z,Deportivo Camioneros,Ituzaingó,,,Estadio Hugo Moyano,,7,2026-04-08T00:16:15Z,epr9s9zih7yd5dygat10o64us,Prim B Metro,66nxwll8fur0rtp9q7wqaki1l,Argentina,South America,2026,data\south_america\argentina\prim_b_metro\66nxwll8fur0rtp9q7wqaki1l\2026\fixture.json,,,
efof6jsjgd6khnn14zjuypm38,2026-03-23,2026-03-23Z,23:00:00Z,Comunicaciones,Liniers,,,Estadio Alfredo Ramos,,7,2026-04-06T02:12:44Z,epr9s9zih7yd5dygat10o64us,Prim B Metro,66nxwll8fur0rtp9q7wqaki1l,Argentina,South America,2026,data\south_america\argentina\prim_b_metro\66nxwll8fur0rtp9q7wqaki1l\2026\fixture.json,,,
eg5nz9l3da84shm0uvylcw5xw,2026-03-23,2026-03-23Z,18:30:00Z,Dock Sud,Villa San Carlos,,,Estadio de los Inmigrantes,,7,2026-03-31T17:12:06Z,epr9s9zih7yd5dygat10o64us,Prim B Metro,66nxwll8fur0rtp9q7wqaki1l,Argentina,South America,2026,data\south_america\argentina\prim_b_metro\66nxwll8fur0rtp9q7wqaki1l\2026\fixture.json,,,
eh52vszuhaugl7xoyzdzejn6c,2026-03-22,2026-03-22Z,17:00:00Z,Deportivo Camioneros,Sportivo Italiano,,,Estadio Hugo Moyano,,7,2026-04-08T00:16:15Z,epr9s9zih7yd5dygat10o64us,Prim B Metro,66nxwll8fur0rtp9q7wqaki1l,Argentina,South America,2026,data\south_america\argentina\prim_b_metro\66nxwll8fur0rtp9q7wqaki1l\2026\fixture.json,,,
eeopmhgq4dkfrgdgiu2s4800k,2026-03-22,2026-03-22Z,17:00:00Z,Argentino Quilmes,UAI Urquiza,,,Estadio de Argentino de Quilmes,,7,2026-04-06T02:09:10Z,epr9s9zih7yd5dygat10o64us,Prim B Metro,66nxwll8fur0rtp9q7wqaki1l,Argentina,South America,2026,data\south_america\argentina\prim_b_metro\66nxwll8fur0rtp9q7wqaki1l\2026\fixture.json,,,
