player_id,player_name,shirt_number,position,substitute,date_of_birth,date_of_birth_formatted,team,opponent,team_id,opponent_id,home_away,match_id,match_date,liga,peso_liga,minutes_played,rating,goals,assists,birth_year,age,is_u23,reap
973738,Carlos Miguel,1.0,G,False,09/10/1998,09/10/1998,Palmeiras,Grêmio Novorizontino,1963.0,135514.0,home,15645747,05/03/2026,Paulista A1,0.9,90,7.7,0,0,1998,28,False,0.0
984896,Khellven,12.0,D,False,25/02/2001,25/02/2001,Palmeiras,Grêmio Novorizontino,1963.0,135514.0,home,15645747,05/03/2026,Paulista A1,0.9,90,6.6,0,0,2001,25,False,0.0
220833,Gustavo Gómez,15.0,D,False,06/05/1993,06/05/1993,Palmeiras,Grêmio Novorizontino,1963.0,135514.0,home,15645747,05/03/2026,Paulista A1,0.9,90,7.1,0,0,1993,33,False,0.0
874729,Murilo,26.0,D,False,27/03/1997,27/03/1997,Palmeiras,Grêmio Novorizontino,1963.0,135514.0,home,15645747,05/03/2026,Paulista A1,0.9,90,7.3,0,0,1997,29,False,0.0
881110,Joaquín Piquerez,22.0,D,False,24/08/1998,24/08/1998,Palmeiras,Grêmio Novorizontino,1963.0,135514.0,home,15645747,05/03/2026,Paulista A1,0.9,90,7.1,0,0,1998,28,False,0.0
285949,Andreas Pereira,8.0,M,False,01/01/1996,01/01/1996,Palmeiras,Grêmio Novorizontino,1963.0,135514.0,home,15645747,05/03/2026,Paulista A1,0.9,60,7.6,0,0,1996,30,False,0.0
840202,Marlon Freitas,17.0,M,False,27/03/1995,27/03/1995,Palmeiras,Grêmio Novorizontino,1963.0,135514.0,home,15645747,05/03/2026,Paulista A1,0.9,90,7.0,0,0,1995,31,False,0.0
1835889,Allan,40.0,M,False,19/04/2004,19/04/2004,Palmeiras,Grêmio Novorizontino,1963.0,135514.0,home,15645747,05/03/2026,Paulista A1,0.9,60,6.7,0,0,2004,22,True,0.0
986233,Mauricio,18.0,M,False,22/06/2001,22/06/2001,Palmeiras,Grêmio Novorizontino,1963.0,135514.0,home,15645747,05/03/2026,Paulista A1,0.9,70,6.9,0,0,2001,25,False,0.0
1015733,Ramón Sosa,19.0,M,False,31/08/1999,31/08/1999,Palmeiras,Grêmio Novorizontino,1963.0,135514.0,home,15645747,05/03/2026,Paulista A1,0.9,70,6.7,0,1,1999,27,False,0.0
1094179,José López,42.0,F,False,06/12/2000,06/12/2000,Palmeiras,Grêmio Novorizontino,1963.0,135514.0,home,15645747,05/03/2026,Paulista A1,0.9,90,7.9,1,0,2000,26,False,0.0
331397,Lucas Evangelista,30.0,M,True,06/05/1995,06/05/1995,Palmeiras,Grêmio Novorizontino,1963.0,135514.0,home,15645747,05/03/2026,Paulista A1,0.9,30,6.4,0,0,1995,31,False,0.0
844096,Jhon Arias,11.0,M,True,21/09/1997,21/09/1997,Palmeiras,Grêmio Novorizontino,1963.0,135514.0,home,15645747,05/03/2026,Paulista A1,0.9,30,7.2,0,0,1997,29,False,0.0
152276,Felipe Anderson,7.0,M,True,15/04/1993,15/04/1993,Palmeiras,Grêmio Novorizontino,1963.0,135514.0,home,15645747,05/03/2026,Paulista A1,0.9,20,6.9,0,0,1993,33,False,0.0
1150391,Vitor Roque,9.0,F,True,28/02/2005,28/02/2005,Palmeiras,Grêmio Novorizontino,1963.0,135514.0,home,15645747,05/03/2026,Paulista A1,0.9,20,6.3,0,0,2005,21,True,0.0
794840,Jordi,93.0,G,False,03/09/1993,03/09/1993,Grêmio Novorizontino,Palmeiras,135514.0,1963.0,away,15645747,05/03/2026,Paulista A1,0.9,90,6.7,0,0,1993,33,False,0.0
1066548,Alexis Alvarino,22.0,D,False,01/02/2001,01/02/2001,Grêmio Novorizontino,Palmeiras,135514.0,1963.0,away,15645747,05/03/2026,Paulista A1,0.9,59,6.0,0,0,2001,25,False,0.0
1476558,Dantas,25.0,D,False,25/07/2004,25/07/2004,Grêmio Novorizontino,Palmeiras,135514.0,1963.0,away,15645747,05/03/2026,Paulista A1,0.9,90,6.8,0,0,2004,22,True,0.0
1148340,Patrick,4.0,D,False,09/04/1999,09/04/1999,Grêmio Novorizontino,Palmeiras,135514.0,1963.0,away,15645747,05/03/2026,Paulista A1,0.9,90,6.3,0,0,1999,27,False,0.0
944459,Mayk Silva,77.0,D,False,31/08/1999,31/08/1999,Grêmio Novorizontino,Palmeiras,135514.0,1963.0,away,15645747,05/03/2026,Paulista A1,0.9,90,6.3,0,0,1999,27,False,0.0
922570,Luís Oyama,6.0,M,False,30/01/1997,30/01/1997,Grêmio Novorizontino,Palmeiras,135514.0,1963.0,away,15645747,05/03/2026,Paulista A1,0.9,90,6.8,0,0,1997,29,False,0.0
1101061,Leo Naldi,18.0,M,False,18/08/2001,18/08/2001,Grêmio Novorizontino,Palmeiras,135514.0,1963.0,away,15645747,05/03/2026,Paulista A1,0.9,90,6.0,0,0,2001,25,False,0.0
981746,Matheus Bianqui,17.0,M,False,31/01/1998,31/01/1998,Grêmio Novorizontino,Palmeiras,135514.0,1963.0,away,15645747,05/03/2026,Paulista A1,0.9,89,6.8,0,0,1998,28,False,0.0
1016874,Juninho,50.0,M,False,23/01/2001,23/01/2001,Grêmio Novorizontino,Palmeiras,135514.0,1963.0,away,15645747,05/03/2026,Paulista A1,0.9,59,6.2,0,0,2001,25,False,0.0
990160,Vinicius Paiva,16.0,M,False,01/03/2001,01/03/2001,Grêmio Novorizontino,Palmeiras,135514.0,1963.0,away,15645747,05/03/2026,Paulista A1,0.9,71,7.5,0,0,2001,25,False,0.0
850987,Robson,11.0,F,False,30/05/1991,30/05/1991,Grêmio Novorizontino,Palmeiras,135514.0,1963.0,away,15645747,05/03/2026,Paulista A1,0.9,90,5.9,0,0,1991,35,False,0.0
2440201,Alemão,21.0,D,True,02/09/2007,02/09/2007,Grêmio Novorizontino,Palmeiras,135514.0,1963.0,away,15645747,05/03/2026,Paulista A1,0.9,31,7.0,0,0,2007,19,True,0.0
293235,Christian Ortíz,8.0,F,True,21/08/1992,21/08/1992,Grêmio Novorizontino,Palmeiras,135514.0,1963.0,away,15645747,05/03/2026,Paulista A1,0.9,31,6.6,0,0,1992,34,False,0.0
1836636,Tavinho,15.0,F,True,19/07/2004,19/07/2004,Grêmio Novorizontino,Palmeiras,135514.0,1963.0,away,15645747,05/03/2026,Paulista A1,0.9,19,6.7,0,0,2004,22,True,0.0
833742,Nilson Castrillón,20.0,D,True,28/01/1996,28/01/1996,Grêmio Novorizontino,Palmeiras,135514.0,1963.0,away,15645747,05/03/2026,Paulista A1,0.9,1,0.0,0,0,1996,30,False,0.0
794840,Jordi,93.0,G,False,03/09/1993,03/09/1993,Grêmio Novorizontino,Palmeiras,135514.0,1963.0,home,15646622,09/03/2026,Paulista A1,0.9,90,5.6,0,0,1993,33,False,0.0
1066548,Alexis Alvarino,22.0,D,False,01/02/2001,01/02/2001,Grêmio Novorizontino,Palmeiras,135514.0,1963.0,home,15646622,09/03/2026,Paulista A1,0.9,77,6.0,0,0,2001,25,False,0.0
1476558,Dantas,25.0,D,False,25/07/2004,25/07/2004,Grêmio Novorizontino,Palmeiras,135514.0,1963.0,home,15646622,09/03/2026,Paulista A1,0.9,90,6.2,0,0,2004,22,True,0.0
1148340,Patrick,4.0,D,False,09/04/1999,09/04/1999,Grêmio Novorizontino,Palmeiras,135514.0,1963.0,home,15646622,09/03/2026,Paulista A1,0.9,90,6.7,0,0,1999,27,False,0.0
944459,Mayk Silva,77.0,D,False,31/08/1999,31/08/1999,Grêmio Novorizontino,Palmeiras,135514.0,1963.0,home,15646622,09/03/2026,Paulista A1,0.9,90,6.8,0,0,1999,27,False,0.0
922570,Luís Oyama,6.0,M,False,30/01/1997,30/01/1997,Grêmio Novorizontino,Palmeiras,135514.0,1963.0,home,15646622,09/03/2026,Paulista A1,0.9,88,6.9,0,0,1997,29,False,0.0
1101061,Leo Naldi,18.0,M,False,18/08/2001,18/08/2001,Grêmio Novorizontino,Palmeiras,135514.0,1963.0,home,15646622,09/03/2026,Paulista A1,0.9,90,6.8,0,0,2001,25,False,0.0
981746,Matheus Bianqui,17.0,M,False,31/01/1998,31/01/1998,Grêmio Novorizontino,Palmeiras,135514.0,1963.0,home,15646622,09/03/2026,Paulista A1,0.9,77,7.3,1,0,1998,28,False,0.0
1105078,Rômulo,10.0,M,False,07/10/2001,07/10/2001,Grêmio Novorizontino,Palmeiras,135514.0,1963.0,home,15646622,09/03/2026,Paulista A1,0.9,81,6.1,0,0,2001,25,False,0.0
990160,Vinicius Paiva,16.0,M,False,01/03/2001,01/03/2001,Grêmio Novorizontino,Palmeiras,135514.0,1963.0,home,15646622,09/03/2026,Paulista A1,0.9,81,6.2,0,0,2001,25,False,0.0
850987,Robson,11.0,F,False,30/05/1991,30/05/1991,Grêmio Novorizontino,Palmeiras,135514.0,1963.0,home,15646622,09/03/2026,Paulista A1,0.9,90,6.1,0,0,1991,35,False,0.0
2440201,Alemão,21.0,D,True,02/09/2007,02/09/2007,Grêmio Novorizontino,Palmeiras,135514.0,1963.0,home,15646622,09/03/2026,Paulista A1,0.9,13,7.1,0,0,2007,19,True,0.0
606612,Nicolas Careca,30.0,F,True,18/05/1997,18/05/1997,Grêmio Novorizontino,Palmeiras,135514.0,1963.0,home,15646622,09/03/2026,Paulista A1,0.9,13,7.0,0,0,1997,29,False,0.0
1836636,Tavinho,15.0,F,True,19/07/2004,19/07/2004,Grêmio Novorizontino,Palmeiras,135514.0,1963.0,home,15646622,09/03/2026,Paulista A1,0.9,9,6.7,0,0,2004,22,True,0.0
293235,Christian Ortíz,8.0,F,True,21/08/1992,21/08/1992,Grêmio Novorizontino,Palmeiras,135514.0,1963.0,home,15646622,09/03/2026,Paulista A1,0.9,9,6.6,0,0,1992,34,False,0.0
1016874,Juninho,50.0,M,True,23/01/2001,23/01/2001,Grêmio Novorizontino,Palmeiras,135514.0,1963.0,home,15646622,09/03/2026,Paulista A1,0.9,9,6.5,0,0,2001,25,False,0.0
973738,Carlos Miguel,1.0,G,False,09/10/1998,09/10/1998,Palmeiras,Grêmio Novorizontino,1963.0,135514.0,away,15646622,09/03/2026,Paulista A1,0.9,90,5.7,0,0,1998,28,False,0.0
984896,Khellven,12.0,D,False,25/02/2001,25/02/2001,Palmeiras,Grêmio Novorizontino,1963.0,135514.0,away,15646622,09/03/2026,Paulista A1,0.9,90,6.7,0,0,2001,25,False,0.0
874729,Murilo,26.0,D,False,27/03/1997,27/03/1997,Palmeiras,Grêmio Novorizontino,1963.0,135514.0,away,15646622,09/03/2026,Paulista A1,0.9,90,7.2,1,0,1997,29,False,0.0
220833,Gustavo Gómez,15.0,D,False,06/05/1993,06/05/1993,Palmeiras,Grêmio Novorizontino,1963.0,135514.0,away,15646622,09/03/2026,Paulista A1,0.9,90,7.0,0,0,1993,33,False,0.0
881110,Joaquín Piquerez,22.0,D,False,24/08/1998,24/08/1998,Palmeiras,Grêmio Novorizontino,1963.0,135514.0,away,15646622,09/03/2026,Paulista A1,0.9,90,7.2,0,0,1998,28,False,0.0
285949,Andreas Pereira,8.0,M,False,01/01/1996,01/01/1996,Palmeiras,Grêmio Novorizontino,1963.0,135514.0,away,15646622,09/03/2026,Paulista A1,0.9,79,6.7,0,0,1996,30,False,0.0
840202,Marlon Freitas,17.0,M,False,27/03/1995,27/03/1995,Palmeiras,Grêmio Novorizontino,1963.0,135514.0,away,15646622,09/03/2026,Paulista A1,0.9,90,6.7,0,0,1995,31,False,0.0
844096,Jhon Arias,11.0,M,False,21/09/1997,21/09/1997,Palmeiras,Grêmio Novorizontino,1963.0,135514.0,away,15646622,09/03/2026,Paulista A1,0.9,79,6.4,0,1,1997,29,False,0.0
1094179,José López,42.0,M,False,06/12/2000,06/12/2000,Palmeiras,Grêmio Novorizontino,1963.0,135514.0,away,15646622,09/03/2026,Paulista A1,0.9,84,6.0,0,0,2000,26,False,0.0
986233,Mauricio,18.0,M,False,22/06/2001,22/06/2001,Palmeiras,Grêmio Novorizontino,1963.0,135514.0,away,15646622,09/03/2026,Paulista A1,0.9,65,6.6,0,0,2001,25,False,0.0
1150391,Vitor Roque,9.0,F,False,28/02/2005,28/02/2005,Palmeiras,Grêmio Novorizontino,1963.0,135514.0,away,15646622,09/03/2026,Paulista A1,0.9,84,7.7,1,0,2005,21,True,0.0
152276,Felipe Anderson,7.0,M,True,15/04/1993,15/04/1993,Palmeiras,Grêmio Novorizontino,1963.0,135514.0,away,15646622,09/03/2026,Paulista A1,0.9,25,6.7,0,0,1993,33,False,0.0
331397,Lucas Evangelista,30.0,M,True,06/05/1995,06/05/1995,Palmeiras,Grêmio Novorizontino,1963.0,135514.0,away,15646622,09/03/2026,Paulista A1,0.9,11,6.5,0,0,1995,31,False,0.0
1835889,Allan,40.0,F,True,19/04/2004,19/04/2004,Palmeiras,Grêmio Novorizontino,1963.0,135514.0,away,15646622,09/03/2026,Paulista A1,0.9,11,6.3,0,0,2004,22,True,0.0
973533,Emiliano Martínez,32.0,M,True,17/08/1999,17/08/1999,Palmeiras,Grêmio Novorizontino,1963.0,135514.0,away,15646622,09/03/2026,Paulista A1,0.9,13,6.5,0,0,1999,27,False,0.0
1015733,Ramón Sosa,19.0,F,True,31/08/1999,31/08/1999,Palmeiras,Grêmio Novorizontino,1963.0,135514.0,away,15646622,09/03/2026,Paulista A1,0.9,13,6.2,0,0,1999,27,False,0.0
1021716,Guilherme Vicentini Castellani,1.0,G,False,25/05/2000,25/05/2000,EC Santo André,EC São Bento,6966.0,6967.0,home,15180161,07/03/2026,Paulista A2,0.65,90,6.7,0,0,2000,26,False,0.0
1016736,Thomás,2.0,D,False,12/12/1997,12/12/1997,EC Santo André,EC São Bento,6966.0,6967.0,home,15180161,07/03/2026,Paulista A2,0.65,90,6.8,0,1,1997,29,False,0.0
1184837,Gustavo,3.0,D,False,24/09/2004,24/09/2004,EC Santo André,EC São Bento,6966.0,6967.0,home,15180161,07/03/2026,Paulista A2,0.65,90,6.4,0,0,2004,22,True,0.0
986127,Victor Luiz,4.0,D,False,03/04/1997,03/04/1997,EC Santo André,EC São Bento,6966.0,6967.0,home,15180161,07/03/2026,Paulista A2,0.65,90,6.4,0,0,1997,29,False,0.0
1590414,Paulo Amorim,6.0,D,False,18/07/2004,18/07/2004,EC Santo André,EC São Bento,6966.0,6967.0,home,15180161,07/03/2026,Paulista A2,0.65,90,6.8,0,0,2004,22,True,0.0
1096967,Lucas Alisson,5.0,M,False,13/05/1999,13/05/1999,EC Santo André,EC São Bento,6966.0,6967.0,home,15180161,07/03/2026,Paulista A2,0.65,90,6.6,0,0,1999,27,False,0.0
1391262,Guthierres Sales de Oliveira,11.0,M,False,25/05/2001,25/05/2001,EC Santo André,EC São Bento,6966.0,6967.0,home,15180161,07/03/2026,Paulista A2,0.65,67,6.5,0,0,2001,25,False,0.0
2171946,Emmanuel de Andrade  Egydio de Souza,9.0,M,False,29/10/2006,29/10/2006,EC Santo André,EC São Bento,6966.0,6967.0,home,15180161,07/03/2026,Paulista A2,0.65,67,6.6,0,0,2006,20,True,0.0
880122,Elvis,8.0,M,False,16/02/1996,16/02/1996,EC Santo André,EC São Bento,6966.0,6967.0,home,15180161,07/03/2026,Paulista A2,0.65,90,6.8,0,0,1996,30,False,0.0
2026435,Daniel Davi Simão Roque,10.0,M,False,15/06/2005,15/06/2005,EC Santo André,EC São Bento,6966.0,6967.0,home,15180161,07/03/2026,Paulista A2,0.65,90,8.7,2,0,2005,21,True,0.0
1021330,Matheus Sacramento,14.0,F,False,13/03/1999,13/03/1999,EC Santo André,EC São Bento,6966.0,6967.0,home,15180161,07/03/2026,Paulista A2,0.65,48,7.7,1,1,1999,27,False,0.0
2214562,Thierry Hanry Praxedes Conti,23.0,M,True,13/06/2007,13/06/2007,EC Santo André,EC São Bento,6966.0,6967.0,home,15180161,07/03/2026,Paulista A2,0.65,52,7.0,1,0,2007,19,True,0.0
1588093,Jhonatas da Silva Carvalho,20.0,M,True,12/11/2004,12/11/2004,EC Santo André,EC São Bento,6966.0,6967.0,home,15180161,07/03/2026,Paulista A2,0.65,33,6.7,0,1,2004,22,True,0.0
1174549,Juan Kelsen,7.0,F,True,24/03/2002,24/03/2002,EC Santo André,EC São Bento,6966.0,6967.0,home,15180161,07/03/2026,Paulista A2,0.65,25,6.5,0,0,2002,24,False,0.0
2027888,Leonardo Gasco Silva Suzano,16.0,M,True,02/03/2005,02/03/2005,EC Santo André,EC São Bento,6966.0,6967.0,home,15180161,07/03/2026,Paulista A2,0.65,8,6.7,0,0,2005,21,True,0.0
1545982,Davi Castro,15.0,D,True,03/05/2003,03/05/2003,EC Santo André,EC São Bento,6966.0,6967.0,home,15180161,07/03/2026,Paulista A2,0.65,3,0.0,0,0,2003,23,True,0.0
1465494,Guilherme Zuconelli,1.0,G,False,19/05/2000,19/05/2000,EC São Bento,EC Santo André,6967.0,6966.0,away,15180161,07/03/2026,Paulista A2,0.65,90,5.8,0,0,2000,26,False,0.0
1023593,Natan Masiero,2.0,D,False,27/11/2001,27/11/2001,EC São Bento,EC Santo André,6967.0,6966.0,away,15180161,07/03/2026,Paulista A2,0.65,90,6.7,0,1,2001,25,False,0.0
1186781,Luiz Felipe de Souza Soares,3.0,D,False,23/02/1999,23/02/1999,EC São Bento,EC Santo André,6967.0,6966.0,away,15180161,07/03/2026,Paulista A2,0.65,90,6.3,0,0,1999,27,False,0.0
981693,Casagrande,15.0,D,False,12/05/1999,12/05/1999,EC São Bento,EC Santo André,6967.0,6966.0,away,15180161,07/03/2026,Paulista A2,0.65,48,5.8,0,0,1999,27,False,0.0
1017674,Marcinho,6.0,D,False,28/03/2000,28/03/2000,EC São Bento,EC Santo André,6967.0,6966.0,away,15180161,07/03/2026,Paulista A2,0.65,90,7.3,1,0,2000,26,False,0.0
1830597,Gustavo Nunes Migueis,26.0,M,False,22/04/2005,22/04/2005,EC São Bento,EC Santo André,6967.0,6966.0,away,15180161,07/03/2026,Paulista A2,0.65,62,6.5,0,0,2005,21,True,0.0
2026450,Guilherme da Silva Ramos,8.0,M,False,28/09/2005,28/09/2005,EC São Bento,EC Santo André,6967.0,6966.0,away,15180161,07/03/2026,Paulista A2,0.65,90,6.4,0,0,2005,21,True,0.0
345623,Fábio Bahia,5.0,M,False,02/11/1983,02/11/1983,EC São Bento,EC Santo André,6967.0,6966.0,away,15180161,07/03/2026,Paulista A2,0.65,89,6.3,0,0,1983,43,False,0.0
1589352,Cauê Raphael de Souza Soares,13.0,M,False,26/04/2004,26/04/2004,EC São Bento,EC Santo André,6967.0,6966.0,away,15180161,07/03/2026,Paulista A2,0.65,80,6.7,0,0,2004,22,True,0.0
1634091,Matheo Laselva Lima,9.0,F,False,,,EC São Bento,EC Santo André,6967.0,6966.0,away,15180161,07/03/2026,Paulista A2,0.65,90,7.2,1,0,0,0,False,0.0
1105060,Inacio Neto,10.0,F,False,23/07/1996,23/07/1996,EC São Bento,EC Santo André,6967.0,6966.0,away,15180161,07/03/2026,Paulista A2,0.65,90,7.1,0,0,1996,30,False,0.0
1465221,Kayo Soares,16.0,M,True,09/07/1996,09/07/1996,EC São Bento,EC Santo André,6967.0,6966.0,away,15180161,07/03/2026,Paulista A2,0.65,52,6.4,0,0,1996,30,False,0.0
1609652,Wellington Batista Barbosa,11.0,M,True,05/04/1995,05/04/1995,EC São Bento,EC Santo André,6967.0,6966.0,away,15180161,07/03/2026,Paulista A2,0.65,38,6.2,0,0,1995,31,False,0.0
1637198,Flavio dos Reis Frazão,22.0,M,True,04/01/2004,04/01/2004,EC São Bento,EC Santo André,6967.0,6966.0,away,15180161,07/03/2026,Paulista A2,0.65,20,6.0,0,0,2004,22,True,0.0
1637090,Guilherme Ferezin Guimaraes,17.0,M,True,20/03/2006,20/03/2006,EC São Bento,EC Santo André,6967.0,6966.0,away,15180161,07/03/2026,Paulista A2,0.65,11,6.2,0,0,2006,20,True,0.0
1174638,Léo Wall,1.0,G,False,27/04/2000,27/04/2000,Ferroviária,CA Linense,35285.0,47503.0,home,15180168,07/03/2026,Paulista A2,0.65,90,6.4,0,0,2000,26,False,0.0
870377,Felipe Rodrigues,22.0,D,False,31/10/1995,31/10/1995,Ferroviária,CA Linense,35285.0,47503.0,home,15180168,07/03/2026,Paulista A2,0.65,90,7.5,0,1,1995,31,False,0.0
1017000,Gustavo Medina,13.0,D,False,07/09/2001,07/09/2001,Ferroviária,CA Linense,35285.0,47503.0,home,15180168,07/03/2026,Paulista A2,0.65,90,6.8,0,0,2001,25,False,0.0
1174625,Zé Vitor,40.0,D,False,10/06/2002,10/06/2002,Ferroviária,CA Linense,35285.0,47503.0,home,15180168,07/03/2026,Paulista A2,0.65,90,7.0,0,0,2002,24,False,0.0
1117470,Edson Lucas,6.0,D,False,30/07/2000,30/07/2000,Ferroviária,CA Linense,35285.0,47503.0,home,15180168,07/03/2026,Paulista A2,0.65,90,7.4,0,0,2000,26,False,0.0
870802,Ricardinho,5.0,M,False,27/03/1989,27/03/1989,Ferroviária,CA Linense,35285.0,47503.0,home,15180168,07/03/2026,Paulista A2,0.65,86,7.2,0,0,1989,37,False,0.0
1533964,Alencar,8.0,M,False,07/08/2002,07/08/2002,Ferroviária,CA Linense,35285.0,47503.0,home,15180168,07/03/2026,Paulista A2,0.65,86,6.8,0,0,2002,24,False,0.0
1526993,Mateus Cantarelli Gall,17.0,M,False,21/06/2005,21/06/2005,Ferroviária,CA Linense,35285.0,47503.0,home,15180168,07/03/2026,Paulista A2,0.65,50,6.5,0,0,2005,21,True,0.0
1214719,Antonio David Souza,20.0,M,False,08/02/2004,08/02/2004,Ferroviária,CA Linense,35285.0,47503.0,home,15180168,07/03/2026,Paulista A2,0.65,50,6.5,0,0,2004,22,True,0.0
1465450,Vitor Barreto,11.0,M,False,01/04/2000,01/04/2000,Ferroviária,CA Linense,35285.0,47503.0,home,15180168,07/03/2026,Paulista A2,0.65,62,7.3,0,0,2000,26,False,0.0
1589395,Thiago Montelo Pereira,19.0,F,False,29/01/2005,29/01/2005,Ferroviária,CA Linense,35285.0,47503.0,home,15180168,07/03/2026,Paulista A2,0.65,90,7.4,1,0,2005,21,True,0.0
2067560,Abner Eduardo Ramos dos Santos,32.0,M,True,26/05/2009,26/05/2009,Ferroviária,CA Linense,35285.0,47503.0,home,15180168,07/03/2026,Paulista A2,0.65,52,6.7,0,0,2009,17,True,0.0
866851,Rafael Carrilho,18.0,M,True,08/01/1995,08/01/1995,Ferroviária,CA Linense,35285.0,47503.0,home,15180168,07/03/2026,Paulista A2,0.65,52,6.7,0,0,1995,31,False,0.0
1647596,Pedro Estevam,33.0,F,True,02/01/2005,02/01/2005,Ferroviária,CA Linense,35285.0,47503.0,home,15180168,07/03/2026,Paulista A2,0.65,40,6.5,0,0,2005,21,True,0.0
1589491,Arthur Nether Schiling,23.0,M,True,07/11/2005,07/11/2005,Ferroviária,CA Linense,35285.0,47503.0,home,15180168,07/03/2026,Paulista A2,0.65,16,7.0,0,0,2005,21,True,0.0
1631865,Raoni dos Santos Ramos,30.0,M,True,,,Ferroviária,CA Linense,35285.0,47503.0,home,15180168,07/03/2026,Paulista A2,0.65,16,6.6,0,0,0,0,False,0.0
1020283,Harrison,23.0,G,False,18/08/1993,18/08/1993,CA Linense,Ferroviária,47503.0,35285.0,away,15180168,07/03/2026,Paulista A2,0.65,90,6.7,0,0,1993,33,False,0.0
1631271,Kauê Leonardo,17.0,D,False,11/04/2005,11/04/2005,CA Linense,Ferroviária,47503.0,35285.0,away,15180168,07/03/2026,Paulista A2,0.65,90,6.1,0,1,2005,21,True,0.0
1017618,Bruno Azevedo,14.0,D,False,25/09/1998,25/09/1998,CA Linense,Ferroviária,47503.0,35285.0,away,15180168,07/03/2026,Paulista A2,0.65,50,6.6,0,0,1998,28,False,0.0
1016927,Joanderson,3.0,D,False,06/01/1999,06/01/1999,CA Linense,Ferroviária,47503.0,35285.0,away,15180168,07/03/2026,Paulista A2,0.65,90,7.4,0,0,1999,27,False,0.0
1524156,João Vitor Gomes Lopes,4.0,D,False,22/11/2003,22/11/2003,CA Linense,Ferroviária,47503.0,35285.0,away,15180168,07/03/2026,Paulista A2,0.65,90,6.5,0,0,2003,23,True,0.0
1469527,Rafael Soares,16.0,D,False,27/12/2004,27/12/2004,CA Linense,Ferroviária,47503.0,35285.0,away,15180168,07/03/2026,Paulista A2,0.65,68,6.5,0,0,2004,22,True,0.0
878495,Vinicius Jau,11.0,M,False,03/04/1998,03/04/1998,CA Linense,Ferroviária,47503.0,35285.0,away,15180168,07/03/2026,Paulista A2,0.65,68,6.2,0,0,1998,28,False,0.0
871168,Rodolfo Potiguar,5.0,M,False,24/01/1988,24/01/1988,CA Linense,Ferroviária,47503.0,35285.0,away,15180168,07/03/2026,Paulista A2,0.65,50,6.6,0,0,1988,38,False,0.0
1199393,Caio Rafael,10.0,M,False,14/06/2004,14/06/2004,CA Linense,Ferroviária,47503.0,35285.0,away,15180168,07/03/2026,Paulista A2,0.65,90,6.6,0,0,2004,22,True,0.0
870882,Emerson Carioca,25.0,F,False,07/12/1995,07/12/1995,CA Linense,Ferroviária,47503.0,35285.0,away,15180168,07/03/2026,Paulista A2,0.65,90,7.0,1,0,1995,31,False,0.0
1161038,Vinícius,22.0,F,False,10/09/1999,10/09/1999,CA Linense,Ferroviária,47503.0,35285.0,away,15180168,07/03/2026,Paulista A2,0.65,90,6.8,0,0,1999,27,False,0.0
1189875,Pedro Henrique da Rosa,2.0,D,True,14/04/2003,14/04/2003,CA Linense,Ferroviária,47503.0,35285.0,away,15180168,07/03/2026,Paulista A2,0.65,52,6.3,0,0,2003,23,True,0.0
1046554,Figueiredo,20.0,M,True,25/04/2002,25/04/2002,CA Linense,Ferroviária,47503.0,35285.0,away,15180168,07/03/2026,Paulista A2,0.65,52,6.4,0,0,2002,24,False,0.0
1170969,Talys,6.0,D,True,22/05/1995,22/05/1995,CA Linense,Ferroviária,47503.0,35285.0,away,15180168,07/03/2026,Paulista A2,0.65,34,6.6,0,0,1995,31,False,0.0
1016998,Lucas Vital,15.0,M,True,21/05/2001,21/05/2001,CA Linense,Ferroviária,47503.0,35285.0,away,15180168,07/03/2026,Paulista A2,0.65,34,6.7,0,0,2001,25,False,0.0
2033845,Daniel Bolt,13.0,D,True,05/09/2005,05/09/2005,CA Linense,Ferroviária,47503.0,35285.0,away,15180168,07/03/2026,Paulista A2,0.65,1,0.0,0,0,2005,21,True,0.0
865372,Saulo,1.0,G,False,10/08/1985,10/08/1985,Inter de Limeira,Juventus-SP,135526.0,6960.0,home,15180159,07/03/2026,Paulista A2,0.65,90,7.2,0,0,1985,41,False,0.0
818536,Breno Santos,2.0,D,False,18/01/1996,18/01/1996,Inter de Limeira,Juventus-SP,135526.0,6960.0,home,15180159,07/03/2026,Paulista A2,0.65,90,5.8,0,0,1996,30,False,0.0
1105280,Robson,30.0,D,False,06/04/1993,06/04/1993,Inter de Limeira,Juventus-SP,135526.0,6960.0,home,15180159,07/03/2026,Paulista A2,0.65,88,6.9,0,0,1993,33,False,0.0
877549,Frazan,3.0,D,False,05/06/1996,05/06/1996,Inter de Limeira,Juventus-SP,135526.0,6960.0,home,15180159,07/03/2026,Paulista A2,0.65,90,6.7,0,0,1996,30,False,0.0
1018266,Mário Henrique,6.0,D,False,25/09/1993,25/09/1993,Inter de Limeira,Juventus-SP,135526.0,6960.0,home,15180159,07/03/2026,Paulista A2,0.65,90,6.2,0,0,1993,33,False,0.0
244087,Emerson Santos,31.0,M,False,27/02/1992,27/02/1992,Inter de Limeira,Juventus-SP,135526.0,6960.0,home,15180159,07/03/2026,Paulista A2,0.65,88,6.8,0,0,1992,34,False,0.0
1021725,Romarinho,35.0,M,False,20/06/1994,20/06/1994,Inter de Limeira,Juventus-SP,135526.0,6960.0,home,15180159,07/03/2026,Paulista A2,0.65,90,6.9,0,0,1994,32,False,0.0
840279,Rafael Oller,7.0,M,False,24/02/1995,24/02/1995,Inter de Limeira,Juventus-SP,135526.0,6960.0,home,15180159,07/03/2026,Paulista A2,0.65,65,6.5,0,0,1995,31,False,0.0
1016996,Claudinho,10.0,M,False,18/11/2000,18/11/2000,Inter de Limeira,Juventus-SP,135526.0,6960.0,home,15180159,07/03/2026,Paulista A2,0.65,90,6.9,0,1,2000,26,False,0.0
1117079,Marquinhos Brazion,32.0,M,False,08/07/2000,08/07/2000,Inter de Limeira,Juventus-SP,135526.0,6960.0,home,15180159,07/03/2026,Paulista A2,0.65,65,6.6,0,0,2000,26,False,0.0
1016911,Zé Eduardo,18.0,F,False,08/07/1999,08/07/1999,Inter de Limeira,Juventus-SP,135526.0,6960.0,home,15180159,07/03/2026,Paulista A2,0.65,80,7.2,1,0,1999,27,False,0.0
1047687,Vitor Leque,19.0,M,True,19/01/2001,19/01/2001,Inter de Limeira,Juventus-SP,135526.0,6960.0,home,15180159,07/03/2026,Paulista A2,0.65,36,6.2,0,0,2001,25,False,0.0
928133,Getúlio,17.0,M,True,10/06/1997,10/06/1997,Inter de Limeira,Juventus-SP,135526.0,6960.0,home,15180159,07/03/2026,Paulista A2,0.65,36,6.3,0,0,1997,29,False,0.0
1067645,Luiz Guilherme,8.0,M,True,19/03/2004,19/03/2004,Inter de Limeira,Juventus-SP,135526.0,6960.0,home,15180159,07/03/2026,Paulista A2,0.65,20,6.5,0,0,2004,22,True,0.0
1104798,Eduardo Porto,4.0,D,True,01/03/2001,01/03/2001,Inter de Limeira,Juventus-SP,135526.0,6960.0,home,15180159,07/03/2026,Paulista A2,0.65,12,6.4,0,0,2001,25,False,0.0
1546627,Lucas Xavier Felix,25.0,M,True,05/09/2000,05/09/2000,Inter de Limeira,Juventus-SP,135526.0,6960.0,home,15180159,07/03/2026,Paulista A2,0.65,12,6.5,0,0,2000,26,False,0.0
863352,Lucas Passarelli,25.0,G,False,27/06/1996,27/06/1996,Juventus-SP,Inter de Limeira,6960.0,135526.0,away,15180159,07/03/2026,Paulista A2,0.65,90,6.4,0,0,1996,30,False,0.0
931754,Marcelo,23.0,D,False,10/01/1990,10/01/1990,Juventus-SP,Inter de Limeira,6960.0,135526.0,away,15180159,07/03/2026,Paulista A2,0.65,90,7.0,0,0,1990,36,False,0.0
362284,Fernando Fonseca,4.0,D,False,29/12/1993,29/12/1993,Juventus-SP,Inter de Limeira,6960.0,135526.0,away,15180159,07/03/2026,Paulista A2,0.65,90,7.1,0,0,1993,33,False,0.0
1018930,Thomás Kayck,32.0,D,False,29/01/1996,29/01/1996,Juventus-SP,Inter de Limeira,6960.0,135526.0,away,15180159,07/03/2026,Paulista A2,0.65,90,6.7,0,0,1996,30,False,0.0
1105032,Eduardo Soares,6.0,D,False,16/10/2000,16/10/2000,Juventus-SP,Inter de Limeira,6960.0,135526.0,away,15180159,07/03/2026,Paulista A2,0.65,90,7.0,0,1,2000,26,False,0.0
1170771,Keven Vinícius,31.0,M,False,15/02/2003,15/02/2003,Juventus-SP,Inter de Limeira,6960.0,135526.0,away,15180159,07/03/2026,Paulista A2,0.65,56,6.8,0,0,2003,23,True,0.0
922553,Matheus Ferreira,33.0,M,False,19/02/1993,19/02/1993,Juventus-SP,Inter de Limeira,6960.0,135526.0,away,15180159,07/03/2026,Paulista A2,0.65,90,6.7,0,0,1993,33,False,0.0
1491533,John Adams Egito da Silva,8.0,M,False,26/05/1995,26/05/1995,Juventus-SP,Inter de Limeira,6960.0,135526.0,away,15180159,07/03/2026,Paulista A2,0.65,75,7.5,0,0,1995,31,False,0.0
1192303,Paulinho,7.0,M,False,29/09/2002,29/09/2002,Juventus-SP,Inter de Limeira,6960.0,135526.0,away,15180159,07/03/2026,Paulista A2,0.65,90,7.2,0,1,2002,24,False,0.0
1465219,Vinicius Spaniol,77.0,F,False,22/03/2001,22/03/2001,Juventus-SP,Inter de Limeira,6960.0,135526.0,away,15180159,07/03/2026,Paulista A2,0.65,90,6.9,0,0,2001,25,False,0.0
1515292,Edinho,10.0,F,False,23/08/2001,23/08/2001,Juventus-SP,Inter de Limeira,6960.0,135526.0,away,15180159,07/03/2026,Paulista A2,0.65,75,8.9,1,0,2001,25,False,0.0
1010582,Romário Simoes,19.0,F,True,02/06/1999,02/06/1999,Juventus-SP,Inter de Limeira,6960.0,135526.0,away,15180159,07/03/2026,Paulista A2,0.65,44,7.4,1,0,1999,27,False,0.0
773549,Andrew,99.0,M,True,15/09/1996,15/09/1996,Juventus-SP,Inter de Limeira,6960.0,135526.0,away,15180159,07/03/2026,Paulista A2,0.65,25,6.7,0,0,1996,30,False,0.0
931760,Madison,5.0,M,True,08/07/1998,08/07/1998,Juventus-SP,Inter de Limeira,6960.0,135526.0,away,15180159,07/03/2026,Paulista A2,0.65,25,6.9,0,0,1998,28,False,0.0
1645851,Luiz Gustavo,28.0,F,True,30/05/2003,30/05/2003,Juventus-SP,Inter de Limeira,6960.0,135526.0,away,15180159,07/03/2026,Paulista A2,0.65,7,0.0,0,0,2003,23,True,0.0
886764,Matheus Leal,16.0,D,True,07/01/1995,07/01/1995,Juventus-SP,Inter de Limeira,6960.0,135526.0,away,15180159,07/03/2026,Paulista A2,0.65,7,0.0,0,0,1995,31,False,0.0
869651,Lucas Wingert,1.0,G,False,04/05/1999,04/05/1999,Ituano,Monte Azul,2025.0,39617.0,home,15180172,07/03/2026,Paulista A2,0.65,48,6.5,0,0,1999,27,False,0.0
2031365,Gabriel William,3.0,D,False,15/03/2007,15/03/2007,Ituano,Monte Azul,2025.0,39617.0,home,15180172,07/03/2026,Paulista A2,0.65,90,6.1,0,0,2007,19,True,0.0
2440869,Leandro Sergipe,4.0,D,False,28/04/1999,28/04/1999,Ituano,Monte Azul,2025.0,39617.0,home,15180172,07/03/2026,Paulista A2,0.65,90,6.6,0,0,1999,27,False,0.0
1631591,Matheus Henrique Rocha,5.0,D,False,10/06/2006,10/06/2006,Ituano,Monte Azul,2025.0,39617.0,home,15180172,07/03/2026,Paulista A2,0.65,72,5.8,0,0,2006,20,True,0.0
1588628,Victor Silva dos Reis,2.0,M,False,06/04/2004,06/04/2004,Ituano,Monte Azul,2025.0,39617.0,home,15180172,07/03/2026,Paulista A2,0.65,90,7.3,1,0,2004,22,True,0.0
839773,Xavier,10.0,M,False,13/12/1994,13/12/1994,Ituano,Monte Azul,2025.0,39617.0,home,15180172,07/03/2026,Paulista A2,0.65,90,7.2,0,0,1994,32,False,0.0
1587856,Lipe Gadol,8.0,M,False,20/03/2004,20/03/2004,Ituano,Monte Azul,2025.0,39617.0,home,15180172,07/03/2026,Paulista A2,0.65,59,6.7,0,0,2004,22,True,0.0
1148378,Tiago Silva,6.0,M,False,14/06/2001,14/06/2001,Ituano,Monte Azul,2025.0,39617.0,home,15180172,07/03/2026,Paulista A2,0.65,90,6.8,0,0,2001,25,False,0.0
1587832,Lucas Soares Stefanello,11.0,F,False,16/02/2005,16/02/2005,Ituano,Monte Azul,2025.0,39617.0,home,15180172,07/03/2026,Paulista A2,0.65,59,7.0,0,0,2005,21,True,0.0
1587911,Gabriel Razera,9.0,F,False,18/02/2004,18/02/2004,Ituano,Monte Azul,2025.0,39617.0,home,15180172,07/03/2026,Paulista A2,0.65,90,6.7,0,1,2004,22,True,0.0
79097,Neto Berola,7.0,F,False,18/11/1987,18/11/1987,Ituano,Monte Azul,2025.0,39617.0,home,15180172,07/03/2026,Paulista A2,0.65,59,8.8,2,0,1987,39,False,0.0
753660,Saulo,12.0,G,True,20/04/1995,20/04/1995,Ituano,Monte Azul,2025.0,39617.0,home,15180172,07/03/2026,Paulista A2,0.65,53,6.1,0,0,1995,31,False,0.0
152510,Fernando Canesin,20.0,F,True,27/02/1992,27/02/1992,Ituano,Monte Azul,2025.0,39617.0,home,15180172,07/03/2026,Paulista A2,0.65,42,6.6,0,0,1992,34,False,0.0
2026934,Leonardo Souza de Oliveira,15.0,M,True,20/05/2005,20/05/2005,Ituano,Monte Azul,2025.0,39617.0,home,15180172,07/03/2026,Paulista A2,0.65,42,6.3,0,0,2005,21,True,0.0
1510221,José Carlos,19.0,F,True,09/01/2004,09/01/2004,Ituano,Monte Azul,2025.0,39617.0,home,15180172,07/03/2026,Paulista A2,0.65,42,6.6,0,0,2004,22,True,0.0
839772,Osman Menezes,17.0,F,True,29/10/1992,29/10/1992,Ituano,Monte Azul,2025.0,39617.0,home,15180172,07/03/2026,Paulista A2,0.65,29,6.7,0,0,1992,34,False,0.0
1514521,Igor Castro Dourado,1.0,G,False,01/04/1989,01/04/1989,Monte Azul,Ituano,39617.0,2025.0,away,15180172,07/03/2026,Paulista A2,0.65,90,6.5,0,0,1989,37,False,0.0
2080409,Cláudio Gustavo,2.0,D,False,09/10/2004,09/10/2004,Monte Azul,Ituano,39617.0,2025.0,away,15180172,07/03/2026,Paulista A2,0.65,48,6.3,0,0,2004,22,True,0.0
1546702,Allan Passos dos Santos,3.0,D,False,11/06/2004,11/06/2004,Monte Azul,Ituano,39617.0,2025.0,away,15180172,07/03/2026,Paulista A2,0.65,90,5.8,0,0,2004,22,True,0.0
932000,Luan Silva,4.0,D,False,20/04/1997,20/04/1997,Monte Azul,Ituano,39617.0,2025.0,away,15180172,07/03/2026,Paulista A2,0.65,65,7.3,1,0,1997,29,False,0.0
2166888,Didi,6.0,D,False,03/01/2006,03/01/2006,Monte Azul,Ituano,39617.0,2025.0,away,15180172,07/03/2026,Paulista A2,0.65,48,6.0,0,0,2006,20,True,0.0
1467890,Roni,5.0,M,False,22/07/2002,22/07/2002,Monte Azul,Ituano,39617.0,2025.0,away,15180172,07/03/2026,Paulista A2,0.65,89,6.4,0,0,2002,24,False,0.0
1470430,Sony Anderson Cunha da Silva,9.0,M,False,27/01/2004,27/01/2004,Monte Azul,Ituano,39617.0,2025.0,away,15180172,07/03/2026,Paulista A2,0.65,90,6.1,0,0,2004,22,True,0.0
2443188,Vitor Mariano Severo,7.0,M,False,29/01/2005,29/01/2005,Monte Azul,Ituano,39617.0,2025.0,away,15180172,07/03/2026,Paulista A2,0.65,90,7.1,0,0,2005,21,True,0.0
1631702,Clayton Cleydson da Silva Nascimento,8.0,M,False,24/02/2004,24/02/2004,Monte Azul,Ituano,39617.0,2025.0,away,15180172,07/03/2026,Paulista A2,0.65,90,6.9,0,0,2004,22,True,0.0
1472029,Wanderson Martins,11.0,M,False,08/10/2002,08/10/2002,Monte Azul,Ituano,39617.0,2025.0,away,15180172,07/03/2026,Paulista A2,0.65,90,6.4,0,0,2002,24,False,0.0
1640977,Vitinho,10.0,F,False,03/07/2001,03/07/2001,Monte Azul,Ituano,39617.0,2025.0,away,15180172,07/03/2026,Paulista A2,0.65,90,7.4,1,0,2001,25,False,0.0
1640978,Luis Fernando Nascimento Marques,16.0,D,True,27/12/2000,27/12/2000,Monte Azul,Ituano,39617.0,2025.0,away,15180172,07/03/2026,Paulista A2,0.65,53,6.9,0,0,2000,26,False,0.0
1019672,Wallace,22.0,F,True,15/12/2000,15/12/2000,Monte Azul,Ituano,39617.0,2025.0,away,15180172,07/03/2026,Paulista A2,0.65,53,8.0,1,0,2000,26,False,0.0
1609538,Lucas Mazdiel Aruba Santos,17.0,M,True,26/03/2004,26/03/2004,Monte Azul,Ituano,39617.0,2025.0,away,15180172,07/03/2026,Paulista A2,0.65,36,6.9,0,0,2004,22,True,0.0
2420828,Fabio  Santos Nascimento,21.0,D,True,02/08/2004,02/08/2004,Monte Azul,Ituano,39617.0,2025.0,away,15180172,07/03/2026,Paulista A2,0.65,11,6.5,0,0,2004,22,True,0.0
1993357,Gustavo Alexandre Pereira Dos Santos,13.0,M,True,15/06/1999,15/06/1999,Monte Azul,Ituano,39617.0,2025.0,away,15180172,07/03/2026,Paulista A2,0.65,2,6.3,0,0,1999,27,False,0.0
866436,João Lucas,22.0,G,False,15/09/1993,15/09/1993,São José EC,Sertãozinho,88744.0,6958.0,home,15180173,07/03/2026,Paulista A2,0.65,90,6.1,0,0,1993,33,False,0.0
975204,Matheus Rocha,26.0,D,False,27/12/1998,27/12/1998,São José EC,Sertãozinho,88744.0,6958.0,home,15180173,07/03/2026,Paulista A2,0.65,90,7.4,0,0,1998,28,False,0.0
1104718,Iran,33.0,D,False,29/11/1995,29/11/1995,São José EC,Sertãozinho,88744.0,6958.0,home,15180173,07/03/2026,Paulista A2,0.65,90,6.4,0,0,1995,31,False,0.0
881474,Léo Rigo,4.0,D,False,25/04/1995,25/04/1995,São José EC,Sertãozinho,88744.0,6958.0,home,15180173,07/03/2026,Paulista A2,0.65,90,7.2,0,0,1995,31,False,0.0
975356,Felippe Borges,6.0,D,False,04/12/1999,04/12/1999,São José EC,Sertãozinho,88744.0,6958.0,home,15180173,07/03/2026,Paulista A2,0.65,90,7.5,0,1,1999,27,False,0.0
795301,Ruan,18.0,M,False,17/08/1993,17/08/1993,São José EC,Sertãozinho,88744.0,6958.0,home,15180173,07/03/2026,Paulista A2,0.65,51,6.4,0,0,1993,33,False,0.0
1023596,Thomaz Carvalho,8.0,M,False,20/05/2001,20/05/2001,São José EC,Sertãozinho,88744.0,6958.0,home,15180173,07/03/2026,Paulista A2,0.65,90,7.1,0,0,2001,25,False,0.0
2128550,Luis Otávio,25.0,M,False,01/08/2000,01/08/2000,São José EC,Sertãozinho,88744.0,6958.0,home,15180173,07/03/2026,Paulista A2,0.65,89,7.2,0,0,2000,26,False,0.0
1175319,Rikelmi,27.0,M,False,14/08/2001,14/08/2001,São José EC,Sertãozinho,88744.0,6958.0,home,15180173,07/03/2026,Paulista A2,0.65,51,6.3,0,0,2001,25,False,0.0
963009,Gabriel Ramos,23.0,F,False,20/03/1996,20/03/1996,São José EC,Sertãozinho,88744.0,6958.0,home,15180173,07/03/2026,Paulista A2,0.65,51,6.1,0,0,1996,30,False,0.0
1177397,Lucas Reis,17.0,F,False,14/06/2001,14/06/2001,São José EC,Sertãozinho,88744.0,6958.0,home,15180173,07/03/2026,Paulista A2,0.65,70,6.7,0,0,2001,25,False,0.0
1124325,Michael Paulista,10.0,F,True,11/05/1994,11/05/1994,São José EC,Sertãozinho,88744.0,6958.0,home,15180173,07/03/2026,Paulista A2,0.65,54,7.0,0,0,1994,32,False,0.0
1170918,Pedro Arthur,11.0,M,True,09/10/2002,09/10/2002,São José EC,Sertãozinho,88744.0,6958.0,home,15180173,07/03/2026,Paulista A2,0.65,54,8.0,1,0,2002,24,False,0.0
962041,Rodrigo Bezerra Carioca,30.0,M,True,21/06/1999,21/06/1999,São José EC,Sertãozinho,88744.0,6958.0,home,15180173,07/03/2026,Paulista A2,0.65,54,7.0,0,0,1999,27,False,0.0
1021449,Clessione,9.0,F,True,15/06/1994,15/06/1994,São José EC,Sertãozinho,88744.0,6958.0,home,15180173,07/03/2026,Paulista A2,0.65,35,6.9,0,0,1994,32,False,0.0
1104116,Cristiano Robert,7.0,M,True,31/08/2001,31/08/2001,São José EC,Sertãozinho,88744.0,6958.0,home,15180173,07/03/2026,Paulista A2,0.65,17,6.8,0,0,2001,25,False,0.0
1049031,João Victor,1.0,G,False,23/10/2000,23/10/2000,Sertãozinho,São José EC,6958.0,88744.0,away,15180173,07/03/2026,Paulista A2,0.65,90,7.6,0,0,2000,26,False,0.0
1507656,Vinicios,2.0,D,False,06/01/2001,06/01/2001,Sertãozinho,São José EC,6958.0,88744.0,away,15180173,07/03/2026,Paulista A2,0.65,90,6.4,0,0,2001,25,False,0.0
1834741,Bruno Alberto dos Santos,4.0,D,False,30/08/2005,30/08/2005,Sertãozinho,São José EC,6958.0,88744.0,away,15180173,07/03/2026,Paulista A2,0.65,90,6.3,0,0,2005,21,True,0.0
1148364,Marco Gabriel,3.0,D,False,16/11/2000,16/11/2000,Sertãozinho,São José EC,6958.0,88744.0,away,15180173,07/03/2026,Paulista A2,0.65,90,6.9,0,0,2000,26,False,0.0
1113073,Helder Sá,6.0,D,False,10/11/2002,10/11/2002,Sertãozinho,São José EC,6958.0,88744.0,away,15180173,07/03/2026,Paulista A2,0.65,70,7.1,0,0,2002,24,False,0.0
1609585,Tenner Alexandre Sampaio Costa,13.0,M,False,12/10/1998,12/10/1998,Sertãozinho,São José EC,6958.0,88744.0,away,15180173,07/03/2026,Paulista A2,0.65,90,6.7,0,1,1998,28,False,0.0
1654108,Matheus Prado,10.0,M,False,06/08/2000,06/08/2000,Sertãozinho,São José EC,6958.0,88744.0,away,15180173,07/03/2026,Paulista A2,0.65,70,8.4,2,0,2000,26,False,0.0
1170772,Riquelme Rodrigues,5.0,M,False,02/10/2002,02/10/2002,Sertãozinho,São José EC,6958.0,88744.0,away,15180173,07/03/2026,Paulista A2,0.65,90,6.8,0,0,2002,24,False,0.0
881482,Lorran,7.0,F,False,02/05/1995,02/05/1995,Sertãozinho,São José EC,6958.0,88744.0,away,15180173,07/03/2026,Paulista A2,0.65,90,6.4,0,0,1995,31,False,0.0
1118328,Adiel,9.0,F,False,13/12/2001,13/12/2001,Sertãozinho,São José EC,6958.0,88744.0,away,15180173,07/03/2026,Paulista A2,0.65,70,6.4,0,0,2001,25,False,0.0
1111131,Jefferson Souza,11.0,F,False,06/10/2001,06/10/2001,Sertãozinho,São José EC,6958.0,88744.0,away,15180173,07/03/2026,Paulista A2,0.65,90,6.7,0,0,2001,25,False,0.0
2441491,Michel Camargos Rodrigues,22.0,D,True,13/05/1999,13/05/1999,Sertãozinho,São José EC,6958.0,88744.0,away,15180173,07/03/2026,Paulista A2,0.65,36,6.6,0,0,1999,27,False,0.0
1467773,Gustavo Lacerda,19.0,M,True,06/10/2004,06/10/2004,Sertãozinho,São José EC,6958.0,88744.0,away,15180173,07/03/2026,Paulista A2,0.65,36,6.2,0,0,2004,22,True,0.0
2441492,Kauan Cordeiro Silvestre,17.0,F,True,03/08/2001,03/08/2001,Sertãozinho,São José EC,6958.0,88744.0,away,15180173,07/03/2026,Paulista A2,0.65,36,6.6,0,0,2001,25,False,0.0
1589813,Luiz Eduardo da Silva Rocha,15.0,F,True,02/01/2005,02/01/2005,Sertãozinho,São José EC,6958.0,88744.0,away,15180173,07/03/2026,Paulista A2,0.65,10,6.7,0,0,2005,21,True,0.0
1186618,Matheus Moreira,18.0,F,True,23/02/2001,23/02/2001,Sertãozinho,São José EC,6958.0,88744.0,away,15180173,07/03/2026,Paulista A2,0.65,3,0.0,0,0,2001,25,False,0.0
344207,Adilson Junior,1.0,G,False,30/07/1988,30/07/1988,Taubaté,Grêmio Prudente,135512.0,252408.0,home,15180163,07/03/2026,Paulista A2,0.65,90,6.6,0,0,1988,38,False,0.0
869533,Yago,2.0,D,False,22/05/1994,22/05/1994,Taubaté,Grêmio Prudente,135512.0,252408.0,home,15180163,07/03/2026,Paulista A2,0.65,66,6.5,0,0,1994,32,False,0.0
886078,Luizão,3.0,D,False,23/06/1990,23/06/1990,Taubaté,Grêmio Prudente,135512.0,252408.0,home,15180163,07/03/2026,Paulista A2,0.65,90,6.5,0,0,1990,36,False,0.0
847311,Renan Diniz,4.0,D,False,27/02/1993,27/02/1993,Taubaté,Grêmio Prudente,135512.0,252408.0,home,15180163,07/03/2026,Paulista A2,0.65,90,7.2,0,0,1993,33,False,0.0
1015272,Ítalo,6.0,D,False,01/01/2001,01/01/2001,Taubaté,Grêmio Prudente,135512.0,252408.0,home,15180163,07/03/2026,Paulista A2,0.65,90,7.0,0,0,2001,25,False,0.0
2002808,Zé Pagliarini,8.0,M,False,07/05/2004,07/05/2004,Taubaté,Grêmio Prudente,135512.0,252408.0,home,15180163,07/03/2026,Paulista A2,0.65,75,6.5,0,0,2004,22,True,0.0
1105334,Wesley Fraga,5.0,M,False,24/09/1996,24/09/1996,Taubaté,Grêmio Prudente,135512.0,252408.0,home,15180163,07/03/2026,Paulista A2,0.65,47,6.6,0,0,1996,30,False,0.0
220709,Francinilson Meireles Maranhão,7.0,M,False,03/05/1990,03/05/1990,Taubaté,Grêmio Prudente,135512.0,252408.0,home,15180163,07/03/2026,Paulista A2,0.65,90,7.1,0,0,1990,36,False,0.0
1047083,Ariel,22.0,M,False,04/04/1996,04/04/1996,Taubaté,Grêmio Prudente,135512.0,252408.0,home,15180163,07/03/2026,Paulista A2,0.65,60,7.2,0,0,1996,30,False,0.0
1186942,Rodrigo Gaia,10.0,M,False,14/06/2001,14/06/2001,Taubaté,Grêmio Prudente,135512.0,252408.0,home,15180163,07/03/2026,Paulista A2,0.65,66,6.4,0,0,2001,25,False,0.0
1463498,Macário,9.0,F,False,17/03/2001,17/03/2001,Taubaté,Grêmio Prudente,135512.0,252408.0,home,15180163,07/03/2026,Paulista A2,0.65,90,6.7,1,0,2001,25,False,0.0
1018657,Anderson Künzel,15.0,M,True,21/05/1990,21/05/1990,Taubaté,Grêmio Prudente,135512.0,252408.0,home,15180163,07/03/2026,Paulista A2,0.65,50,7.1,0,0,1990,36,False,0.0
1474553,Luan Santos,19.0,M,True,31/12/1999,31/12/1999,Taubaté,Grêmio Prudente,135512.0,252408.0,home,15180163,07/03/2026,Paulista A2,0.65,37,6.6,0,0,1999,27,False,0.0
1924576,Mika,13.0,D,True,21/01/2002,21/01/2002,Taubaté,Grêmio Prudente,135512.0,252408.0,home,15180163,07/03/2026,Paulista A2,0.65,31,6.7,0,0,2002,24,False,0.0
2441490,Bernardo Ferrari Goldberg Da Rosa,20.0,M,True,,,Taubaté,Grêmio Prudente,135512.0,252408.0,home,15180163,07/03/2026,Paulista A2,0.65,31,6.5,0,0,0,0,False,0.0
1643165,Luiz Fernando Yamada,18.0,M,True,30/01/1995,30/01/1995,Taubaté,Grêmio Prudente,135512.0,252408.0,home,15180163,07/03/2026,Paulista A2,0.65,22,6.5,0,0,1995,31,False,0.0
1020174,João Paulo,96.0,G,False,31/01/1996,31/01/1996,Grêmio Prudente,Taubaté,252408.0,135512.0,away,15180163,07/03/2026,Paulista A2,0.65,90,6.8,0,0,1996,30,False,0.0
914491,Felipe Albuquerque,67.0,D,False,29/09/1999,29/09/1999,Grêmio Prudente,Taubaté,252408.0,135512.0,away,15180163,07/03/2026,Paulista A2,0.65,90,7.0,0,0,1999,27,False,0.0
931482,Fredson,91.0,D,False,30/11/1991,30/11/1991,Grêmio Prudente,Taubaté,252408.0,135512.0,away,15180163,07/03/2026,Paulista A2,0.65,50,6.4,0,0,1991,35,False,0.0
1931447,João Victor,2.0,D,False,18/05/1995,18/05/1995,Grêmio Prudente,Taubaté,252408.0,135512.0,away,15180163,07/03/2026,Paulista A2,0.65,90,6.7,0,0,1995,31,False,0.0
1462653,Igor Ribeiro,24.0,D,False,10/05/2001,10/05/2001,Grêmio Prudente,Taubaté,252408.0,135512.0,away,15180163,07/03/2026,Paulista A2,0.65,26,6.3,0,0,2001,25,False,0.0
987383,Luiz Fernando,99.0,M,False,08/01/1998,08/01/1998,Grêmio Prudente,Taubaté,252408.0,135512.0,away,15180163,07/03/2026,Paulista A2,0.65,90,6.5,0,0,1998,28,False,0.0
1872965,Dérick,5.0,M,False,06/10/2000,06/10/2000,Grêmio Prudente,Taubaté,252408.0,135512.0,away,15180163,07/03/2026,Paulista A2,0.65,90,6.3,0,0,2000,26,False,0.0
1047839,Rafinha,11.0,M,False,12/11/1999,12/11/1999,Grêmio Prudente,Taubaté,252408.0,135512.0,away,15180163,07/03/2026,Paulista A2,0.65,47,6.8,0,0,1999,27,False,0.0
870722,Anderson Ligeiro,37.0,M,False,21/04/1995,21/04/1995,Grêmio Prudente,Taubaté,252408.0,135512.0,away,15180163,07/03/2026,Paulista A2,0.65,74,6.8,0,0,1995,31,False,0.0
1176814,Jonatha Carlos,98.0,F,False,02/11/1998,02/11/1998,Grêmio Prudente,Taubaté,252408.0,135512.0,away,15180163,07/03/2026,Paulista A2,0.65,47,6.0,0,0,1998,28,False,0.0
1191409,Everton Kanela,9.0,F,False,12/01/1996,12/01/1996,Grêmio Prudente,Taubaté,252408.0,135512.0,away,15180163,07/03/2026,Paulista A2,0.65,74,7.2,1,0,1996,30,False,0.0
870949,Mateus Muller,6.0,D,True,18/11/1995,18/11/1995,Grêmio Prudente,Taubaté,252408.0,135512.0,away,15180163,07/03/2026,Paulista A2,0.65,72,6.8,0,0,1995,31,False,0.0
1463988,Kevyn,15.0,M,True,02/03/2002,02/03/2002,Grêmio Prudente,Taubaté,252408.0,135512.0,away,15180163,07/03/2026,Paulista A2,0.65,50,6.9,0,0,2002,24,False,0.0
931575,Alan Uchôa,3.0,D,True,26/03/1999,26/03/1999,Grêmio Prudente,Taubaté,252408.0,135512.0,away,15180163,07/03/2026,Paulista A2,0.65,47,7.0,0,0,1999,27,False,0.0
1589470,Gabriel dos Santos,33.0,D,True,24/02/2004,24/02/2004,Grêmio Prudente,Taubaté,252408.0,135512.0,away,15180163,07/03/2026,Paulista A2,0.65,23,6.6,0,0,2004,22,True,0.0
1117036,Giovani Albuquerque,16.0,F,True,19/02/2001,19/02/2001,Grêmio Prudente,Taubaté,252408.0,135512.0,away,15180163,07/03/2026,Paulista A2,0.65,23,6.5,0,0,2001,25,False,0.0
34001,Victor Golas,1.0,G,False,27/12/1990,27/12/1990,XV de Piracicaba,Votuporanguense,61692.0,135524.0,home,15180166,07/03/2026,Paulista A2,0.65,90,6.5,0,0,1990,36,False,0.0
1121163,Marlon,2.0,D,False,21/07/2000,21/07/2000,XV de Piracicaba,Votuporanguense,61692.0,135524.0,home,15180166,07/03/2026,Paulista A2,0.65,90,6.9,0,0,2000,26,False,0.0
1588718,Luiz Gustavo Marques Santos,23.0,D,False,22/11/2004,22/11/2004,XV de Piracicaba,Votuporanguense,61692.0,135524.0,home,15180166,07/03/2026,Paulista A2,0.65,90,6.6,0,0,2004,22,True,0.0
1119493,Almir Luan,14.0,D,False,22/03/2002,22/03/2002,XV de Piracicaba,Votuporanguense,61692.0,135524.0,home,15180166,07/03/2026,Paulista A2,0.65,90,7.0,0,0,2002,24,False,0.0
1123822,João Victor,6.0,D,False,17/09/1998,17/09/1998,XV de Piracicaba,Votuporanguense,61692.0,135524.0,home,15180166,07/03/2026,Paulista A2,0.65,90,7.0,0,0,1998,28,False,0.0
1482115,Carlos Manuel,8.0,M,False,18/08/2000,18/08/2000,XV de Piracicaba,Votuporanguense,61692.0,135524.0,home,15180166,07/03/2026,Paulista A2,0.65,90,8.8,1,1,2000,26,False,0.0
358534,Gustavo Hebling,5.0,M,False,05/04/1996,05/04/1996,XV de Piracicaba,Votuporanguense,61692.0,135524.0,home,15180166,07/03/2026,Paulista A2,0.65,90,6.9,0,0,1996,30,False,0.0
868817,Léo Santos,22.0,M,False,10/01/1996,10/01/1996,XV de Piracicaba,Votuporanguense,61692.0,135524.0,home,15180166,07/03/2026,Paulista A2,0.65,90,7.7,0,2,1996,30,False,0.0
1637301,Sergio Henrique Favarin,10.0,F,False,30/12/2003,30/12/2003,XV de Piracicaba,Votuporanguense,61692.0,135524.0,home,15180166,07/03/2026,Paulista A2,0.65,90,6.8,0,0,2003,23,True,0.0
887844,Paulo Marcelo,9.0,F,False,20/07/1995,20/07/1995,XV de Piracicaba,Votuporanguense,61692.0,135524.0,home,15180166,07/03/2026,Paulista A2,0.65,84,9.6,3,1,1995,31,False,0.0
984979,David Ribeiro Pereira,11.0,F,False,23/04/1998,23/04/1998,XV de Piracicaba,Votuporanguense,61692.0,135524.0,home,15180166,07/03/2026,Paulista A2,0.65,90,7.1,1,0,1998,28,False,0.0
1640368,Henry Miyamoto,19.0,F,True,19/03/1999,19/03/1999,XV de Piracicaba,Votuporanguense,61692.0,135524.0,home,15180166,07/03/2026,Paulista A2,0.65,16,6.7,0,0,1999,27,False,0.0
1048286,Erik Bessa,7.0,F,True,24/05/1996,24/05/1996,XV de Piracicaba,Votuporanguense,61692.0,135524.0,home,15180166,07/03/2026,Paulista A2,0.65,8,6.6,0,0,1996,30,False,0.0
931548,Robson,21.0,M,True,20/06/1993,20/06/1993,XV de Piracicaba,Votuporanguense,61692.0,135524.0,home,15180166,07/03/2026,Paulista A2,0.65,8,6.5,0,0,1993,33,False,0.0
870678,Djavan,25.0,M,True,27/11/1995,27/11/1995,XV de Piracicaba,Votuporanguense,61692.0,135524.0,home,15180166,07/03/2026,Paulista A2,0.65,1,0.0,0,0,1995,31,False,0.0
1644831,Mauricio Nunes,17.0,M,True,24/04/2002,24/04/2002,XV de Piracicaba,Votuporanguense,61692.0,135524.0,home,15180166,07/03/2026,Paulista A2,0.65,1,0.0,0,0,2002,24,False,0.0
796978,Gabriel Félix,1.0,G,False,04/04/1995,04/04/1995,Votuporanguense,XV de Piracicaba,135524.0,61692.0,away,15180166,07/03/2026,Paulista A2,0.65,90,5.5,0,0,1995,31,False,0.0
1019059,Vinicius Baracioli,2.0,D,False,17/04/2000,17/04/2000,Votuporanguense,XV de Piracicaba,135524.0,61692.0,away,15180166,07/03/2026,Paulista A2,0.65,43,6.2,0,0,2000,26,False,0.0
1588237,Rychard Perucio Miranda,14.0,D,False,06/01/2002,06/01/2002,Votuporanguense,XV de Piracicaba,135524.0,61692.0,away,15180166,07/03/2026,Paulista A2,0.65,90,6.1,0,0,2002,24,False,0.0
1430098,Amorim,3.0,D,False,25/04/2002,25/04/2002,Votuporanguense,XV de Piracicaba,135524.0,61692.0,away,15180166,07/03/2026,Paulista A2,0.65,57,6.0,0,0,2002,24,False,0.0
1016179,Paulo Victor,16.0,D,False,04/05/1999,04/05/1999,Votuporanguense,XV de Piracicaba,135524.0,61692.0,away,15180166,07/03/2026,Paulista A2,0.65,90,5.7,0,0,1999,27,False,0.0
1117751,Marcos Nunes,23.0,M,False,05/03/1990,05/03/1990,Votuporanguense,XV de Piracicaba,135524.0,61692.0,away,15180166,07/03/2026,Paulista A2,0.65,81,7.2,0,0,1990,36,False,0.0
817540,Daniel,17.0,M,False,13/05/1996,13/05/1996,Votuporanguense,XV de Piracicaba,135524.0,61692.0,away,15180166,07/03/2026,Paulista A2,0.65,90,7.2,1,0,1996,30,False,0.0
1631569,Kauê Muniz Nunes,8.0,M,False,10/06/2003,10/06/2003,Votuporanguense,XV de Piracicaba,135524.0,61692.0,away,15180166,07/03/2026,Paulista A2,0.65,81,6.3,0,0,2003,23,True,0.0
1017773,Fernandinho,10.0,M,False,26/03/1992,26/03/1992,Votuporanguense,XV de Piracicaba,135524.0,61692.0,away,15180166,07/03/2026,Paulista A2,0.65,90,6.5,0,0,1992,34,False,0.0
875174,Caio Mancha,9.0,F,False,22/09/1992,22/09/1992,Votuporanguense,XV de Piracicaba,135524.0,61692.0,away,15180166,07/03/2026,Paulista A2,0.65,90,7.0,0,1,1992,34,False,0.0
1491535,Luiz Thiago,7.0,F,False,09/05/1995,09/05/1995,Votuporanguense,XV de Piracicaba,135524.0,61692.0,away,15180166,07/03/2026,Paulista A2,0.65,81,6.6,0,0,1995,31,False,0.0
870704,Watson,18.0,D,True,04/03/1994,04/03/1994,Votuporanguense,XV de Piracicaba,135524.0,61692.0,away,15180166,07/03/2026,Paulista A2,0.65,58,5.9,0,0,1994,32,False,0.0
1018884,Pedro Vitor,4.0,D,True,15/05/1997,15/05/1997,Votuporanguense,XV de Piracicaba,135524.0,61692.0,away,15180166,07/03/2026,Paulista A2,0.65,44,6.3,0,0,1997,29,False,0.0
2032549,Hugo Costa Saramella,21.0,M,True,28/02/2003,28/02/2003,Votuporanguense,XV de Piracicaba,135524.0,61692.0,away,15180166,07/03/2026,Paulista A2,0.65,19,6.0,0,0,2003,23,True,0.0
880211,Minho,11.0,M,True,15/12/1991,15/12/1991,Votuporanguense,XV de Piracicaba,135524.0,61692.0,away,15180166,07/03/2026,Paulista A2,0.65,19,6.3,0,0,1991,35,False,0.0
2426302,Glaucon,20.0,M,True,02/04/2006,02/04/2006,Votuporanguense,XV de Piracicaba,135524.0,61692.0,away,15180166,07/03/2026,Paulista A2,0.65,19,6.4,0,0,2006,20,True,0.0
77526,Vanderlei,1.0,G,False,01/02/1984,01/02/1984,Água Santa,Osasco Sporting,135510.0,32779.0,home,15180167,07/03/2026,Paulista A2,0.65,90,7.1,0,0,1984,42,False,0.0
927097,Léo Pereira,2.0,D,False,21/01/1998,21/01/1998,Água Santa,Osasco Sporting,135510.0,32779.0,home,15180167,07/03/2026,Paulista A2,0.65,90,7.3,0,1,1998,28,False,0.0
1383927,Hiago,3.0,D,False,04/03/2000,04/03/2000,Água Santa,Osasco Sporting,135510.0,32779.0,home,15180167,07/03/2026,Paulista A2,0.65,90,7.2,0,1,2000,26,False,0.0
880120,Alisson,4.0,D,False,09/05/1995,09/05/1995,Água Santa,Osasco Sporting,135510.0,32779.0,home,15180167,07/03/2026,Paulista A2,0.65,90,6.7,0,0,1995,31,False,0.0
1016903,Rafael Verrone,6.0,D,False,23/08/1998,23/08/1998,Água Santa,Osasco Sporting,135510.0,32779.0,home,15180167,07/03/2026,Paulista A2,0.65,90,6.5,0,0,1998,28,False,0.0
1526991,Antônio Gabriel,7.0,M,False,05/06/2002,05/06/2002,Água Santa,Osasco Sporting,135510.0,32779.0,home,15180167,07/03/2026,Paulista A2,0.65,90,6.5,0,0,2002,24,False,0.0
871128,Diogo Marzagão,5.0,M,False,04/06/1987,04/06/1987,Água Santa,Osasco Sporting,135510.0,32779.0,home,15180167,07/03/2026,Paulista A2,0.65,65,6.9,0,0,1987,39,False,0.0
1010635,Netinho,8.0,M,False,18/12/1997,18/12/1997,Água Santa,Osasco Sporting,135510.0,32779.0,home,15180167,07/03/2026,Paulista A2,0.65,90,8.2,0,0,1997,29,False,0.0
996574,Vitinho,11.0,M,False,05/04/2000,05/04/2000,Água Santa,Osasco Sporting,135510.0,32779.0,home,15180167,07/03/2026,Paulista A2,0.65,71,6.8,0,0,2000,26,False,0.0
1609753,Cerezo,10.0,F,False,13/04/2001,13/04/2001,Água Santa,Osasco Sporting,135510.0,32779.0,home,15180167,07/03/2026,Paulista A2,0.65,85,6.9,0,0,2001,25,False,0.0
995700,Vitão,9.0,F,False,13/01/2000,13/01/2000,Água Santa,Osasco Sporting,135510.0,32779.0,home,15180167,07/03/2026,Paulista A2,0.65,50,6.7,0,0,2000,26,False,0.0
1116456,Gustavinho,21.0,F,True,31/08/1993,31/08/1993,Água Santa,Osasco Sporting,135510.0,32779.0,home,15180167,07/03/2026,Paulista A2,0.65,52,6.5,0,0,1993,33,False,0.0
329053,Nenê Bonilha,18.0,M,True,17/02/1992,17/02/1992,Água Santa,Osasco Sporting,135510.0,32779.0,home,15180167,07/03/2026,Paulista A2,0.65,7,7.5,1,0,1992,34,False,0.0
1587895,Villian Guilherme Gonçalves Vieira,17.0,M,True,20/10/2003,20/10/2003,Água Santa,Osasco Sporting,135510.0,32779.0,home,15180167,07/03/2026,Paulista A2,0.65,31,6.5,0,0,2003,23,True,0.0
1023572,Cristiano,22.0,F,True,03/04/1999,03/04/1999,Água Santa,Osasco Sporting,135510.0,32779.0,home,15180167,07/03/2026,Paulista A2,0.65,31,7.0,1,0,1999,27,False,0.0
1186341,Michel Bennech,14.0,M,True,06/03/1999,06/03/1999,Água Santa,Osasco Sporting,135510.0,32779.0,home,15180167,07/03/2026,Paulista A2,0.65,17,6.5,0,0,1999,27,False,0.0
242040,Andrey,1.0,G,False,17/07/1993,17/07/1993,Osasco Sporting,Água Santa,32779.0,135510.0,away,15180167,07/03/2026,Paulista A2,0.65,90,6.8,0,0,1993,33,False,0.0
1122965,Caio César Hila,2.0,D,False,16/01/2000,16/01/2000,Osasco Sporting,Água Santa,32779.0,135510.0,away,15180167,07/03/2026,Paulista A2,0.65,90,6.5,0,0,2000,26,False,0.0
975553,Sergio Raphael,4.0,D,False,23/10/1992,23/10/1992,Osasco Sporting,Água Santa,32779.0,135510.0,away,15180167,07/03/2026,Paulista A2,0.65,90,6.2,0,0,1992,34,False,0.0
2125649,Caio Garcez,16.0,D,False,06/07/2004,06/07/2004,Osasco Sporting,Água Santa,32779.0,135510.0,away,15180167,07/03/2026,Paulista A2,0.65,90,6.6,0,0,2004,22,True,0.0
1650105,Ailton Santos,6.0,D,False,22/06/1997,22/06/1997,Osasco Sporting,Água Santa,32779.0,135510.0,away,15180167,07/03/2026,Paulista A2,0.65,90,6.8,0,0,1997,29,False,0.0
1199458,Vitor Lima,5.0,M,False,21/03/2002,21/03/2002,Osasco Sporting,Água Santa,32779.0,135510.0,away,15180167,07/03/2026,Paulista A2,0.65,72,6.8,0,0,2002,24,False,0.0
871145,Diego Aragão,15.0,M,False,29/10/1986,29/10/1986,Osasco Sporting,Água Santa,32779.0,135510.0,away,15180167,07/03/2026,Paulista A2,0.65,90,6.7,0,0,1986,40,False,0.0
1124166,Bryam,11.0,M,False,13/03/2001,13/03/2001,Osasco Sporting,Água Santa,32779.0,135510.0,away,15180167,07/03/2026,Paulista A2,0.65,72,6.6,0,0,2001,25,False,0.0
1139684,Gabriel Motta,10.0,M,False,23/09/2001,23/09/2001,Osasco Sporting,Água Santa,32779.0,135510.0,away,15180167,07/03/2026,Paulista A2,0.65,90,6.9,0,0,2001,25,False,0.0
1589800,Lucas Alvim Vicente da Silva,18.0,M,False,06/04/2004,06/04/2004,Osasco Sporting,Água Santa,32779.0,135510.0,away,15180167,07/03/2026,Paulista A2,0.65,87,6.5,0,0,2004,22,True,0.0
1463339,Juninho,7.0,F,False,15/06/2004,15/06/2004,Osasco Sporting,Água Santa,32779.0,135510.0,away,15180167,07/03/2026,Paulista A2,0.65,90,7.2,1,0,2004,22,True,0.0
1506831,Buga,8.0,M,True,21/06/2001,21/06/2001,Osasco Sporting,Água Santa,32779.0,135510.0,away,15180167,07/03/2026,Paulista A2,0.65,30,6.3,0,0,2001,25,False,0.0
1465508,Matheus Martins,19.0,M,True,01/04/1998,01/04/1998,Osasco Sporting,Água Santa,32779.0,135510.0,away,15180167,07/03/2026,Paulista A2,0.65,30,6.8,0,0,1998,28,False,0.0
1386047,Jean Carlos,20.0,M,True,08/02/2004,08/02/2004,Osasco Sporting,Água Santa,32779.0,135510.0,away,15180167,07/03/2026,Paulista A2,0.65,15,6.9,0,0,2004,22,True,0.0
869507,Rubens,9.0,M,True,12/01/1994,12/01/1994,Osasco Sporting,Água Santa,32779.0,135510.0,away,15180167,07/03/2026,Paulista A2,0.65,10,6.5,0,0,1994,32,False,0.0
863330,David Agudelo,12.0,G,False,08/02/1997,08/02/1997,Atlético Cali,Leones FC,89372.0,89362.0,home,15415174,03/03/2026,Colombia 2 Div,0.6,90,7.6,0,0,1997,29,False,0.0
2189508,José Zamora,4.0,D,False,,,Atlético Cali,Leones FC,89372.0,89362.0,home,15415174,03/03/2026,Colombia 2 Div,0.6,90,7.0,0,0,0,0,False,0.0
1394868,Jhonier Alomía,3.0,D,False,26/01/1999,26/01/1999,Atlético Cali,Leones FC,89372.0,89362.0,home,15415174,03/03/2026,Colombia 2 Div,0.6,90,7.2,0,0,1999,27,False,0.0
1808388,Fabian Villa,2.0,D,False,20/06/2005,20/06/2005,Atlético Cali,Leones FC,89372.0,89362.0,home,15415174,03/03/2026,Colombia 2 Div,0.6,90,7.1,0,0,2005,21,True,0.0
1146875,Ronaldo Royero,13.0,D,False,11/10/2004,11/10/2004,Atlético Cali,Leones FC,89372.0,89362.0,home,15415174,03/03/2026,Colombia 2 Div,0.6,45,6.9,0,0,2004,22,True,0.0
1175020,Eder Balanta,6.0,M,False,29/11/1995,29/11/1995,Atlético Cali,Leones FC,89372.0,89362.0,home,15415174,03/03/2026,Colombia 2 Div,0.6,66,6.7,0,0,1995,31,False,0.0
2164876,Juan Perdomo,20.0,M,False,04/11/2005,04/11/2005,Atlético Cali,Leones FC,89372.0,89362.0,home,15415174,03/03/2026,Colombia 2 Div,0.6,90,6.8,0,0,2005,21,True,0.0
1906183,Carlos Yesid Restrepo Castillo,8.0,M,False,16/03/2004,16/03/2004,Atlético Cali,Leones FC,89372.0,89362.0,home,15415174,03/03/2026,Colombia 2 Div,0.6,66,7.1,0,0,2004,22,True,0.0
1809337,Jhonier Julio,5.0,M,False,04/02/2005,04/02/2005,Atlético Cali,Leones FC,89372.0,89362.0,home,15415174,03/03/2026,Colombia 2 Div,0.6,90,7.2,0,0,2005,21,True,0.0
2455158,Carlos Cabezas,11.0,M,False,,,Atlético Cali,Leones FC,89372.0,89362.0,home,15415174,03/03/2026,Colombia 2 Div,0.6,69,6.3,0,0,0,0,False,0.0
1465574,Juan Farías,7.0,F,False,04/10/2003,04/10/2003,Atlético Cali,Leones FC,89372.0,89362.0,home,15415174,03/03/2026,Colombia 2 Div,0.6,90,6.7,0,0,2003,23,True,0.0
2455159,Jean Aldair Rentería Vivero,21.0,M,True,,,Atlético Cali,Leones FC,89372.0,89362.0,home,15415174,03/03/2026,Colombia 2 Div,0.6,55,7.5,0,0,0,0,False,0.0
1906097,Alejandro Jose Onate Zuniga,9.0,F,True,29/10/2003,29/10/2003,Atlético Cali,Leones FC,89372.0,89362.0,home,15415174,03/03/2026,Colombia 2 Div,0.6,34,6.5,0,0,2003,23,True,0.0
2455160,Santiago Saavedra,24.0,M,True,01/01/2007,01/01/2007,Atlético Cali,Leones FC,89372.0,89362.0,home,15415174,03/03/2026,Colombia 2 Div,0.6,34,6.8,0,0,2007,19,True,0.0
2054937,Juan Arboleda,12.0,G,False,28/08/2005,28/08/2005,Leones FC,Atlético Cali,89362.0,89372.0,away,15415174,03/03/2026,Colombia 2 Div,0.6,90,7.2,0,0,2005,21,True,0.0
1175086,Rionner Fruto,6.0,D,False,29/03/2003,29/03/2003,Leones FC,Atlético Cali,89362.0,89372.0,away,15415174,03/03/2026,Colombia 2 Div,0.6,71,6.3,0,0,2003,23,True,0.0
1087539,German Meneses,5.0,D,False,28/02/2002,28/02/2002,Leones FC,Atlético Cali,89362.0,89372.0,away,15415174,03/03/2026,Colombia 2 Div,0.6,90,7.5,0,0,2002,24,False,0.0
1478279,Daniel Marmolejo,3.0,D,False,20/02/2004,20/02/2004,Leones FC,Atlético Cali,89362.0,89372.0,away,15415174,03/03/2026,Colombia 2 Div,0.6,90,7.1,0,0,2004,22,True,0.0
1839973,Juan Renteria,16.0,D,False,03/02/1999,03/02/1999,Leones FC,Atlético Cali,89362.0,89372.0,away,15415174,03/03/2026,Colombia 2 Div,0.6,90,6.8,0,0,1999,27,False,0.0
2461809,Felipe Hincapié,28.0,M,False,,,Leones FC,Atlético Cali,89362.0,89372.0,away,15415174,03/03/2026,Colombia 2 Div,0.6,66,7.0,0,0,0,0,False,0.0
2468671,Rafael Granados,30.0,M,False,,,Leones FC,Atlético Cali,89362.0,89372.0,away,15415174,03/03/2026,Colombia 2 Div,0.6,86,6.4,0,0,0,0,False,0.0
1906068,Oscar David Segura Solís,21.0,M,False,24/12/2002,24/12/2002,Leones FC,Atlético Cali,89362.0,89372.0,away,15415174,03/03/2026,Colombia 2 Div,0.6,49,6.5,0,0,2002,24,False,0.0
1906152,Juan Sebastián Peña Bermúdez,15.0,M,False,04/07/1999,04/07/1999,Leones FC,Atlético Cali,89362.0,89372.0,away,15415174,03/03/2026,Colombia 2 Div,0.6,66,7.2,0,0,1999,27,False,0.0
1904871,Leyner David Palacios Cordoba,11.0,M,False,07/12/2003,07/12/2003,Leones FC,Atlético Cali,89362.0,89372.0,away,15415174,03/03/2026,Colombia 2 Div,0.6,90,6.7,0,0,2003,23,True,0.0
2260253,Dayan  Moreno,13.0,F,False,,,Leones FC,Atlético Cali,89362.0,89372.0,away,15415174,03/03/2026,Colombia 2 Div,0.6,66,6.6,0,0,0,0,False,0.0
1906061,Juan David Ruiz Córdoba,20.0,M,True,18/05/2005,18/05/2005,Leones FC,Atlético Cali,89362.0,89372.0,away,15415174,03/03/2026,Colombia 2 Div,0.6,51,6.8,0,0,2005,21,True,0.0
1933586,Camilo Andrés Gómez Fuentes,9.0,F,True,10/01/2002,10/01/2002,Leones FC,Atlético Cali,89362.0,89372.0,away,15415174,03/03/2026,Colombia 2 Div,0.6,34,6.7,0,0,2002,24,False,0.0
2076799,Luis Ceballos,10.0,M,True,22/08/2004,22/08/2004,Leones FC,Atlético Cali,89362.0,89372.0,away,15415174,03/03/2026,Colombia 2 Div,0.6,34,6.5,0,0,2004,22,True,0.0
2453430,Samuel Posada,26.0,M,True,,,Leones FC,Atlético Cali,89362.0,89372.0,away,15415174,03/03/2026,Colombia 2 Div,0.6,34,6.9,0,0,0,0,False,0.0
2199734,Nicolas Restrepo,18.0,D,True,,,Leones FC,Atlético Cali,89362.0,89372.0,away,15415174,03/03/2026,Colombia 2 Div,0.6,14,6.7,0,0,0,0,False,0.0
931709,Sebastián Guerra,1.0,G,False,08/01/2001,08/01/2001,Barranquilla FC,Unión Magdalena,89364.0,89376.0,home,15415177,04/03/2026,Colombia 2 Div,0.6,90,6.7,0,0,2001,25,False,0.0
1831288,Edmilson Herazo,4.0,D,False,19/09/2008,19/09/2008,Barranquilla FC,Unión Magdalena,89364.0,89376.0,home,15415177,04/03/2026,Colombia 2 Div,0.6,49,6.0,0,0,2008,18,True,0.0
2288872,Omar Cassiani,3.0,D,False,,,Barranquilla FC,Unión Magdalena,89364.0,89376.0,home,15415177,04/03/2026,Colombia 2 Div,0.6,90,6.0,0,0,0,0,False,0.0
1899906,Miguel Agamez,16.0,D,False,15/05/2009,15/05/2009,Barranquilla FC,Unión Magdalena,89364.0,89376.0,home,15415177,04/03/2026,Colombia 2 Div,0.6,49,6.9,0,0,2009,17,True,0.0
2452201,Jhon Alexander Riascos Cuero,35.0,D,False,17/04/2009,17/04/2009,Barranquilla FC,Unión Magdalena,89364.0,89376.0,home,15415177,04/03/2026,Colombia 2 Div,0.6,49,6.1,0,0,2009,17,True,0.0
1906056,Javier Arturo Ortíz Fernández,10.0,M,False,16/04/2004,16/04/2004,Barranquilla FC,Unión Magdalena,89364.0,89376.0,home,15415177,04/03/2026,Colombia 2 Div,0.6,84,6.8,0,0,2004,22,True,0.0
1899908,Philippe Oviedo,23.0,M,False,30/10/2007,30/10/2007,Barranquilla FC,Unión Magdalena,89364.0,89376.0,home,15415177,04/03/2026,Colombia 2 Div,0.6,90,6.2,0,0,2007,19,True,0.0
1916250,Y Garcia,17.0,M,False,,,Barranquilla FC,Unión Magdalena,89364.0,89376.0,home,15415177,04/03/2026,Colombia 2 Div,0.6,90,8.1,0,0,0,0,False,0.0
2196287,Alberto Orozco,21.0,M,False,,,Barranquilla FC,Unión Magdalena,89364.0,89376.0,home,15415177,04/03/2026,Colombia 2 Div,0.6,84,6.8,0,0,0,0,False,0.0
2052685,Darwin Torres,7.0,M,False,15/06/2008,15/06/2008,Barranquilla FC,Unión Magdalena,89364.0,89376.0,home,15415177,04/03/2026,Colombia 2 Div,0.6,90,6.9,0,0,2008,18,True,0.0
2196288,Cristian David Peñate Mercado,19.0,F,False,,,Barranquilla FC,Unión Magdalena,89364.0,89376.0,home,15415177,04/03/2026,Colombia 2 Div,0.6,90,7.1,1,0,0,0,False,0.0
2199647,Fabian  Correa,27.0,D,True,,,Barranquilla FC,Unión Magdalena,89364.0,89376.0,home,15415177,04/03/2026,Colombia 2 Div,0.6,51,6.3,0,0,0,0,False,0.0
1899899,Jhon Jarry Cortez Caldas,20.0,D,True,,,Barranquilla FC,Unión Magdalena,89364.0,89376.0,home,15415177,04/03/2026,Colombia 2 Div,0.6,51,6.7,0,0,0,0,False,0.0
1909790,William Mosquera Borja,14.0,D,True,09/01/2005,09/01/2005,Barranquilla FC,Unión Magdalena,89364.0,89376.0,home,15415177,04/03/2026,Colombia 2 Div,0.6,51,6.6,0,0,2005,21,True,0.0
2041204,Mohamed Bolivar,8.0,M,True,,,Barranquilla FC,Unión Magdalena,89364.0,89376.0,home,15415177,04/03/2026,Colombia 2 Div,0.6,17,6.9,0,0,0,0,False,0.0
2441833,Sebastian Borja,15.0,M,True,,,Barranquilla FC,Unión Magdalena,89364.0,89376.0,home,15415177,04/03/2026,Colombia 2 Div,0.6,17,6.8,0,0,0,0,False,0.0
829963,Victor Cabezas,1.0,G,False,02/11/1997,02/11/1997,Unión Magdalena,Barranquilla FC,89376.0,89364.0,away,15415177,04/03/2026,Colombia 2 Div,0.6,90,7.2,0,0,1997,29,False,0.0
1470050,Daniel Mera,3.0,D,False,21/12/1999,21/12/1999,Unión Magdalena,Barranquilla FC,89376.0,89364.0,away,15415177,04/03/2026,Colombia 2 Div,0.6,90,6.8,0,1,1999,27,False,0.0
1906181,Freddy Enrique Molina Salcedo,18.0,D,False,01/01/2004,01/01/2004,Unión Magdalena,Barranquilla FC,89376.0,89364.0,away,15415177,04/03/2026,Colombia 2 Div,0.6,90,7.1,0,0,2004,22,True,0.0
2183867,Jesus Peñaloza,5.0,D,False,01/08/2008,01/08/2008,Unión Magdalena,Barranquilla FC,89376.0,89364.0,away,15415177,04/03/2026,Colombia 2 Div,0.6,90,7.3,0,0,2008,18,True,0.0
1562436,Juan Vásquez,20.0,D,False,02/06/1999,02/06/1999,Unión Magdalena,Barranquilla FC,89376.0,89364.0,away,15415177,04/03/2026,Colombia 2 Div,0.6,90,7.1,0,0,1999,27,False,0.0
1414729,Jhon Lerma,27.0,M,False,01/01/2003,01/01/2003,Unión Magdalena,Barranquilla FC,89376.0,89364.0,away,15415177,04/03/2026,Colombia 2 Div,0.6,78,6.4,0,0,2003,23,True,0.0
975077,Jimmy Congo,23.0,M,False,28/02/1999,28/02/1999,Unión Magdalena,Barranquilla FC,89376.0,89364.0,away,15415177,04/03/2026,Colombia 2 Div,0.6,90,6.9,0,1,1999,27,False,0.0
1201151,José Mercado,10.0,M,False,21/08/2003,21/08/2003,Unión Magdalena,Barranquilla FC,89376.0,89364.0,away,15415177,04/03/2026,Colombia 2 Div,0.6,83,6.9,0,0,2003,23,True,0.0
1836596,Gabriel Arrieta,17.0,M,False,14/01/2006,14/01/2006,Unión Magdalena,Barranquilla FC,89376.0,89364.0,away,15415177,04/03/2026,Colombia 2 Div,0.6,78,6.6,0,0,2006,20,True,0.0
2172102,Cristian Iguarán,9.0,M,False,12/06/2005,12/06/2005,Unión Magdalena,Barranquilla FC,89376.0,89364.0,away,15415177,04/03/2026,Colombia 2 Div,0.6,49,6.5,0,0,2005,21,True,0.0
1906041,Andrés Lorenzo Carreño Zambrano,7.0,F,False,05/05/2003,05/05/2003,Unión Magdalena,Barranquilla FC,89376.0,89364.0,away,15415177,04/03/2026,Colombia 2 Div,0.6,90,9.1,3,0,2003,23,True,0.0
873789,Juan Diego Giraldo,22.0,M,True,20/07/1997,20/07/1997,Unión Magdalena,Barranquilla FC,89376.0,89364.0,away,15415177,04/03/2026,Colombia 2 Div,0.6,51,6.3,0,0,1997,29,False,0.0
841082,Hugo Palacios,11.0,M,True,27/12/1996,27/12/1996,Unión Magdalena,Barranquilla FC,89376.0,89364.0,away,15415177,04/03/2026,Colombia 2 Div,0.6,23,6.8,0,0,1996,30,False,0.0
1906109,Jhoan Alberto Pinto Gámez,14.0,M,True,22/07/2005,22/07/2005,Unión Magdalena,Barranquilla FC,89376.0,89364.0,away,15415177,04/03/2026,Colombia 2 Div,0.6,23,6.5,0,0,2005,21,True,0.0
2441820,Oscar Daniel Surmay Vasquez,16.0,M,True,09/11/2006,09/11/2006,Unión Magdalena,Barranquilla FC,89376.0,89364.0,away,15415177,04/03/2026,Colombia 2 Div,0.6,17,6.8,0,0,2006,20,True,0.0
2441821,David Manuel Mojica Heredia,12.0,G,True,,,Unión Magdalena,Barranquilla FC,89376.0,89364.0,away,15415177,04/03/2026,Colombia 2 Div,0.6,11,7.1,0,0,0,0,False,0.0
1139532,Jeison Méndez,22.0,G,False,20/08/2000,20/08/2000,Independiente Yumbo,Bogotá FC,1166437.0,89352.0,home,15415176,05/03/2026,Colombia 2 Div,0.6,90,7.6,0,0,2000,26,False,0.0
1065364,José Ampudia,27.0,D,False,29/03/2000,29/03/2000,Independiente Yumbo,Bogotá FC,1166437.0,89352.0,home,15415176,05/03/2026,Colombia 2 Div,0.6,90,6.2,0,0,2000,26,False,0.0
1904102,Jesús Rodríguez,21.0,D,False,26/02/2006,26/02/2006,Independiente Yumbo,Bogotá FC,1166437.0,89352.0,home,15415176,05/03/2026,Colombia 2 Div,0.6,48,6.7,0,0,2006,20,True,0.0
2087280,Dani Jose Ferrer,3.0,D,False,12/11/2006,12/11/2006,Independiente Yumbo,Bogotá FC,1166437.0,89352.0,home,15415176,05/03/2026,Colombia 2 Div,0.6,90,7.1,0,0,2006,20,True,0.0
2113985,Oscar Vivas,18.0,D,False,26/11/2005,26/11/2005,Independiente Yumbo,Bogotá FC,1166437.0,89352.0,home,15415176,05/03/2026,Colombia 2 Div,0.6,48,6.6,0,0,2005,21,True,0.0
2189028,Johan Murillo,31.0,D,False,09/11/2001,09/11/2001,Independiente Yumbo,Bogotá FC,1166437.0,89352.0,home,15415176,05/03/2026,Colombia 2 Div,0.6,90,6.8,0,0,2001,25,False,0.0
1174856,Jesús Díaz,5.0,M,False,14/05/2004,14/05/2004,Independiente Yumbo,Bogotá FC,1166437.0,89352.0,home,15415176,05/03/2026,Colombia 2 Div,0.6,90,6.3,0,0,2004,22,True,0.0
1904861,José Ordoñez,14.0,M,False,29/03/2004,29/03/2004,Independiente Yumbo,Bogotá FC,1166437.0,89352.0,home,15415176,05/03/2026,Colombia 2 Div,0.6,90,6.7,0,0,2004,22,True,0.0
1478287,David Villa,16.0,M,False,25/02/2002,25/02/2002,Independiente Yumbo,Bogotá FC,1166437.0,89352.0,home,15415176,05/03/2026,Colombia 2 Div,0.6,83,6.5,0,0,2002,24,False,0.0
1902547,Tomás Andrés Díaz Carabali,8.0,F,False,25/09/2005,25/09/2005,Independiente Yumbo,Bogotá FC,1166437.0,89352.0,home,15415176,05/03/2026,Colombia 2 Div,0.6,78,6.7,1,0,2005,21,True,0.0
1108985,Lucas Guillermo Farías,11.0,F,False,02/11/1994,02/11/1994,Independiente Yumbo,Bogotá FC,1166437.0,89352.0,home,15415176,05/03/2026,Colombia 2 Div,0.6,69,6.5,0,0,1994,32,False,0.0
2455148,Johan Sebastian Perdomo Mallungo,15.0,D,True,,,Independiente Yumbo,Bogotá FC,1166437.0,89352.0,home,15415176,05/03/2026,Colombia 2 Div,0.6,52,6.7,0,0,0,0,False,0.0
1906084,Heyder De Arco,34.0,D,True,03/07/2005,03/07/2005,Independiente Yumbo,Bogotá FC,1166437.0,89352.0,home,15415176,05/03/2026,Colombia 2 Div,0.6,52,6.5,0,0,2005,21,True,0.0
2165058,Johan sebastian Alegria lopez,20.0,F,True,11/08/2007,11/08/2007,Independiente Yumbo,Bogotá FC,1166437.0,89352.0,home,15415176,05/03/2026,Colombia 2 Div,0.6,31,6.4,0,0,2007,19,True,0.0
1902548,Maicol  Sequeda Arroyo,19.0,F,True,03/02/2003,03/02/2003,Independiente Yumbo,Bogotá FC,1166437.0,89352.0,home,15415176,05/03/2026,Colombia 2 Div,0.6,22,6.4,0,0,2003,23,True,0.0
107237,Sebastián Hernández,7.0,M,True,02/10/1986,02/10/1986,Independiente Yumbo,Bogotá FC,1166437.0,89352.0,home,15415176,05/03/2026,Colombia 2 Div,0.6,17,6.7,0,0,1986,40,False,0.0
1137867,Alejandro Aguilar,29.0,G,False,24/07/2004,24/07/2004,Bogotá FC,Independiente Yumbo,89352.0,1166437.0,away,15415176,05/03/2026,Colombia 2 Div,0.6,90,7.1,0,0,2004,22,True,0.0
2066124,Alejandro Restrepо,32.0,D,False,,,Bogotá FC,Independiente Yumbo,89352.0,1166437.0,away,15415176,05/03/2026,Colombia 2 Div,0.6,90,7.2,0,0,0,0,False,0.0
2008383,Juan Alberto Sanchez,5.0,D,False,21/01/2003,21/01/2003,Bogotá FC,Independiente Yumbo,89352.0,1166437.0,away,15415176,05/03/2026,Colombia 2 Div,0.6,90,7.1,0,0,2003,23,True,0.0
1831389,Sergio Díaz,3.0,D,False,13/05/2005,13/05/2005,Bogotá FC,Independiente Yumbo,89352.0,1166437.0,away,15415176,05/03/2026,Colombia 2 Div,0.6,59,6.5,0,0,2005,21,True,0.0
1906137,Juan Camilo Moreno Abadía,13.0,D,False,13/12/2001,13/12/2001,Bogotá FC,Independiente Yumbo,89352.0,1166437.0,away,15415176,05/03/2026,Colombia 2 Div,0.6,90,6.7,0,0,2001,25,False,0.0
1174174,Andrés Felipe Alfonso Ciprian,14.0,M,False,01/02/2005,01/02/2005,Bogotá FC,Independiente Yumbo,89352.0,1166437.0,away,15415176,05/03/2026,Colombia 2 Div,0.6,90,7.5,0,0,2005,21,True,0.0
1800730,Jafe Perez,33.0,M,False,30/01/2005,30/01/2005,Bogotá FC,Independiente Yumbo,89352.0,1166437.0,away,15415176,05/03/2026,Colombia 2 Div,0.6,90,7.0,0,0,2005,21,True,0.0
1175010,Kevin Castro,6.0,M,False,01/02/1999,01/02/1999,Bogotá FC,Independiente Yumbo,89352.0,1166437.0,away,15415176,05/03/2026,Colombia 2 Div,0.6,90,6.9,0,0,1999,27,False,0.0
1174901,Cristián Mosquera,7.0,M,False,06/12/2000,06/12/2000,Bogotá FC,Independiente Yumbo,89352.0,1166437.0,away,15415176,05/03/2026,Colombia 2 Div,0.6,69,6.8,0,0,2000,26,False,0.0
1900288,Brayan Castro,10.0,F,False,16/01/2002,16/01/2002,Bogotá FC,Independiente Yumbo,89352.0,1166437.0,away,15415176,05/03/2026,Colombia 2 Div,0.6,59,6.9,0,0,2002,24,False,0.0
2113396,Harold Sandoval,11.0,F,False,05/08/2001,05/08/2001,Bogotá FC,Independiente Yumbo,89352.0,1166437.0,away,15415176,05/03/2026,Colombia 2 Div,0.6,90,6.5,0,0,2001,25,False,0.0
1175044,Diego Castillo,99.0,F,True,30/09/1999,30/09/1999,Bogotá FC,Independiente Yumbo,89352.0,1166437.0,away,15415176,05/03/2026,Colombia 2 Div,0.6,41,6.5,0,0,1999,27,False,0.0
2456090,Stiven Canizalez,36.0,D,True,,,Bogotá FC,Independiente Yumbo,89352.0,1166437.0,away,15415176,05/03/2026,Colombia 2 Div,0.6,41,6.5,0,0,0,0,False,0.0
1980766,Brayan Johan Cuero Angulo,18.0,M,True,,,Bogotá FC,Independiente Yumbo,89352.0,1166437.0,away,15415176,05/03/2026,Colombia 2 Div,0.6,31,6.1,0,0,0,0,False,0.0
1388644,Andrés Tovar,88.0,G,False,25/03/2006,25/03/2006,Envigado FC,Boca Juniors de Cali,6114.0,89366.0,home,15415178,05/03/2026,Colombia 2 Div,0.6,90,7.1,0,0,2006,20,True,0.0
1465980,Steven Cuervo,15.0,D,False,21/08/2001,21/08/2001,Envigado FC,Boca Juniors de Cali,6114.0,89366.0,home,15415178,05/03/2026,Colombia 2 Div,0.6,90,6.8,0,0,2001,25,False,0.0
1414723,Jhon Gamboa,28.0,D,False,20/03/2001,20/03/2001,Envigado FC,Boca Juniors de Cali,6114.0,89366.0,home,15415178,05/03/2026,Colombia 2 Div,0.6,90,7.2,0,0,2001,25,False,0.0
1647753,Didier Palacios,2.0,D,False,03/06/2004,03/06/2004,Envigado FC,Boca Juniors de Cali,6114.0,89366.0,home,15415178,05/03/2026,Colombia 2 Div,0.6,90,7.5,0,0,2004,22,True,0.0
2063961,Emanuel Londoño,33.0,D,False,18/10/2005,18/10/2005,Envigado FC,Boca Juniors de Cali,6114.0,89366.0,home,15415178,05/03/2026,Colombia 2 Div,0.6,78,7.1,0,0,2005,21,True,0.0
941672,Edison López,21.0,M,False,20/10/1999,20/10/1999,Envigado FC,Boca Juniors de Cali,6114.0,89366.0,home,15415178,05/03/2026,Colombia 2 Div,0.6,90,7.4,0,0,1999,27,False,0.0
1113527,Julián Palacios,6.0,M,False,07/08/2003,07/08/2003,Envigado FC,Boca Juniors de Cali,6114.0,89366.0,home,15415178,05/03/2026,Colombia 2 Div,0.6,90,7.1,0,0,2003,23,True,0.0
926426,Stiwart Acuña,19.0,M,False,06/02/1999,06/02/1999,Envigado FC,Boca Juniors de Cali,6114.0,89366.0,home,15415178,05/03/2026,Colombia 2 Div,0.6,65,6.5,0,0,1999,27,False,0.0
1831399,Nilzo Ramírez,16.0,M,False,03/05/2005,03/05/2005,Envigado FC,Boca Juniors de Cali,6114.0,89366.0,home,15415178,05/03/2026,Colombia 2 Div,0.6,65,7.3,0,0,2005,21,True,0.0
2048967,Didier Dawson,7.0,M,False,10/10/2005,10/10/2005,Envigado FC,Boca Juniors de Cali,6114.0,89366.0,home,15415178,05/03/2026,Colombia 2 Div,0.6,87,7.2,0,1,2005,21,True,0.0
2442854,Miguel Angel Marulanda Ramirez,9.0,F,False,,,Envigado FC,Boca Juniors de Cali,6114.0,89366.0,home,15415178,05/03/2026,Colombia 2 Div,0.6,78,7.5,1,0,0,0,False,0.0
1388634,Rubio España,8.0,M,True,11/01/2004,11/01/2004,Envigado FC,Boca Juniors de Cali,6114.0,89366.0,home,15415178,05/03/2026,Colombia 2 Div,0.6,33,7.0,0,0,2004,22,True,0.0
1388637,Tomás Soto,13.0,M,True,12/10/2004,12/10/2004,Envigado FC,Boca Juniors de Cali,6114.0,89366.0,home,15415178,05/03/2026,Colombia 2 Div,0.6,33,6.3,0,0,2004,22,True,0.0
2125636,Juan Quejada,27.0,D,True,27/09/2006,27/09/2006,Envigado FC,Boca Juniors de Cali,6114.0,89366.0,home,15415178,05/03/2026,Colombia 2 Div,0.6,20,6.4,0,0,2006,20,True,0.0
825699,Jesus Hernandez,23.0,F,True,06/01/1993,06/01/1993,Envigado FC,Boca Juniors de Cali,6114.0,89366.0,home,15415178,05/03/2026,Colombia 2 Div,0.6,20,6.4,0,0,1993,33,False,0.0
1175146,Leandro Angulo,25.0,M,True,06/09/2001,06/09/2001,Envigado FC,Boca Juniors de Cali,6114.0,89366.0,home,15415178,05/03/2026,Colombia 2 Div,0.6,11,6.5,0,0,2001,25,False,0.0
1478215,Euler Obando,12.0,G,False,14/02/2002,14/02/2002,Boca Juniors de Cali,Envigado FC,89366.0,6114.0,away,15415178,05/03/2026,Colombia 2 Div,0.6,90,7.9,0,0,2002,24,False,0.0
2196228,Heiner Stiven Mosquera Arboleda,18.0,D,False,,,Boca Juniors de Cali,Envigado FC,89366.0,6114.0,away,15415178,05/03/2026,Colombia 2 Div,0.6,90,6.7,0,0,0,0,False,0.0
1906021,Milton Yasert Andrade Morán,20.0,D,False,20/04/2003,20/04/2003,Boca Juniors de Cali,Envigado FC,89366.0,6114.0,away,15415178,05/03/2026,Colombia 2 Div,0.6,90,7.0,0,0,2003,23,True,0.0
2494856,Juan Gabriel Montaño Rosales,2.0,D,False,24/05/1993,24/05/1993,Boca Juniors de Cali,Envigado FC,89366.0,6114.0,away,15415178,05/03/2026,Colombia 2 Div,0.6,90,7.3,0,0,1993,33,False,0.0
2042121,Didier Fabián Henao Beitar,11.0,D,False,09/03/2008,09/03/2008,Boca Juniors de Cali,Envigado FC,89366.0,6114.0,away,15415178,05/03/2026,Colombia 2 Div,0.6,68,7.0,0,0,2008,18,True,0.0
1175134,Hermes Angulo,5.0,M,False,16/05/2000,16/05/2000,Boca Juniors de Cali,Envigado FC,89366.0,6114.0,away,15415178,05/03/2026,Colombia 2 Div,0.6,90,6.8,0,0,2000,26,False,0.0
2223070,Camilo  Yepes,19.0,M,False,,,Boca Juniors de Cali,Envigado FC,89366.0,6114.0,away,15415178,05/03/2026,Colombia 2 Div,0.6,47,6.9,0,0,0,0,False,0.0
1906133,Luis Alberto Pérez Villar,6.0,M,False,25/04/2003,25/04/2003,Boca Juniors de Cali,Envigado FC,89366.0,6114.0,away,15415178,05/03/2026,Colombia 2 Div,0.6,90,6.6,0,0,2003,23,True,0.0
1977823,Harold Ortiz,26.0,M,False,11/03/2004,11/03/2004,Boca Juniors de Cali,Envigado FC,89366.0,6114.0,away,15415178,05/03/2026,Colombia 2 Div,0.6,90,6.5,0,0,2004,22,True,0.0
2453443,Pablo Urrutia,21.0,M,False,11/05/1999,11/05/1999,Boca Juniors de Cali,Envigado FC,89366.0,6114.0,away,15415178,05/03/2026,Colombia 2 Div,0.6,90,7.1,0,0,1999,27,False,0.0
311614,Juan Fernando Caicedo,9.0,F,False,13/07/1989,13/07/1989,Boca Juniors de Cali,Envigado FC,89366.0,6114.0,away,15415178,05/03/2026,Colombia 2 Div,0.6,85,6.5,0,0,1989,37,False,0.0
1478220,Jean Vallejo,8.0,M,True,13/03/2003,13/03/2003,Boca Juniors de Cali,Envigado FC,89366.0,6114.0,away,15415178,05/03/2026,Colombia 2 Div,0.6,51,6.7,0,0,2003,23,True,0.0
312306,Harold Reina,17.0,F,True,18/07/1990,18/07/1990,Boca Juniors de Cali,Envigado FC,89366.0,6114.0,away,15415178,05/03/2026,Colombia 2 Div,0.6,30,6.5,0,0,1990,36,False,0.0
2297447,Julian Vasco,25.0,M,True,,,Boca Juniors de Cali,Envigado FC,89366.0,6114.0,away,15415178,05/03/2026,Colombia 2 Div,0.6,13,6.4,0,0,0,0,False,0.0
2199645,Francisco Nagles,13.0,D,True,,,Boca Juniors de Cali,Envigado FC,89366.0,6114.0,away,15415178,05/03/2026,Colombia 2 Div,0.6,2,0.0,0,0,0,0,False,0.0
1125100,Jaime Mora,1.0,G,False,12/06/1997,12/06/1997,Real Santander,Deportes Quindío,89358.0,6110.0,home,15415175,05/03/2026,Colombia 2 Div,0.6,90,6.5,0,0,1997,29,False,0.0
1902433,Néstor Camilo Durán Rueda,3.0,D,False,11/12/2004,11/12/2004,Real Santander,Deportes Quindío,89358.0,6110.0,home,15415175,05/03/2026,Colombia 2 Div,0.6,90,6.5,0,0,2004,22,True,0.0
2048018,Juan Pablo García Habib,14.0,D,False,18/05/2005,18/05/2005,Real Santander,Deportes Quindío,89358.0,6110.0,home,15415175,05/03/2026,Colombia 2 Div,0.6,90,6.4,0,0,2005,21,True,0.0
1913838,Yeison Alejandro Castillo Caicedo,13.0,D,False,29/05/2006,29/05/2006,Real Santander,Deportes Quindío,89358.0,6110.0,home,15415175,05/03/2026,Colombia 2 Div,0.6,90,6.0,0,0,2006,20,True,0.0
2235280,Brandon Moreno Silva,23.0,M,False,,,Real Santander,Deportes Quindío,89358.0,6110.0,home,15415175,05/03/2026,Colombia 2 Div,0.6,9,6.5,0,0,0,0,False,0.0
1906080,Jorge Enrique Pérez Bohórquez,30.0,M,False,13/10/2006,13/10/2006,Real Santander,Deportes Quindío,89358.0,6110.0,home,15415175,05/03/2026,Colombia 2 Div,0.6,49,6.2,0,0,2006,20,True,0.0
2126508,Luis Alejandro Rangel Hernández,24.0,M,False,03/02/2003,03/02/2003,Real Santander,Deportes Quindío,89358.0,6110.0,home,15415175,05/03/2026,Colombia 2 Div,0.6,90,7.6,0,0,2003,23,True,0.0
1807595,Michell Perez,11.0,M,False,19/12/2004,19/12/2004,Real Santander,Deportes Quindío,89358.0,6110.0,home,15415175,05/03/2026,Colombia 2 Div,0.6,90,6.3,0,0,2004,22,True,0.0
1902425,Alex Santiago Segura Silva,25.0,F,False,10/04/2003,10/04/2003,Real Santander,Deportes Quindío,89358.0,6110.0,home,15415175,05/03/2026,Colombia 2 Div,0.6,49,6.8,0,0,2003,23,True,0.0
1653106,Santiago Rey Castellanos,9.0,F,False,10/09/2004,10/09/2004,Real Santander,Deportes Quindío,89358.0,6110.0,home,15415175,05/03/2026,Colombia 2 Div,0.6,74,6.4,0,0,2004,22,True,0.0
1829051,Duván Ruiz,6.0,F,False,14/05/2003,14/05/2003,Real Santander,Deportes Quindío,89358.0,6110.0,home,15415175,05/03/2026,Colombia 2 Div,0.6,63,6.9,0,0,2003,23,True,0.0
2048019,Harlem Salas,20.0,M,True,13/01/2000,13/01/2000,Real Santander,Deportes Quindío,89358.0,6110.0,home,15415175,05/03/2026,Colombia 2 Div,0.6,90,7.2,0,0,2000,26,False,0.0
1175065,Faiber Mendoza,10.0,M,True,25/04/2001,25/04/2001,Real Santander,Deportes Quindío,89358.0,6110.0,home,15415175,05/03/2026,Colombia 2 Div,0.6,52,7.5,1,0,2001,25,False,0.0
1906067,Juan David Guillen Sánchez,27.0,F,True,16/01/2006,16/01/2006,Real Santander,Deportes Quindío,89358.0,6110.0,home,15415175,05/03/2026,Colombia 2 Div,0.6,52,6.6,0,0,2006,20,True,0.0
1427847,Dilan Tapia,31.0,F,True,01/05/2003,01/05/2003,Real Santander,Deportes Quindío,89358.0,6110.0,home,15415175,05/03/2026,Colombia 2 Div,0.6,38,6.6,0,0,2003,23,True,0.0
1478327,Junior Garcia Yusty,8.0,F,True,01/09/2004,01/09/2004,Real Santander,Deportes Quindío,89358.0,6110.0,home,15415175,05/03/2026,Colombia 2 Div,0.6,27,6.7,0,0,2004,22,True,0.0
925369,Sergio Pabon,12.0,G,False,22/04/1996,22/04/1996,Deportes Quindío,Real Santander,6110.0,89358.0,away,15415175,05/03/2026,Colombia 2 Div,0.6,90,7.2,0,0,1996,30,False,0.0
2164872,Jaminson Ricar,17.0,D,False,11/09/2001,11/09/2001,Deportes Quindío,Real Santander,6110.0,89358.0,away,15415175,05/03/2026,Colombia 2 Div,0.6,54,5.6,0,0,2001,25,False,0.0
882747,Juan Ocampo,20.0,D,False,18/02/1999,18/02/1999,Deportes Quindío,Real Santander,6110.0,89358.0,away,15415175,05/03/2026,Colombia 2 Div,0.6,90,6.5,0,0,1999,27,False,0.0
2489186,Moran Mosquera    Luis Rodrigo,14.0,D,False,,,Deportes Quindío,Real Santander,6110.0,89358.0,away,15415175,05/03/2026,Colombia 2 Div,0.6,90,6.6,0,0,0,0,False,0.0
1385904,Rodrigo Marin,19.0,D,False,20/02/2001,20/02/2001,Deportes Quindío,Real Santander,6110.0,89358.0,away,15415175,05/03/2026,Colombia 2 Div,0.6,90,6.5,0,0,2001,25,False,0.0
1175148,Ronald Angulo,29.0,M,False,21/07/2001,21/07/2001,Deportes Quindío,Real Santander,6110.0,89358.0,away,15415175,05/03/2026,Colombia 2 Div,0.6,90,6.9,0,0,2001,25,False,0.0
2169675,Juan David Cordoba,21.0,M,False,,,Deportes Quindío,Real Santander,6110.0,89358.0,away,15415175,05/03/2026,Colombia 2 Div,0.6,71,6.7,0,0,0,0,False,0.0
870362,Santiago Roa,5.0,M,False,04/10/1995,04/10/1995,Deportes Quindío,Real Santander,6110.0,89358.0,away,15415175,05/03/2026,Colombia 2 Div,0.6,90,6.2,0,0,1995,31,False,0.0
560428,Joao Rodríguez,9.0,M,False,19/05/1996,19/05/1996,Deportes Quindío,Real Santander,6110.0,89358.0,away,15415175,05/03/2026,Colombia 2 Div,0.6,90,8.6,1,0,1996,30,False,0.0
543976,José Lloreda,7.0,F,False,12/08/1994,12/08/1994,Deportes Quindío,Real Santander,6110.0,89358.0,away,15415175,05/03/2026,Colombia 2 Div,0.6,80,7.7,1,0,1994,32,False,0.0
1190683,Andres Felipe Carabali,25.0,F,False,29/10/1997,29/10/1997,Deportes Quindío,Real Santander,6110.0,89358.0,away,15415175,05/03/2026,Colombia 2 Div,0.6,71,6.6,0,0,1997,29,False,0.0
992613,Yosimarc Torres,16.0,M,True,01/02/1999,01/02/1999,Deportes Quindío,Real Santander,6110.0,89358.0,away,15415175,05/03/2026,Colombia 2 Div,0.6,30,6.6,0,0,1999,27,False,0.0
1902499,Eduardo Jose Esterilla Lino,23.0,F,True,,,Deportes Quindío,Real Santander,6110.0,89358.0,away,15415175,05/03/2026,Colombia 2 Div,0.6,30,6.9,0,0,0,0,False,0.0
2212603,Juan Pablo  Ibargüen,24.0,M,True,,,Deportes Quindío,Real Santander,6110.0,89358.0,away,15415175,05/03/2026,Colombia 2 Div,0.6,21,6.3,0,0,0,0,False,0.0
818989,Martín Payares,22.0,M,True,26/03/1995,26/03/1995,Deportes Quindío,Real Santander,6110.0,89358.0,away,15415175,05/03/2026,Colombia 2 Div,0.6,11,6.5,0,0,1995,31,False,0.0
2461844,Mateo Valencia Gómez,33.0,G,False,10/01/2004,10/01/2004,Real Cundinamarca,Internacional de Palmira,484422.0,39866.0,home,15415179,05/03/2026,Colombia 2 Div,0.6,90,6.8,0,0,2004,22,True,0.0
2018803,Edwin Cabezas,5.0,D,False,27/04/2005,27/04/2005,Real Cundinamarca,Internacional de Palmira,484422.0,39866.0,home,15415179,05/03/2026,Colombia 2 Div,0.6,72,7.0,0,0,2005,21,True,0.0
1478297,Fabian Cuero,30.0,D,False,05/01/2001,05/01/2001,Real Cundinamarca,Internacional de Palmira,484422.0,39866.0,home,15415179,05/03/2026,Colombia 2 Div,0.6,90,6.8,0,0,2001,25,False,0.0
1906031,John Suaza,2.0,D,False,11/07/2002,11/07/2002,Real Cundinamarca,Internacional de Palmira,484422.0,39866.0,home,15415179,05/03/2026,Colombia 2 Div,0.6,90,6.2,0,0,2002,24,False,0.0
2152412,Jhon Mario Cortes Balanta,19.0,D,False,01/03/2004,01/03/2004,Real Cundinamarca,Internacional de Palmira,484422.0,39866.0,home,15415179,05/03/2026,Colombia 2 Div,0.6,90,7.1,0,1,2004,22,True,0.0
2041502,Carlos Jhoanny Gómez García,8.0,M,False,04/11/2004,04/11/2004,Real Cundinamarca,Internacional de Palmira,484422.0,39866.0,home,15415179,05/03/2026,Colombia 2 Div,0.6,77,7.5,0,0,2004,22,True,0.0
2199543,Jorge Mendoza,24.0,M,False,,,Real Cundinamarca,Internacional de Palmira,484422.0,39866.0,home,15415179,05/03/2026,Colombia 2 Div,0.6,62,6.6,0,0,0,0,False,0.0
1654460,Jhojan Amaya,27.0,M,False,01/04/2006,01/04/2006,Real Cundinamarca,Internacional de Palmira,484422.0,39866.0,home,15415179,05/03/2026,Colombia 2 Div,0.6,90,8.4,1,0,2006,20,True,0.0
1174870,Onel Acosta,20.0,M,False,17/01/2000,17/01/2000,Real Cundinamarca,Internacional de Palmira,484422.0,39866.0,home,15415179,05/03/2026,Colombia 2 Div,0.6,90,8.0,0,0,2000,26,False,0.0
1385943,Kleiton Cuellar,17.0,M,False,26/02/2004,26/02/2004,Real Cundinamarca,Internacional de Palmira,484422.0,39866.0,home,15415179,05/03/2026,Colombia 2 Div,0.6,72,7.2,0,0,2004,22,True,0.0
935691,Juan Jose Salcedo Villadiego,7.0,F,False,27/05/1993,27/05/1993,Real Cundinamarca,Internacional de Palmira,484422.0,39866.0,home,15415179,05/03/2026,Colombia 2 Div,0.6,90,6.7,0,0,1993,33,False,0.0
2453287,Kaleth Zavala,14.0,M,True,,,Real Cundinamarca,Internacional de Palmira,484422.0,39866.0,home,15415179,05/03/2026,Colombia 2 Div,0.6,42,7.3,1,0,0,0,False,0.0
2464432,Juan Jeronimo Alba Quintero,21.0,M,True,23/04/2005,23/04/2005,Real Cundinamarca,Internacional de Palmira,484422.0,39866.0,home,15415179,05/03/2026,Colombia 2 Div,0.6,32,7.1,0,0,2005,21,True,0.0
1871926,Yeiler Banguero,11.0,M,True,28/05/2004,28/05/2004,Real Cundinamarca,Internacional de Palmira,484422.0,39866.0,home,15415179,05/03/2026,Colombia 2 Div,0.6,32,6.8,0,0,2004,22,True,0.0
1900297,Leonel Ancisar Obregón Barreiro,18.0,M,True,15/04/2005,15/04/2005,Real Cundinamarca,Internacional de Palmira,484422.0,39866.0,home,15415179,05/03/2026,Colombia 2 Div,0.6,26,6.6,0,0,2005,21,True,0.0
339369,William Cuesta,22.0,G,False,19/02/1993,19/02/1993,Internacional de Palmira,Real Cundinamarca,39866.0,484422.0,away,15415179,05/03/2026,Colombia 2 Div,0.6,90,7.7,0,0,1993,33,False,0.0
2076899,Jhonatan David  Popo Charrupi,31.0,D,False,,,Internacional de Palmira,Real Cundinamarca,39866.0,484422.0,away,15415179,05/03/2026,Colombia 2 Div,0.6,90,6.4,0,0,0,0,False,0.0
1174007,Jaison Mina,30.0,D,False,29/01/2000,29/01/2000,Internacional de Palmira,Real Cundinamarca,39866.0,484422.0,away,15415179,05/03/2026,Colombia 2 Div,0.6,90,6.9,0,0,2000,26,False,0.0
1130277,Carlos Ramirez,29.0,D,False,01/05/1988,01/05/1988,Internacional de Palmira,Real Cundinamarca,39866.0,484422.0,away,15415179,05/03/2026,Colombia 2 Div,0.6,90,6.7,0,0,1988,38,False,0.0
1901823,Erik Preciado Montano,34.0,D,False,25/01/2004,25/01/2004,Internacional de Palmira,Real Cundinamarca,39866.0,484422.0,away,15415179,05/03/2026,Colombia 2 Div,0.6,84,6.9,0,0,2004,22,True,0.0
869991,Harlin Suárez,80.0,M,False,28/06/1994,28/06/1994,Internacional de Palmira,Real Cundinamarca,39866.0,484422.0,away,15415179,05/03/2026,Colombia 2 Div,0.6,90,6.4,0,0,1994,32,False,0.0
1478206,David Orozco,14.0,M,False,21/10/1995,21/10/1995,Internacional de Palmira,Real Cundinamarca,39866.0,484422.0,away,15415179,05/03/2026,Colombia 2 Div,0.6,90,6.5,0,0,1995,31,False,0.0
1839558,Kener González,19.0,M,False,05/10/2005,05/10/2005,Internacional de Palmira,Real Cundinamarca,39866.0,484422.0,away,15415179,05/03/2026,Colombia 2 Div,0.6,51,7.0,1,0,2005,21,True,0.0
1901095,Carlos Andres  Franco Bustillo,8.0,M,False,18/01/2004,18/01/2004,Internacional de Palmira,Real Cundinamarca,39866.0,484422.0,away,15415179,05/03/2026,Colombia 2 Div,0.6,74,6.8,0,0,2004,22,True,0.0
591682,Jhon Mosquera,18.0,M,False,06/06/1990,06/06/1990,Internacional de Palmira,Real Cundinamarca,39866.0,484422.0,away,15415179,05/03/2026,Colombia 2 Div,0.6,68,7.2,0,0,1990,36,False,0.0
1173565,Ramiro Brochero,9.0,F,False,05/03/2000,05/03/2000,Internacional de Palmira,Real Cundinamarca,39866.0,484422.0,away,15415179,05/03/2026,Colombia 2 Div,0.6,68,7.8,1,1,2000,26,False,0.0
1174613,Kevin Padilla Madrid,11.0,M,True,27/04/2001,27/04/2001,Internacional de Palmira,Real Cundinamarca,39866.0,484422.0,away,15415179,05/03/2026,Colombia 2 Div,0.6,52,6.5,0,0,2001,25,False,0.0
931699,Jacobo Abonía,28.0,D,True,05/04/1998,05/04/1998,Internacional de Palmira,Real Cundinamarca,39866.0,484422.0,away,15415179,05/03/2026,Colombia 2 Div,0.6,35,6.4,0,0,1998,28,False,0.0
829958,Jown Cardona,10.0,F,True,09/01/1995,09/01/1995,Internacional de Palmira,Real Cundinamarca,39866.0,484422.0,away,15415179,05/03/2026,Colombia 2 Div,0.6,35,6.6,0,0,1995,31,False,0.0
1174853,Jhon Velez,6.0,M,True,25/07/2003,25/07/2003,Internacional de Palmira,Real Cundinamarca,39866.0,484422.0,away,15415179,05/03/2026,Colombia 2 Div,0.6,30,6.4,0,0,2003,23,True,0.0
2441835,Jaider Moreno Sinisterra,21.0,F,True,10/05/2004,10/05/2004,Internacional de Palmira,Real Cundinamarca,39866.0,484422.0,away,15415179,05/03/2026,Colombia 2 Div,0.6,20,6.5,0,0,2004,22,True,0.0
2041506,Victor Brid,12.0,G,False,25/10/2000,25/10/2000,Tigres FC,Patriotas Boyacá,89354.0,61504.0,home,15415181,06/03/2026,Colombia 2 Div,0.6,90,7.0,0,0,2000,26,False,0.0
2451713,Juan Camilo Quiñones Cuellar,15.0,D,False,14/09/2005,14/09/2005,Tigres FC,Patriotas Boyacá,89354.0,61504.0,home,15415181,06/03/2026,Colombia 2 Div,0.6,79,6.4,0,0,2005,21,True,0.0
1899911,Samuel  Flórez,2.0,D,False,06/02/2006,06/02/2006,Tigres FC,Patriotas Boyacá,89354.0,61504.0,home,15415181,06/03/2026,Colombia 2 Div,0.6,90,6.8,0,0,2006,20,True,0.0
1478256,Omar Preciado,27.0,D,False,01/10/1999,01/10/1999,Tigres FC,Patriotas Boyacá,89354.0,61504.0,home,15415181,06/03/2026,Colombia 2 Div,0.6,90,7.2,0,0,1999,27,False,0.0
1100612,Duván Viáfara,18.0,D,False,20/08/1998,20/08/1998,Tigres FC,Patriotas Boyacá,89354.0,61504.0,home,15415181,06/03/2026,Colombia 2 Div,0.6,79,6.6,0,0,1998,28,False,0.0
1466254,Jesús Cano,3.0,D,False,09/06/1998,09/06/1998,Tigres FC,Patriotas Boyacá,89354.0,61504.0,home,15415181,06/03/2026,Colombia 2 Div,0.6,79,6.7,0,0,1998,28,False,0.0
1809575,Andrés Cuadros,13.0,M,False,07/02/2000,07/02/2000,Tigres FC,Patriotas Boyacá,89354.0,61504.0,home,15415181,06/03/2026,Colombia 2 Div,0.6,89,7.5,0,0,2000,26,False,0.0
2057372,Brandon Mejía,8.0,M,False,03/01/2006,03/01/2006,Tigres FC,Patriotas Boyacá,89354.0,61504.0,home,15415181,06/03/2026,Colombia 2 Div,0.6,90,6.7,0,0,2006,20,True,0.0
1906127,Kevin Estiven Mosquera Urrutia,10.0,M,False,07/04/2004,07/04/2004,Tigres FC,Patriotas Boyacá,89354.0,61504.0,home,15415181,06/03/2026,Colombia 2 Div,0.6,64,6.6,0,0,2004,22,True,0.0
1478337,Luis Palacios,11.0,F,False,04/10/2004,04/10/2004,Tigres FC,Patriotas Boyacá,89354.0,61504.0,home,15415181,06/03/2026,Colombia 2 Div,0.6,90,7.4,1,0,2004,22,True,0.0
930209,Orles Aragón,9.0,F,False,14/06/1997,14/06/1997,Tigres FC,Patriotas Boyacá,89354.0,61504.0,home,15415181,06/03/2026,Colombia 2 Div,0.6,90,6.7,0,0,1997,29,False,0.0
2210473,Juan Hincapie,7.0,M,True,,,Tigres FC,Patriotas Boyacá,89354.0,61504.0,home,15415181,06/03/2026,Colombia 2 Div,0.6,38,7.0,0,0,0,0,False,0.0
1994982,Enmanuel Arrechea,19.0,D,True,07/05/2005,07/05/2005,Tigres FC,Patriotas Boyacá,89354.0,61504.0,home,15415181,06/03/2026,Colombia 2 Div,0.6,22,6.5,0,0,2005,21,True,0.0
1116341,Ricardo Rosales,30.0,D,True,31/01/2001,31/01/2001,Tigres FC,Patriotas Boyacá,89354.0,61504.0,home,15415181,06/03/2026,Colombia 2 Div,0.6,22,7.2,0,0,2001,25,False,0.0
1902424,Ghilbert Mateo Parra Mosquera,26.0,M,True,25/04/2002,25/04/2002,Tigres FC,Patriotas Boyacá,89354.0,61504.0,home,15415181,06/03/2026,Colombia 2 Div,0.6,22,6.7,0,0,2002,24,False,0.0
1561287,Miguel Alvarez,17.0,M,True,27/09/2002,27/09/2002,Tigres FC,Patriotas Boyacá,89354.0,61504.0,home,15415181,06/03/2026,Colombia 2 Div,0.6,12,6.5,0,0,2002,24,False,0.0
981955,Juan Espitia,12.0,G,False,14/02/2000,14/02/2000,Patriotas Boyacá,Tigres FC,61504.0,89354.0,away,15415181,06/03/2026,Colombia 2 Div,0.6,90,7.1,0,0,2000,26,False,0.0
982125,Alexander Porras,22.0,D,False,27/08/1999,27/08/1999,Patriotas Boyacá,Tigres FC,61504.0,89354.0,away,15415181,06/03/2026,Colombia 2 Div,0.6,90,6.9,0,0,1999,27,False,0.0
1628438,Alexander Carabalí,2.0,D,False,22/05/2004,22/05/2004,Patriotas Boyacá,Tigres FC,61504.0,89354.0,away,15415181,06/03/2026,Colombia 2 Div,0.6,90,7.2,0,0,2004,22,True,0.0
1470051,Darwin Palomeque,3.0,D,False,10/09/1993,10/09/1993,Patriotas Boyacá,Tigres FC,61504.0,89354.0,away,15415181,06/03/2026,Colombia 2 Div,0.6,90,6.5,0,0,1993,33,False,0.0
1902016,Hanser Angulo,17.0,D,False,17/07/2003,17/07/2003,Patriotas Boyacá,Tigres FC,61504.0,89354.0,away,15415181,06/03/2026,Colombia 2 Div,0.6,90,5.9,0,0,2003,23,True,0.0
1855842,Santiago Mora,27.0,M,False,11/03/2008,11/03/2008,Patriotas Boyacá,Tigres FC,61504.0,89354.0,away,15415181,06/03/2026,Colombia 2 Div,0.6,66,6.7,0,0,2008,18,True,0.0
842671,Kevin Salazar,5.0,M,False,11/11/1997,11/11/1997,Patriotas Boyacá,Tigres FC,61504.0,89354.0,away,15415181,06/03/2026,Colombia 2 Div,0.6,90,7.5,0,0,1997,29,False,0.0
924951,Freyn Figueroa,19.0,M,False,12/05/1998,12/05/1998,Patriotas Boyacá,Tigres FC,61504.0,89354.0,away,15415181,06/03/2026,Colombia 2 Div,0.6,90,7.3,0,0,1998,28,False,0.0
980934,Johan Campaña,7.0,M,False,09/09/2002,09/09/2002,Patriotas Boyacá,Tigres FC,61504.0,89354.0,away,15415181,06/03/2026,Colombia 2 Div,0.6,66,6.5,0,0,2002,24,False,0.0
2039649,Kevin Andres Álvarez Carvajal,10.0,F,False,07/01/2005,07/01/2005,Patriotas Boyacá,Tigres FC,61504.0,89354.0,away,15415181,06/03/2026,Colombia 2 Div,0.6,89,8.3,1,0,2005,21,True,0.0
819145,Michael Gómez,30.0,F,False,04/04/1997,04/04/1997,Patriotas Boyacá,Tigres FC,61504.0,89354.0,away,15415181,06/03/2026,Colombia 2 Div,0.6,66,6.3,0,0,1997,29,False,0.0
2039648,Jean Paul Angulo Quiñonez,18.0,M,True,11/10/2005,11/10/2005,Patriotas Boyacá,Tigres FC,61504.0,89354.0,away,15415181,06/03/2026,Colombia 2 Div,0.6,36,6.4,0,0,2005,21,True,0.0
1902549,José David Montes Flórez,14.0,M,True,04/12/2004,04/12/2004,Patriotas Boyacá,Tigres FC,61504.0,89354.0,away,15415181,06/03/2026,Colombia 2 Div,0.6,36,6.5,0,0,2004,22,True,0.0
1482348,Juan Esteban Sanchez,29.0,F,True,19/10/2006,19/10/2006,Patriotas Boyacá,Tigres FC,61504.0,89354.0,away,15415181,06/03/2026,Colombia 2 Div,0.6,36,6.3,0,0,2006,20,True,0.0
934422,Juan Hurtado,4.0,M,True,19/05/1998,19/05/1998,Patriotas Boyacá,Tigres FC,61504.0,89354.0,away,15415181,06/03/2026,Colombia 2 Div,0.6,12,6.2,0,0,1998,28,False,0.0
1174957,Cesar Salguero,28.0,M,True,28/04/1997,28/04/1997,Patriotas Boyacá,Tigres FC,61504.0,89354.0,away,15415181,06/03/2026,Colombia 2 Div,0.6,7,0.0,0,0,1997,29,False,0.0
1174006,Guillermo Gómez,22.0,G,False,28/06/1996,28/06/1996,Real Cartagena,Orsomarso SC,6119.0,213490.0,home,15415180,07/03/2026,Colombia 2 Div,0.6,90,7.9,0,0,1996,30,False,0.0
2441838,Cristian Graciano Morales,26.0,D,False,13/05/2003,13/05/2003,Real Cartagena,Orsomarso SC,6119.0,213490.0,home,15415180,07/03/2026,Colombia 2 Div,0.6,90,7.4,0,0,2003,23,True,0.0
974048,Ronaldo Lora,23.0,D,False,12/07/1997,12/07/1997,Real Cartagena,Orsomarso SC,6119.0,213490.0,home,15415180,07/03/2026,Colombia 2 Div,0.6,90,7.3,0,0,1997,29,False,0.0
2451049,Samuel Barco Maturana,4.0,D,False,09/03/2005,09/03/2005,Real Cartagena,Orsomarso SC,6119.0,213490.0,home,15415180,07/03/2026,Colombia 2 Div,0.6,73,7.2,0,0,2005,21,True,0.0
1173418,Andrés Escobar,6.0,D,False,20/03/1997,20/03/1997,Real Cartagena,Orsomarso SC,6119.0,213490.0,home,15415180,07/03/2026,Colombia 2 Div,0.6,90,7.3,0,0,1997,29,False,0.0
947335,Didier Jair Pino Cordoba,14.0,M,False,19/08/1995,19/08/1995,Real Cartagena,Orsomarso SC,6119.0,213490.0,home,15415180,07/03/2026,Colombia 2 Div,0.6,80,6.4,0,0,1995,31,False,0.0
1478251,Luis Guevara,8.0,M,False,11/03/2001,11/03/2001,Real Cartagena,Orsomarso SC,6119.0,213490.0,home,15415180,07/03/2026,Colombia 2 Div,0.6,63,6.9,0,0,2001,25,False,0.0
924906,Álvaro Meléndez,27.0,M,False,28/01/1997,28/01/1997,Real Cartagena,Orsomarso SC,6119.0,213490.0,home,15415180,07/03/2026,Colombia 2 Div,0.6,73,7.4,0,1,1997,29,False,0.0
797479,Mauro Manotas,9.0,M,False,15/07/1995,15/07/1995,Real Cartagena,Orsomarso SC,6119.0,213490.0,home,15415180,07/03/2026,Colombia 2 Div,0.6,63,7.1,1,0,1995,31,False,0.0
1868528,Janeth Aleman Tapias,17.0,M,False,24/05/2002,24/05/2002,Real Cartagena,Orsomarso SC,6119.0,213490.0,home,15415180,07/03/2026,Colombia 2 Div,0.6,90,7.6,0,1,2002,24,False,0.0
39981,Fredy Montero,10.0,F,False,26/07/1987,26/07/1987,Real Cartagena,Orsomarso SC,6119.0,213490.0,home,15415180,07/03/2026,Colombia 2 Div,0.6,90,9.8,2,1,1987,39,False,0.0
796511,Jarlan Barrera,7.0,M,True,16/09/1995,16/09/1995,Real Cartagena,Orsomarso SC,6119.0,213490.0,home,15415180,07/03/2026,Colombia 2 Div,0.6,36,8.4,1,1,1995,31,False,0.0
818908,Juan Rodríguez,21.0,M,True,24/09/1992,24/09/1992,Real Cartagena,Orsomarso SC,6119.0,213490.0,home,15415180,07/03/2026,Colombia 2 Div,0.6,36,7.1,0,0,1992,34,False,0.0
602184,Cristian Florez,15.0,D,True,30/12/1994,30/12/1994,Real Cartagena,Orsomarso SC,6119.0,213490.0,home,15415180,07/03/2026,Colombia 2 Div,0.6,26,6.6,0,0,1994,32,False,0.0
1175047,Jhojan Nieva,20.0,M,True,22/12/2002,22/12/2002,Real Cartagena,Orsomarso SC,6119.0,213490.0,home,15415180,07/03/2026,Colombia 2 Div,0.6,26,6.5,0,0,2002,24,False,0.0
1809647,Jheison Solarte,5.0,M,True,03/03/2001,03/03/2001,Real Cartagena,Orsomarso SC,6119.0,213490.0,home,15415180,07/03/2026,Colombia 2 Div,0.6,19,6.6,0,0,2001,25,False,0.0
2452197,Johan Grisales Obando,12.0,G,False,13/08/2004,13/08/2004,Orsomarso SC,Real Cartagena,213490.0,6119.0,away,15415180,07/03/2026,Colombia 2 Div,0.6,90,6.3,0,0,2004,22,True,0.0
1906069,Edwin Alexander Martínez González,14.0,D,False,19/03/2004,19/03/2004,Orsomarso SC,Real Cartagena,213490.0,6119.0,away,15415180,07/03/2026,Colombia 2 Div,0.6,90,5.8,0,0,2004,22,True,0.0
1174884,Deivi Barrios,5.0,D,False,30/03/2004,30/03/2004,Orsomarso SC,Real Cartagena,213490.0,6119.0,away,15415180,07/03/2026,Colombia 2 Div,0.6,90,6.5,0,0,2004,22,True,0.0
1065597,Juan Salinas,3.0,D,False,13/03/2001,13/03/2001,Orsomarso SC,Real Cartagena,213490.0,6119.0,away,15415180,07/03/2026,Colombia 2 Div,0.6,76,6.7,0,0,2001,25,False,0.0
1615047,Jhon Barreiro,13.0,D,False,24/06/2005,24/06/2005,Orsomarso SC,Real Cartagena,213490.0,6119.0,away,15415180,07/03/2026,Colombia 2 Div,0.6,90,6.4,0,0,2005,21,True,0.0
2452199,Dennis Matamba,22.0,M,False,,,Orsomarso SC,Real Cartagena,213490.0,6119.0,away,15415180,07/03/2026,Colombia 2 Div,0.6,29,6.0,0,0,0,0,False,0.0
2452184,Johan Parra,23.0,M,False,24/09/2004,24/09/2004,Orsomarso SC,Real Cartagena,213490.0,6119.0,away,15415180,07/03/2026,Colombia 2 Div,0.6,29,6.4,0,0,2004,22,True,0.0
1808911,Santiago Agamez,6.0,M,False,14/03/2005,14/03/2005,Orsomarso SC,Real Cartagena,213490.0,6119.0,away,15415180,07/03/2026,Colombia 2 Div,0.6,90,7.4,0,0,2005,21,True,0.0
1901814,Andres Ruíz,10.0,M,False,10/12/2004,10/12/2004,Orsomarso SC,Real Cartagena,213490.0,6119.0,away,15415180,07/03/2026,Colombia 2 Div,0.6,90,6.3,0,0,2004,22,True,0.0
1901813,Luis Gómez,20.0,M,False,27/04/2004,27/04/2004,Orsomarso SC,Real Cartagena,213490.0,6119.0,away,15415180,07/03/2026,Colombia 2 Div,0.6,76,6.4,0,0,2004,22,True,0.0
1174933,Sebastián Girado,7.0,F,False,11/08/2004,11/08/2004,Orsomarso SC,Real Cartagena,213490.0,6119.0,away,15415180,07/03/2026,Colombia 2 Div,0.6,83,6.7,0,0,2004,22,True,0.0
2057321,Victor Lasso,4.0,D,True,04/11/2005,04/11/2005,Orsomarso SC,Real Cartagena,213490.0,6119.0,away,15415180,07/03/2026,Colombia 2 Div,0.6,70,6.4,0,0,2005,21,True,0.0
2452195,Jose Carrasco Hernandez,17.0,M,True,,,Orsomarso SC,Real Cartagena,213490.0,6119.0,away,15415180,07/03/2026,Colombia 2 Div,0.6,70,6.3,0,0,0,0,False,0.0
1906108,Jhonier David Zárante Bello,8.0,M,True,24/06/2007,24/06/2007,Orsomarso SC,Real Cartagena,213490.0,6119.0,away,15415180,07/03/2026,Colombia 2 Div,0.6,24,6.2,0,0,2007,19,True,0.0
2452200,Javier Eder Torres,16.0,M,True,24/10/2009,24/10/2009,Orsomarso SC,Real Cartagena,213490.0,6119.0,away,15415180,07/03/2026,Colombia 2 Div,0.6,24,6.4,0,0,2009,17,True,0.0
2457005,Sergio Martinez,29.0,F,True,,,Orsomarso SC,Real Cartagena,213490.0,6119.0,away,15415180,07/03/2026,Colombia 2 Div,0.6,16,6.6,0,0,0,0,False,0.0
794897,Matheus Albino,12.0,G,False,04/02/1995,04/02/1995,CRB,Porto SC,22032.0,516524.0,home,15592343,04/03/2026,Copa Brasil,0.75,90,0.0,0,0,1995,31,False,0.0
981295,Diogo Hereda,32.0,D,False,20/09/1998,20/09/1998,CRB,Porto SC,22032.0,516524.0,home,15592343,04/03/2026,Copa Brasil,0.75,46,0.0,0,0,1998,28,False,0.0
312114,Bressan,14.0,D,False,14/01/1993,14/01/1993,CRB,Porto SC,22032.0,516524.0,home,15592343,04/03/2026,Copa Brasil,0.75,90,0.0,1,0,1993,33,False,0.0
1489426,Fabio Alemão,27.0,D,False,08/10/1996,08/10/1996,CRB,Porto SC,22032.0,516524.0,home,15592343,04/03/2026,Copa Brasil,0.75,90,0.0,0,0,1996,30,False,0.0
810689,Lucas Lovat,36.0,D,False,15/01/1997,15/01/1997,CRB,Porto SC,22032.0,516524.0,home,15592343,04/03/2026,Copa Brasil,0.75,62,0.0,0,0,1997,29,False,0.0
243185,Pedro Castro,11.0,M,False,05/02/1993,05/02/1993,CRB,Porto SC,22032.0,516524.0,home,15592343,04/03/2026,Copa Brasil,0.75,46,0.0,0,0,1993,33,False,0.0
840218,Danielzinho,10.0,M,False,11/01/1996,11/01/1996,CRB,Porto SC,22032.0,516524.0,home,15592343,04/03/2026,Copa Brasil,0.75,90,0.0,0,0,1996,30,False,0.0
869676,Crystopher,21.0,M,False,07/06/1998,07/06/1998,CRB,Porto SC,22032.0,516524.0,home,15592343,04/03/2026,Copa Brasil,0.75,90,0.0,0,0,1998,28,False,0.0
795035,Douglas Baggio,7.0,F,False,02/02/1995,02/02/1995,CRB,Porto SC,22032.0,516524.0,home,15592343,04/03/2026,Copa Brasil,0.75,90,0.0,1,0,1995,31,False,0.0
994017,Mikael,28.0,F,False,28/05/1999,28/05/1999,CRB,Porto SC,22032.0,516524.0,home,15592343,04/03/2026,Copa Brasil,0.75,74,0.0,1,0,1999,27,False,0.0
926786,Dadá Belmonte,97.0,F,False,08/02/1997,08/02/1997,CRB,Porto SC,22032.0,516524.0,home,15592343,04/03/2026,Copa Brasil,0.75,62,0.0,0,0,1997,29,False,0.0
985888,Weverton,42.0,D,True,15/06/1999,15/06/1999,CRB,Porto SC,22032.0,516524.0,home,15592343,04/03/2026,Copa Brasil,0.75,44,0.0,0,0,1999,27,False,0.0
1634144,Guilherme Estrella,14.0,M,True,22/04/2005,22/04/2005,CRB,Porto SC,22032.0,516524.0,home,15592343,04/03/2026,Copa Brasil,0.75,44,0.0,0,0,2005,21,True,0.0
125034,Leo Campos,77.0,D,True,03/07/1992,03/07/1992,CRB,Porto SC,22032.0,516524.0,home,15592343,04/03/2026,Copa Brasil,0.75,28,0.0,0,0,1992,34,False,0.0
1018095,Guilherme Pato,11.0,M,True,17/02/2001,17/02/2001,CRB,Porto SC,22032.0,516524.0,home,15592343,04/03/2026,Copa Brasil,0.75,28,0.0,0,0,2001,25,False,0.0
291707,Luiz Phellype,19.0,F,True,27/09/1993,27/09/1993,CRB,Porto SC,22032.0,516524.0,home,15592343,04/03/2026,Copa Brasil,0.75,16,0.0,2,0,1993,33,False,0.0
840144,Matheus Cabral,1.0,G,False,03/08/1998,03/08/1998,Porto SC,CRB,516524.0,22032.0,away,15592343,04/03/2026,Copa Brasil,0.75,90,0.0,0,0,1998,28,False,0.0
2030032,Gabriel Saulo,2.0,D,False,10/05/2001,10/05/2001,Porto SC,CRB,516524.0,22032.0,away,15592343,04/03/2026,Copa Brasil,0.75,90,0.0,0,0,2001,25,False,0.0
985505,Anderson Bandeira,3.0,D,False,13/09/1993,13/09/1993,Porto SC,CRB,516524.0,22032.0,away,15592343,04/03/2026,Copa Brasil,0.75,90,0.0,0,0,1993,33,False,0.0
1016737,Breno Cézar,14.0,D,False,21/04/1995,21/04/1995,Porto SC,CRB,516524.0,22032.0,away,15592343,04/03/2026,Copa Brasil,0.75,90,0.0,0,0,1995,31,False,0.0
1102254,Peu,6.0,D,False,05/06/1991,05/06/1991,Porto SC,CRB,516524.0,22032.0,away,15592343,04/03/2026,Copa Brasil,0.75,90,0.0,0,0,1991,35,False,0.0
1105316,Adriano Napão,18.0,F,False,12/06/2000,12/06/2000,Porto SC,CRB,516524.0,22032.0,away,15592343,04/03/2026,Copa Brasil,0.75,90,0.0,0,0,2000,26,False,0.0
1148434,Ygor,5.0,M,False,24/11/2001,24/11/2001,Porto SC,CRB,516524.0,22032.0,away,15592343,04/03/2026,Copa Brasil,0.75,55,0.0,0,0,2001,25,False,0.0
2030037,Bruno Ferreira,7.0,M,False,20/03/2001,20/03/2001,Porto SC,CRB,516524.0,22032.0,away,15592343,04/03/2026,Copa Brasil,0.75,38,0.0,0,0,2001,25,False,0.0
1515284,Luan Rodrigues,10.0,F,False,06/07/1996,06/07/1996,Porto SC,CRB,516524.0,22032.0,away,15592343,04/03/2026,Copa Brasil,0.75,56,0.0,0,0,1996,30,False,0.0
1631906,Kauan de Jesus Santos,25.0,,False,21/02/2005,21/02/2005,Porto SC,CRB,516524.0,22032.0,away,15592343,04/03/2026,Copa Brasil,0.75,65,0.0,0,0,2005,21,True,0.0
2030033,Cleiton Diki,9.0,F,False,07/09/2000,07/09/2000,Porto SC,CRB,516524.0,22032.0,away,15592343,04/03/2026,Copa Brasil,0.75,65,0.0,0,0,2000,26,False,0.0
1639122,Pedro Lima,8.0,M,True,20/01/2003,20/01/2003,Porto SC,CRB,516524.0,22032.0,away,15592343,04/03/2026,Copa Brasil,0.75,50,0.0,0,0,2003,23,True,0.0
1109161,Gabriel Jordan Santos,21.0,M,True,19/11/1995,19/11/1995,Porto SC,CRB,516524.0,22032.0,away,15592343,04/03/2026,Copa Brasil,0.75,35,0.0,0,0,1995,31,False,0.0
874262,Ítalo,11.0,M,True,29/07/1997,29/07/1997,Porto SC,CRB,516524.0,22032.0,away,15592343,04/03/2026,Copa Brasil,0.75,34,0.0,0,0,1997,29,False,0.0
1587776,Danillo Henrique Rufino,22.0,D,True,15/09/2002,15/09/2002,Porto SC,CRB,516524.0,22032.0,away,15592343,04/03/2026,Copa Brasil,0.75,25,0.0,0,0,2002,24,False,0.0
2490717,João Gabriel,21.0,F,True,,,Porto SC,CRB,516524.0,22032.0,away,15592343,04/03/2026,Copa Brasil,0.75,25,0.0,0,0,0,0,False,0.0
883917,Fabricio,12.0,G,False,07/01/1986,07/01/1986,Figueirense,Azuriz,1985.0,375853.0,home,15566102,04/03/2026,Copa Brasil,0.75,90,0.0,0,0,1986,40,False,0.0
1199462,Leonardo Santos Maia,2.0,D,False,13/06/2003,13/06/2003,Figueirense,Azuriz,1985.0,375853.0,home,15566102,04/03/2026,Copa Brasil,0.75,90,0.0,0,0,2003,23,True,0.0
981745,Lucas Dias Costa,3.0,D,False,20/07/1995,20/07/1995,Figueirense,Azuriz,1985.0,375853.0,home,15566102,04/03/2026,Copa Brasil,0.75,90,0.0,0,0,1995,31,False,0.0
1067637,Jhonnathan,25.0,D,False,04/03/2001,04/03/2001,Figueirense,Azuriz,1985.0,375853.0,home,15566102,04/03/2026,Copa Brasil,0.75,90,0.0,0,0,2001,25,False,0.0
1500368,Wesley Costa,66.0,D,False,04/01/2004,04/01/2004,Figueirense,Azuriz,1985.0,375853.0,home,15566102,04/03/2026,Copa Brasil,0.75,63,0.0,0,0,2004,22,True,0.0
2467761,Pajé,79.0,,False,,,Figueirense,Azuriz,1985.0,375853.0,home,15566102,04/03/2026,Copa Brasil,0.75,46,0.0,0,0,0,0,False,0.0
870809,Jean,30.0,M,False,10/03/1997,10/03/1997,Figueirense,Azuriz,1985.0,375853.0,home,15566102,04/03/2026,Copa Brasil,0.75,90,0.0,0,0,1997,29,False,0.0
817782,Arthur Henrique,6.0,D,False,17/05/1994,17/05/1994,Figueirense,Azuriz,1985.0,375853.0,home,15566102,04/03/2026,Copa Brasil,0.75,83,0.0,0,0,1994,32,False,0.0
1034314,Igor Bolt,70.0,F,False,30/09/2000,30/09/2000,Figueirense,Azuriz,1985.0,375853.0,home,15566102,04/03/2026,Copa Brasil,0.75,83,0.0,1,0,2000,26,False,0.0
1463328,Arthur Martins,11.0,F,False,03/01/2000,03/01/2000,Figueirense,Azuriz,1985.0,375853.0,home,15566102,04/03/2026,Copa Brasil,0.75,60,0.0,0,0,2000,26,False,0.0
108193,Kayke Rodrigues,99.0,F,False,01/04/1988,01/04/1988,Figueirense,Azuriz,1985.0,375853.0,home,15566102,04/03/2026,Copa Brasil,0.75,90,0.0,0,0,1988,38,False,0.0
1022483,Rafinha Potiguar,28.0,M,True,09/08/1999,09/08/1999,Figueirense,Azuriz,1985.0,375853.0,home,15566102,04/03/2026,Copa Brasil,0.75,44,0.0,0,0,1999,27,False,0.0
1107010,Lucas Alves,20.0,F,True,21/04/2002,21/04/2002,Figueirense,Azuriz,1985.0,375853.0,home,15566102,04/03/2026,Copa Brasil,0.75,30,0.0,0,0,2002,24,False,0.0
1507941,Leonan,33.0,D,True,05/08/2000,05/08/2000,Figueirense,Azuriz,1985.0,375853.0,home,15566102,04/03/2026,Copa Brasil,0.75,27,0.0,0,0,2000,26,False,0.0
1467342,Felipe Santiago,27.0,D,True,16/10/2002,16/10/2002,Figueirense,Azuriz,1985.0,375853.0,home,15566102,04/03/2026,Copa Brasil,0.75,7,0.0,0,0,2002,24,False,0.0
2026465,Maiky,18.0,F,True,31/03/2005,31/03/2005,Figueirense,Azuriz,1985.0,375853.0,home,15566102,04/03/2026,Copa Brasil,0.75,7,0.0,0,0,2005,21,True,0.0
979335,Enzo,12.0,G,False,25/04/2000,25/04/2000,Azuriz,Figueirense,375853.0,1985.0,away,15566102,04/03/2026,Copa Brasil,0.75,90,0.0,0,0,2000,26,False,0.0
1393579,Ulises Yegros,3.0,D,False,21/04/2001,21/04/2001,Azuriz,Figueirense,375853.0,1985.0,away,15566102,04/03/2026,Copa Brasil,0.75,90,0.0,0,0,2001,25,False,0.0
2447362,João Pedro Silva,19.0,D,False,28/06/2006,28/06/2006,Azuriz,Figueirense,375853.0,1985.0,away,15566102,04/03/2026,Copa Brasil,0.75,46,0.0,0,0,2006,20,True,0.0
1905722,Ary Garcia Lima,4.0,D,False,29/09/2003,29/09/2003,Azuriz,Figueirense,375853.0,1985.0,away,15566102,04/03/2026,Copa Brasil,0.75,90,0.0,0,0,2003,23,True,0.0
1469515,Hygor,2.0,D,False,17/04/2004,17/04/2004,Azuriz,Figueirense,375853.0,1985.0,away,15566102,04/03/2026,Copa Brasil,0.75,63,0.0,0,0,2004,22,True,0.0
1592343,Jorginho,21.0,M,False,21/02/2002,21/02/2002,Azuriz,Figueirense,375853.0,1985.0,away,15566102,04/03/2026,Copa Brasil,0.75,90,0.0,0,0,2002,24,False,0.0
2436637,Gabriel Zeca,20.0,M,False,19/02/2002,19/02/2002,Azuriz,Figueirense,375853.0,1985.0,away,15566102,04/03/2026,Copa Brasil,0.75,90,0.0,0,0,2002,24,False,0.0
1467125,Vinício,6.0,D,False,02/05/2000,02/05/2000,Azuriz,Figueirense,375853.0,1985.0,away,15566102,04/03/2026,Copa Brasil,0.75,90,0.0,0,0,2000,26,False,0.0
1123275,Gabriel Caetano,10.0,M,False,04/05/2002,04/05/2002,Azuriz,Figueirense,375853.0,1985.0,away,15566102,04/03/2026,Copa Brasil,0.75,77,0.0,0,0,2002,24,False,0.0
1468294,Lucas Santos Balotelli,18.0,F,False,27/01/2005,27/01/2005,Azuriz,Figueirense,375853.0,1985.0,away,15566102,04/03/2026,Copa Brasil,0.75,46,0.0,0,0,2005,21,True,0.0
1166468,Zé Hugo,11.0,F,False,17/10/1999,17/10/1999,Azuriz,Figueirense,375853.0,1985.0,away,15566102,04/03/2026,Copa Brasil,0.75,77,0.0,0,0,1999,27,False,0.0
2177855,Marquinhos,14.0,F,True,29/04/2005,29/04/2005,Azuriz,Figueirense,375853.0,1985.0,away,15566102,04/03/2026,Copa Brasil,0.75,44,0.0,0,0,2005,21,True,0.0
1107587,Matheus Guimarães,9.0,F,True,23/01/2002,23/01/2002,Azuriz,Figueirense,375853.0,1985.0,away,15566102,04/03/2026,Copa Brasil,0.75,44,0.0,0,0,2002,24,False,0.0
2028311,Josimar,15.0,M,True,19/05/2005,19/05/2005,Azuriz,Figueirense,375853.0,1985.0,away,15566102,04/03/2026,Copa Brasil,0.75,27,0.0,0,0,2005,21,True,0.0
1805180,Gabriel Antonio Oliveira da Silva,5.0,M,True,06/08/2006,06/08/2006,Azuriz,Figueirense,375853.0,1985.0,away,15566102,04/03/2026,Copa Brasil,0.75,13,0.0,0,0,2006,20,True,0.0
2030884,Marcão,17.0,M,True,13/01/2005,13/01/2005,Azuriz,Figueirense,375853.0,1985.0,away,15566102,04/03/2026,Copa Brasil,0.75,13,0.0,0,0,2005,21,True,0.0
981402,Paulo Vitor,1.0,G,False,17/01/1991,17/01/1991,AE Velo Clube,Vila Nova FC,88736.0,2021.0,home,15592407,04/03/2026,Copa Brasil,0.75,90,0.0,0,0,1991,35,False,0.0
1631946,Thiago Fernandes,2.0,D,False,05/05/2005,05/05/2005,AE Velo Clube,Vila Nova FC,88736.0,2021.0,home,15592407,04/03/2026,Copa Brasil,0.75,86,0.0,0,0,2005,21,True,0.0
840209,Marcelo,3.0,D,False,19/03/1993,19/03/1993,AE Velo Clube,Vila Nova FC,88736.0,2021.0,home,15592407,04/03/2026,Copa Brasil,0.75,90,0.0,0,0,1993,33,False,0.0
1634673,Betão,4.0,D,False,21/06/1999,21/06/1999,AE Velo Clube,Vila Nova FC,88736.0,2021.0,home,15592407,04/03/2026,Copa Brasil,0.75,90,0.0,0,0,1999,27,False,0.0
979876,Jhoninha,7.0,F,False,29/12/2001,29/12/2001,AE Velo Clube,Vila Nova FC,88736.0,2021.0,home,15592407,04/03/2026,Copa Brasil,0.75,76,0.0,0,0,2001,25,False,0.0
557000,Rodrigo,5.0,M,False,11/02/1994,11/02/1994,AE Velo Clube,Vila Nova FC,88736.0,2021.0,home,15592407,04/03/2026,Copa Brasil,0.75,90,0.0,0,0,1994,32,False,0.0
841926,Caique,8.0,D,False,14/06/1998,14/06/1998,AE Velo Clube,Vila Nova FC,88736.0,2021.0,home,15592407,04/03/2026,Copa Brasil,0.75,90,0.0,0,0,1998,28,False,0.0
1120706,Ruan Costa Souza,6.0,D,False,06/12/1998,06/12/1998,AE Velo Clube,Vila Nova FC,88736.0,2021.0,home,15592407,04/03/2026,Copa Brasil,0.75,86,0.0,0,0,1998,28,False,0.0
1117180,Thomas Luciano,20.0,D,False,14/01/2002,14/01/2002,AE Velo Clube,Vila Nova FC,88736.0,2021.0,home,15592407,04/03/2026,Copa Brasil,0.75,62,0.0,0,0,2002,24,False,0.0
1491582,Lucas Duni de Lima,9.0,F,False,10/09/1996,10/09/1996,AE Velo Clube,Vila Nova FC,88736.0,2021.0,home,15592407,04/03/2026,Copa Brasil,0.75,46,0.0,0,0,1996,30,False,0.0
885691,Rodrigo Alves,10.0,M,False,10/09/1995,10/09/1995,AE Velo Clube,Vila Nova FC,88736.0,2021.0,home,15592407,04/03/2026,Copa Brasil,0.75,90,0.0,0,0,1995,31,False,0.0
1117849,Roberto Baggio,20.0,M,True,10/01/1996,10/01/1996,AE Velo Clube,Vila Nova FC,88736.0,2021.0,home,15592407,04/03/2026,Copa Brasil,0.75,44,0.0,0,0,1996,30,False,0.0
1016723,Adriano,16.0,M,True,22/08/1999,22/08/1999,AE Velo Clube,Vila Nova FC,88736.0,2021.0,home,15592407,04/03/2026,Copa Brasil,0.75,28,0.0,0,0,1999,27,False,0.0
870660,Sillas,18.0,M,True,05/05/1995,05/05/1995,AE Velo Clube,Vila Nova FC,88736.0,2021.0,home,15592407,04/03/2026,Copa Brasil,0.75,14,0.0,0,0,1995,31,False,0.0
1638631,Lucas Mingoti,13.0,D,True,08/03/2000,08/03/2000,AE Velo Clube,Vila Nova FC,88736.0,2021.0,home,15592407,04/03/2026,Copa Brasil,0.75,4,0.0,0,0,2000,26,False,0.0
2463562,Breno Lopes,14.0,D,True,02/12/2006,02/12/2006,AE Velo Clube,Vila Nova FC,88736.0,2021.0,home,15592407,04/03/2026,Copa Brasil,0.75,4,0.0,0,0,2006,20,True,0.0
870638,Dalberson,29.0,G,False,13/01/1997,13/01/1997,Vila Nova FC,AE Velo Clube,2021.0,88736.0,away,15592407,04/03/2026,Copa Brasil,0.75,90,0.0,0,0,1997,29,False,0.0
807767,Hayner,22.0,D,False,02/10/1995,02/10/1995,Vila Nova FC,AE Velo Clube,2021.0,88736.0,away,15592407,04/03/2026,Copa Brasil,0.75,90,0.0,0,0,1995,31,False,0.0
1650429,Tiago Pagnussat,3.0,D,False,17/06/1990,17/06/1990,Vila Nova FC,AE Velo Clube,2021.0,88736.0,away,15592407,04/03/2026,Copa Brasil,0.75,90,0.0,0,0,1990,36,False,0.0
1105062,Weverton,23.0,D,False,18/02/2003,18/02/2003,Vila Nova FC,AE Velo Clube,2021.0,88736.0,away,15592407,04/03/2026,Copa Brasil,0.75,90,0.0,0,0,2003,23,True,0.0
929687,Willian Formiga,13.0,D,False,22/01/1995,22/01/1995,Vila Nova FC,AE Velo Clube,2021.0,88736.0,away,15592407,04/03/2026,Copa Brasil,0.75,88,0.0,0,0,1995,31,False,0.0
1046490,João Vieira,5.0,M,False,11/08/1997,11/08/1997,Vila Nova FC,AE Velo Clube,2021.0,88736.0,away,15592407,04/03/2026,Copa Brasil,0.75,90,0.0,0,0,1997,29,False,0.0
1199453,Nathan Camargo,20.0,M,False,25/07/2005,25/07/2005,Vila Nova FC,AE Velo Clube,2021.0,88736.0,away,15592407,04/03/2026,Copa Brasil,0.75,90,0.0,0,0,2005,21,True,0.0
1639322,Ryan Aparecido Lima Cassiano,11.0,M,False,18/06/2001,18/06/2001,Vila Nova FC,AE Velo Clube,2021.0,88736.0,away,15592407,04/03/2026,Copa Brasil,0.75,46,0.0,0,0,2001,25,False,0.0
90812,Marquinhos Gabriel,10.0,M,False,21/07/1990,21/07/1990,Vila Nova FC,AE Velo Clube,2021.0,88736.0,away,15592407,04/03/2026,Copa Brasil,0.75,69,0.0,0,0,1990,36,False,0.0
876286,André Luís,7.0,F,False,21/04/1997,21/04/1997,Vila Nova FC,AE Velo Clube,2021.0,88736.0,away,15592407,04/03/2026,Copa Brasil,0.75,69,0.0,0,0,1997,29,False,0.0
166503,Dellatorre,49.0,F,False,01/05/1992,01/05/1992,Vila Nova FC,AE Velo Clube,2021.0,88736.0,away,15592407,04/03/2026,Copa Brasil,0.75,46,0.0,0,0,1992,34,False,0.0
870898,Janderson,99.0,M,True,26/02/1999,26/02/1999,Vila Nova FC,AE Velo Clube,2021.0,88736.0,away,15592407,04/03/2026,Copa Brasil,0.75,44,0.0,0,0,1999,27,False,0.0
243963,Rafael Silva,9.0,F,True,04/04/1992,04/04/1992,Vila Nova FC,AE Velo Clube,2021.0,88736.0,away,15592407,04/03/2026,Copa Brasil,0.75,44,0.0,0,0,1992,34,False,0.0
338839,Dodô,21.0,M,True,05/09/1994,05/09/1994,Vila Nova FC,AE Velo Clube,2021.0,88736.0,away,15592407,04/03/2026,Copa Brasil,0.75,21,0.0,0,0,1994,32,False,0.0
1105974,Emerson Urso,70.0,M,True,13/05/2001,13/05/2001,Vila Nova FC,AE Velo Clube,2021.0,88736.0,away,15592407,04/03/2026,Copa Brasil,0.75,21,0.0,0,0,2001,25,False,0.0
1991456,Higor,6.0,D,True,27/12/2004,27/12/2004,Vila Nova FC,AE Velo Clube,2021.0,88736.0,away,15592407,04/03/2026,Copa Brasil,0.75,2,0.0,0,0,2004,22,True,0.0
926826,Mota,31.0,G,False,23/03/1985,23/03/1985,Nova Iguaçu,Lagarto FC,6981.0,144856.0,home,15566091,04/03/2026,Copa Brasil,0.75,90,0.0,0,0,1985,41,False,0.0
868039,Yan Silva,4.0,D,False,19/02/1996,19/02/1996,Nova Iguaçu,Lagarto FC,6981.0,144856.0,home,15566091,04/03/2026,Copa Brasil,0.75,90,0.0,0,0,1996,30,False,0.0
1106777,Davi,2.0,D,False,31/01/2002,31/01/2002,Nova Iguaçu,Lagarto FC,6981.0,144856.0,home,15566091,04/03/2026,Copa Brasil,0.75,90,0.0,0,0,2002,24,False,0.0
555612,Sidney Pages,6.0,D,False,28/01/1994,28/01/1994,Nova Iguaçu,Lagarto FC,6981.0,144856.0,home,15566091,04/03/2026,Copa Brasil,0.75,46,0.0,0,0,1994,32,False,0.0
1174655,Wender,3.0,D,False,04/07/1998,04/07/1998,Nova Iguaçu,Lagarto FC,6981.0,144856.0,home,15566091,04/03/2026,Copa Brasil,0.75,46,0.0,0,0,1998,28,False,0.0
1046975,Léo Rafael,8.0,M,False,25/04/2001,25/04/2001,Nova Iguaçu,Lagarto FC,6981.0,144856.0,home,15566091,04/03/2026,Copa Brasil,0.75,90,0.0,0,0,2001,25,False,0.0
1017011,Jorge Pedra,5.0,M,False,14/09/1999,14/09/1999,Nova Iguaçu,Lagarto FC,6981.0,144856.0,home,15566091,04/03/2026,Copa Brasil,0.75,64,0.0,0,0,1999,27,False,0.0
2050675,João Pedro,11.0,M,False,04/02/2004,04/02/2004,Nova Iguaçu,Lagarto FC,6981.0,144856.0,home,15566091,04/03/2026,Copa Brasil,0.75,58,0.0,0,0,2004,22,True,0.0
1645840,Xandinho,7.0,F,False,29/04/1997,29/04/1997,Nova Iguaçu,Lagarto FC,6981.0,144856.0,home,15566091,04/03/2026,Copa Brasil,0.75,90,0.0,0,0,1997,29,False,0.0
979650,Luan Capanni,9.0,F,False,20/05/2000,20/05/2000,Nova Iguaçu,Lagarto FC,6981.0,144856.0,home,15566091,04/03/2026,Copa Brasil,0.75,58,0.0,0,0,2000,26,False,0.0
1499920,Lucas Cruz,10.0,M,False,16/05/2004,16/05/2004,Nova Iguaçu,Lagarto FC,6981.0,144856.0,home,15566091,04/03/2026,Copa Brasil,0.75,90,0.0,1,0,2004,22,True,0.0
2026528,Lucas Cirilo,13.0,D,True,16/02/2005,16/02/2005,Nova Iguaçu,Lagarto FC,6981.0,144856.0,home,15566091,04/03/2026,Copa Brasil,0.75,44,0.0,0,0,2005,21,True,0.0
1173236,Guilherme Kayron,22.0,D,True,14/01/2003,14/01/2003,Nova Iguaçu,Lagarto FC,6981.0,144856.0,home,15566091,04/03/2026,Copa Brasil,0.75,44,0.0,0,0,2003,23,True,0.0
1639082,Rickelme Lopes,20.0,M,True,08/10/2001,08/10/2001,Nova Iguaçu,Lagarto FC,6981.0,144856.0,home,15566091,04/03/2026,Copa Brasil,0.75,32,0.0,0,0,2001,25,False,0.0
1117595,Vinicius Charopem,19.0,F,True,26/06/1998,26/06/1998,Nova Iguaçu,Lagarto FC,6981.0,144856.0,home,15566091,04/03/2026,Copa Brasil,0.75,32,0.0,0,0,1998,28,False,0.0
1034343,Pedro Thomaz Menta de Souza,15.0,M,True,23/02/2000,23/02/2000,Nova Iguaçu,Lagarto FC,6981.0,144856.0,home,15566091,04/03/2026,Copa Brasil,0.75,26,0.0,0,0,2000,26,False,0.0
866905,Anderson Max,1.0,G,False,23/09/1986,23/09/1986,Lagarto FC,Nova Iguaçu,144856.0,6981.0,away,15566091,04/03/2026,Copa Brasil,0.75,90,0.0,0,0,1986,40,False,0.0
2492815,Pedro Henrique de Santana Borges,2.0,D,False,,,Lagarto FC,Nova Iguaçu,144856.0,6981.0,away,15566091,04/03/2026,Copa Brasil,0.75,77,0.0,0,0,0,0,False,0.0
2492817,Davi dos Santos,3.0,D,False,,,Lagarto FC,Nova Iguaçu,144856.0,6981.0,away,15566091,04/03/2026,Copa Brasil,0.75,90,0.0,0,0,0,0,False,0.0
869449,Hitalo Rogério,4.0,D,False,11/08/1988,11/08/1988,Lagarto FC,Nova Iguaçu,144856.0,6981.0,away,15566091,04/03/2026,Copa Brasil,0.75,90,0.0,0,0,1988,38,False,0.0
1199478,Emanuel Pereira,6.0,D,False,22/06/2003,22/06/2003,Lagarto FC,Nova Iguaçu,144856.0,6981.0,away,15566091,04/03/2026,Copa Brasil,0.75,90,0.0,0,0,2003,23,True,0.0
1589381,Diogo Crispim,8.0,M,False,13/02/2003,13/02/2003,Lagarto FC,Nova Iguaçu,144856.0,6981.0,away,15566091,04/03/2026,Copa Brasil,0.75,90,0.0,0,0,2003,23,True,0.0
1117774,Maxsuel,5.0,D,False,21/08/1998,21/08/1998,Lagarto FC,Nova Iguaçu,144856.0,6981.0,away,15566091,04/03/2026,Copa Brasil,0.75,89,0.0,0,0,1998,28,False,0.0
981625,Junior Palmares,10.0,M,False,14/04/1997,14/04/1997,Lagarto FC,Nova Iguaçu,144856.0,6981.0,away,15566091,04/03/2026,Copa Brasil,0.75,70,0.0,0,0,1997,29,False,0.0
1021656,Erik Gabriel,18.0,F,False,17/01/1999,17/01/1999,Lagarto FC,Nova Iguaçu,144856.0,6981.0,away,15566091,04/03/2026,Copa Brasil,0.75,69,0.0,1,0,1999,27,False,0.0
1147005,Rodriguinho,9.0,F,False,17/04/2001,17/04/2001,Lagarto FC,Nova Iguaçu,144856.0,6981.0,away,15566091,04/03/2026,Copa Brasil,0.75,90,0.0,0,0,2001,25,False,0.0
912293,Natan,7.0,M,False,11/03/2000,11/03/2000,Lagarto FC,Nova Iguaçu,144856.0,6981.0,away,15566091,04/03/2026,Copa Brasil,0.75,76,0.0,0,0,2000,26,False,0.0
973909,Denis,17.0,F,True,10/02/1995,10/02/1995,Lagarto FC,Nova Iguaçu,144856.0,6981.0,away,15566091,04/03/2026,Copa Brasil,0.75,21,0.0,0,0,1995,31,False,0.0
2492812,Bruno Silva Britto,12.0,F,True,,,Lagarto FC,Nova Iguaçu,144856.0,6981.0,away,15566091,04/03/2026,Copa Brasil,0.75,20,0.0,0,0,0,0,False,0.0
2492813,Adelan Santos da Silva,13.0,M,True,,,Lagarto FC,Nova Iguaçu,144856.0,6981.0,away,15566091,04/03/2026,Copa Brasil,0.75,14,0.0,0,0,0,0,False,0.0
1047659,Dadinha,15.0,D,True,07/04/1997,07/04/1997,Lagarto FC,Nova Iguaçu,144856.0,6981.0,away,15566091,04/03/2026,Copa Brasil,0.75,13,0.0,0,0,1997,29,False,0.0
857143,Leozao,14.0,D,True,06/06/1991,06/06/1991,Lagarto FC,Nova Iguaçu,144856.0,6981.0,away,15566091,04/03/2026,Copa Brasil,0.75,1,0.0,0,0,1991,35,False,0.0
166485,Vinicius,1.0,G,False,09/11/1984,09/11/1984,Tuna Luso,Tocantinópolis,333422.0,215371.0,home,15566100,04/03/2026,Copa Brasil,0.75,90,0.0,0,0,1984,42,False,0.0
985460,Luã Niger,13.0,D,False,24/04/1999,24/04/1999,Tuna Luso,Tocantinópolis,333422.0,215371.0,home,15566100,04/03/2026,Copa Brasil,0.75,68,0.0,1,0,1999,27,False,0.0
1021454,Douglas,19.0,D,False,13/12/1996,13/12/1996,Tuna Luso,Tocantinópolis,333422.0,215371.0,home,15566100,04/03/2026,Copa Brasil,0.75,90,0.0,0,0,1996,30,False,0.0
2044346,Meyson Welter do Amaral,4.0,D,False,26/03/1999,26/03/1999,Tuna Luso,Tocantinópolis,333422.0,215371.0,home,15566100,04/03/2026,Copa Brasil,0.75,90,0.0,0,0,1999,27,False,0.0
866524,Wesley Raizeman,6.0,D,False,25/05/1992,25/05/1992,Tuna Luso,Tocantinópolis,333422.0,215371.0,home,15566100,04/03/2026,Copa Brasil,0.75,68,0.0,0,0,1992,34,False,0.0
870950,Gustavo Henrique,5.0,M,False,01/06/1992,01/06/1992,Tuna Luso,Tocantinópolis,333422.0,215371.0,home,15566100,04/03/2026,Copa Brasil,0.75,64,0.0,0,0,1992,34,False,0.0
2492837,Wanderlan,8.0,M,False,,,Tuna Luso,Tocantinópolis,333422.0,215371.0,home,15566100,04/03/2026,Copa Brasil,0.75,90,0.0,0,0,0,0,False,0.0
584378,Jayme,7.0,M,False,20/03/1993,20/03/1993,Tuna Luso,Tocantinópolis,333422.0,215371.0,home,15566100,04/03/2026,Copa Brasil,0.75,90,0.0,2,0,1993,33,False,0.0
2127830,Tulio Lima da Silva,10.0,M,False,21/11/1999,21/11/1999,Tuna Luso,Tocantinópolis,333422.0,215371.0,home,15566100,04/03/2026,Copa Brasil,0.75,90,0.0,0,0,1999,27,False,0.0
1640980,Otávio Henrique da Silva,17.0,M,False,21/03/1999,21/03/1999,Tuna Luso,Tocantinópolis,333422.0,215371.0,home,15566100,04/03/2026,Copa Brasil,0.75,74,0.0,0,0,1999,27,False,0.0
879596,Paulo Rangel,9.0,F,False,04/02/1985,04/02/1985,Tuna Luso,Tocantinópolis,333422.0,215371.0,home,15566100,04/03/2026,Copa Brasil,0.75,64,0.0,1,0,1985,41,False,0.0
2025346,Janderson Iago Sa da Silva,21.0,M,True,21/05/2004,21/05/2004,Tuna Luso,Tocantinópolis,333422.0,215371.0,home,15566100,04/03/2026,Copa Brasil,0.75,26,0.0,0,0,2004,22,True,0.0
1952569,Saint  Clair Carvalho,23.0,F,True,18/07/2005,18/07/2005,Tuna Luso,Tocantinópolis,333422.0,215371.0,home,15566100,04/03/2026,Copa Brasil,0.75,26,0.0,0,0,2005,21,True,0.0
1186547,Alan Maia,22.0,D,True,12/12/1994,12/12/1994,Tuna Luso,Tocantinópolis,333422.0,215371.0,home,15566100,04/03/2026,Copa Brasil,0.75,22,0.0,0,0,1994,32,False,0.0
1186544,Marcinho,2.0,D,True,22/02/1995,22/02/1995,Tuna Luso,Tocantinópolis,333422.0,215371.0,home,15566100,04/03/2026,Copa Brasil,0.75,22,0.0,0,0,1995,31,False,0.0
1019556,Everson Bilau,11.0,F,True,17/04/1990,17/04/1990,Tuna Luso,Tocantinópolis,333422.0,215371.0,home,15566100,04/03/2026,Copa Brasil,0.75,16,0.0,0,0,1990,36,False,0.0
1102388,Heitor Gatti Silva,23.0,G,False,30/04/2001,30/04/2001,Tocantinópolis,Tuna Luso,215371.0,333422.0,away,15566100,04/03/2026,Copa Brasil,0.75,90,0.0,0,0,2001,25,False,0.0
873125,Daelson,2.0,D,False,25/01/1993,25/01/1993,Tocantinópolis,Tuna Luso,215371.0,333422.0,away,15566100,04/03/2026,Copa Brasil,0.75,84,0.0,0,0,1993,33,False,0.0
2492843,João Pedro,3.0,D,False,,,Tocantinópolis,Tuna Luso,215371.0,333422.0,away,15566100,04/03/2026,Copa Brasil,0.75,90,0.0,0,0,0,0,False,0.0
1148454,Arthur Tiotônio,4.0,D,False,29/01/2000,29/01/2000,Tocantinópolis,Tuna Luso,215371.0,333422.0,away,15566100,04/03/2026,Copa Brasil,0.75,90,0.0,0,0,2000,26,False,0.0
1654824,Adriel Bezerra,6.0,D,False,28/09/2001,28/09/2001,Tocantinópolis,Tuna Luso,215371.0,333422.0,away,15566100,04/03/2026,Copa Brasil,0.75,61,0.0,0,0,2001,25,False,0.0
241472,Rogério,17.0,F,False,24/12/1990,24/12/1990,Tocantinópolis,Tuna Luso,215371.0,333422.0,away,15566100,04/03/2026,Copa Brasil,0.75,61,0.0,0,0,1990,36,False,0.0
1177439,Kaycky Alemão,8.0,M,False,26/01/2001,26/01/2001,Tocantinópolis,Tuna Luso,215371.0,333422.0,away,15566100,04/03/2026,Copa Brasil,0.75,90,0.0,0,0,2001,25,False,0.0
1182077,Henrique,5.0,M,False,08/01/1991,08/01/1991,Tocantinópolis,Tuna Luso,215371.0,333422.0,away,15566100,04/03/2026,Copa Brasil,0.75,46,0.0,0,0,1991,35,False,0.0
1121570,José Hitalo,11.0,M,False,12/01/1999,12/01/1999,Tocantinópolis,Tuna Luso,215371.0,333422.0,away,15566100,04/03/2026,Copa Brasil,0.75,90,0.0,0,0,1999,27,False,0.0
1188453,Dhonata,10.0,M,False,02/02/1998,02/02/1998,Tocantinópolis,Tuna Luso,215371.0,333422.0,away,15566100,04/03/2026,Copa Brasil,0.75,84,0.0,0,0,1998,28,False,0.0
835660,Rômulo Cabral,9.0,F,False,02/11/1991,02/11/1991,Tocantinópolis,Tuna Luso,215371.0,333422.0,away,15566100,04/03/2026,Copa Brasil,0.75,90,0.0,0,0,1991,35,False,0.0
1545554,Emerson de Carvalho,20.0,M,True,16/06/1999,16/06/1999,Tocantinópolis,Tuna Luso,215371.0,333422.0,away,15566100,04/03/2026,Copa Brasil,0.75,44,0.0,0,0,1999,27,False,0.0
1109218,Robson Negueba,16.0,D,True,08/03/2000,08/03/2000,Tocantinópolis,Tuna Luso,215371.0,333422.0,away,15566100,04/03/2026,Copa Brasil,0.75,29,0.0,0,0,2000,26,False,0.0
2050297,Pedro Henrique,7.0,M,True,02/05/2005,02/05/2005,Tocantinópolis,Tuna Luso,215371.0,333422.0,away,15566100,04/03/2026,Copa Brasil,0.75,29,0.0,1,0,2005,21,True,0.0
343603,Bruno Moura,20.0,D,True,13/07/1992,13/07/1992,Tocantinópolis,Tuna Luso,215371.0,333422.0,away,15566100,04/03/2026,Copa Brasil,0.75,6,0.0,0,0,1992,34,False,0.0
1641255,Samuel Barbosa Costa,18.0,F,True,18/04/2002,18/04/2002,Tocantinópolis,Tuna Luso,215371.0,333422.0,away,15566100,04/03/2026,Copa Brasil,0.75,6,0.0,0,0,2002,24,False,0.0
1488035,Léo Aragão,41.0,G,False,19/04/2002,19/04/2002,Avaí,Porto Vitória,7315.0,458774.0,home,15566108,04/03/2026,Copa Brasil,0.75,90,0.0,0,0,2002,24,False,0.0
988671,Wallison,2.0,D,False,24/07/2001,24/07/2001,Avaí,Porto Vitória,7315.0,458774.0,home,15566108,04/03/2026,Copa Brasil,0.75,90,0.0,0,0,2001,25,False,0.0
809194,Allyson,3.0,D,False,23/10/1990,23/10/1990,Avaí,Porto Vitória,7315.0,458774.0,home,15566108,04/03/2026,Copa Brasil,0.75,90,0.0,0,0,1990,36,False,0.0
1915491,Bruno Gonçalves Baldini,55.0,D,False,20/03/2007,20/03/2007,Avaí,Porto Vitória,7315.0,458774.0,home,15566108,04/03/2026,Copa Brasil,0.75,90,0.0,0,0,2007,19,True,0.0
1609565,Douglas da Silva Teixeira,36.0,D,False,29/03/2001,29/03/2001,Avaí,Porto Vitória,7315.0,458774.0,home,15566108,04/03/2026,Copa Brasil,0.75,90,0.0,0,0,2001,25,False,0.0
840132,Zé Ricardo,77.0,M,False,09/03/1996,09/03/1996,Avaí,Porto Vitória,7315.0,458774.0,home,15566108,04/03/2026,Copa Brasil,0.75,90,0.0,0,0,1996,30,False,0.0
1015283,Luiz Henrique,8.0,M,False,18/03/1999,18/03/1999,Avaí,Porto Vitória,7315.0,458774.0,home,15566108,04/03/2026,Copa Brasil,0.75,83,0.0,0,0,1999,27,False,0.0
1633708,Thayllon Roberth,43.0,F,False,17/08/2006,17/08/2006,Avaí,Porto Vitória,7315.0,458774.0,home,15566108,04/03/2026,Copa Brasil,0.75,60,0.0,2,0,2006,20,True,0.0
862256,Daniel Penha,14.0,M,False,17/10/1998,17/10/1998,Avaí,Porto Vitória,7315.0,458774.0,home,15566108,04/03/2026,Copa Brasil,0.75,83,0.0,0,0,1998,28,False,0.0
902684,Jean Lucas,10.0,M,False,21/03/1995,21/03/1995,Avaí,Porto Vitória,7315.0,458774.0,home,15566108,04/03/2026,Copa Brasil,0.75,46,0.0,0,0,1995,31,False,0.0
308058,Felipe Avenatti,9.0,F,False,26/04/1994,26/04/1994,Avaí,Porto Vitória,7315.0,458774.0,home,15566108,04/03/2026,Copa Brasil,0.75,60,0.0,0,0,1994,32,False,0.0
1488136,Paulo Vitor,26.0,M,True,26/08/2004,26/08/2004,Avaí,Porto Vitória,7315.0,458774.0,home,15566108,04/03/2026,Copa Brasil,0.75,44,0.0,0,0,2004,22,True,0.0
959005,Rafael Bilú,7.0,F,True,21/04/1999,21/04/1999,Avaí,Porto Vitória,7315.0,458774.0,home,15566108,04/03/2026,Copa Brasil,0.75,30,0.0,1,0,1999,27,False,0.0
2436887,Walace dos Santos França,57.0,F,True,24/08/2005,24/08/2005,Avaí,Porto Vitória,7315.0,458774.0,home,15566108,04/03/2026,Copa Brasil,0.75,30,0.0,0,0,2005,21,True,0.0
2040065,Jamerson dos Santos Nascimento,16.0,D,True,22/10/2006,22/10/2006,Avaí,Porto Vitória,7315.0,458774.0,home,15566108,04/03/2026,Copa Brasil,0.75,7,0.0,0,0,2006,20,True,0.0
215954,Cristiano,30.0,M,True,12/01/1987,12/01/1987,Avaí,Porto Vitória,7315.0,458774.0,home,15566108,04/03/2026,Copa Brasil,0.75,7,0.0,0,0,1987,39,False,0.0
986906,Rafael Mariano,1.0,G,False,24/10/1990,24/10/1990,Porto Vitória,Avaí,458774.0,7315.0,away,15566108,04/03/2026,Copa Brasil,0.75,90,0.0,0,0,1990,36,False,0.0
870689,Kellyton,2.0,D,False,08/03/1995,08/03/1995,Porto Vitória,Avaí,458774.0,7315.0,away,15566108,04/03/2026,Copa Brasil,0.75,90,0.0,0,0,1995,31,False,0.0
864806,João Victor Moraes Vasconcelos,3.0,M,False,27/05/2004,27/05/2004,Porto Vitória,Avaí,458774.0,7315.0,away,15566108,04/03/2026,Copa Brasil,0.75,90,0.0,0,0,2004,22,True,0.0
1047783,Lucas Peres Ferreira de Campos,4.0,D,False,27/04/2002,27/04/2002,Porto Vitória,Avaí,458774.0,7315.0,away,15566108,04/03/2026,Copa Brasil,0.75,90,0.0,0,0,2002,24,False,0.0
870343,Thallyson,6.0,D,False,01/12/1991,01/12/1991,Porto Vitória,Avaí,458774.0,7315.0,away,15566108,04/03/2026,Copa Brasil,0.75,90,0.0,0,0,1991,35,False,0.0
1991505,Henrique Melo Pereira,8.0,M,False,05/11/2004,05/11/2004,Porto Vitória,Avaí,458774.0,7315.0,away,15566108,04/03/2026,Copa Brasil,0.75,63,0.0,0,0,2004,22,True,0.0
868019,Marcelo Gama,5.0,M,False,31/10/1995,31/10/1995,Porto Vitória,Avaí,458774.0,7315.0,away,15566108,04/03/2026,Copa Brasil,0.75,90,0.0,0,0,1995,31,False,0.0
329141,Renato Henrique,10.0,F,False,10/10/1993,10/10/1993,Porto Vitória,Avaí,458774.0,7315.0,away,15566108,04/03/2026,Copa Brasil,0.75,46,0.0,0,0,1993,33,False,0.0
1020310,Matheus Firmino,11.0,F,False,05/06/1999,05/06/1999,Porto Vitória,Avaí,458774.0,7315.0,away,15566108,04/03/2026,Copa Brasil,0.75,90,0.0,0,0,1999,27,False,0.0
973842,Pedro Felipe,9.0,F,False,23/11/1994,23/11/1994,Porto Vitória,Avaí,458774.0,7315.0,away,15566108,04/03/2026,Copa Brasil,0.75,63,0.0,0,0,1994,32,False,0.0
1174554,Rian Felipe,7.0,M,False,21/09/2001,21/09/2001,Porto Vitória,Avaí,458774.0,7315.0,away,15566108,04/03/2026,Copa Brasil,0.75,63,0.0,0,0,2001,25,False,0.0
1588292,Adriano Sousa Bispo,19.0,F,True,11/07/2005,11/07/2005,Porto Vitória,Avaí,458774.0,7315.0,away,15566108,04/03/2026,Copa Brasil,0.75,44,0.0,0,0,2005,21,True,0.0
1466770,Matheus Santos,15.0,M,True,17/10/2000,17/10/2000,Porto Vitória,Avaí,458774.0,7315.0,away,15566108,04/03/2026,Copa Brasil,0.75,27,0.0,0,0,2000,26,False,0.0
796121,Victor Rangel,18.0,F,True,08/09/1990,08/09/1990,Porto Vitória,Avaí,458774.0,7315.0,away,15566108,04/03/2026,Copa Brasil,0.75,27,0.0,0,0,1990,36,False,0.0
925247,Luiz Henrique,20.0,F,True,25/01/2001,25/01/2001,Porto Vitória,Avaí,458774.0,7315.0,away,15566108,04/03/2026,Copa Brasil,0.75,27,0.0,0,0,2001,25,False,0.0
2455567,Josué,17.0,F,True,15/05/1999,15/05/1999,Porto Vitória,Avaí,458774.0,7315.0,away,15566108,04/03/2026,Copa Brasil,0.75,1,0.0,0,0,1999,27,False,0.0
839762,Jory,1.0,G,False,13/03/1996,13/03/1996,Betim Futebol,Operário-PR,368413.0,39634.0,home,15625739,04/03/2026,Copa Brasil,0.75,90,0.0,0,0,1996,30,False,0.0
1589436,Pedro Henrique,6.0,D,False,09/12/2003,09/12/2003,Betim Futebol,Operário-PR,368413.0,39634.0,home,15625739,04/03/2026,Copa Brasil,0.75,90,0.0,0,0,2003,23,True,0.0
995392,Talison,4.0,D,False,02/06/2000,02/06/2000,Betim Futebol,Operário-PR,368413.0,39634.0,home,15625739,04/03/2026,Copa Brasil,0.75,90,0.0,0,0,2000,26,False,0.0
2440996,Jean Carlos,3.0,D,False,10/04/2000,10/04/2000,Betim Futebol,Operário-PR,368413.0,39634.0,home,15625739,04/03/2026,Copa Brasil,0.75,90,0.0,0,0,2000,26,False,0.0
1105085,Danilo Belão,2.0,D,False,05/04/1997,05/04/1997,Betim Futebol,Operário-PR,368413.0,39634.0,home,15625739,04/03/2026,Copa Brasil,0.75,58,0.0,0,0,1997,29,False,0.0
877472,Erick Salles,7.0,M,False,26/12/1994,26/12/1994,Betim Futebol,Operário-PR,368413.0,39634.0,home,15625739,04/03/2026,Copa Brasil,0.75,90,0.0,0,0,1994,32,False,0.0
1137856,Riquelmy,13.0,M,False,11/04/2002,11/04/2002,Betim Futebol,Operário-PR,368413.0,39634.0,home,15625739,04/03/2026,Copa Brasil,0.75,70,0.0,0,0,2002,24,False,0.0
922580,Arilson,15.0,M,False,30/11/1993,30/11/1993,Betim Futebol,Operário-PR,368413.0,39634.0,home,15625739,04/03/2026,Copa Brasil,0.75,70,0.0,0,0,1993,33,False,0.0
875231,Jhemerson,10.0,M,False,27/01/1997,27/01/1997,Betim Futebol,Operário-PR,368413.0,39634.0,home,15625739,04/03/2026,Copa Brasil,0.75,70,0.0,0,0,1997,29,False,0.0
1046441,Vitor Mafra,8.0,M,False,25/06/2002,25/06/2002,Betim Futebol,Operário-PR,368413.0,39634.0,home,15625739,04/03/2026,Copa Brasil,0.75,90,0.0,0,0,2002,24,False,0.0
241502,Paulo Henrique,9.0,F,False,02/07/1993,02/07/1993,Betim Futebol,Operário-PR,368413.0,39634.0,home,15625739,04/03/2026,Copa Brasil,0.75,83,0.0,0,0,1993,33,False,0.0
1067454,Júnior Fialho,11.0,F,True,19/08/1998,19/08/1998,Betim Futebol,Operário-PR,368413.0,39634.0,home,15625739,04/03/2026,Copa Brasil,0.75,32,0.0,0,0,1998,28,False,0.0
1485308,Gabriel Caipira,23.0,D,True,15/02/2005,15/02/2005,Betim Futebol,Operário-PR,368413.0,39634.0,home,15625739,04/03/2026,Copa Brasil,0.75,20,0.0,0,0,2005,21,True,0.0
1086290,Luiz Felipe,18.0,M,True,15/06/2000,15/06/2000,Betim Futebol,Operário-PR,368413.0,39634.0,home,15625739,04/03/2026,Copa Brasil,0.75,20,0.0,0,0,2000,26,False,0.0
1117837,Maycon Rangel,21.0,F,True,11/05/1999,11/05/1999,Betim Futebol,Operário-PR,368413.0,39634.0,home,15625739,04/03/2026,Copa Brasil,0.75,20,0.0,0,0,1999,27,False,0.0
2040730,Cauã Marangoni dos Santos,22.0,M,True,14/07/2004,14/07/2004,Betim Futebol,Operário-PR,368413.0,39634.0,home,15625739,04/03/2026,Copa Brasil,0.75,7,0.0,0,0,2004,22,True,0.0
110843,Vágner,33.0,G,False,06/06/1986,06/06/1986,Operário-PR,Betim Futebol,39634.0,368413.0,away,15625739,04/03/2026,Copa Brasil,0.75,90,0.0,0,0,1986,40,False,0.0
926868,Miranda,16.0,D,False,19/01/2000,19/01/2000,Operário-PR,Betim Futebol,39634.0,368413.0,away,15625739,04/03/2026,Copa Brasil,0.75,90,0.0,0,0,2000,26,False,0.0
1098309,José Cuenú,22.0,D,False,17/02/1995,17/02/1995,Operário-PR,Betim Futebol,39634.0,368413.0,away,15625739,04/03/2026,Copa Brasil,0.75,90,0.0,0,0,1995,31,False,0.0
2154297,Jhan Pool,18.0,D,False,08/05/2001,08/05/2001,Operário-PR,Betim Futebol,39634.0,368413.0,away,15625739,04/03/2026,Copa Brasil,0.75,90,0.0,0,0,2001,25,False,0.0
877139,Moraes Júnior,6.0,D,False,06/09/1997,06/09/1997,Operário-PR,Betim Futebol,39634.0,368413.0,away,15625739,04/03/2026,Copa Brasil,0.75,66,0.0,0,0,1997,29,False,0.0
981621,Índio,5.0,M,False,30/10/1992,30/10/1992,Operário-PR,Betim Futebol,39634.0,368413.0,away,15625739,04/03/2026,Copa Brasil,0.75,70,0.0,0,0,1992,34,False,0.0
1652832,Vinicius Diniz Dall Antonia,20.0,M,False,25/07/1999,25/07/1999,Operário-PR,Betim Futebol,39634.0,368413.0,away,15625739,04/03/2026,Copa Brasil,0.75,90,0.0,0,0,1999,27,False,0.0
358540,Gabriel Boschilia,10.0,M,False,05/03/1996,05/03/1996,Operário-PR,Betim Futebol,39634.0,368413.0,away,15625739,04/03/2026,Copa Brasil,0.75,90,0.0,1,0,1996,30,False,0.0
855966,Edwin Torres,29.0,M,False,09/11/1997,09/11/1997,Operário-PR,Betim Futebol,39634.0,368413.0,away,15625739,04/03/2026,Copa Brasil,0.75,70,0.0,0,0,1997,29,False,0.0
364528,Aylon,11.0,F,False,07/04/1992,07/04/1992,Operário-PR,Betim Futebol,39634.0,368413.0,away,15625739,04/03/2026,Copa Brasil,0.75,63,0.0,0,0,1992,34,False,0.0
374486,Pablo,92.0,F,False,23/06/1992,23/06/1992,Operário-PR,Betim Futebol,39634.0,368413.0,away,15625739,04/03/2026,Copa Brasil,0.75,63,0.0,0,0,1992,34,False,0.0
352880,Hildeberto Pereira,14.0,F,True,02/03/1996,02/03/1996,Operário-PR,Betim Futebol,39634.0,368413.0,away,15625739,04/03/2026,Copa Brasil,0.75,27,0.0,1,0,1996,30,False,0.0
1069410,Léo Gaúcho,99.0,F,True,03/08/2001,03/08/2001,Operário-PR,Betim Futebol,39634.0,368413.0,away,15625739,04/03/2026,Copa Brasil,0.75,27,0.0,0,0,2001,25,False,0.0
1463925,Gabriel Feliciano,27.0,D,True,26/07/2001,26/07/2001,Operário-PR,Betim Futebol,39634.0,368413.0,away,15625739,04/03/2026,Copa Brasil,0.75,24,0.0,0,0,2001,25,False,0.0
852556,Matheus Trindade,39.0,M,True,05/03/1996,05/03/1996,Operário-PR,Betim Futebol,39634.0,368413.0,away,15625739,04/03/2026,Copa Brasil,0.75,20,0.0,0,0,1996,30,False,0.0
847089,Felipe Augusto,7.0,F,True,06/03/1992,06/03/1992,Operário-PR,Betim Futebol,39634.0,368413.0,away,15625739,04/03/2026,Copa Brasil,0.75,20,0.0,0,0,1992,34,False,0.0
1829773,Francisco Pablo Alves Da Silva,1.0,,False,10/10/1999,10/10/1999,Capital FC,Manaus,339670.0,283918.0,home,15591979,04/03/2026,Copa Brasil,0.75,90,0.0,0,0,1999,27,False,0.0
2492845,Rogério Zuin,2.0,D,False,,,Capital FC,Manaus,339670.0,283918.0,home,15591979,04/03/2026,Copa Brasil,0.75,90,0.0,0,0,0,0,False,0.0
1589170,Lucas Luiz da Silva,3.0,D,False,29/08/2003,29/08/2003,Capital FC,Manaus,339670.0,283918.0,home,15591979,04/03/2026,Copa Brasil,0.75,69,0.0,0,0,2003,23,True,0.0
2441801,Mateus Jeferson Nascimento da Silva,4.0,D,False,02/01/2003,02/01/2003,Capital FC,Manaus,339670.0,283918.0,home,15591979,04/03/2026,Copa Brasil,0.75,90,0.0,0,0,2003,23,True,0.0
243731,Felipe Guedes,6.0,M,False,04/06/1991,04/06/1991,Capital FC,Manaus,339670.0,283918.0,home,15591979,04/03/2026,Copa Brasil,0.75,90,0.0,0,0,1991,35,False,0.0
1190343,Rian Alves,5.0,M,False,22/04/2004,22/04/2004,Capital FC,Manaus,339670.0,283918.0,home,15591979,04/03/2026,Copa Brasil,0.75,90,0.0,0,0,2004,22,True,0.0
2492847,Monteiro,8.0,,False,,,Capital FC,Manaus,339670.0,283918.0,home,15591979,04/03/2026,Copa Brasil,0.75,90,0.0,0,0,0,0,False,0.0
2492849,Italo lima,10.0,,False,,,Capital FC,Manaus,339670.0,283918.0,home,15591979,04/03/2026,Copa Brasil,0.75,90,0.0,0,0,0,0,False,0.0
2492850,Rhaillam,,,False,,,Capital FC,Manaus,339670.0,283918.0,home,15591979,04/03/2026,Copa Brasil,0.75,69,0.0,1,0,0,0,False,0.0
2492848,Pedro Testa,9.0,,False,,,Capital FC,Manaus,339670.0,283918.0,home,15591979,04/03/2026,Copa Brasil,0.75,63,0.0,0,0,0,0,False,0.0
2492846,Lucas,7.0,,False,,,Capital FC,Manaus,339670.0,283918.0,home,15591979,04/03/2026,Copa Brasil,0.75,90,0.0,0,0,0,0,False,0.0
2492828,Douglas Marques dos Santos,17.0,F,True,,,Capital FC,Manaus,339670.0,283918.0,home,15591979,04/03/2026,Copa Brasil,0.75,27,0.0,0,0,0,0,False,0.0
2027084,Pedro Henrique Tiburcio Machado,16.0,D,True,,,Capital FC,Manaus,339670.0,283918.0,home,15591979,04/03/2026,Copa Brasil,0.75,21,0.0,0,0,0,0,False,0.0
1474324,Renan,20.0,F,True,24/05/2003,24/05/2003,Capital FC,Manaus,339670.0,283918.0,home,15591979,04/03/2026,Copa Brasil,0.75,21,0.0,0,0,2003,23,True,0.0
2492836,Pedro Antonio Borges Silva,19.0,G,True,,,Capital FC,Manaus,339670.0,283918.0,home,15591979,04/03/2026,Copa Brasil,0.75,1,0.0,0,0,0,0,False,0.0
2492839,Walber Pires Milhomem Junior,23.0,M,True,,,Capital FC,Manaus,339670.0,283918.0,home,15591979,04/03/2026,Copa Brasil,0.75,1,0.0,0,0,0,0,False,0.0
1609676,Eugenio Henrique Neto,1.0,G,False,16/07/1998,16/07/1998,Manaus,Capital FC,283918.0,339670.0,away,15591979,04/03/2026,Copa Brasil,0.75,90,0.0,0,0,1998,28,False,0.0
1588145,Diego Mota Barbosa,14.0,D,False,23/02/2002,23/02/2002,Manaus,Capital FC,283918.0,339670.0,away,15591979,04/03/2026,Copa Brasil,0.75,90,0.0,0,0,2002,24,False,0.0
1046549,Gutierrez,3.0,D,False,08/07/1996,08/07/1996,Manaus,Capital FC,283918.0,339670.0,away,15591979,04/03/2026,Copa Brasil,0.75,90,0.0,0,0,1996,30,False,0.0
870673,David Luis,6.0,D,False,17/06/1995,17/06/1995,Manaus,Capital FC,283918.0,339670.0,away,15591979,04/03/2026,Copa Brasil,0.75,90,0.0,0,0,1995,31,False,0.0
1180763,Savio Araujo,7.0,M,False,30/12/2000,30/12/2000,Manaus,Capital FC,283918.0,339670.0,away,15591979,04/03/2026,Copa Brasil,0.75,46,0.0,0,0,2000,26,False,0.0
1588004,Wallace,5.0,M,False,02/04/2003,02/04/2003,Manaus,Capital FC,283918.0,339670.0,away,15591979,04/03/2026,Copa Brasil,0.75,90,0.0,0,0,2003,23,True,0.0
1385761,Neko,8.0,M,False,20/02/2001,20/02/2001,Manaus,Capital FC,283918.0,339670.0,away,15591979,04/03/2026,Copa Brasil,0.75,90,0.0,0,0,2001,25,False,0.0
1474375,Tico,19.0,D,False,21/08/2001,21/08/2001,Manaus,Capital FC,283918.0,339670.0,away,15591979,04/03/2026,Copa Brasil,0.75,70,0.0,0,0,2001,25,False,0.0
1590311,Cauã Lucca,30.0,M,False,27/05/2004,27/05/2004,Manaus,Capital FC,283918.0,339670.0,away,15591979,04/03/2026,Copa Brasil,0.75,46,0.0,0,0,2004,22,True,0.0
988753,Anderson Cordeiro,23.0,F,False,10/10/1998,10/10/1998,Manaus,Capital FC,283918.0,339670.0,away,15591979,04/03/2026,Copa Brasil,0.75,58,0.0,1,0,1998,28,False,0.0
975442,Leo Reis,9.0,F,False,16/06/1999,16/06/1999,Manaus,Capital FC,283918.0,339670.0,away,15591979,04/03/2026,Copa Brasil,0.75,66,0.0,0,0,1999,27,False,0.0
827331,Caíque Valdivia,10.0,M,True,23/09/1992,23/09/1992,Manaus,Capital FC,283918.0,339670.0,away,15591979,04/03/2026,Copa Brasil,0.75,44,0.0,0,0,1992,34,False,0.0
1048963,Ronald,11.0,M,True,10/08/2002,10/08/2002,Manaus,Capital FC,283918.0,339670.0,away,15591979,04/03/2026,Copa Brasil,0.75,44,0.0,0,0,2002,24,False,0.0
1818895,Luisinho,21.0,F,True,19/12/2002,19/12/2002,Manaus,Capital FC,283918.0,339670.0,away,15591979,04/03/2026,Copa Brasil,0.75,32,0.0,0,0,2002,24,False,0.0
874365,Léo Bahia,18.0,F,True,19/05/1991,19/05/1991,Manaus,Capital FC,283918.0,339670.0,away,15591979,04/03/2026,Copa Brasil,0.75,24,0.0,0,0,1991,35,False,0.0
1118343,Nicolas Ferri,2.0,D,True,23/09/2000,23/09/2000,Manaus,Capital FC,283918.0,339670.0,away,15591979,04/03/2026,Copa Brasil,0.75,20,0.0,0,0,2000,26,False,0.0
2492841,Allan Camillato,1.0,G,False,11/07/1994,11/07/1994,Rio Branco-ES,Athletic Club,49199.0,342775.0,home,15571107,05/03/2026,Copa Brasil,0.75,90,0.0,0,0,1994,32,False,0.0
243175,Bruno Peres,33.0,D,False,01/03/1990,01/03/1990,Rio Branco-ES,Athletic Club,49199.0,342775.0,home,15571107,05/03/2026,Copa Brasil,0.75,66,0.0,0,0,1990,36,False,0.0
1102569,Matheus Mega,3.0,D,False,09/09/1999,09/09/1999,Rio Branco-ES,Athletic Club,49199.0,342775.0,home,15571107,05/03/2026,Copa Brasil,0.75,90,0.0,0,0,1999,27,False,0.0
1514485,Darlan Santos Rufino De Oliveira,4.0,D,False,18/06/2001,18/06/2001,Rio Branco-ES,Athletic Club,49199.0,342775.0,home,15571107,05/03/2026,Copa Brasil,0.75,82,0.0,0,0,2001,25,False,0.0
975901,Matheus Anunciação Castelo,14.0,D,False,09/02/1998,09/02/1998,Rio Branco-ES,Athletic Club,49199.0,342775.0,home,15571107,05/03/2026,Copa Brasil,0.75,90,0.0,0,0,1998,28,False,0.0
1065319,Murilo,22.0,M,False,02/12/1995,02/12/1995,Rio Branco-ES,Athletic Club,49199.0,342775.0,home,15571107,05/03/2026,Copa Brasil,0.75,90,0.0,0,0,1995,31,False,0.0
944240,Jonathan Romarinho,5.0,M,False,15/11/1992,15/11/1992,Rio Branco-ES,Athletic Club,49199.0,342775.0,home,15571107,05/03/2026,Copa Brasil,0.75,51,0.0,0,0,1992,34,False,0.0
1014251,Zé Mateus,8.0,M,False,18/01/1995,18/01/1995,Rio Branco-ES,Athletic Club,49199.0,342775.0,home,15571107,05/03/2026,Copa Brasil,0.75,90,0.0,0,0,1995,31,False,0.0
1472639,Carlos Augusto,15.0,M,False,15/01/1999,15/01/1999,Rio Branco-ES,Athletic Club,49199.0,342775.0,home,15571107,05/03/2026,Copa Brasil,0.75,66,0.0,1,0,1999,27,False,0.0
1907736,Breno Melo,26.0,M,False,27/04/2005,27/04/2005,Rio Branco-ES,Athletic Club,49199.0,342775.0,home,15571107,05/03/2026,Copa Brasil,0.75,90,0.0,0,0,2005,21,True,0.0
925086,Gui Mendes,11.0,F,False,03/08/2000,03/08/2000,Rio Branco-ES,Athletic Club,49199.0,342775.0,home,15571107,05/03/2026,Copa Brasil,0.75,66,0.0,0,0,2000,26,False,0.0
1019548,Neto Oliveira,9.0,F,True,02/03/1998,02/03/1998,Rio Branco-ES,Athletic Club,49199.0,342775.0,home,15571107,05/03/2026,Copa Brasil,0.75,39,0.0,0,0,1998,28,False,0.0
1465707,Thainler,23.0,D,True,26/06/1996,26/06/1996,Rio Branco-ES,Athletic Club,49199.0,342775.0,home,15571107,05/03/2026,Copa Brasil,0.75,24,0.0,0,0,1996,30,False,0.0
789962,Alisson Farias,10.0,M,True,07/04/1996,07/04/1996,Rio Branco-ES,Athletic Club,49199.0,342775.0,home,15571107,05/03/2026,Copa Brasil,0.75,24,0.0,0,0,1996,30,False,0.0
1464015,Alex Galo,88.0,M,True,13/05/1995,13/05/1995,Rio Branco-ES,Athletic Club,49199.0,342775.0,home,15571107,05/03/2026,Copa Brasil,0.75,24,0.0,0,0,1995,31,False,0.0
146790,João Paulo,30.0,M,True,22/02/1985,22/02/1985,Rio Branco-ES,Athletic Club,49199.0,342775.0,home,15571107,05/03/2026,Copa Brasil,0.75,8,0.0,0,0,1985,41,False,0.0
798688,Jhonatan,1.0,G,False,08/05/1991,08/05/1991,Athletic Club,Rio Branco-ES,342775.0,49199.0,away,15571107,05/03/2026,Copa Brasil,0.75,90,0.0,0,0,1991,35,False,0.0
555454,Zeca,6.0,D,False,16/05/1994,16/05/1994,Athletic Club,Rio Branco-ES,342775.0,49199.0,away,15571107,05/03/2026,Copa Brasil,0.75,90,0.0,0,0,1994,32,False,0.0
1130040,Lucas Belezi,4.0,D,False,08/05/2003,08/05/2003,Athletic Club,Rio Branco-ES,342775.0,49199.0,away,15571107,05/03/2026,Copa Brasil,0.75,90,0.0,1,0,2003,23,True,0.0
1467761,Jhonathan,3.0,D,False,13/07/1999,13/07/1999,Athletic Club,Rio Branco-ES,342775.0,49199.0,away,15571107,05/03/2026,Copa Brasil,0.75,90,0.0,0,0,1999,27,False,0.0
1588320,Diogo Batista de Souza,2.0,D,False,29/08/2003,29/08/2003,Athletic Club,Rio Branco-ES,342775.0,49199.0,away,15571107,05/03/2026,Copa Brasil,0.75,90,0.0,0,0,2003,23,True,0.0
1197424,Dixon Vera,7.0,M,False,06/04/2003,06/04/2003,Athletic Club,Rio Branco-ES,342775.0,49199.0,away,15571107,05/03/2026,Copa Brasil,0.75,87,0.0,0,0,2003,23,True,0.0
1099301,Gian Cabezas,8.0,M,False,01/01/2003,01/01/2003,Athletic Club,Rio Branco-ES,342775.0,49199.0,away,15571107,05/03/2026,Copa Brasil,0.75,87,0.0,0,0,2003,23,True,0.0
1470709,David Braga,10.0,M,False,11/12/2001,11/12/2001,Athletic Club,Rio Branco-ES,342775.0,49199.0,away,15571107,05/03/2026,Copa Brasil,0.75,87,0.0,0,0,2001,25,False,0.0
1046496,Ian Luccas,5.0,M,False,11/02/2003,11/02/2003,Athletic Club,Rio Branco-ES,342775.0,49199.0,away,15571107,05/03/2026,Copa Brasil,0.75,60,0.0,0,0,2003,23,True,0.0
828707,Ronaldo Tavares,9.0,F,False,22/07/1997,22/07/1997,Athletic Club,Rio Branco-ES,342775.0,49199.0,away,15571107,05/03/2026,Copa Brasil,0.75,90,0.0,0,0,1997,29,False,0.0
1495892,Ruan Lucas de Assis,11.0,F,False,20/04/2004,20/04/2004,Athletic Club,Rio Branco-ES,342775.0,49199.0,away,15571107,05/03/2026,Copa Brasil,0.75,75,0.0,0,0,2004,22,True,0.0
1516708,Kauan Rodrigues,17.0,M,True,16/04/2005,16/04/2005,Athletic Club,Rio Branco-ES,342775.0,49199.0,away,15571107,05/03/2026,Copa Brasil,0.75,30,0.0,0,0,2005,21,True,0.0
1650031,Kauan Lindes,16.0,M,True,28/11/2003,28/11/2003,Athletic Club,Rio Branco-ES,342775.0,49199.0,away,15571107,05/03/2026,Copa Brasil,0.75,15,0.0,0,0,2003,23,True,0.0
1901819,Deyson Copete,15.0,M,True,22/08/2001,22/08/2001,Athletic Club,Rio Branco-ES,342775.0,49199.0,away,15571107,05/03/2026,Copa Brasil,0.75,3,0.0,0,0,2001,25,False,0.0
1631782,Carlito Thiago Valenca Monteiro,19.0,F,True,15/02/2005,15/02/2005,Athletic Club,Rio Branco-ES,342775.0,49199.0,away,15571107,05/03/2026,Copa Brasil,0.75,3,0.0,0,0,2005,21,True,0.0
2492844,Gabriel Carioca,18.0,F,True,05/05/2006,05/05/2006,Athletic Club,Rio Branco-ES,342775.0,49199.0,away,15571107,05/03/2026,Copa Brasil,0.75,3,0.0,0,0,2006,20,True,0.0
879526,Marcão,1.0,G,False,17/05/1993,17/05/1993,Santa Catarina Clube,Cuiabá,465990.0,49202.0,home,15592404,05/03/2026,Copa Brasil,0.75,90,0.0,0,0,1993,33,False,0.0
1395893,Juninho,2.0,D,False,22/02/1997,22/02/1997,Santa Catarina Clube,Cuiabá,465990.0,49202.0,home,15592404,05/03/2026,Copa Brasil,0.75,90,0.0,0,0,1997,29,False,0.0
1589104,Kauê Oliveira de Souza,15.0,M,False,27/02/2004,27/02/2004,Santa Catarina Clube,Cuiabá,465990.0,49202.0,home,15592404,05/03/2026,Copa Brasil,0.75,90,0.0,0,0,2004,22,True,0.0
1644835,Adriel,29.0,D,False,08/02/2001,08/02/2001,Santa Catarina Clube,Cuiabá,465990.0,49202.0,home,15592404,05/03/2026,Copa Brasil,0.75,90,0.0,0,0,2001,25,False,0.0
2470411,Wanderson Felipe,14.0,F,False,26/01/2005,26/01/2005,Santa Catarina Clube,Cuiabá,465990.0,49202.0,home,15592404,05/03/2026,Copa Brasil,0.75,46,0.0,0,0,2005,21,True,0.0
1546643,Joao Vitor Rodrigues Galdino,16.0,M,False,31/07/2005,31/07/2005,Santa Catarina Clube,Cuiabá,465990.0,49202.0,home,15592404,05/03/2026,Copa Brasil,0.75,57,0.0,0,0,2005,21,True,0.0
2032250,Gabriel Mendes Alves,10.0,M,False,27/06/1995,27/06/1995,Santa Catarina Clube,Cuiabá,465990.0,49202.0,home,15592404,05/03/2026,Copa Brasil,0.75,90,0.0,0,0,1995,31,False,0.0
2032249,Cléberson Cristiano Jahnke,8.0,M,False,11/08/2002,11/08/2002,Santa Catarina Clube,Cuiabá,465990.0,49202.0,home,15592404,05/03/2026,Copa Brasil,0.75,77,0.0,0,0,2002,24,False,0.0
2032258,Bruninho,7.0,M,False,24/02/2003,24/02/2003,Santa Catarina Clube,Cuiabá,465990.0,49202.0,home,15592404,05/03/2026,Copa Brasil,0.75,65,0.0,0,0,2003,23,True,0.0
86110,Alex Gonçalves,20.0,F,False,20/05/1990,20/05/1990,Santa Catarina Clube,Cuiabá,465990.0,49202.0,home,15592404,05/03/2026,Copa Brasil,0.75,90,0.0,1,0,1990,36,False,0.0
1829877,Renan Henrique Gomes Neves,13.0,M,False,05/04/1997,05/04/1997,Santa Catarina Clube,Cuiabá,465990.0,49202.0,home,15592404,05/03/2026,Copa Brasil,0.75,77,0.0,0,0,1997,29,False,0.0
2032248,Matheus Coruja,6.0,D,True,10/07/2000,10/07/2000,Santa Catarina Clube,Cuiabá,465990.0,49202.0,home,15592404,05/03/2026,Copa Brasil,0.75,44,0.0,0,0,2000,26,False,0.0
1546445,Renan Nunes dos Santos,25.0,M,True,20/11/2003,20/11/2003,Santa Catarina Clube,Cuiabá,465990.0,49202.0,home,15592404,05/03/2026,Copa Brasil,0.75,33,0.0,0,0,2003,23,True,0.0
1129980,Brener,18.0,M,True,01/04/2000,01/04/2000,Santa Catarina Clube,Cuiabá,465990.0,49202.0,home,15592404,05/03/2026,Copa Brasil,0.75,25,0.0,0,0,2000,26,False,0.0
1589114,Guilherme Rodrigues Nascimento,27.0,M,True,13/02/2002,13/02/2002,Santa Catarina Clube,Cuiabá,465990.0,49202.0,home,15592404,05/03/2026,Copa Brasil,0.75,13,0.0,0,0,2002,24,False,0.0
1941903,Luãn,30.0,F,True,08/02/2001,08/02/2001,Santa Catarina Clube,Cuiabá,465990.0,49202.0,home,15592404,05/03/2026,Copa Brasil,0.75,13,0.0,0,0,2001,25,False,0.0
795227,João Carlos,12.0,G,False,06/04/1988,06/04/1988,Cuiabá,Santa Catarina Clube,49202.0,465990.0,away,15592404,05/03/2026,Copa Brasil,0.75,90,0.0,0,0,1988,38,False,0.0
77375,Nino Paraíba,2.0,D,False,10/01/1986,10/01/1986,Cuiabá,Santa Catarina Clube,49202.0,465990.0,away,15592404,05/03/2026,Copa Brasil,0.75,90,0.0,0,0,1986,40,False,0.0
2040217,Luis Henrique Fonseca Soares,91.0,D,False,17/07/2005,17/07/2005,Cuiabá,Santa Catarina Clube,49202.0,465990.0,away,15592404,05/03/2026,Copa Brasil,0.75,90,0.0,0,0,2005,21,True,0.0
988873,Vitor Mendes,4.0,D,False,13/02/1999,13/02/1999,Cuiabá,Santa Catarina Clube,49202.0,465990.0,away,15592404,05/03/2026,Copa Brasil,0.75,90,0.0,0,0,1999,27,False,0.0
870933,Marlon Lopes,6.0,D,False,13/02/1994,13/02/1994,Cuiabá,Santa Catarina Clube,49202.0,465990.0,away,15592404,05/03/2026,Copa Brasil,0.75,46,0.0,0,0,1994,32,False,0.0
1645786,Calebe Costa,5.0,M,False,07/06/2003,07/06/2003,Cuiabá,Santa Catarina Clube,49202.0,465990.0,away,15592404,05/03/2026,Copa Brasil,0.75,90,0.0,0,0,2003,23,True,0.0
946945,Pepê,6.0,M,False,06/01/1998,06/01/1998,Cuiabá,Santa Catarina Clube,49202.0,465990.0,away,15592404,05/03/2026,Copa Brasil,0.75,69,0.0,0,0,1998,28,False,0.0
870760,Raul,30.0,M,False,11/07/1996,11/07/1996,Cuiabá,Santa Catarina Clube,49202.0,465990.0,away,15592404,05/03/2026,Copa Brasil,0.75,85,0.0,0,0,1996,30,False,0.0
1631777,Kauan Cristtyan,41.0,M,False,24/01/2006,24/01/2006,Cuiabá,Santa Catarina Clube,49202.0,465990.0,away,15592404,05/03/2026,Copa Brasil,0.75,81,0.0,0,0,2006,20,True,0.0
1875994,Vinicius Peixoto,29.0,F,False,31/10/2003,31/10/2003,Cuiabá,Santa Catarina Clube,49202.0,465990.0,away,15592404,05/03/2026,Copa Brasil,0.75,69,0.0,1,0,2003,23,True,0.0
954327,Rodrigo,27.0,M,False,21/04/2000,21/04/2000,Cuiabá,Santa Catarina Clube,49202.0,465990.0,away,15592404,05/03/2026,Copa Brasil,0.75,90,0.0,0,0,2000,26,False,0.0
1640518,Eric,14.0,D,True,07/08/2000,07/08/2000,Cuiabá,Santa Catarina Clube,49202.0,465990.0,away,15592404,05/03/2026,Copa Brasil,0.75,44,0.0,0,0,2000,26,False,0.0
1520882,Victor Hugo,17.0,M,True,19/07/2004,19/07/2004,Cuiabá,Santa Catarina Clube,49202.0,465990.0,away,15592404,05/03/2026,Copa Brasil,0.75,21,0.0,0,0,2004,22,True,0.0
1106499,Weverson,20.0,M,True,11/08/2003,11/08/2003,Cuiabá,Santa Catarina Clube,49202.0,465990.0,away,15592404,05/03/2026,Copa Brasil,0.75,21,0.0,0,0,2003,23,True,0.0
904837,Mateus Santos,19.0,M,True,19/01/1999,19/01/1999,Cuiabá,Santa Catarina Clube,49202.0,465990.0,away,15592404,05/03/2026,Copa Brasil,0.75,9,0.0,0,0,1999,27,False,0.0
870111,Luiz Otavio,7.0,M,True,18/03/1997,18/03/1997,Cuiabá,Santa Catarina Clube,49202.0,465990.0,away,15592404,05/03/2026,Copa Brasil,0.75,5,0.0,0,0,1997,29,False,0.0
1179252,Neto Bonini,1.0,G,False,14/05/1995,14/05/1995,Ivinhema,Volta Redonda,34000.0,6982.0,home,15592406,05/03/2026,Copa Brasil,0.75,90,0.0,0,0,1995,31,False,0.0
2428362,Santana de Souza Pedro Henrique,2.0,D,False,29/12/2007,29/12/2007,Ivinhema,Volta Redonda,34000.0,6982.0,home,15592406,05/03/2026,Copa Brasil,0.75,67,0.0,0,0,2007,19,True,0.0
985441,Paulo Selson,3.0,D,False,06/10/1995,06/10/1995,Ivinhema,Volta Redonda,34000.0,6982.0,home,15592406,05/03/2026,Copa Brasil,0.75,90,0.0,0,0,1995,31,False,0.0
2198724,Bugarin,4.0,D,False,28/04/2000,28/04/2000,Ivinhema,Volta Redonda,34000.0,6982.0,home,15592406,05/03/2026,Copa Brasil,0.75,52,0.0,0,0,2000,26,False,0.0
2470094,Harinson,6.0,D,False,05/06/2001,05/06/2001,Ivinhema,Volta Redonda,34000.0,6982.0,home,15592406,05/03/2026,Copa Brasil,0.75,90,0.0,0,0,2001,25,False,0.0
1462343,Adson,8.0,D,False,27/07/1998,27/07/1998,Ivinhema,Volta Redonda,34000.0,6982.0,home,15592406,05/03/2026,Copa Brasil,0.75,90,0.0,0,0,1998,28,False,0.0
1174166,Diogo Fogliato,5.0,M,False,06/12/1991,06/12/1991,Ivinhema,Volta Redonda,34000.0,6982.0,home,15592406,05/03/2026,Copa Brasil,0.75,90,0.0,0,0,1991,35,False,0.0
2442130,Ninho,17.0,M,False,17/06/2000,17/06/2000,Ivinhema,Volta Redonda,34000.0,6982.0,home,15592406,05/03/2026,Copa Brasil,0.75,77,0.0,1,0,2000,26,False,0.0
2473404,Tuninho,7.0,,False,,,Ivinhema,Volta Redonda,34000.0,6982.0,home,15592406,05/03/2026,Copa Brasil,0.75,90,0.0,0,0,0,0,False,0.0
2181822,Eliéser,9.0,F,False,08/03/1991,08/03/1991,Ivinhema,Volta Redonda,34000.0,6982.0,home,15592406,05/03/2026,Copa Brasil,0.75,52,0.0,0,0,1991,35,False,0.0
1471227,Wendel,11.0,F,False,10/07/2003,10/07/2003,Ivinhema,Volta Redonda,34000.0,6982.0,home,15592406,05/03/2026,Copa Brasil,0.75,90,0.0,1,0,2003,23,True,0.0
2424181,Michel Kaique Ferreira Da Silva,15.0,D,True,20/08/2001,20/08/2001,Ivinhema,Volta Redonda,34000.0,6982.0,home,15592406,05/03/2026,Copa Brasil,0.75,38,0.0,0,0,2001,25,False,0.0
2492863,Vitão,22.0,,True,,,Ivinhema,Volta Redonda,34000.0,6982.0,home,15592406,05/03/2026,Copa Brasil,0.75,38,0.0,0,0,0,0,False,0.0
1471999,Jonatas,10.0,M,True,29/09/1998,29/09/1998,Ivinhema,Volta Redonda,34000.0,6982.0,home,15592406,05/03/2026,Copa Brasil,0.75,23,0.0,0,0,1998,28,False,0.0
874155,Alisson,20.0,M,True,13/08/1991,13/08/1991,Ivinhema,Volta Redonda,34000.0,6982.0,home,15592406,05/03/2026,Copa Brasil,0.75,13,0.0,0,0,1991,35,False,0.0
1117659,Avelino,1.0,G,False,11/11/1998,11/11/1998,Volta Redonda,Ivinhema,6982.0,34000.0,away,15592406,05/03/2026,Copa Brasil,0.75,90,0.0,0,0,1998,28,False,0.0
243469,Wellington Silva,2.0,D,False,06/03/1988,06/03/1988,Volta Redonda,Ivinhema,6982.0,34000.0,away,15592406,05/03/2026,Copa Brasil,0.75,90,0.0,1,0,1988,38,False,0.0
873115,Bruno Barra,5.0,M,False,11/04/1986,11/04/1986,Volta Redonda,Ivinhema,6982.0,34000.0,away,15592406,05/03/2026,Copa Brasil,0.75,90,0.0,0,0,1986,40,False,0.0
1175733,Lucas Adell,3.0,D,False,15/07/2000,15/07/2000,Volta Redonda,Ivinhema,6982.0,34000.0,away,15592406,05/03/2026,Copa Brasil,0.75,90,0.0,0,0,2000,26,False,0.0
840145,Jean Victor,6.0,D,False,01/07/1994,01/07/1994,Volta Redonda,Ivinhema,6982.0,34000.0,away,15592406,05/03/2026,Copa Brasil,0.75,80,0.0,0,0,1994,32,False,0.0
981591,Wagninho,17.0,M,False,27/04/2000,27/04/2000,Volta Redonda,Ivinhema,6982.0,34000.0,away,15592406,05/03/2026,Copa Brasil,0.75,90,0.0,0,0,2000,26,False,0.0
987089,Luciano Naninho,18.0,M,False,03/07/1992,03/07/1992,Volta Redonda,Ivinhema,6982.0,34000.0,away,15592406,05/03/2026,Copa Brasil,0.75,89,0.0,0,0,1992,34,False,0.0
243167,Dener,8.0,M,False,13/03/1992,13/03/1992,Volta Redonda,Ivinhema,6982.0,34000.0,away,15592406,05/03/2026,Copa Brasil,0.75,90,0.0,1,0,1992,34,False,0.0
975400,Marcos Vinicius,7.0,F,False,,,Volta Redonda,Ivinhema,6982.0,34000.0,away,15592406,05/03/2026,Copa Brasil,0.75,81,0.0,0,0,0,0,False,0.0
924424,Ygor Catatau,9.0,F,False,01/07/1995,01/07/1995,Volta Redonda,Ivinhema,6982.0,34000.0,away,15592406,05/03/2026,Copa Brasil,0.75,80,0.0,1,0,1995,31,False,0.0
1105842,Marcos Vinicius,11.0,M,False,10/07/1998,10/07/1998,Volta Redonda,Ivinhema,6982.0,34000.0,away,15592406,05/03/2026,Copa Brasil,0.75,64,0.0,0,0,1998,28,False,0.0
1429887,Felipinho,20.0,M,True,18/07/2002,18/07/2002,Volta Redonda,Ivinhema,6982.0,34000.0,away,15592406,05/03/2026,Copa Brasil,0.75,26,0.0,1,0,2002,24,False,0.0
1016658,Juninho,30.0,D,True,28/07/1999,28/07/1999,Volta Redonda,Ivinhema,6982.0,34000.0,away,15592406,05/03/2026,Copa Brasil,0.75,10,0.0,0,0,1999,27,False,0.0
1020469,Oswaldo Blanco,19.0,F,True,20/05/1991,20/05/1991,Volta Redonda,Ivinhema,6982.0,34000.0,away,15592406,05/03/2026,Copa Brasil,0.75,10,0.0,0,0,1991,35,False,0.0
2428101,Caetano,29.0,M,True,14/06/2005,14/06/2005,Volta Redonda,Ivinhema,6982.0,34000.0,away,15592406,05/03/2026,Copa Brasil,0.75,9,0.0,0,0,2005,21,True,0.0
981380,Alan,13.0,D,True,12/02/2001,12/02/2001,Volta Redonda,Ivinhema,6982.0,34000.0,away,15592406,05/03/2026,Copa Brasil,0.75,1,0.0,0,0,2001,25,False,0.0
2492893,David Becker,1.0,G,False,16/06/1995,16/06/1995,Manauara EC,AO Itabaiana,393104.0,21853.0,home,15566105,05/03/2026,Copa Brasil,0.75,90,0.0,0,0,1995,31,False,0.0
1186141,Maicon Martins Rodrigues,4.0,D,False,21/03/1995,21/03/1995,Manauara EC,AO Itabaiana,393104.0,21853.0,home,15566105,05/03/2026,Copa Brasil,0.75,90,0.0,0,0,1995,31,False,0.0
1047079,Paulinho,96.0,D,False,06/09/1996,06/09/1996,Manauara EC,AO Itabaiana,393104.0,21853.0,home,15566105,05/03/2026,Copa Brasil,0.75,90,0.0,0,0,1996,30,False,0.0
1546653,Victor Leandro Ribeiro,2.0,D,False,11/08/1997,11/08/1997,Manauara EC,AO Itabaiana,393104.0,21853.0,home,15566105,05/03/2026,Copa Brasil,0.75,77,0.0,0,0,1997,29,False,0.0
1104574,Caio Ribeiro,6.0,D,False,02/10/1996,02/10/1996,Manauara EC,AO Itabaiana,393104.0,21853.0,home,15566105,05/03/2026,Copa Brasil,0.75,58,0.0,0,0,1996,30,False,0.0
1650106,Marinho,18.0,M,False,13/12/1995,13/12/1995,Manauara EC,AO Itabaiana,393104.0,21853.0,home,15566105,05/03/2026,Copa Brasil,0.75,90,0.0,1,0,1995,31,False,0.0
851501,Pablo Pardal,99.0,M,False,21/04/1999,21/04/1999,Manauara EC,AO Itabaiana,393104.0,21853.0,home,15566105,05/03/2026,Copa Brasil,0.75,90,0.0,1,0,1999,27,False,0.0
1017269,Juninho,5.0,M,False,02/11/1999,02/11/1999,Manauara EC,AO Itabaiana,393104.0,21853.0,home,15566105,05/03/2026,Copa Brasil,0.75,90,0.0,0,0,1999,27,False,0.0
874175,João Guilherme,27.0,F,False,27/07/1994,27/07/1994,Manauara EC,AO Itabaiana,393104.0,21853.0,home,15566105,05/03/2026,Copa Brasil,0.75,57,0.0,1,0,1994,32,False,0.0
1106064,Adriano Klein,11.0,F,False,02/10/2000,02/10/2000,Manauara EC,AO Itabaiana,393104.0,21853.0,home,15566105,05/03/2026,Copa Brasil,0.75,62,0.0,0,0,2000,26,False,0.0
1109249,Quadrado,37.0,F,False,16/02/1995,16/02/1995,Manauara EC,AO Itabaiana,393104.0,21853.0,home,15566105,05/03/2026,Copa Brasil,0.75,56,0.0,0,0,1995,31,False,0.0
1109701,Ivan,22.0,D,True,07/09/1995,07/09/1995,Manauara EC,AO Itabaiana,393104.0,21853.0,home,15566105,05/03/2026,Copa Brasil,0.75,34,0.0,0,0,1995,31,False,0.0
973539,Rafael Ibiapino,9.0,F,True,04/05/1992,04/05/1992,Manauara EC,AO Itabaiana,393104.0,21853.0,home,15566105,05/03/2026,Copa Brasil,0.75,33,0.0,0,0,1992,34,False,0.0
1047840,Felipe Camargo,3.0,D,True,08/01/1999,08/01/1999,Manauara EC,AO Itabaiana,393104.0,21853.0,home,15566105,05/03/2026,Copa Brasil,0.75,32,0.0,0,0,1999,27,False,0.0
329221,Giva,7.0,F,True,03/01/1993,03/01/1993,Manauara EC,AO Itabaiana,393104.0,21853.0,home,15566105,05/03/2026,Copa Brasil,0.75,28,0.0,0,0,1993,33,False,0.0
1186567,Fabrício Conceição,25.0,D,True,06/05/1997,06/05/1997,Manauara EC,AO Itabaiana,393104.0,21853.0,home,15566105,05/03/2026,Copa Brasil,0.75,13,0.0,0,0,1997,29,False,0.0
1488517,Léo Souza,1.0,G,False,15/06/1989,15/06/1989,AO Itabaiana,Manauara EC,21853.0,393104.0,away,15566105,05/03/2026,Copa Brasil,0.75,90,0.0,0,0,1989,37,False,0.0
879599,Manoel Neto,16.0,D,False,08/06/1996,08/06/1996,AO Itabaiana,Manauara EC,21853.0,393104.0,away,15566105,05/03/2026,Copa Brasil,0.75,46,0.0,0,0,1996,30,False,0.0
1467004,Lucão,4.0,D,False,25/03/1998,25/03/1998,AO Itabaiana,Manauara EC,21853.0,393104.0,away,15566105,05/03/2026,Copa Brasil,0.75,90,0.0,0,0,1998,28,False,0.0
973922,Betão,3.0,D,False,14/10/1991,14/10/1991,AO Itabaiana,Manauara EC,21853.0,393104.0,away,15566105,05/03/2026,Copa Brasil,0.75,90,0.0,0,0,1991,35,False,0.0
1412633,Ricardo Cerqueira,2.0,D,False,29/12/2002,29/12/2002,AO Itabaiana,Manauara EC,21853.0,393104.0,away,15566105,05/03/2026,Copa Brasil,0.75,46,0.0,0,0,2002,24,False,0.0
806101,Karl Vedova Junior,8.0,M,False,07/04/1993,07/04/1993,AO Itabaiana,Manauara EC,21853.0,393104.0,away,15566105,05/03/2026,Copa Brasil,0.75,90,0.0,0,0,1993,33,False,0.0
1069158,Gustavo Crecci,5.0,M,False,06/01/1995,06/01/1995,AO Itabaiana,Manauara EC,21853.0,393104.0,away,15566105,05/03/2026,Copa Brasil,0.75,90,0.0,0,0,1995,31,False,0.0
1176037,Pedro Igor Martins,7.0,F,False,16/05/2002,16/05/2002,AO Itabaiana,Manauara EC,21853.0,393104.0,away,15566105,05/03/2026,Copa Brasil,0.75,78,0.0,1,0,2002,24,False,0.0
909981,Jonata,9.0,F,False,26/11/1997,26/11/1997,AO Itabaiana,Manauara EC,21853.0,393104.0,away,15566105,05/03/2026,Copa Brasil,0.75,65,0.0,0,0,1997,29,False,0.0
1047664,Tarcísio,6.0,F,False,07/11/1992,07/11/1992,AO Itabaiana,Manauara EC,21853.0,393104.0,away,15566105,05/03/2026,Copa Brasil,0.75,90,0.0,0,0,1992,34,False,0.0
981613,Dione,10.0,F,False,16/07/1993,16/07/1993,AO Itabaiana,Manauara EC,21853.0,393104.0,away,15566105,05/03/2026,Copa Brasil,0.75,60,0.0,0,0,1993,33,False,0.0
1009925,Caio Felipe,21.0,D,True,02/02/1999,02/02/1999,AO Itabaiana,Manauara EC,21853.0,393104.0,away,15566105,05/03/2026,Copa Brasil,0.75,44,0.0,0,0,1999,27,False,0.0
2120742,Elimar,11.0,F,True,17/06/1998,17/06/1998,AO Itabaiana,Manauara EC,21853.0,393104.0,away,15566105,05/03/2026,Copa Brasil,0.75,44,0.0,0,0,1998,28,False,0.0
1114095,Luan Silva,19.0,F,True,19/07/1992,19/07/1992,AO Itabaiana,Manauara EC,21853.0,393104.0,away,15566105,05/03/2026,Copa Brasil,0.75,30,0.0,0,0,1992,34,False,0.0
338841,Yago,17.0,M,True,07/07/1995,07/07/1995,AO Itabaiana,Manauara EC,21853.0,393104.0,away,15566105,05/03/2026,Copa Brasil,0.75,25,0.0,0,0,1995,31,False,0.0
1105056,Kayan,20.0,F,True,22/11/2000,22/11/2000,AO Itabaiana,Manauara EC,21853.0,393104.0,away,15566105,05/03/2026,Copa Brasil,0.75,12,0.0,0,0,2000,26,False,0.0
124766,Gustavo,1.0,G,False,10/03/1993,10/03/1993,América Mineiro,Tirol/CEFAT,1973.0,398170.0,home,15592409,05/03/2026,Copa Brasil,0.75,90,0.0,0,0,1993,33,False,0.0
871209,Maguinho,26.0,D,False,06/01/1992,06/01/1992,América Mineiro,Tirol/CEFAT,1973.0,398170.0,home,15592409,05/03/2026,Copa Brasil,0.75,90,0.0,0,0,1992,34,False,0.0
844015,Emerson Santos,2.0,D,False,05/04/1995,05/04/1995,América Mineiro,Tirol/CEFAT,1973.0,398170.0,home,15592409,05/03/2026,Copa Brasil,0.75,90,0.0,0,0,1995,31,False,0.0
1485499,Rafael Barcelos,4.0,D,False,25/01/2005,25/01/2005,América Mineiro,Tirol/CEFAT,1973.0,398170.0,home,15592409,05/03/2026,Copa Brasil,0.75,90,0.0,0,0,2005,21,True,0.0
360160,Artur,96.0,D,False,05/08/1994,05/08/1994,América Mineiro,Tirol/CEFAT,1973.0,398170.0,home,15592409,05/03/2026,Copa Brasil,0.75,79,0.0,0,0,1994,32,False,0.0
871681,Val Soares,97.0,M,False,12/03/1997,12/03/1997,América Mineiro,Tirol/CEFAT,1973.0,398170.0,home,15592409,05/03/2026,Copa Brasil,0.75,46,0.0,0,0,1997,29,False,0.0
1201949,Felipe Amaral,8.0,M,False,08/07/2003,08/07/2003,América Mineiro,Tirol/CEFAT,1973.0,398170.0,home,15592409,05/03/2026,Copa Brasil,0.75,46,0.0,0,0,2003,23,True,0.0
1107995,Paulo Victor,20.0,F,False,21/03/2001,21/03/2001,América Mineiro,Tirol/CEFAT,1973.0,398170.0,home,15592409,05/03/2026,Copa Brasil,0.75,68,0.0,0,0,2001,25,False,0.0
988622,Matías Segovia,77.0,M,False,04/01/2003,04/01/2003,América Mineiro,Tirol/CEFAT,1973.0,398170.0,home,15592409,05/03/2026,Copa Brasil,0.75,67,0.0,0,0,2003,23,True,0.0
146308,Willian Bigode,9.0,F,False,19/11/1986,19/11/1986,América Mineiro,Tirol/CEFAT,1973.0,398170.0,home,15592409,05/03/2026,Copa Brasil,0.75,90,0.0,1,0,1986,40,False,0.0
938482,Eduardo Person,21.0,M,False,24/01/1997,24/01/1997,América Mineiro,Tirol/CEFAT,1973.0,398170.0,home,15592409,05/03/2026,Copa Brasil,0.75,78,0.0,0,0,1997,29,False,0.0
1860952,Jhonatan Lima,88.0,M,True,02/06/2005,02/06/2005,América Mineiro,Tirol/CEFAT,1973.0,398170.0,home,15592409,05/03/2026,Copa Brasil,0.75,44,0.0,0,0,2005,21,True,0.0
1020259,Gabriel Barros,7.0,M,True,25/10/2001,25/10/2001,América Mineiro,Tirol/CEFAT,1973.0,398170.0,home,15592409,05/03/2026,Copa Brasil,0.75,23,0.0,0,0,2001,25,False,0.0
1807776,Yarlen,67.0,F,True,20/02/2006,20/02/2006,América Mineiro,Tirol/CEFAT,1973.0,398170.0,home,15592409,05/03/2026,Copa Brasil,0.75,22,0.0,0,0,2006,20,True,0.0
1485488,Yago Souza,10.0,M,True,11/02/2006,11/02/2006,América Mineiro,Tirol/CEFAT,1973.0,398170.0,home,15592409,05/03/2026,Copa Brasil,0.75,12,0.0,0,0,2006,20,True,0.0
1485496,Paulinho,6.0,D,True,29/06/2004,29/06/2004,América Mineiro,Tirol/CEFAT,1973.0,398170.0,home,15592409,05/03/2026,Copa Brasil,0.75,11,0.0,0,0,2004,22,True,0.0
2194443,Frank,1.0,G,False,05/12/1998,05/12/1998,Tirol/CEFAT,América Mineiro,398170.0,1973.0,away,15592409,05/03/2026,Copa Brasil,0.75,90,0.0,0,0,1998,28,False,0.0
1109155,Zé Augusto,22.0,D,False,15/07/1993,15/07/1993,Tirol/CEFAT,América Mineiro,398170.0,1973.0,away,15592409,05/03/2026,Copa Brasil,0.75,90,0.0,0,0,1993,33,False,0.0
1087864,Jairo,14.0,D,False,07/04/1992,07/04/1992,Tirol/CEFAT,América Mineiro,398170.0,1973.0,away,15592409,05/03/2026,Copa Brasil,0.75,90,0.0,0,0,1992,34,False,0.0
981594,Diguinho,4.0,D,False,26/05/2001,26/05/2001,Tirol/CEFAT,América Mineiro,398170.0,1973.0,away,15592409,05/03/2026,Copa Brasil,0.75,90,0.0,0,0,2001,25,False,0.0
2423633,Ytalo,6.0,D,False,13/12/2001,13/12/2001,Tirol/CEFAT,América Mineiro,398170.0,1973.0,away,15592409,05/03/2026,Copa Brasil,0.75,90,0.0,0,0,2001,25,False,0.0
2448092,Sidney Vieira,17.0,,False,,,Tirol/CEFAT,América Mineiro,398170.0,1973.0,away,15592409,05/03/2026,Copa Brasil,0.75,54,0.0,0,0,0,0,False,0.0
2027965,Isaias,8.0,M,False,21/08/2000,21/08/2000,Tirol/CEFAT,América Mineiro,398170.0,1973.0,away,15592409,05/03/2026,Copa Brasil,0.75,69,0.0,0,0,2000,26,False,0.0
2473401,Max Alexandre dos Santos Silva,16.0,M,False,25/03/1998,25/03/1998,Tirol/CEFAT,América Mineiro,398170.0,1973.0,away,15592409,05/03/2026,Copa Brasil,0.75,46,0.0,0,0,1998,28,False,0.0
1125361,Jeffinho,10.0,F,False,21/03/1996,21/03/1996,Tirol/CEFAT,América Mineiro,398170.0,1973.0,away,15592409,05/03/2026,Copa Brasil,0.75,46,0.0,0,0,1996,30,False,0.0
1024144,Felipe Hulk,9.0,F,False,17/09/1995,17/09/1995,Tirol/CEFAT,América Mineiro,398170.0,1973.0,away,15592409,05/03/2026,Copa Brasil,0.75,90,0.0,0,0,1995,31,False,0.0
2492916,Rafinha,11.0,,False,,,Tirol/CEFAT,América Mineiro,398170.0,1973.0,away,15592409,05/03/2026,Copa Brasil,0.75,90,0.0,0,0,0,0,False,0.0
1464094,Dieguinho,2.0,D,True,20/06/1992,20/06/1992,Tirol/CEFAT,América Mineiro,398170.0,1973.0,away,15592409,05/03/2026,Copa Brasil,0.75,44,0.0,0,0,1992,34,False,0.0
931045,Janeudo,20.0,M,True,01/07/1990,01/07/1990,Tirol/CEFAT,América Mineiro,398170.0,1973.0,away,15592409,05/03/2026,Copa Brasil,0.75,44,0.0,0,0,1990,36,False,0.0
1105954,Welton Santana,5.0,M,True,20/02/1995,20/02/1995,Tirol/CEFAT,América Mineiro,398170.0,1973.0,away,15592409,05/03/2026,Copa Brasil,0.75,36,0.0,1,0,1995,31,False,0.0
1491117,Willian Oliveira,3.0,D,True,23/02/1997,23/02/1997,Tirol/CEFAT,América Mineiro,398170.0,1973.0,away,15592409,05/03/2026,Copa Brasil,0.75,21,0.0,0,0,1997,29,False,0.0
1188012,Victor Lube,1.0,G,False,05/02/1994,05/02/1994,Trem,Fluminense-PI,21865.0,375317.0,home,15573846,05/03/2026,Copa Brasil,0.75,90,0.0,0,0,1994,32,False,0.0
1474343,Foguete,2.0,F,False,27/03/1995,27/03/1995,Trem,Fluminense-PI,21865.0,375317.0,home,15573846,05/03/2026,Copa Brasil,0.75,90,0.0,0,0,1995,31,False,0.0
871028,Perema,3.0,D,False,27/07/1992,27/07/1992,Trem,Fluminense-PI,21865.0,375317.0,home,15573846,05/03/2026,Copa Brasil,0.75,65,0.0,0,0,1992,34,False,0.0
1464092,Matheus Paraíba,4.0,D,False,17/02/2001,17/02/2001,Trem,Fluminense-PI,21865.0,375317.0,home,15573846,05/03/2026,Copa Brasil,0.75,90,0.0,0,0,2001,25,False,0.0
1173042,Rivaldo,6.0,D,False,10/06/1998,10/06/1998,Trem,Fluminense-PI,21865.0,375317.0,home,15573846,05/03/2026,Copa Brasil,0.75,90,0.0,0,0,1998,28,False,0.0
2025925,Cleilton,5.0,M,False,14/05/2000,14/05/2000,Trem,Fluminense-PI,21865.0,375317.0,home,15573846,05/03/2026,Copa Brasil,0.75,90,0.0,0,0,2000,26,False,0.0
1019561,Mauro Ajuruteua,7.0,F,False,21/06/1994,21/06/1994,Trem,Fluminense-PI,21865.0,375317.0,home,15573846,05/03/2026,Copa Brasil,0.75,14,0.0,0,0,1994,32,False,0.0
1032933,Luiz Felipe Araujo,18.0,D,False,24/02/2001,24/02/2001,Trem,Fluminense-PI,21865.0,375317.0,home,15573846,05/03/2026,Copa Brasil,0.75,68,0.0,0,0,2001,25,False,0.0
1491116,Wanderson Gotinha,9.0,M,False,27/08/1996,27/08/1996,Trem,Fluminense-PI,21865.0,375317.0,home,15573846,05/03/2026,Copa Brasil,0.75,90,0.0,0,0,1996,30,False,0.0
886718,Magno,10.0,M,False,30/10/1993,30/10/1993,Trem,Fluminense-PI,21865.0,375317.0,home,15573846,05/03/2026,Copa Brasil,0.75,69,0.0,0,0,1993,33,False,0.0
1474355,Jonas Moreira,11.0,F,False,01/12/1990,01/12/1990,Trem,Fluminense-PI,21865.0,375317.0,home,15573846,05/03/2026,Copa Brasil,0.75,90,0.0,0,0,1990,36,False,0.0
872032,Wander Silva,23.0,M,True,13/12/1992,13/12/1992,Trem,Fluminense-PI,21865.0,375317.0,home,15573846,05/03/2026,Copa Brasil,0.75,32,0.0,0,0,1992,34,False,0.0
1188454,Zé Lucas,13.0,M,True,25/07/1999,25/07/1999,Trem,Fluminense-PI,21865.0,375317.0,home,15573846,05/03/2026,Copa Brasil,0.75,44,0.0,0,0,1999,27,False,0.0
1874657,Welliton Londres,22.0,D,True,16/04/2002,16/04/2002,Trem,Fluminense-PI,21865.0,375317.0,home,15573846,05/03/2026,Copa Brasil,0.75,25,0.0,0,0,2002,24,False,0.0
871508,Balão Marabá,17.0,M,True,07/10/1987,07/10/1987,Trem,Fluminense-PI,21865.0,375317.0,home,15573846,05/03/2026,Copa Brasil,0.75,22,0.0,0,0,1987,39,False,0.0
1474282,Kennedy Balotelli,21.0,F,True,23/08/1996,23/08/1996,Trem,Fluminense-PI,21865.0,375317.0,home,15573846,05/03/2026,Copa Brasil,0.75,21,0.0,0,0,1996,30,False,0.0
937548,Mauro Iguatu,1.0,G,False,14/11/1987,14/11/1987,Fluminense-PI,Trem,375317.0,21865.0,away,15573846,05/03/2026,Copa Brasil,0.75,90,0.0,0,0,1987,39,False,0.0
1190150,Gabriel Cardoso,2.0,D,False,01/07/2002,01/07/2002,Fluminense-PI,Trem,375317.0,21865.0,away,15573846,05/03/2026,Copa Brasil,0.75,90,0.0,0,0,2002,24,False,0.0
2043647,Rafhael Vinicius Silva,3.0,D,False,06/06/1995,06/06/1995,Fluminense-PI,Trem,375317.0,21865.0,away,15573846,05/03/2026,Copa Brasil,0.75,83,0.0,0,0,1995,31,False,0.0
1184391,Hebert  Andrade,4.0,D,False,13/04/2002,13/04/2002,Fluminense-PI,Trem,375317.0,21865.0,away,15573846,05/03/2026,Copa Brasil,0.75,90,0.0,0,0,2002,24,False,0.0
1474121,Rhuan,6.0,D,False,14/05/1999,14/05/1999,Fluminense-PI,Trem,375317.0,21865.0,away,15573846,05/03/2026,Copa Brasil,0.75,90,0.0,0,0,1999,27,False,0.0
1171496,Ray Cardoso,7.0,D,False,11/10/2000,11/10/2000,Fluminense-PI,Trem,375317.0,21865.0,away,15573846,05/03/2026,Copa Brasil,0.75,90,0.0,0,0,2000,26,False,0.0
1116680,Mauricio Gabriel,5.0,M,False,22/10/2002,22/10/2002,Fluminense-PI,Trem,375317.0,21865.0,away,15573846,05/03/2026,Copa Brasil,0.75,90,0.0,0,0,2002,24,False,0.0
1047665,Raimundinho,8.0,M,False,18/12/1996,18/12/1996,Fluminense-PI,Trem,375317.0,21865.0,away,15573846,05/03/2026,Copa Brasil,0.75,90,0.0,0,0,1996,30,False,0.0
2028071,Leo Carvalho,11.0,F,False,15/07/2006,15/07/2006,Fluminense-PI,Trem,375317.0,21865.0,away,15573846,05/03/2026,Copa Brasil,0.75,67,0.0,0,0,2006,20,True,0.0
1186002,Reny Max Santos Silva,9.0,F,False,02/03/1999,02/03/1999,Fluminense-PI,Trem,375317.0,21865.0,away,15573846,05/03/2026,Copa Brasil,0.75,67,0.0,0,0,1999,27,False,0.0
1015936,João Vitor,10.0,F,False,19/05/1998,19/05/1998,Fluminense-PI,Trem,375317.0,21865.0,away,15573846,05/03/2026,Copa Brasil,0.75,83,0.0,0,0,1998,28,False,0.0
2494286,Kelson Silva,16.0,D,True,28/12/2001,28/12/2001,Fluminense-PI,Trem,375317.0,21865.0,away,15573846,05/03/2026,Copa Brasil,0.75,23,0.0,0,0,2001,25,False,0.0
1117819,Juan Batista,18.0,M,True,26/09/2001,26/09/2001,Fluminense-PI,Trem,375317.0,21865.0,away,15573846,05/03/2026,Copa Brasil,0.75,23,0.0,0,0,2001,25,False,0.0
1465240,Durkheim,13.0,D,True,24/12/2002,24/12/2002,Fluminense-PI,Trem,375317.0,21865.0,away,15573846,05/03/2026,Copa Brasil,0.75,7,0.0,0,0,2002,24,False,0.0
1639317,Matheus Taumaturgo,20.0,F,True,15/08/1999,15/08/1999,Fluminense-PI,Trem,375317.0,21865.0,away,15573846,05/03/2026,Copa Brasil,0.75,7,0.0,0,0,1999,27,False,0.0
1639510,Gabriel Pará,15.0,D,True,18/04/2004,18/04/2004,Fluminense-PI,Trem,375317.0,21865.0,away,15573846,05/03/2026,Copa Brasil,0.75,1,0.0,0,0,2004,22,True,0.0
2455644,Pedro Zanette,32.0,G,False,21/09/1999,21/09/1999,Desportiva Ferroviária,Sport Recife,34011.0,1959.0,home,15566116,05/03/2026,Copa Brasil,0.75,90,0.0,0,0,1999,27,False,0.0
1188597,Jairo Pereira,2.0,D,False,26/04/1996,26/04/1996,Desportiva Ferroviária,Sport Recife,34011.0,1959.0,home,15566116,05/03/2026,Copa Brasil,0.75,90,0.0,0,0,1996,30,False,0.0
1109230,Wesley Dias,18.0,D,False,06/07/1995,06/07/1995,Desportiva Ferroviária,Sport Recife,34011.0,1959.0,home,15566116,05/03/2026,Copa Brasil,0.75,85,0.0,0,0,1995,31,False,0.0
1019150,Vinicius Leandro,4.0,D,False,17/04/1990,17/04/1990,Desportiva Ferroviária,Sport Recife,34011.0,1959.0,home,15566116,05/03/2026,Copa Brasil,0.75,90,0.0,0,0,1990,36,False,0.0
870855,William Simões,6.0,D,False,06/03/1988,06/03/1988,Desportiva Ferroviária,Sport Recife,34011.0,1959.0,home,15566116,05/03/2026,Copa Brasil,0.75,76,0.0,0,0,1988,38,False,0.0
2052617,Jorge Mendes,14.0,M,False,26/10/2000,26/10/2000,Desportiva Ferroviária,Sport Recife,34011.0,1959.0,home,15566116,05/03/2026,Copa Brasil,0.75,90,0.0,0,0,2000,26,False,0.0
2455649,Ruan,5.0,M,False,08/05/1999,08/05/1999,Desportiva Ferroviária,Sport Recife,34011.0,1959.0,home,15566116,05/03/2026,Copa Brasil,0.75,85,0.0,0,0,1999,27,False,0.0
2265590,Mariano,13.0,M,False,29/09/1998,29/09/1998,Desportiva Ferroviária,Sport Recife,34011.0,1959.0,home,15566116,05/03/2026,Copa Brasil,0.75,76,0.0,0,0,1998,28,False,0.0
1017609,Bahia,23.0,D,False,14/02/1997,14/02/1997,Desportiva Ferroviária,Sport Recife,34011.0,1959.0,home,15566116,05/03/2026,Copa Brasil,0.75,90,0.0,0,0,1997,29,False,0.0
1170578,Tiago Moura,20.0,F,False,03/09/1993,03/09/1993,Desportiva Ferroviária,Sport Recife,34011.0,1959.0,home,15566116,05/03/2026,Copa Brasil,0.75,90,0.0,0,0,1993,33,False,0.0
76489,Kieza,9.0,F,False,24/09/1986,24/09/1986,Desportiva Ferroviária,Sport Recife,34011.0,1959.0,home,15566116,05/03/2026,Copa Brasil,0.75,69,0.0,0,0,1986,40,False,0.0
1938915,Guilherme Teixeira Santos,22.0,F,True,13/02/1997,13/02/1997,Desportiva Ferroviária,Sport Recife,34011.0,1959.0,home,15566116,05/03/2026,Copa Brasil,0.75,21,0.0,0,0,1997,29,False,0.0
2436816,Kaka Calavort,17.0,D,True,03/11/1999,03/11/1999,Desportiva Ferroviária,Sport Recife,34011.0,1959.0,home,15566116,05/03/2026,Copa Brasil,0.75,14,0.0,0,0,1999,27,False,0.0
1491467,Jhonatan Marino,19.0,M,True,07/08/1998,07/08/1998,Desportiva Ferroviária,Sport Recife,34011.0,1959.0,home,15566116,05/03/2026,Copa Brasil,0.75,14,0.0,0,0,1998,28,False,0.0
1046807,Janelson,3.0,D,True,26/12/1996,26/12/1996,Desportiva Ferroviária,Sport Recife,34011.0,1959.0,home,15566116,05/03/2026,Copa Brasil,0.75,5,0.0,0,0,1996,30,False,0.0
2455542,Kaiki Costela,8.0,F,True,03/11/2004,03/11/2004,Desportiva Ferroviária,Sport Recife,34011.0,1959.0,home,15566116,05/03/2026,Copa Brasil,0.75,5,0.0,0,0,2004,22,True,0.0
871291,Thiago Couto,26.0,G,False,26/03/1999,26/03/1999,Sport Recife,Desportiva Ferroviária,1959.0,34011.0,away,15566116,05/03/2026,Copa Brasil,0.75,90,0.0,0,0,1999,27,False,0.0
953736,Matheus Alexandre,2.0,D,False,07/04/1999,07/04/1999,Sport Recife,Desportiva Ferroviária,1959.0,34011.0,away,15566116,05/03/2026,Copa Brasil,0.75,90,0.0,0,0,1999,27,False,0.0
1634992,Marcelo Ajul,3.0,D,False,26/08/2002,26/08/2002,Sport Recife,Desportiva Ferroviária,1959.0,34011.0,away,15566116,05/03/2026,Copa Brasil,0.75,90,0.0,0,0,2002,24,False,0.0
901700,Zé Marcos,4.0,D,False,01/02/1998,01/02/1998,Sport Recife,Desportiva Ferroviária,1959.0,34011.0,away,15566116,05/03/2026,Copa Brasil,0.75,90,0.0,0,0,1998,28,False,0.0
987173,Davi Gabriel,29.0,D,False,12/11/1997,12/11/1997,Sport Recife,Desportiva Ferroviária,1959.0,34011.0,away,15566116,05/03/2026,Copa Brasil,0.75,55,0.0,0,0,1997,29,False,0.0
1105838,Max,8.0,M,False,11/05/2001,11/05/2001,Sport Recife,Desportiva Ferroviária,1959.0,34011.0,away,15566116,05/03/2026,Copa Brasil,0.75,55,0.0,0,0,2001,25,False,0.0
2040561,Zé Lucas,58.0,M,False,22/03/2008,22/03/2008,Sport Recife,Desportiva Ferroviária,1959.0,34011.0,away,15566116,05/03/2026,Copa Brasil,0.75,90,0.0,0,0,2008,18,True,0.0
552164,Yago Felipe,7.0,M,False,03/02/1995,03/02/1995,Sport Recife,Desportiva Ferroviária,1959.0,34011.0,away,15566116,05/03/2026,Copa Brasil,0.75,90,0.0,0,0,1995,31,False,0.0
311394,Carlos De Pena,10.0,M,False,11/03/1992,11/03/1992,Sport Recife,Desportiva Ferroviária,1959.0,34011.0,away,15566116,05/03/2026,Copa Brasil,0.75,69,0.0,0,0,1992,34,False,0.0
1023049,Gustavo Maia,11.0,M,False,22/01/2001,22/01/2001,Sport Recife,Desportiva Ferroviária,1959.0,34011.0,away,15566116,05/03/2026,Copa Brasil,0.75,86,0.0,0,0,2001,25,False,0.0
981595,Gustavo Coutinho,9.0,F,False,19/01/1999,19/01/1999,Sport Recife,Desportiva Ferroviária,1959.0,34011.0,away,15566116,05/03/2026,Copa Brasil,0.75,69,0.0,0,0,1999,27,False,0.0
1048276,Felipinho,60.0,M,True,13/01/1997,13/01/1997,Sport Recife,Desportiva Ferroviária,1959.0,34011.0,away,15566116,05/03/2026,Copa Brasil,0.75,35,0.0,0,0,1997,29,False,0.0
1035765,Chrystian Barletta,30.0,M,True,05/07/2001,05/07/2001,Sport Recife,Desportiva Ferroviária,1959.0,34011.0,away,15566116,05/03/2026,Copa Brasil,0.75,35,0.0,0,0,2001,25,False,0.0
795020,Iury Castilho,95.0,F,True,06/09/1995,06/09/1995,Sport Recife,Desportiva Ferroviária,1959.0,34011.0,away,15566116,05/03/2026,Copa Brasil,0.75,21,0.0,0,0,1995,31,False,0.0
842076,Zé Roberto,99.0,F,True,14/09/1993,14/09/1993,Sport Recife,Desportiva Ferroviária,1959.0,34011.0,away,15566116,05/03/2026,Copa Brasil,0.75,21,0.0,0,0,1993,33,False,0.0
811308,Clayson,29.0,M,True,19/03/1995,19/03/1995,Sport Recife,Desportiva Ferroviária,1959.0,34011.0,away,15566116,05/03/2026,Copa Brasil,0.75,4,0.0,0,0,1995,31,False,0.0
867883,Douglas Borges,1.0,G,False,30/03/1990,30/03/1990,Portuguesa-RJ,Maracanã,208067.0,87156.0,home,15566110,05/03/2026,Copa Brasil,0.75,90,0.0,0,0,1990,36,False,0.0
881477,Lenon,2.0,D,False,02/05/1990,02/05/1990,Portuguesa-RJ,Maracanã,208067.0,87156.0,home,15566110,05/03/2026,Copa Brasil,0.75,90,0.0,0,0,1990,36,False,0.0
866430,Carlos Henrique,93.0,D,False,22/12/1993,22/12/1993,Portuguesa-RJ,Maracanã,208067.0,87156.0,home,15566110,05/03/2026,Copa Brasil,0.75,89,0.0,0,0,1993,33,False,0.0
931539,Lucas Rodrigues Costa,13.0,D,False,02/04/1995,02/04/1995,Portuguesa-RJ,Maracanã,208067.0,87156.0,home,15566110,05/03/2026,Copa Brasil,0.75,58,0.0,0,0,1995,31,False,0.0
32152,Guilherme Santos,33.0,D,False,05/02/1988,05/02/1988,Portuguesa-RJ,Maracanã,208067.0,87156.0,home,15566110,05/03/2026,Copa Brasil,0.75,90,0.0,0,0,1988,38,False,0.0
840256,Wellington Cézar,30.0,M,False,21/12/1993,21/12/1993,Portuguesa-RJ,Maracanã,208067.0,87156.0,home,15566110,05/03/2026,Copa Brasil,0.75,90,0.0,0,0,1993,33,False,0.0
1034325,Antonio Gutemberg,17.0,M,False,01/09/2000,01/09/2000,Portuguesa-RJ,Maracanã,208067.0,87156.0,home,15566110,05/03/2026,Copa Brasil,0.75,82,0.0,0,0,2000,26,False,0.0
1650402,Henrique Rocha,5.0,M,False,04/06/1999,04/06/1999,Portuguesa-RJ,Maracanã,208067.0,87156.0,home,15566110,05/03/2026,Copa Brasil,0.75,61,0.0,0,0,1999,27,False,0.0
922586,Anderson Rosa,7.0,M,False,11/03/1993,11/03/1993,Portuguesa-RJ,Maracanã,208067.0,87156.0,home,15566110,05/03/2026,Copa Brasil,0.75,82,0.0,0,0,1993,33,False,0.0
1018660,Guilherme Silveira,11.0,M,False,23/11/1999,23/11/1999,Portuguesa-RJ,Maracanã,208067.0,87156.0,home,15566110,05/03/2026,Copa Brasil,0.75,61,0.0,0,0,1999,27,False,0.0
867919,Lohan,19.0,F,False,20/09/1995,20/09/1995,Portuguesa-RJ,Maracanã,208067.0,87156.0,home,15566110,05/03/2026,Copa Brasil,0.75,90,0.0,1,0,1995,31,False,0.0
1540253,Patrick,4.0,D,True,10/03/1995,10/03/1995,Portuguesa-RJ,Maracanã,208067.0,87156.0,home,15566110,05/03/2026,Copa Brasil,0.75,29,0.0,0,0,1995,31,False,0.0
1175571,Willian,21.0,M,True,09/12/1996,09/12/1996,Portuguesa-RJ,Maracanã,208067.0,87156.0,home,15566110,05/03/2026,Copa Brasil,0.75,29,0.0,0,0,1996,30,False,0.0
943165,Rhuan,18.0,M,True,25/01/2000,25/01/2000,Portuguesa-RJ,Maracanã,208067.0,87156.0,home,15566110,05/03/2026,Copa Brasil,0.75,8,0.0,0,0,2000,26,False,0.0
1066554,Leo Muchacho,31.0,F,True,11/10/2000,11/10/2000,Portuguesa-RJ,Maracanã,208067.0,87156.0,home,15566110,05/03/2026,Copa Brasil,0.75,8,0.0,0,0,2000,26,False,0.0
1587854,Alex Moretti,6.0,M,True,25/09/2003,25/09/2003,Portuguesa-RJ,Maracanã,208067.0,87156.0,home,15566110,05/03/2026,Copa Brasil,0.75,1,0.0,0,0,2003,23,True,0.0
1175246,Redson,12.0,G,False,15/06/1995,15/06/1995,Maracanã,Portuguesa-RJ,87156.0,208067.0,away,15566110,05/03/2026,Copa Brasil,0.75,90,0.0,0,0,1995,31,False,0.0
1639745,Vinícius Oliveira,2.0,D,False,09/05/2001,09/05/2001,Maracanã,Portuguesa-RJ,87156.0,208067.0,away,15566110,05/03/2026,Copa Brasil,0.75,90,0.0,0,0,2001,25,False,0.0
1173117,Guilherme,13.0,D,False,08/06/1999,08/06/1999,Maracanã,Portuguesa-RJ,87156.0,208067.0,away,15566110,05/03/2026,Copa Brasil,0.75,90,0.0,0,0,1999,27,False,0.0
1471236,Geilson Souza,4.0,D,False,04/11/2003,04/11/2003,Maracanã,Portuguesa-RJ,87156.0,208067.0,away,15566110,05/03/2026,Copa Brasil,0.75,90,0.0,0,0,2003,23,True,0.0
1647511,Valdo Paraíba,6.0,F,False,21/06/2003,21/06/2003,Maracanã,Portuguesa-RJ,87156.0,208067.0,away,15566110,05/03/2026,Copa Brasil,0.75,46,0.0,0,0,2003,23,True,0.0
1171509,Lincoln,15.0,M,False,30/09/1992,30/09/1992,Maracanã,Portuguesa-RJ,87156.0,208067.0,away,15566110,05/03/2026,Copa Brasil,0.75,90,0.0,0,0,1992,34,False,0.0
1647506,Luan Lucas,7.0,F,False,09/11/2004,09/11/2004,Maracanã,Portuguesa-RJ,87156.0,208067.0,away,15566110,05/03/2026,Copa Brasil,0.75,61,0.0,0,0,2004,22,True,0.0
1609589,Robert,26.0,M,False,21/03/2002,21/03/2002,Maracanã,Portuguesa-RJ,87156.0,208067.0,away,15566110,05/03/2026,Copa Brasil,0.75,90,0.0,0,0,2002,24,False,0.0
874308,José Silva Patuta,10.0,M,False,13/10/1993,13/10/1993,Maracanã,Portuguesa-RJ,87156.0,208067.0,away,15566110,05/03/2026,Copa Brasil,0.75,70,0.0,0,0,1993,33,False,0.0
1171513,Ivanaldo Silva Testinha,28.0,M,False,04/09/1992,04/09/1992,Maracanã,Portuguesa-RJ,87156.0,208067.0,away,15566110,05/03/2026,Copa Brasil,0.75,82,0.0,0,0,1992,34,False,0.0
1645815,Vinícius Canindé,22.0,M,False,08/01/1999,08/01/1999,Maracanã,Portuguesa-RJ,87156.0,208067.0,away,15566110,05/03/2026,Copa Brasil,0.75,90,0.0,0,0,1999,27,False,0.0
1634389,Alison Araçoiaba,18.0,F,True,,,Maracanã,Portuguesa-RJ,87156.0,208067.0,away,15566110,05/03/2026,Copa Brasil,0.75,44,0.0,0,0,0,0,False,0.0
1590321,João Gabriel,17.0,F,True,26/06/2004,26/06/2004,Maracanã,Portuguesa-RJ,87156.0,208067.0,away,15566110,05/03/2026,Copa Brasil,0.75,21,0.0,0,0,2004,22,True,0.0
1465435,Biel Potiguar,27.0,D,True,17/01/1997,17/01/1997,Maracanã,Portuguesa-RJ,87156.0,208067.0,away,15566110,05/03/2026,Copa Brasil,0.75,20,0.0,0,0,1997,29,False,0.0
1105965,Digão,16.0,D,True,14/10/1996,14/10/1996,Maracanã,Portuguesa-RJ,87156.0,208067.0,away,15566110,05/03/2026,Copa Brasil,0.75,8,0.0,0,0,1996,30,False,0.0
1019897,Mateusão,9.0,F,True,30/04/1993,30/04/1993,Maracanã,Portuguesa-RJ,87156.0,208067.0,away,15566110,05/03/2026,Copa Brasil,0.75,8,0.0,0,0,1993,33,False,0.0
866736,Raúl,1.0,G,False,28/07/1997,28/07/1997,Botafogo,Bangu,1958.0,1993.0,home,15651378,07/03/2026,Carioca,0.85,90,7.2,0,0,1997,29,False,0.0
1843325,Kadu Santos,42.0,D,False,16/08/2005,16/08/2005,Botafogo,Bangu,1958.0,1993.0,home,15651378,07/03/2026,Carioca,0.85,90,7.2,0,0,2005,21,True,0.0
1512551,Ythallo,3.0,D,False,22/07/2004,22/07/2004,Botafogo,Bangu,1958.0,1993.0,home,15651378,07/03/2026,Carioca,0.85,90,6.5,0,0,2004,22,True,0.0
1631268,Gabriel Justino,34.0,D,False,16/04/2006,16/04/2006,Botafogo,Bangu,1958.0,1993.0,home,15651378,07/03/2026,Carioca,0.85,90,6.8,0,0,2006,20,True,0.0
1109864,Lucas Villalba,77.0,M,False,11/05/2001,11/05/2001,Botafogo,Bangu,1958.0,1993.0,home,15651378,07/03/2026,Carioca,0.85,85,6.8,0,1,2001,25,False,0.0
221636,Edenilson,88.0,M,False,18/12/1989,18/12/1989,Botafogo,Bangu,1958.0,1993.0,home,15651378,07/03/2026,Carioca,0.85,68,8.0,1,0,1989,37,False,0.0
1857051,Arthur Novaes,48.0,M,False,16/09/2008,16/09/2008,Botafogo,Bangu,1958.0,1993.0,home,15651378,07/03/2026,Carioca,0.85,90,6.1,0,0,2008,18,True,0.0
1494695,Nathan Fernandes,16.0,M,False,16/02/2005,16/02/2005,Botafogo,Bangu,1958.0,1993.0,home,15651378,07/03/2026,Carioca,0.85,76,7.0,0,0,2005,21,True,0.0
2028289,Caio Valle,45.0,F,False,11/10/2007,11/10/2007,Botafogo,Bangu,1958.0,1993.0,home,15651378,07/03/2026,Carioca,0.85,76,7.4,1,0,2007,19,True,0.0
249929,Joaquín Correa,30.0,F,False,13/08/1994,13/08/1994,Botafogo,Bangu,1958.0,1993.0,home,15651378,07/03/2026,Carioca,0.85,90,8.9,1,0,1994,32,False,0.0
870762,Arthur Cabral,19.0,F,False,25/04/1998,25/04/1998,Botafogo,Bangu,1958.0,1993.0,home,15651378,07/03/2026,Carioca,0.85,85,6.8,0,1,1998,28,False,0.0
2185481,Marquinhos,64.0,D,True,15/02/2007,15/02/2007,Botafogo,Bangu,1958.0,1993.0,home,15651378,07/03/2026,Carioca,0.85,22,6.6,0,0,2007,19,True,0.0
1482359,Jhoan Hernandez,67.0,D,True,20/02/2006,20/02/2006,Botafogo,Bangu,1958.0,1993.0,home,15651378,07/03/2026,Carioca,0.85,14,7.0,0,0,2006,20,True,0.0
2428433,Arthur Izaque,39.0,F,True,29/06/2007,29/06/2007,Botafogo,Bangu,1958.0,1993.0,home,15651378,07/03/2026,Carioca,0.85,14,6.3,0,0,2007,19,True,0.0
1099163,Mateo Ponte,4.0,D,True,24/05/2003,24/05/2003,Botafogo,Bangu,1958.0,1993.0,home,15651378,07/03/2026,Carioca,0.85,10,6.5,0,0,2003,23,True,0.0
1463909,Newton,28.0,M,True,12/03/2000,12/03/2000,Botafogo,Bangu,1958.0,1993.0,home,15651378,07/03/2026,Carioca,0.85,10,6.5,0,0,2000,26,False,0.0
868012,Bruno Rodrigues,31.0,G,False,07/01/1995,07/01/1995,Bangu,Botafogo,1993.0,1958.0,away,15651378,07/03/2026,Carioca,0.85,90,6.2,0,0,1995,31,False,0.0
1167081,Dudu,2.0,D,False,12/12/2000,12/12/2000,Bangu,Botafogo,1993.0,1958.0,away,15651378,07/03/2026,Carioca,0.85,90,6.0,0,0,2000,26,False,0.0
867867,Gilberto,3.0,D,False,28/06/1996,28/06/1996,Bangu,Botafogo,1993.0,1958.0,away,15651378,07/03/2026,Carioca,0.85,90,5.8,0,0,1996,30,False,0.0
1107931,Kadu,4.0,D,False,09/02/1997,09/02/1997,Bangu,Botafogo,1993.0,1958.0,away,15651378,07/03/2026,Carioca,0.85,67,6.5,0,0,1997,29,False,0.0
1117841,Ricardo Sena,16.0,D,False,01/07/1992,01/07/1992,Bangu,Botafogo,1993.0,1958.0,away,15651378,07/03/2026,Carioca,0.85,90,6.5,0,0,1992,34,False,0.0
2447769,Dioguinho,5.0,M,False,10/01/2001,10/01/2001,Bangu,Botafogo,1993.0,1958.0,away,15651378,07/03/2026,Carioca,0.85,34,6.5,0,0,2001,25,False,0.0
1023504,Pedro China,15.0,M,False,07/03/2002,07/03/2002,Bangu,Botafogo,1993.0,1958.0,away,15651378,07/03/2026,Carioca,0.85,89,6.9,0,0,2002,24,False,0.0
868055,Douglas Lima,21.0,M,False,12/03/1994,12/03/1994,Bangu,Botafogo,1993.0,1958.0,away,15651378,07/03/2026,Carioca,0.85,45,6.4,0,0,1994,32,False,0.0
1187636,Walber,10.0,M,False,06/09/1993,06/09/1993,Bangu,Botafogo,1993.0,1958.0,away,15651378,07/03/2026,Carioca,0.85,67,6.2,0,0,1993,33,False,0.0
367276,Luizinho,17.0,M,False,07/01/1996,07/01/1996,Bangu,Botafogo,1993.0,1958.0,away,15651378,07/03/2026,Carioca,0.85,90,7.7,1,0,1996,30,False,0.0
1119890,Lucas Sibito,11.0,F,False,12/05/1997,12/05/1997,Bangu,Botafogo,1993.0,1958.0,away,15651378,07/03/2026,Carioca,0.85,90,6.6,0,0,1997,29,False,0.0
1836778,Kauan Guilherme,25.0,M,True,05/01/2005,05/01/2005,Bangu,Botafogo,1993.0,1958.0,away,15651378,07/03/2026,Carioca,0.85,56,5.9,0,0,2005,21,True,0.0
1462415,Patryck Ferreira,9.0,F,True,05/09/1998,05/09/1998,Bangu,Botafogo,1993.0,1958.0,away,15651378,07/03/2026,Carioca,0.85,45,6.0,0,0,1998,28,False,0.0
2036751,Welington Zarú,18.0,F,True,18/10/2004,18/10/2004,Bangu,Botafogo,1993.0,1958.0,away,15651378,07/03/2026,Carioca,0.85,23,7.5,0,1,2004,22,True,0.0
1545482,Garrinsha Estinphile,7.0,M,True,21/12/2001,21/12/2001,Bangu,Botafogo,1993.0,1958.0,away,15651378,07/03/2026,Carioca,0.85,23,6.6,0,0,2001,25,False,0.0
2447771,Marcelinho,20.0,F,True,12/05/2004,12/05/2004,Bangu,Botafogo,1993.0,1958.0,away,15651378,07/03/2026,Carioca,0.85,1,0.0,0,0,2004,22,True,0.0
867883,Douglas Borges,1.0,G,False,30/03/1990,30/03/1990,Portuguesa-RJ,Sampaio Corrêa-RJ,208067.0,257632.0,home,15512222,03/03/2026,Carioca,0.85,90,7.6,0,0,1990,36,False,0.0
881477,Lenon,2.0,D,False,02/05/1990,02/05/1990,Portuguesa-RJ,Sampaio Corrêa-RJ,208067.0,257632.0,home,15512222,03/03/2026,Carioca,0.85,90,7.5,0,1,1990,36,False,0.0
866430,Carlos Henrique,93.0,D,False,22/12/1993,22/12/1993,Portuguesa-RJ,Sampaio Corrêa-RJ,208067.0,257632.0,home,15512222,03/03/2026,Carioca,0.85,90,7.0,0,0,1993,33,False,0.0
931539,Lucas Rodrigues Costa,13.0,D,False,02/04/1995,02/04/1995,Portuguesa-RJ,Sampaio Corrêa-RJ,208067.0,257632.0,home,15512222,03/03/2026,Carioca,0.85,90,6.9,0,0,1995,31,False,0.0
32152,Guilherme Santos,33.0,D,False,05/02/1988,05/02/1988,Portuguesa-RJ,Sampaio Corrêa-RJ,208067.0,257632.0,home,15512222,03/03/2026,Carioca,0.85,90,7.4,0,1,1988,38,False,0.0
840256,Wellington Cézar,30.0,M,False,21/12/1993,21/12/1993,Portuguesa-RJ,Sampaio Corrêa-RJ,208067.0,257632.0,home,15512222,03/03/2026,Carioca,0.85,90,6.9,0,0,1993,33,False,0.0
1034325,Antonio Gutemberg,17.0,M,False,01/09/2000,01/09/2000,Portuguesa-RJ,Sampaio Corrêa-RJ,208067.0,257632.0,home,15512222,03/03/2026,Carioca,0.85,89,6.5,0,0,2000,26,False,0.0
1650402,Henrique Rocha,5.0,M,False,04/06/1999,04/06/1999,Portuguesa-RJ,Sampaio Corrêa-RJ,208067.0,257632.0,home,15512222,03/03/2026,Carioca,0.85,80,7.3,0,0,1999,27,False,0.0
922586,Anderson Rosa,7.0,M,False,11/03/1993,11/03/1993,Portuguesa-RJ,Sampaio Corrêa-RJ,208067.0,257632.0,home,15512222,03/03/2026,Carioca,0.85,80,6.8,0,0,1993,33,False,0.0
1018660,Guilherme Silveira,11.0,M,False,23/11/1999,23/11/1999,Portuguesa-RJ,Sampaio Corrêa-RJ,208067.0,257632.0,home,15512222,03/03/2026,Carioca,0.85,65,6.8,0,0,1999,27,False,0.0
867919,Lohan,19.0,F,False,20/09/1995,20/09/1995,Portuguesa-RJ,Sampaio Corrêa-RJ,208067.0,257632.0,home,15512222,03/03/2026,Carioca,0.85,89,8.0,1,0,1995,31,False,0.0
943165,Rhuan,18.0,M,True,25/01/2000,25/01/2000,Portuguesa-RJ,Sampaio Corrêa-RJ,208067.0,257632.0,home,15512222,03/03/2026,Carioca,0.85,25,7.7,1,0,2000,26,False,0.0
867960,Romarinho,10.0,F,True,18/09/1993,18/09/1993,Portuguesa-RJ,Sampaio Corrêa-RJ,208067.0,257632.0,home,15512222,03/03/2026,Carioca,0.85,10,6.7,0,0,1993,33,False,0.0
1175571,Willian,21.0,F,True,09/12/1996,09/12/1996,Portuguesa-RJ,Sampaio Corrêa-RJ,208067.0,257632.0,home,15512222,03/03/2026,Carioca,0.85,10,6.5,0,0,1996,30,False,0.0
1175985,Patrick,4.0,D,True,09/03/1998,09/03/1998,Portuguesa-RJ,Sampaio Corrêa-RJ,208067.0,257632.0,home,15512222,03/03/2026,Carioca,0.85,1,0.0,0,0,1998,28,False,0.0
892873,Uelber,9.0,F,True,04/05/1998,04/05/1998,Portuguesa-RJ,Sampaio Corrêa-RJ,208067.0,257632.0,home,15512222,03/03/2026,Carioca,0.85,1,0.0,0,0,1998,28,False,0.0
1457684,Eduardo,1.0,G,False,15/05/2001,15/05/2001,Sampaio Corrêa-RJ,Portuguesa-RJ,257632.0,208067.0,away,15512222,03/03/2026,Carioca,0.85,90,6.3,0,0,2001,25,False,0.0
869531,Lucas Carvalho,2.0,D,False,01/04/1996,01/04/1996,Sampaio Corrêa-RJ,Portuguesa-RJ,257632.0,208067.0,away,15512222,03/03/2026,Carioca,0.85,90,6.4,0,0,1996,30,False,0.0
1589672,Daniel Nunes,3.0,D,False,24/05/2003,24/05/2003,Sampaio Corrêa-RJ,Portuguesa-RJ,257632.0,208067.0,away,15512222,03/03/2026,Carioca,0.85,90,6.4,0,0,2003,23,True,0.0
1612382,Lucas Marreta,4.0,D,False,07/01/1998,07/01/1998,Sampaio Corrêa-RJ,Portuguesa-RJ,257632.0,208067.0,away,15512222,03/03/2026,Carioca,0.85,90,6.6,0,0,1998,28,False,0.0
981383,Guilherme,6.0,D,False,28/01/1993,28/01/1993,Sampaio Corrêa-RJ,Portuguesa-RJ,257632.0,208067.0,away,15512222,03/03/2026,Carioca,0.85,90,6.6,0,0,1993,33,False,0.0
867871,Pablo,5.0,M,False,21/10/1997,21/10/1997,Sampaio Corrêa-RJ,Portuguesa-RJ,257632.0,208067.0,away,15512222,03/03/2026,Carioca,0.85,86,7.0,0,0,1997,29,False,0.0
943038,Luan Gama,8.0,M,False,06/06/1998,06/06/1998,Sampaio Corrêa-RJ,Portuguesa-RJ,257632.0,208067.0,away,15512222,03/03/2026,Carioca,0.85,90,6.3,0,0,1998,28,False,0.0
1171655,Ewerton Potiguar,7.0,M,False,07/06/1998,07/06/1998,Sampaio Corrêa-RJ,Portuguesa-RJ,257632.0,208067.0,away,15512222,03/03/2026,Carioca,0.85,64,6.7,0,0,1998,28,False,0.0
166475,Rodrigo Andrade,10.0,M,False,05/02/1988,05/02/1988,Sampaio Corrêa-RJ,Portuguesa-RJ,257632.0,208067.0,away,15512222,03/03/2026,Carioca,0.85,64,6.0,0,0,1988,38,False,0.0
1645908,Octávio,11.0,M,False,13/02/1997,13/02/1997,Sampaio Corrêa-RJ,Portuguesa-RJ,257632.0,208067.0,away,15512222,03/03/2026,Carioca,0.85,82,6.4,0,0,1997,29,False,0.0
243467,Elias,9.0,F,False,13/02/1987,13/02/1987,Sampaio Corrêa-RJ,Portuguesa-RJ,257632.0,208067.0,away,15512222,03/03/2026,Carioca,0.85,82,6.1,0,0,1987,39,False,0.0
1172995,Alan Silva,20.0,D,True,15/01/2001,15/01/2001,Sampaio Corrêa-RJ,Portuguesa-RJ,257632.0,208067.0,away,15512222,03/03/2026,Carioca,0.85,26,6.4,0,0,2001,25,False,0.0
2454208,Paulo Henrique,17.0,M,True,22/10/2004,22/10/2004,Sampaio Corrêa-RJ,Portuguesa-RJ,257632.0,208067.0,away,15512222,03/03/2026,Carioca,0.85,26,6.6,0,0,2004,22,True,0.0
2454247,Magrão,22.0,F,True,04/01/2005,04/01/2005,Sampaio Corrêa-RJ,Portuguesa-RJ,257632.0,208067.0,away,15512222,03/03/2026,Carioca,0.85,8,6.3,0,0,2005,21,True,0.0
2453656,Matheus Goiano,18.0,F,True,22/01/1999,22/01/1999,Sampaio Corrêa-RJ,Portuguesa-RJ,257632.0,208067.0,away,15512222,03/03/2026,Carioca,0.85,8,6.5,0,0,1999,27,False,0.0
973865,Magno,15.0,M,True,17/02/1993,17/02/1993,Sampaio Corrêa-RJ,Portuguesa-RJ,257632.0,208067.0,away,15512222,03/03/2026,Carioca,0.85,10,6.7,0,0,1993,33,False,0.0
869179,Neguete,12.0,G,False,06/03/1990,06/03/1990,Madureira,Flamengo,6980.0,5981.0,home,15566225,03/03/2026,Carioca,0.85,90,5.6,0,0,1990,36,False,0.0
1799269,Cauã Coutinho,2.0,D,False,01/01/2004,01/01/2004,Madureira,Flamengo,6980.0,5981.0,home,15566225,03/03/2026,Carioca,0.85,90,4.4,0,0,2004,22,True,0.0
868855,Marcão,23.0,D,False,04/06/1989,04/06/1989,Madureira,Flamengo,6980.0,5981.0,home,15566225,03/03/2026,Carioca,0.85,90,5.1,0,0,1989,37,False,0.0
1633967,Jean Vianna de Matos,4.0,D,False,30/03/2004,30/03/2004,Madureira,Flamengo,6980.0,5981.0,home,15566225,03/03/2026,Carioca,0.85,90,3.2,0,0,2004,22,True,0.0
1463563,Matheus Julião,6.0,D,False,10/04/2003,10/04/2003,Madureira,Flamengo,6980.0,5981.0,home,15566225,03/03/2026,Carioca,0.85,11,6.3,0,0,2003,23,True,0.0
2442978,Adriano,5.0,M,False,03/01/2005,03/01/2005,Madureira,Flamengo,6980.0,5981.0,home,15566225,03/03/2026,Carioca,0.85,62,5.8,0,0,2005,21,True,0.0
343683,Rodrigo Lindoso,19.0,M,False,06/06/1989,06/06/1989,Madureira,Flamengo,6980.0,5981.0,home,15566225,03/03/2026,Carioca,0.85,77,5.7,0,0,1989,37,False,0.0
1463524,Jacó,7.0,M,False,22/05/2002,22/05/2002,Madureira,Flamengo,6980.0,5981.0,home,15566225,03/03/2026,Carioca,0.85,45,6.5,0,0,2002,24,False,0.0
1589937,Wallace Camilo,10.0,M,False,26/07/2004,26/07/2004,Madureira,Flamengo,6980.0,5981.0,home,15566225,03/03/2026,Carioca,0.85,30,5.0,0,0,2004,22,True,0.0
1105028,Vinicius Balotelli,11.0,M,False,22/03/1998,22/03/1998,Madureira,Flamengo,6980.0,5981.0,home,15566225,03/03/2026,Carioca,0.85,90,6.3,0,0,1998,28,False,0.0
170041,Geovane Diniz Silva,9.0,F,False,04/02/1989,04/02/1989,Madureira,Flamengo,6980.0,5981.0,home,15566225,03/03/2026,Carioca,0.85,45,7.0,0,0,1989,37,False,0.0
2442979,Júlio César,16.0,D,True,26/02/2000,26/02/2000,Madureira,Flamengo,6980.0,5981.0,home,15566225,03/03/2026,Carioca,0.85,79,5.0,0,0,2000,26,False,0.0
1587824,Fubá,14.0,M,True,07/03/2003,07/03/2003,Madureira,Flamengo,6980.0,5981.0,home,15566225,03/03/2026,Carioca,0.85,45,6.1,0,0,2003,23,True,0.0
2159969,Michael Fashanu,24.0,F,True,07/07/2005,07/07/2005,Madureira,Flamengo,6980.0,5981.0,home,15566225,03/03/2026,Carioca,0.85,45,7.1,0,0,2005,21,True,0.0
1015940,Wendel Lessa,15.0,M,True,06/02/2002,06/02/2002,Madureira,Flamengo,6980.0,5981.0,home,15566225,03/03/2026,Carioca,0.85,28,6.7,0,0,2002,24,False,0.0
866393,Arthur Santos,17.0,M,True,21/09/1991,21/09/1991,Madureira,Flamengo,6980.0,5981.0,home,15566225,03/03/2026,Carioca,0.85,13,6.4,0,0,1991,35,False,0.0
947893,Andrew,42.0,G,False,01/07/2001,01/07/2001,Flamengo,Madureira,5981.0,6980.0,away,15566225,03/03/2026,Carioca,0.85,90,7.5,0,0,2001,25,False,0.0
856123,Emerson Royal,22.0,D,False,14/01/1999,14/01/1999,Flamengo,Madureira,5981.0,6980.0,away,15566225,03/03/2026,Carioca,0.85,90,6.8,0,1,1999,27,False,0.0
869643,Léo Ortiz,3.0,D,False,03/01/1996,03/01/1996,Flamengo,Madureira,5981.0,6980.0,away,15566225,03/03/2026,Carioca,0.85,85,7.5,0,0,1996,30,False,0.0
876625,Vitão,44.0,D,False,02/02/2000,02/02/2000,Flamengo,Madureira,5981.0,6980.0,away,15566225,03/03/2026,Carioca,0.85,90,7.6,0,0,2000,26,False,0.0
84854,Alex Sandro,26.0,D,False,26/01/1991,26/01/1991,Flamengo,Madureira,5981.0,6980.0,away,15566225,03/03/2026,Carioca,0.85,90,7.7,0,1,1991,35,False,0.0
1145106,Evertton Araujo,52.0,M,False,28/02/2003,28/02/2003,Flamengo,Madureira,5981.0,6980.0,away,15566225,03/03/2026,Carioca,0.85,85,6.6,0,1,2003,23,True,0.0
877513,Nicolás de la Cruz,18.0,M,False,01/06/1997,01/06/1997,Flamengo,Madureira,5981.0,6980.0,away,15566225,03/03/2026,Carioca,0.85,57,7.7,0,0,1997,29,False,0.0
590392,Jorge Carrascal,15.0,M,False,25/05/1998,25/05/1998,Flamengo,Madureira,5981.0,6980.0,away,15566225,03/03/2026,Carioca,0.85,57,8.0,0,2,1998,28,False,0.0
839981,Lucas Paquetá,20.0,M,False,27/08/1997,27/08/1997,Flamengo,Madureira,5981.0,6980.0,away,15566225,03/03/2026,Carioca,0.85,90,8.3,2,0,1997,29,False,0.0
386198,Everton,11.0,M,False,22/03/1996,22/03/1996,Flamengo,Madureira,5981.0,6980.0,away,15566225,03/03/2026,Carioca,0.85,68,7.0,0,0,1996,30,False,0.0
840219,Pedro,9.0,F,False,20/06/1997,20/06/1997,Flamengo,Madureira,5981.0,6980.0,away,15566225,03/03/2026,Carioca,0.85,90,10.0,4,1,1997,29,False,0.0
840451,Luiz Araújo,7.0,F,True,02/06/1996,02/06/1996,Flamengo,Madureira,5981.0,6980.0,away,15566225,03/03/2026,Carioca,0.85,33,6.2,0,0,1996,30,False,0.0
1883345,Luiz Felipe,75.0,M,True,08/02/2008,08/02/2008,Flamengo,Madureira,5981.0,6980.0,away,15566225,03/03/2026,Carioca,0.85,33,6.9,0,0,2008,18,True,0.0
874705,Samuel Lino,16.0,M,True,23/12/1999,23/12/1999,Flamengo,Madureira,5981.0,6980.0,away,15566225,03/03/2026,Carioca,0.85,22,7.9,1,0,1999,27,False,0.0
2445457,Daniel Silva,87.0,D,True,31/03/2009,31/03/2009,Flamengo,Madureira,5981.0,6980.0,away,15566225,03/03/2026,Carioca,0.85,5,0.0,0,0,2009,17,True,0.0
1466084,Wallace Yan,64.0,F,True,08/02/2005,08/02/2005,Flamengo,Madureira,5981.0,6980.0,away,15566225,03/03/2026,Carioca,0.85,5,0.0,0,0,2005,21,True,0.0
867883,Douglas Borges,1.0,G,False,30/03/1990,30/03/1990,Portuguesa-RJ,Maricá FC,208067.0,288535.0,home,15512233,08/03/2026,Carioca,0.85,90,6.0,0,0,1990,36,False,0.0
881477,Lenon,2.0,D,False,02/05/1990,02/05/1990,Portuguesa-RJ,Maricá FC,208067.0,288535.0,home,15512233,08/03/2026,Carioca,0.85,90,8.2,1,0,1990,36,False,0.0
1175985,Patrick,93.0,D,False,09/03/1998,09/03/1998,Portuguesa-RJ,Maricá FC,208067.0,288535.0,home,15512233,08/03/2026,Carioca,0.85,90,6.7,0,0,1998,28,False,0.0
931539,Lucas Rodrigues Costa,13.0,D,False,02/04/1995,02/04/1995,Portuguesa-RJ,Maricá FC,208067.0,288535.0,home,15512233,08/03/2026,Carioca,0.85,90,7.3,0,0,1995,31,False,0.0
32152,Guilherme Santos,33.0,D,False,05/02/1988,05/02/1988,Portuguesa-RJ,Maricá FC,208067.0,288535.0,home,15512233,08/03/2026,Carioca,0.85,90,7.0,1,0,1988,38,False,0.0
840256,Wellington Cézar,30.0,M,False,21/12/1993,21/12/1993,Portuguesa-RJ,Maricá FC,208067.0,288535.0,home,15512233,08/03/2026,Carioca,0.85,90,6.7,0,0,1993,33,False,0.0
1034325,Antonio Gutemberg,17.0,M,False,01/09/2000,01/09/2000,Portuguesa-RJ,Maricá FC,208067.0,288535.0,home,15512233,08/03/2026,Carioca,0.85,84,7.5,1,0,2000,26,False,0.0
1650402,Henrique Rocha,5.0,M,False,04/06/1999,04/06/1999,Portuguesa-RJ,Maricá FC,208067.0,288535.0,home,15512233,08/03/2026,Carioca,0.85,45,6.3,0,0,1999,27,False,0.0
922586,Anderson Rosa,7.0,M,False,11/03/1993,11/03/1993,Portuguesa-RJ,Maricá FC,208067.0,288535.0,home,15512233,08/03/2026,Carioca,0.85,84,8.3,0,3,1993,33,False,0.0
943165,Rhuan,18.0,M,False,25/01/2000,25/01/2000,Portuguesa-RJ,Maricá FC,208067.0,288535.0,home,15512233,08/03/2026,Carioca,0.85,45,6.4,0,0,2000,26,False,0.0
867919,Lohan,19.0,F,False,20/09/1995,20/09/1995,Portuguesa-RJ,Maricá FC,208067.0,288535.0,home,15512233,08/03/2026,Carioca,0.85,84,7.2,1,0,1995,31,False,0.0
1018660,Guilherme Silveira,11.0,M,True,23/11/1999,23/11/1999,Portuguesa-RJ,Maricá FC,208067.0,288535.0,home,15512233,08/03/2026,Carioca,0.85,45,7.4,0,2,1999,27,False,0.0
1175571,Willian,21.0,F,True,09/12/1996,09/12/1996,Portuguesa-RJ,Maricá FC,208067.0,288535.0,home,15512233,08/03/2026,Carioca,0.85,45,7.7,1,0,1996,30,False,0.0
1019269,Albert,20.0,M,True,02/09/1996,02/09/1996,Portuguesa-RJ,Maricá FC,208067.0,288535.0,home,15512233,08/03/2026,Carioca,0.85,6,0.0,0,0,1996,30,False,0.0
867960,Romarinho,10.0,F,True,18/09/1993,18/09/1993,Portuguesa-RJ,Maricá FC,208067.0,288535.0,home,15512233,08/03/2026,Carioca,0.85,6,0.0,0,0,1993,33,False,0.0
1066554,Leo Muchacho,31.0,F,True,11/10/2000,11/10/2000,Portuguesa-RJ,Maricá FC,208067.0,288535.0,home,15512233,08/03/2026,Carioca,0.85,6,0.0,0,0,2000,26,False,0.0
1176197,Dida,1.0,G,False,07/08/1985,07/08/1985,Maricá FC,Portuguesa-RJ,288535.0,208067.0,away,15512233,08/03/2026,Carioca,0.85,90,5.2,0,0,1985,41,False,0.0
986910,Magno Nunes,2.0,D,False,29/02/1992,29/02/1992,Maricá FC,Portuguesa-RJ,288535.0,208067.0,away,15512233,08/03/2026,Carioca,0.85,50,6.4,0,0,1992,34,False,0.0
33542,Sandro,3.0,D,False,17/05/1988,17/05/1988,Maricá FC,Portuguesa-RJ,288535.0,208067.0,away,15512233,08/03/2026,Carioca,0.85,90,6.0,0,0,1988,38,False,0.0
2484492,Erick Landini,4.0,D,False,31/05/1996,31/05/1996,Maricá FC,Portuguesa-RJ,288535.0,208067.0,away,15512233,08/03/2026,Carioca,0.85,90,5.4,0,0,1996,30,False,0.0
2463605,Cauã Mendes,17.0,D,False,26/10/2006,26/10/2006,Maricá FC,Portuguesa-RJ,288535.0,208067.0,away,15512233,08/03/2026,Carioca,0.85,90,4.9,0,0,2006,20,True,0.0
870735,Magno Souza,8.0,M,False,26/07/1990,26/07/1990,Maricá FC,Portuguesa-RJ,288535.0,208067.0,away,15512233,08/03/2026,Carioca,0.85,90,6.5,0,0,1990,36,False,0.0
931571,Matheus Lira,5.0,M,False,19/01/1998,19/01/1998,Maricá FC,Portuguesa-RJ,288535.0,208067.0,away,15512233,08/03/2026,Carioca,0.85,50,6.4,0,0,1998,28,False,0.0
1640543,Almir Sóta,7.0,M,False,30/06/1994,30/06/1994,Maricá FC,Portuguesa-RJ,288535.0,208067.0,away,15512233,08/03/2026,Carioca,0.85,69,6.5,0,1,1994,32,False,0.0
867872,Marcelo,10.0,M,False,24/06/1988,24/06/1988,Maricá FC,Portuguesa-RJ,288535.0,208067.0,away,15512233,08/03/2026,Carioca,0.85,90,6.4,0,0,1988,38,False,0.0
2053560,Oliver,11.0,M,False,15/12/2005,15/12/2005,Maricá FC,Portuguesa-RJ,288535.0,208067.0,away,15512233,08/03/2026,Carioca,0.85,59,6.6,0,0,2005,21,True,0.0
936947,Pablo Thomaz,9.0,F,False,07/09/1999,07/09/1999,Maricá FC,Portuguesa-RJ,288535.0,208067.0,away,15512233,08/03/2026,Carioca,0.85,90,6.8,1,0,1999,27,False,0.0
2443995,Bernardo,14.0,M,True,09/10/2004,09/10/2004,Maricá FC,Portuguesa-RJ,288535.0,208067.0,away,15512233,08/03/2026,Carioca,0.85,40,6.3,0,0,2004,22,True,0.0
2057112,Rafael Café,18.0,F,True,10/05/2000,10/05/2000,Maricá FC,Portuguesa-RJ,288535.0,208067.0,away,15512233,08/03/2026,Carioca,0.85,40,6.5,0,0,2000,26,False,0.0
2029776,Denílson,21.0,F,True,23/09/2000,23/09/2000,Maricá FC,Portuguesa-RJ,288535.0,208067.0,away,15512233,08/03/2026,Carioca,0.85,31,8.6,1,1,2000,26,False,0.0
867997,Vinicius Matheus,15.0,M,True,06/06/1994,06/06/1994,Maricá FC,Portuguesa-RJ,288535.0,208067.0,away,15512233,08/03/2026,Carioca,0.85,21,6.5,0,0,1994,32,False,0.0
926826,Mota,31.0,G,False,23/03/1985,23/03/1985,Nova Iguaçu,Sampaio Corrêa-RJ,6981.0,257632.0,home,15512228,08/03/2026,Carioca,0.85,90,7.6,0,0,1985,41,False,0.0
868039,Yan Silva,4.0,D,False,19/02/1996,19/02/1996,Nova Iguaçu,Sampaio Corrêa-RJ,6981.0,257632.0,home,15512228,08/03/2026,Carioca,0.85,89,7.4,0,0,1996,30,False,0.0
1106777,Davi,2.0,D,False,31/01/2002,31/01/2002,Nova Iguaçu,Sampaio Corrêa-RJ,6981.0,257632.0,home,15512228,08/03/2026,Carioca,0.85,90,7.3,0,0,2002,24,False,0.0
1173236,Guilherme Kayron,6.0,D,False,14/01/2003,14/01/2003,Nova Iguaçu,Sampaio Corrêa-RJ,6981.0,257632.0,home,15512228,08/03/2026,Carioca,0.85,90,6.8,0,0,2003,23,True,0.0
1174655,Wender,3.0,D,False,04/07/1998,04/07/1998,Nova Iguaçu,Sampaio Corrêa-RJ,6981.0,257632.0,home,15512228,08/03/2026,Carioca,0.85,89,7.3,0,1,1998,28,False,0.0
1034343,Pedro Thomaz Menta de Souza,5.0,M,False,23/02/2000,23/02/2000,Nova Iguaçu,Sampaio Corrêa-RJ,6981.0,257632.0,home,15512228,08/03/2026,Carioca,0.85,90,6.8,0,0,2000,26,False,0.0
1046975,Léo Rafael,8.0,M,False,25/04/2001,25/04/2001,Nova Iguaçu,Sampaio Corrêa-RJ,6981.0,257632.0,home,15512228,08/03/2026,Carioca,0.85,90,7.4,0,0,2001,25,False,0.0
1645840,Xandinho,7.0,M,False,29/04/1997,29/04/1997,Nova Iguaçu,Sampaio Corrêa-RJ,6981.0,257632.0,home,15512228,08/03/2026,Carioca,0.85,90,7.8,1,0,1997,29,False,0.0
2044330,Iago,11.0,M,False,11/06/2006,11/06/2006,Nova Iguaçu,Sampaio Corrêa-RJ,6981.0,257632.0,home,15512228,08/03/2026,Carioca,0.85,84,7.1,1,0,2006,20,True,0.0
1499920,Lucas Cruz,10.0,M,False,16/05/2004,16/05/2004,Nova Iguaçu,Sampaio Corrêa-RJ,6981.0,257632.0,home,15512228,08/03/2026,Carioca,0.85,66,6.7,0,1,2004,22,True,0.0
1117595,Vinicius Charopem,9.0,F,False,26/06/1998,26/06/1998,Nova Iguaçu,Sampaio Corrêa-RJ,6981.0,257632.0,home,15512228,08/03/2026,Carioca,0.85,84,6.6,0,0,1998,28,False,0.0
1639082,Rickelme Lopes,20.0,M,True,08/10/2001,08/10/2001,Nova Iguaçu,Sampaio Corrêa-RJ,6981.0,257632.0,home,15512228,08/03/2026,Carioca,0.85,24,6.4,0,0,2001,25,False,0.0
2025395,Daniel Zavoli,15.0,D,True,12/01/2006,12/01/2006,Nova Iguaçu,Sampaio Corrêa-RJ,6981.0,257632.0,home,15512228,08/03/2026,Carioca,0.85,11,6.9,0,0,2006,20,True,0.0
1175495,Eduardo Thomasel,18.0,F,True,14/01/2002,14/01/2002,Nova Iguaçu,Sampaio Corrêa-RJ,6981.0,257632.0,home,15512228,08/03/2026,Carioca,0.85,11,6.5,0,0,2002,24,False,0.0
2026528,Lucas Cirilo,13.0,D,True,16/02/2005,16/02/2005,Nova Iguaçu,Sampaio Corrêa-RJ,6981.0,257632.0,home,15512228,08/03/2026,Carioca,0.85,1,0.0,0,0,2005,21,True,0.0
2027622,Augusto,14.0,D,True,22/11/2001,22/11/2001,Nova Iguaçu,Sampaio Corrêa-RJ,6981.0,257632.0,home,15512228,08/03/2026,Carioca,0.85,1,0.0,0,0,2001,25,False,0.0
1018650,Zé Carlos,1.0,G,False,11/02/1995,11/02/1995,Sampaio Corrêa-RJ,Nova Iguaçu,257632.0,6981.0,away,15512228,08/03/2026,Carioca,0.85,90,5.4,0,0,1995,31,False,0.0
869531,Lucas Carvalho,2.0,D,False,01/04/1996,01/04/1996,Sampaio Corrêa-RJ,Nova Iguaçu,257632.0,6981.0,away,15512228,08/03/2026,Carioca,0.85,90,6.5,0,0,1996,30,False,0.0
1589672,Daniel Nunes,3.0,D,False,24/05/2003,24/05/2003,Sampaio Corrêa-RJ,Nova Iguaçu,257632.0,6981.0,away,15512228,08/03/2026,Carioca,0.85,90,7.4,0,0,2003,23,True,0.0
1612382,Lucas Marreta,4.0,D,False,07/01/1998,07/01/1998,Sampaio Corrêa-RJ,Nova Iguaçu,257632.0,6981.0,away,15512228,08/03/2026,Carioca,0.85,90,7.0,0,0,1998,28,False,0.0
981383,Guilherme,6.0,D,False,28/01/1993,28/01/1993,Sampaio Corrêa-RJ,Nova Iguaçu,257632.0,6981.0,away,15512228,08/03/2026,Carioca,0.85,90,6.4,0,0,1993,33,False,0.0
867871,Pablo,5.0,M,False,21/10/1997,21/10/1997,Sampaio Corrêa-RJ,Nova Iguaçu,257632.0,6981.0,away,15512228,08/03/2026,Carioca,0.85,71,6.7,0,0,1997,29,False,0.0
943038,Luan Gama,8.0,M,False,06/06/1998,06/06/1998,Sampaio Corrêa-RJ,Nova Iguaçu,257632.0,6981.0,away,15512228,08/03/2026,Carioca,0.85,90,6.7,0,0,1998,28,False,0.0
1645908,Octávio,11.0,M,False,13/02/1997,13/02/1997,Sampaio Corrêa-RJ,Nova Iguaçu,257632.0,6981.0,away,15512228,08/03/2026,Carioca,0.85,70,6.5,0,0,1997,29,False,0.0
166475,Rodrigo Andrade,10.0,M,False,05/02/1988,05/02/1988,Sampaio Corrêa-RJ,Nova Iguaçu,257632.0,6981.0,away,15512228,08/03/2026,Carioca,0.85,62,6.7,0,0,1988,38,False,0.0
846749,Alexander Lecaros,7.0,M,False,13/10/1999,13/10/1999,Sampaio Corrêa-RJ,Nova Iguaçu,257632.0,6981.0,away,15512228,08/03/2026,Carioca,0.85,45,6.2,0,0,1999,27,False,0.0
243467,Elias,9.0,F,False,13/02/1987,13/02/1987,Sampaio Corrêa-RJ,Nova Iguaçu,257632.0,6981.0,away,15512228,08/03/2026,Carioca,0.85,84,6.6,0,0,1987,39,False,0.0
1171655,Ewerton Potiguar,19.0,F,True,07/06/1998,07/06/1998,Sampaio Corrêa-RJ,Nova Iguaçu,257632.0,6981.0,away,15512228,08/03/2026,Carioca,0.85,45,6.6,0,0,1998,28,False,0.0
973865,Magno,16.0,M,True,17/02/1993,17/02/1993,Sampaio Corrêa-RJ,Nova Iguaçu,257632.0,6981.0,away,15512228,08/03/2026,Carioca,0.85,28,6.7,0,0,1993,33,False,0.0
1172995,Alan Silva,20.0,D,True,15/01/2001,15/01/2001,Sampaio Corrêa-RJ,Nova Iguaçu,257632.0,6981.0,away,15512228,08/03/2026,Carioca,0.85,20,6.6,0,0,2001,25,False,0.0
2454208,Paulo Henrique,17.0,M,True,22/10/2004,22/10/2004,Sampaio Corrêa-RJ,Nova Iguaçu,257632.0,6981.0,away,15512228,08/03/2026,Carioca,0.85,19,6.7,0,0,2004,22,True,0.0
2453656,Matheus Goiano,18.0,F,True,22/01/1999,22/01/1999,Sampaio Corrêa-RJ,Nova Iguaçu,257632.0,6981.0,away,15512228,08/03/2026,Carioca,0.85,11,7.0,0,0,1999,27,False,0.0
17785,Fábio,1.0,G,False,30/09/1980,30/09/1980,Fluminense,Flamengo,1961.0,5981.0,home,15648858,08/03/2026,Carioca,0.85,90,8.1,0,0,1980,46,False,0.0
795773,Samuel Xavier,2.0,D,False,06/06/1990,06/06/1990,Fluminense,Flamengo,1961.0,5981.0,home,15648858,08/03/2026,Carioca,0.85,76,6.5,0,0,1990,36,False,0.0
1527129,Jemmes,3.0,D,False,09/04/2000,09/04/2000,Fluminense,Flamengo,1961.0,5981.0,home,15648858,08/03/2026,Carioca,0.85,90,7.8,0,0,2000,26,False,0.0
962187,Juan Freytes,22.0,D,False,11/01/2000,11/01/2000,Fluminense,Flamengo,1961.0,5981.0,home,15648858,08/03/2026,Carioca,0.85,90,6.5,0,0,2000,26,False,0.0
243113,Renê,6.0,D,False,14/09/1992,14/09/1992,Fluminense,Flamengo,1961.0,5981.0,home,15648858,08/03/2026,Carioca,0.85,76,6.6,0,0,1992,34,False,0.0
1104068,Hércules,35.0,M,False,20/10/2000,20/10/2000,Fluminense,Flamengo,1961.0,5981.0,home,15648858,08/03/2026,Carioca,0.85,85,6.9,0,0,2000,26,False,0.0
1067671,Matheus Martinelli,8.0,M,False,05/10/2001,05/10/2001,Fluminense,Flamengo,1961.0,5981.0,home,15648858,08/03/2026,Carioca,0.85,90,6.9,0,0,2001,25,False,0.0
846413,Agustín Canobbio,17.0,M,False,01/10/1998,01/10/1998,Fluminense,Flamengo,1961.0,5981.0,home,15648858,08/03/2026,Carioca,0.85,90,6.5,0,0,1998,28,False,0.0
548030,Luciano Acosta,32.0,M,False,31/05/1994,31/05/1994,Fluminense,Flamengo,1961.0,5981.0,home,15648858,08/03/2026,Carioca,0.85,85,6.6,0,0,1994,32,False,0.0
981374,Kevin Serna,90.0,M,False,22/12/1997,22/12/1997,Fluminense,Flamengo,1961.0,5981.0,home,15648858,08/03/2026,Carioca,0.85,76,6.8,0,0,1997,29,False,0.0
1087399,John Kennedy,9.0,F,False,18/05/2002,18/05/2002,Fluminense,Flamengo,1961.0,5981.0,home,15648858,08/03/2026,Carioca,0.85,90,6.7,0,0,2002,24,False,0.0
928134,Guga,23.0,D,True,29/08/1998,29/08/1998,Fluminense,Flamengo,1961.0,5981.0,home,15648858,08/03/2026,Carioca,0.85,14,6.1,0,0,1998,28,False,0.0
1127439,Guilherme Arana,13.0,D,True,14/04/1997,14/04/1997,Fluminense,Flamengo,1961.0,5981.0,home,15648858,08/03/2026,Carioca,0.85,14,7.1,0,0,1997,29,False,0.0
874739,Jefferson Savarino,11.0,F,True,11/11/1996,11/11/1996,Fluminense,Flamengo,1961.0,5981.0,home,15648858,08/03/2026,Carioca,0.85,14,7.3,0,0,1996,30,False,0.0
552686,Otávio,94.0,M,True,04/05/1994,04/05/1994,Fluminense,Flamengo,1961.0,5981.0,home,15648858,08/03/2026,Carioca,0.85,5,0.0,0,0,1994,32,False,0.0
116853,Ganso,10.0,M,True,12/10/1989,12/10/1989,Fluminense,Flamengo,1961.0,5981.0,home,15648858,08/03/2026,Carioca,0.85,5,0.0,0,0,1989,37,False,0.0
1140986,Agustín Rossi,1.0,G,False,21/08/1995,21/08/1995,Flamengo,Fluminense,5981.0,1961.0,away,15648858,08/03/2026,Carioca,0.85,90,9.0,0,0,1995,31,False,0.0
311456,Guillermo Varela,2.0,D,False,24/03/1993,24/03/1993,Flamengo,Fluminense,5981.0,1961.0,away,15648858,08/03/2026,Carioca,0.85,90,6.8,0,0,1993,33,False,0.0
869643,Léo Ortiz,3.0,D,False,03/01/1996,03/01/1996,Flamengo,Fluminense,5981.0,1961.0,away,15648858,08/03/2026,Carioca,0.85,90,7.7,0,0,1996,30,False,0.0
358548,Léo Pereira,4.0,D,False,31/01/1996,31/01/1996,Flamengo,Fluminense,5981.0,1961.0,away,15648858,08/03/2026,Carioca,0.85,90,7.6,0,0,1996,30,False,0.0
84854,Alex Sandro,26.0,D,False,26/01/1991,26/01/1991,Flamengo,Fluminense,5981.0,1961.0,away,15648858,08/03/2026,Carioca,0.85,90,7.9,0,0,1991,35,False,0.0
590262,Erick Pulgar,5.0,M,False,15/01/1994,15/01/1994,Flamengo,Fluminense,5981.0,1961.0,away,15648858,08/03/2026,Carioca,0.85,90,7.2,0,0,1994,32,False,0.0
132874,Jorginho,21.0,M,False,20/12/1991,20/12/1991,Flamengo,Fluminense,5981.0,1961.0,away,15648858,08/03/2026,Carioca,0.85,90,7.2,0,0,1991,35,False,0.0
590392,Jorge Carrascal,15.0,M,False,25/05/1998,25/05/1998,Flamengo,Fluminense,5981.0,1961.0,away,15648858,08/03/2026,Carioca,0.85,64,6.3,0,0,1998,28,False,0.0
333587,Giorgian De Arrascaeta,10.0,M,False,01/06/1994,01/06/1994,Flamengo,Fluminense,5981.0,1961.0,away,15648858,08/03/2026,Carioca,0.85,85,6.4,0,0,1994,32,False,0.0
874705,Samuel Lino,16.0,M,False,23/12/1999,23/12/1999,Flamengo,Fluminense,5981.0,1961.0,away,15648858,08/03/2026,Carioca,0.85,64,6.7,0,0,1999,27,False,0.0
840219,Pedro,9.0,F,False,20/06/1997,20/06/1997,Flamengo,Fluminense,5981.0,1961.0,away,15648858,08/03/2026,Carioca,0.85,73,7.0,0,0,1997,29,False,0.0
839981,Lucas Paquetá,20.0,M,True,27/08/1997,27/08/1997,Flamengo,Fluminense,5981.0,1961.0,away,15648858,08/03/2026,Carioca,0.85,26,7.1,0,0,1997,29,False,0.0
386198,Everton,11.0,F,True,22/03/1996,22/03/1996,Flamengo,Fluminense,5981.0,1961.0,away,15648858,08/03/2026,Carioca,0.85,26,7.2,0,0,1996,30,False,0.0
937937,Gonzalo Plata,19.0,F,True,01/11/2000,01/11/2000,Flamengo,Fluminense,5981.0,1961.0,away,15648858,08/03/2026,Carioca,0.85,17,6.5,0,0,2000,26,False,0.0
840451,Luiz Araújo,7.0,F,True,02/06/1996,02/06/1996,Flamengo,Fluminense,5981.0,1961.0,away,15648858,08/03/2026,Carioca,0.85,5,0.0,0,0,1996,30,False,0.0
1609720,Ariel,1.0,G,False,07/03/1997,07/03/1997,União Recreativa dos Trabalhadores,North EC,35278.0,465989.0,home,15643392,04/03/2026,Mineiro,0.78,90,6.9,0,0,1997,29,False,0.0
868851,Arlen,22.0,D,False,30/01/1996,30/01/1996,União Recreativa dos Trabalhadores,North EC,35278.0,465989.0,home,15643392,04/03/2026,Mineiro,0.78,90,7.3,0,0,1996,30,False,0.0
2034229,Antônio Júnior,30.0,D,False,12/02/2001,12/02/2001,União Recreativa dos Trabalhadores,North EC,35278.0,465989.0,home,15643392,04/03/2026,Mineiro,0.78,90,5.7,0,0,2001,25,False,0.0
922590,Victor Sallinas,4.0,D,False,20/03/1992,20/03/1992,União Recreativa dos Trabalhadores,North EC,35278.0,465989.0,home,15643392,04/03/2026,Mineiro,0.78,90,7.0,0,0,1992,34,False,0.0
1117578,Vitor Gottems,6.0,D,False,08/11/2002,08/11/2002,União Recreativa dos Trabalhadores,North EC,35278.0,465989.0,home,15643392,04/03/2026,Mineiro,0.78,85,6.3,0,0,2002,24,False,0.0
1024048,John Everson,5.0,M,False,03/02/2000,03/02/2000,União Recreativa dos Trabalhadores,North EC,35278.0,465989.0,home,15643392,04/03/2026,Mineiro,0.78,85,6.3,0,0,2000,26,False,0.0
1539905,Pedro Henrique,88.0,M,False,04/09/1996,04/09/1996,União Recreativa dos Trabalhadores,North EC,35278.0,465989.0,home,15643392,04/03/2026,Mineiro,0.78,90,7.1,0,0,1996,30,False,0.0
990158,Cesinha,11.0,M,False,28/02/1997,28/02/1997,União Recreativa dos Trabalhadores,North EC,35278.0,465989.0,home,15643392,04/03/2026,Mineiro,0.78,85,6.6,0,0,1997,29,False,0.0
1017012,Hippólito,15.0,M,False,14/03/2000,14/03/2000,União Recreativa dos Trabalhadores,North EC,35278.0,465989.0,home,15643392,04/03/2026,Mineiro,0.78,45,6.4,0,0,2000,26,False,0.0
976486,Federico Andrade,21.0,M,False,14/08/2000,14/08/2000,União Recreativa dos Trabalhadores,North EC,35278.0,465989.0,home,15643392,04/03/2026,Mineiro,0.78,90,6.6,0,0,2000,26,False,0.0
1468837,Gabriel Moyses,19.0,F,False,15/08/2002,15/08/2002,União Recreativa dos Trabalhadores,North EC,35278.0,465989.0,home,15643392,04/03/2026,Mineiro,0.78,90,6.5,1,0,2002,24,False,0.0
1467132,Wesley,20.0,F,True,,,União Recreativa dos Trabalhadores,North EC,35278.0,465989.0,home,15643392,04/03/2026,Mineiro,0.78,45,7.0,0,0,0,0,False,0.0
1587938,Mateus Peloggia,33.0,M,True,19/05/2003,19/05/2003,União Recreativa dos Trabalhadores,North EC,35278.0,465989.0,home,15643392,04/03/2026,Mineiro,0.78,19,6.8,0,0,2003,23,True,0.0
1465696,Bruninho,16.0,F,True,17/05/1997,17/05/1997,União Recreativa dos Trabalhadores,North EC,35278.0,465989.0,home,15643392,04/03/2026,Mineiro,0.78,19,6.6,0,0,1997,29,False,0.0
931486,Laércio,10.0,F,True,17/11/1998,17/11/1998,União Recreativa dos Trabalhadores,North EC,35278.0,465989.0,home,15643392,04/03/2026,Mineiro,0.78,19,6.5,0,0,1998,28,False,0.0
1016846,Rafael Pin,92.0,G,False,12/08/1992,12/08/1992,North EC,União Recreativa dos Trabalhadores,465989.0,35278.0,away,15643392,04/03/2026,Mineiro,0.78,90,7.4,0,0,1992,34,False,0.0
868060,Diego Guerra,13.0,D,False,06/11/1990,06/11/1990,North EC,União Recreativa dos Trabalhadores,465989.0,35278.0,away,15643392,04/03/2026,Mineiro,0.78,90,6.9,0,0,1990,36,False,0.0
1487516,Léo Gobo,26.0,D,False,09/11/1996,09/11/1996,North EC,União Recreativa dos Trabalhadores,465989.0,35278.0,away,15643392,04/03/2026,Mineiro,0.78,90,6.9,0,0,1996,30,False,0.0
849183,Bruno Bispo,4.0,D,False,06/06/1996,06/06/1996,North EC,União Recreativa dos Trabalhadores,465989.0,35278.0,away,15643392,04/03/2026,Mineiro,0.78,90,5.8,0,0,1996,30,False,0.0
975444,Lucas Mota,2.0,M,False,09/07/1995,09/07/1995,North EC,União Recreativa dos Trabalhadores,465989.0,35278.0,away,15643392,04/03/2026,Mineiro,0.78,88,6.5,0,0,1995,31,False,0.0
1175654,Evanderson Costa,8.0,M,False,15/12/1998,15/12/1998,North EC,União Recreativa dos Trabalhadores,465989.0,35278.0,away,15643392,04/03/2026,Mineiro,0.78,81,6.9,0,0,1998,28,False,0.0
76444,Guilherme Camacho,5.0,M,False,02/03/1990,02/03/1990,North EC,União Recreativa dos Trabalhadores,465989.0,35278.0,away,15643392,04/03/2026,Mineiro,0.78,90,7.3,0,0,1990,36,False,0.0
866493,Rennan,28.0,M,False,28/03/1995,28/03/1995,North EC,União Recreativa dos Trabalhadores,465989.0,35278.0,away,15643392,04/03/2026,Mineiro,0.78,90,6.6,0,0,1995,31,False,0.0
342145,Bruno Lopes,19.0,F,False,19/05/1995,19/05/1995,North EC,União Recreativa dos Trabalhadores,465989.0,35278.0,away,15643392,04/03/2026,Mineiro,0.78,81,7.9,1,1,1995,31,False,0.0
841391,Clayton,91.0,F,False,19/12/1991,19/12/1991,North EC,União Recreativa dos Trabalhadores,465989.0,35278.0,away,15643392,04/03/2026,Mineiro,0.78,74,6.9,0,0,1991,35,False,0.0
1545702,Gabriel Barcelos Rossetto,17.0,F,False,27/07/2000,27/07/2000,North EC,União Recreativa dos Trabalhadores,465989.0,35278.0,away,15643392,04/03/2026,Mineiro,0.78,88,7.4,1,1,2000,26,False,0.0
1927500,Yuri Merlim,30.0,M,True,20/09/1998,20/09/1998,North EC,União Recreativa dos Trabalhadores,465989.0,35278.0,away,15643392,04/03/2026,Mineiro,0.78,16,6.7,0,0,1998,28,False,0.0
790154,Leandro Ferreira,55.0,M,True,15/07/1986,15/07/1986,North EC,União Recreativa dos Trabalhadores,465989.0,35278.0,away,15643392,04/03/2026,Mineiro,0.78,9,6.4,0,0,1986,40,False,0.0
874328,Patrik,35.0,M,True,05/03/1995,05/03/1995,North EC,União Recreativa dos Trabalhadores,465989.0,35278.0,away,15643392,04/03/2026,Mineiro,0.78,9,6.6,0,0,1995,31,False,0.0
1546630,Ulisses,34.0,D,True,10/11/1995,10/11/1995,North EC,União Recreativa dos Trabalhadores,465989.0,35278.0,away,15643392,04/03/2026,Mineiro,0.78,16,6.6,0,0,1995,31,False,0.0
875180,Rodrigo Fumaça,95.0,F,True,06/03/1995,06/03/1995,North EC,União Recreativa dos Trabalhadores,465989.0,35278.0,away,15643392,04/03/2026,Mineiro,0.78,16,6.6,0,0,1995,31,False,0.0
1016846,Rafael Pin,92.0,G,False,12/08/1992,12/08/1992,North EC,União Recreativa dos Trabalhadores,465989.0,35278.0,home,15643465,07/03/2026,Mineiro,0.78,90,7.3,0,0,1992,34,False,0.0
868060,Diego Guerra,13.0,D,False,06/11/1990,06/11/1990,North EC,União Recreativa dos Trabalhadores,465989.0,35278.0,home,15643465,07/03/2026,Mineiro,0.78,90,6.9,0,0,1990,36,False,0.0
1487516,Léo Gobo,26.0,D,False,09/11/1996,09/11/1996,North EC,União Recreativa dos Trabalhadores,465989.0,35278.0,home,15643465,07/03/2026,Mineiro,0.78,90,7.1,0,0,1996,30,False,0.0
849183,Bruno Bispo,4.0,D,False,06/06/1996,06/06/1996,North EC,União Recreativa dos Trabalhadores,465989.0,35278.0,home,15643465,07/03/2026,Mineiro,0.78,90,6.6,0,0,1996,30,False,0.0
975444,Lucas Mota,2.0,M,False,09/07/1995,09/07/1995,North EC,União Recreativa dos Trabalhadores,465989.0,35278.0,home,15643465,07/03/2026,Mineiro,0.78,90,7.4,0,0,1995,31,False,0.0
76444,Guilherme Camacho,5.0,M,False,02/03/1990,02/03/1990,North EC,União Recreativa dos Trabalhadores,465989.0,35278.0,home,15643465,07/03/2026,Mineiro,0.78,78,7.1,0,0,1990,36,False,0.0
1175654,Evanderson Costa,8.0,M,False,15/12/1998,15/12/1998,North EC,União Recreativa dos Trabalhadores,465989.0,35278.0,home,15643465,07/03/2026,Mineiro,0.78,61,6.6,0,0,1998,28,False,0.0
866493,Rennan,28.0,M,False,28/03/1995,28/03/1995,North EC,União Recreativa dos Trabalhadores,465989.0,35278.0,home,15643465,07/03/2026,Mineiro,0.78,90,7.4,0,0,1995,31,False,0.0
342145,Bruno Lopes,19.0,F,False,19/05/1995,19/05/1995,North EC,União Recreativa dos Trabalhadores,465989.0,35278.0,home,15643465,07/03/2026,Mineiro,0.78,45,7.5,0,1,1995,31,False,0.0
841391,Clayton,91.0,F,False,19/12/1991,19/12/1991,North EC,União Recreativa dos Trabalhadores,465989.0,35278.0,home,15643465,07/03/2026,Mineiro,0.78,61,7.3,0,0,1991,35,False,0.0
1545702,Gabriel Barcelos Rossetto,17.0,F,False,27/07/2000,27/07/2000,North EC,União Recreativa dos Trabalhadores,465989.0,35278.0,home,15643465,07/03/2026,Mineiro,0.78,83,7.3,1,0,2000,26,False,0.0
1927500,Yuri Merlim,30.0,M,True,20/09/1998,20/09/1998,North EC,União Recreativa dos Trabalhadores,465989.0,35278.0,home,15643465,07/03/2026,Mineiro,0.78,45,6.3,0,0,1998,28,False,0.0
1099458,Gabriel Santiago,21.0,M,True,05/02/2000,05/02/2000,North EC,União Recreativa dos Trabalhadores,465989.0,35278.0,home,15643465,07/03/2026,Mineiro,0.78,29,6.8,0,0,2000,26,False,0.0
790154,Leandro Ferreira,55.0,M,True,15/07/1986,15/07/1986,North EC,União Recreativa dos Trabalhadores,465989.0,35278.0,home,15643465,07/03/2026,Mineiro,0.78,29,6.6,0,0,1986,40,False,0.0
874328,Patrik,35.0,M,True,05/03/1995,05/03/1995,North EC,União Recreativa dos Trabalhadores,465989.0,35278.0,home,15643465,07/03/2026,Mineiro,0.78,12,6.8,0,0,1995,31,False,0.0
875180,Rodrigo Fumaça,95.0,F,True,06/03/1995,06/03/1995,North EC,União Recreativa dos Trabalhadores,465989.0,35278.0,home,15643465,07/03/2026,Mineiro,0.78,12,6.5,0,0,1995,31,False,0.0
1609720,Ariel,1.0,G,False,07/03/1997,07/03/1997,União Recreativa dos Trabalhadores,North EC,35278.0,465989.0,away,15643465,07/03/2026,Mineiro,0.78,90,7.8,0,0,1997,29,False,0.0
868851,Arlen,22.0,D,False,30/01/1996,30/01/1996,União Recreativa dos Trabalhadores,North EC,35278.0,465989.0,away,15643465,07/03/2026,Mineiro,0.78,90,6.6,0,0,1996,30,False,0.0
1111200,Léo Santos,3.0,D,False,31/03/1998,31/03/1998,União Recreativa dos Trabalhadores,North EC,35278.0,465989.0,away,15643465,07/03/2026,Mineiro,0.78,81,7.3,0,0,1998,28,False,0.0
922590,Victor Sallinas,4.0,D,False,20/03/1992,20/03/1992,União Recreativa dos Trabalhadores,North EC,35278.0,465989.0,away,15643465,07/03/2026,Mineiro,0.78,90,6.5,0,0,1992,34,False,0.0
1467132,Wesley,20.0,D,False,,,União Recreativa dos Trabalhadores,North EC,35278.0,465989.0,away,15643465,07/03/2026,Mineiro,0.78,45,6.9,0,0,0,0,False,0.0
1587938,Mateus Peloggia,33.0,M,False,19/05/2003,19/05/2003,União Recreativa dos Trabalhadores,North EC,35278.0,465989.0,away,15643465,07/03/2026,Mineiro,0.78,90,6.3,0,0,2003,23,True,0.0
1539905,Pedro Henrique,88.0,M,False,04/09/1996,04/09/1996,União Recreativa dos Trabalhadores,North EC,35278.0,465989.0,away,15643465,07/03/2026,Mineiro,0.78,90,6.4,0,0,1996,30,False,0.0
990158,Cesinha,11.0,M,False,28/02/1997,28/02/1997,União Recreativa dos Trabalhadores,North EC,35278.0,465989.0,away,15643465,07/03/2026,Mineiro,0.78,8,6.5,0,0,1997,29,False,0.0
1017012,Hippólito,15.0,M,False,14/03/2000,14/03/2000,União Recreativa dos Trabalhadores,North EC,35278.0,465989.0,away,15643465,07/03/2026,Mineiro,0.78,45,5.8,0,0,2000,26,False,0.0
976486,Federico Andrade,21.0,M,False,14/08/2000,14/08/2000,União Recreativa dos Trabalhadores,North EC,35278.0,465989.0,away,15643465,07/03/2026,Mineiro,0.78,90,6.5,0,0,2000,26,False,0.0
1468837,Gabriel Moyses,19.0,F,False,15/08/2002,15/08/2002,União Recreativa dos Trabalhadores,North EC,35278.0,465989.0,away,15643465,07/03/2026,Mineiro,0.78,90,6.4,0,0,2002,24,False,0.0
1465696,Bruninho,16.0,F,True,17/05/1997,17/05/1997,União Recreativa dos Trabalhadores,North EC,35278.0,465989.0,away,15643465,07/03/2026,Mineiro,0.78,68,6.5,0,0,1997,29,False,0.0
1117578,Vitor Gottems,6.0,D,True,08/11/2002,08/11/2002,União Recreativa dos Trabalhadores,North EC,35278.0,465989.0,away,15643465,07/03/2026,Mineiro,0.78,45,6.3,0,0,2002,24,False,0.0
931486,Laércio,10.0,F,True,17/11/1998,17/11/1998,União Recreativa dos Trabalhadores,North EC,35278.0,465989.0,away,15643465,07/03/2026,Mineiro,0.78,45,6.9,0,0,1998,28,False,0.0
1463996,Sandro,89.0,M,True,12/11/1999,12/11/1999,União Recreativa dos Trabalhadores,North EC,35278.0,465989.0,away,15643465,07/03/2026,Mineiro,0.78,14,6.7,0,0,1999,27,False,0.0
2034229,Antônio Júnior,30.0,D,True,12/02/2001,12/02/2001,União Recreativa dos Trabalhadores,North EC,35278.0,465989.0,away,15643465,07/03/2026,Mineiro,0.78,9,6.7,0,0,2001,25,False,0.0
27756,Cássio,1.0,G,False,06/06/1987,06/06/1987,Cruzeiro,Atlético Mineiro,1954.0,1977.0,home,15643468,08/03/2026,Mineiro,0.78,90,6.5,0,0,1987,39,False,0.0
604274,William,12.0,D,False,03/04/1995,03/04/1995,Cruzeiro,Atlético Mineiro,1954.0,1977.0,home,15643468,08/03/2026,Mineiro,0.78,90,6.7,0,0,1995,31,False,0.0
840220,Fabrício Bruno,15.0,D,False,12/02/1996,12/02/1996,Cruzeiro,Atlético Mineiro,1954.0,1977.0,home,15643468,08/03/2026,Mineiro,0.78,90,7.4,0,0,1996,30,False,0.0
260077,Lucas Villalba,25.0,D,False,19/08/1994,19/08/1994,Cruzeiro,Atlético Mineiro,1954.0,1977.0,home,15643468,08/03/2026,Mineiro,0.78,90,7.0,0,0,1994,32,False,0.0
1112484,Kaiki,6.0,D,False,08/03/2003,08/03/2003,Cruzeiro,Atlético Mineiro,1954.0,1977.0,home,15643468,08/03/2026,Mineiro,0.78,90,6.7,0,0,2003,23,True,0.0
263477,Lucas Romero,29.0,M,False,18/04/1994,18/04/1994,Cruzeiro,Atlético Mineiro,1954.0,1977.0,home,15643468,08/03/2026,Mineiro,0.78,90,6.8,0,0,1994,32,False,0.0
245159,Lucas Silva,16.0,M,False,16/02/1993,16/02/1993,Cruzeiro,Atlético Mineiro,1954.0,1977.0,home,15643468,08/03/2026,Mineiro,0.78,74,6.8,0,0,1993,33,False,0.0
981733,Christian,88.0,M,False,19/12/2000,19/12/2000,Cruzeiro,Atlético Mineiro,1954.0,1977.0,home,15643468,08/03/2026,Mineiro,0.78,90,6.3,0,0,2000,26,False,0.0
377238,Matheus Pereira,10.0,M,False,05/05/1996,05/05/1996,Cruzeiro,Atlético Mineiro,1954.0,1977.0,home,15643468,08/03/2026,Mineiro,0.78,90,6.8,0,0,1996,30,False,0.0
611876,Gerson,11.0,M,False,20/05/1997,20/05/1997,Cruzeiro,Atlético Mineiro,1954.0,1977.0,home,15643468,08/03/2026,Mineiro,0.78,64,7.9,0,1,1997,29,False,0.0
954888,Kaio Jorge,19.0,F,False,24/01/2002,24/01/2002,Cruzeiro,Atlético Mineiro,1954.0,1977.0,home,15643468,08/03/2026,Mineiro,0.78,87,7.3,1,0,2002,24,False,0.0
817650,Bruno Rodrigues,20.0,F,True,07/03/1997,07/03/1997,Cruzeiro,Atlético Mineiro,1954.0,1977.0,home,15643468,08/03/2026,Mineiro,0.78,26,6.6,0,0,1997,29,False,0.0
912786,Matheus Henrique,8.0,M,True,19/12/1997,19/12/1997,Cruzeiro,Atlético Mineiro,1954.0,1977.0,home,15643468,08/03/2026,Mineiro,0.78,16,6.5,0,0,1997,29,False,0.0
247483,Wanderson,94.0,F,True,06/10/1994,06/10/1994,Cruzeiro,Atlético Mineiro,1954.0,1977.0,home,15643468,08/03/2026,Mineiro,0.78,20,6.2,0,0,1994,32,False,0.0
870748,Everson,22.0,G,False,22/07/1990,22/07/1990,Atlético Mineiro,Cruzeiro,1977.0,1954.0,away,15643468,08/03/2026,Mineiro,0.78,90,6.8,0,0,1990,36,False,0.0
1046805,Natanael,2.0,D,False,05/01/2002,05/01/2002,Atlético Mineiro,Cruzeiro,1977.0,1954.0,away,15643468,08/03/2026,Mineiro,0.78,76,6.5,0,0,2002,24,False,0.0
914487,Ruan,4.0,D,False,07/06/1999,07/06/1999,Atlético Mineiro,Cruzeiro,1977.0,1954.0,away,15643468,08/03/2026,Mineiro,0.78,90,6.4,0,0,1999,27,False,0.0
794838,Vitor Hugo,14.0,D,False,20/05/1991,20/05/1991,Atlético Mineiro,Cruzeiro,1977.0,1954.0,away,15643468,08/03/2026,Mineiro,0.78,90,6.7,0,0,1991,35,False,0.0
851150,Renan Lodi,16.0,D,False,08/04/1998,08/04/1998,Atlético Mineiro,Cruzeiro,1977.0,1954.0,away,15643468,08/03/2026,Mineiro,0.78,90,6.6,0,0,1998,28,False,0.0
822729,Alan Franco,21.0,M,False,21/08/1998,21/08/1998,Atlético Mineiro,Cruzeiro,1977.0,1954.0,away,15643468,08/03/2026,Mineiro,0.78,90,6.9,0,0,1998,28,False,0.0
1170954,Victor Hugo,30.0,M,False,11/05/2004,11/05/2004,Atlético Mineiro,Cruzeiro,1977.0,1954.0,away,15643468,08/03/2026,Mineiro,0.78,66,6.4,0,0,2004,22,True,0.0
2155474,Mamady Cissé,39.0,M,False,01/01/2007,01/01/2007,Atlético Mineiro,Cruzeiro,1977.0,1954.0,away,15643468,08/03/2026,Mineiro,0.78,16,6.4,0,0,2007,19,True,0.0
241488,Bernard,11.0,M,False,08/09/1992,08/09/1992,Atlético Mineiro,Cruzeiro,1977.0,1954.0,away,15643468,08/03/2026,Mineiro,0.78,66,6.4,0,0,1992,34,False,0.0
147464,Dudu,92.0,M,False,07/01/1992,07/01/1992,Atlético Mineiro,Cruzeiro,1977.0,1954.0,away,15643468,08/03/2026,Mineiro,0.78,90,6.6,0,0,1992,34,False,0.0
34705,Hulk,7.0,F,False,25/07/1986,25/07/1986,Atlético Mineiro,Cruzeiro,1977.0,1954.0,away,15643468,08/03/2026,Mineiro,0.78,90,7.0,0,0,1986,40,False,0.0
913598,Igor Gomes,17.0,M,True,17/03/1999,17/03/1999,Atlético Mineiro,Cruzeiro,1977.0,1954.0,away,15643468,08/03/2026,Mineiro,0.78,60,6.5,0,0,1999,27,False,0.0
1122552,Alan Minda,27.0,F,True,14/05/2003,14/05/2003,Atlético Mineiro,Cruzeiro,1977.0,1954.0,away,15643468,08/03/2026,Mineiro,0.78,24,6.5,0,0,2003,23,True,0.0
832708,Mateo Cassierra,9.0,F,True,13/04/1997,13/04/1997,Atlético Mineiro,Cruzeiro,1977.0,1954.0,away,15643468,08/03/2026,Mineiro,0.78,24,6.8,0,0,1997,29,False,0.0
559036,Gustavo Scarpa,10.0,M,True,05/01/1994,05/01/1994,Atlético Mineiro,Cruzeiro,1977.0,1954.0,away,15643468,08/03/2026,Mineiro,0.78,14,6.9,0,0,1994,32,False,0.0
881844,Ángelo Preciado,23.0,D,True,18/02/1998,18/02/1998,Atlético Mineiro,Cruzeiro,1977.0,1954.0,away,15643468,08/03/2026,Mineiro,0.78,14,6.8,0,0,1998,28,False,0.0
243429,Omar,1.0,G,False,22/08/1989,22/08/1989,Novo Hamburgo,São Luiz,480376.0,32768.0,home,15608566,07/03/2026,Gaúcho,0.85,90,6.2,0,0,1989,37,False,0.0
861171,Guilherme Mantuan,2.0,D,False,02/08/1997,02/08/1997,Novo Hamburgo,São Luiz,480376.0,32768.0,home,15608566,07/03/2026,Gaúcho,0.85,35,6.9,0,0,1997,29,False,0.0
863278,Romercio,3.0,D,False,25/02/1997,25/02/1997,Novo Hamburgo,São Luiz,480376.0,32768.0,home,15608566,07/03/2026,Gaúcho,0.85,90,7.4,0,0,1997,29,False,0.0
925869,João Marcus,4.0,D,False,23/06/1992,23/06/1992,Novo Hamburgo,São Luiz,480376.0,32768.0,home,15608566,07/03/2026,Gaúcho,0.85,90,6.9,0,0,1992,34,False,0.0
1108897,Josué,6.0,D,False,09/01/2001,09/01/2001,Novo Hamburgo,São Luiz,480376.0,32768.0,home,15608566,07/03/2026,Gaúcho,0.85,90,6.6,0,1,2001,25,False,0.0
1179313,Carlos Maia,8.0,M,False,02/05/2001,02/05/2001,Novo Hamburgo,São Luiz,480376.0,32768.0,home,15608566,07/03/2026,Gaúcho,0.85,90,6.7,0,0,2001,25,False,0.0
866878,Amaral,5.0,M,False,21/07/1989,21/07/1989,Novo Hamburgo,São Luiz,480376.0,32768.0,home,15608566,07/03/2026,Gaúcho,0.85,84,7.2,0,0,1989,37,False,0.0
1047224,Rone,7.0,M,False,15/08/1995,15/08/1995,Novo Hamburgo,São Luiz,480376.0,32768.0,home,15608566,07/03/2026,Gaúcho,0.85,84,7.0,0,0,1995,31,False,0.0
151210,Leandro,10.0,M,False,12/05/1993,12/05/1993,Novo Hamburgo,São Luiz,480376.0,32768.0,home,15608566,07/03/2026,Gaúcho,0.85,71,6.7,0,0,1993,33,False,0.0
1199400,Allison,11.0,M,False,07/02/2002,07/02/2002,Novo Hamburgo,São Luiz,480376.0,32768.0,home,15608566,07/03/2026,Gaúcho,0.85,85,6.9,0,0,2002,24,False,0.0
931520,Luam,9.0,F,False,16/11/1995,16/11/1995,Novo Hamburgo,São Luiz,480376.0,32768.0,home,15608566,07/03/2026,Gaúcho,0.85,90,6.7,1,0,1995,31,False,0.0
867931,Muriel,22.0,D,True,18/02/1988,18/02/1988,Novo Hamburgo,São Luiz,480376.0,32768.0,home,15608566,07/03/2026,Gaúcho,0.85,55,6.5,0,0,1988,38,False,0.0
832670,Matheus  Batista,19.0,F,True,16/06/1995,16/06/1995,Novo Hamburgo,São Luiz,480376.0,32768.0,home,15608566,07/03/2026,Gaúcho,0.85,19,6.3,0,0,1995,31,False,0.0
258535,Henrique Ávila,20.0,D,True,23/12/1991,23/12/1991,Novo Hamburgo,São Luiz,480376.0,32768.0,home,15608566,07/03/2026,Gaúcho,0.85,15,7.0,0,0,1991,35,False,0.0
1176160,Joao Vitor Castro,21.0,M,True,28/05/2001,28/05/2001,Novo Hamburgo,São Luiz,480376.0,32768.0,home,15608566,07/03/2026,Gaúcho,0.85,16,6.5,0,0,2001,25,False,0.0
2035998,Marcos Vinicius,17.0,F,True,,,Novo Hamburgo,São Luiz,480376.0,32768.0,home,15608566,07/03/2026,Gaúcho,0.85,15,6.9,0,0,0,0,False,0.0
1166464,Gabriel Oliveira,1.0,G,False,23/03/1995,23/03/1995,São Luiz,Novo Hamburgo,32768.0,480376.0,away,15608566,07/03/2026,Gaúcho,0.85,90,6.8,0,0,1995,31,False,0.0
1529308,Lucas Hian,2.0,D,False,11/01/2001,11/01/2001,São Luiz,Novo Hamburgo,32768.0,480376.0,away,15608566,07/03/2026,Gaúcho,0.85,90,6.8,0,0,2001,25,False,0.0
844545,Heitor,3.0,D,False,09/11/1989,09/11/1989,São Luiz,Novo Hamburgo,32768.0,480376.0,away,15608566,07/03/2026,Gaúcho,0.85,90,6.7,0,0,1989,37,False,0.0
1021747,Gabriel Santiago,4.0,D,False,01/04/1997,01/04/1997,São Luiz,Novo Hamburgo,32768.0,480376.0,away,15608566,07/03/2026,Gaúcho,0.85,54,7.1,0,0,1997,29,False,0.0
874347,Higor,16.0,D,False,25/02/1995,25/02/1995,São Luiz,Novo Hamburgo,32768.0,480376.0,away,15608566,07/03/2026,Gaúcho,0.85,90,6.8,0,0,1995,31,False,0.0
901206,Lucas Hulk,5.0,M,False,07/01/1993,07/01/1993,São Luiz,Novo Hamburgo,32768.0,480376.0,away,15608566,07/03/2026,Gaúcho,0.85,90,6.7,0,0,1993,33,False,0.0
794926,Araújo,8.0,M,False,16/05/1995,16/05/1995,São Luiz,Novo Hamburgo,32768.0,480376.0,away,15608566,07/03/2026,Gaúcho,0.85,90,6.2,0,0,1995,31,False,0.0
1469901,Rogério Sena,11.0,M,False,30/04/2001,30/04/2001,São Luiz,Novo Hamburgo,32768.0,480376.0,away,15608566,07/03/2026,Gaúcho,0.85,64,6.3,0,0,2001,25,False,0.0
1176199,Válber Júnior,10.0,M,False,11/04/2003,11/04/2003,São Luiz,Novo Hamburgo,32768.0,480376.0,away,15608566,07/03/2026,Gaúcho,0.85,64,6.9,0,0,2003,23,True,0.0
2440905,Vidmar,25.0,M,False,25/03/2002,25/03/2002,São Luiz,Novo Hamburgo,32768.0,480376.0,away,15608566,07/03/2026,Gaúcho,0.85,77,6.1,0,0,2002,24,False,0.0
1588693,Felipe Rangel dos Santos,9.0,F,False,01/10/2002,01/10/2002,São Luiz,Novo Hamburgo,32768.0,480376.0,away,15608566,07/03/2026,Gaúcho,0.85,76,7.8,1,0,2002,24,False,0.0
915333,Eduardo Grasson,21.0,D,True,02/04/1994,02/04/1994,São Luiz,Novo Hamburgo,32768.0,480376.0,away,15608566,07/03/2026,Gaúcho,0.85,36,6.7,0,0,1994,32,False,0.0
926787,Guilherme  Escuro,7.0,M,True,06/05/1994,06/05/1994,São Luiz,Novo Hamburgo,32768.0,480376.0,away,15608566,07/03/2026,Gaúcho,0.85,26,6.7,0,1,1994,32,False,0.0
1215121,Victor Jesus,17.0,F,True,31/08/2002,31/08/2002,São Luiz,Novo Hamburgo,32768.0,480376.0,away,15608566,07/03/2026,Gaúcho,0.85,26,6.5,0,0,2002,24,False,0.0
1121091,Denis Germano,18.0,M,True,25/09/1998,25/09/1998,São Luiz,Novo Hamburgo,32768.0,480376.0,away,15608566,07/03/2026,Gaúcho,0.85,14,6.4,0,0,1998,28,False,0.0
925770,Thiago Santos,19.0,F,True,02/08/1990,02/08/1990,São Luiz,Novo Hamburgo,32768.0,480376.0,away,15608566,07/03/2026,Gaúcho,0.85,13,6.6,0,0,1990,36,False,0.0
581060,Sergio Rochet,1.0,G,False,23/03/1993,23/03/1993,Internacional,Grêmio,1966.0,5926.0,home,15607733,08/03/2026,Gaúcho,0.85,90,6.2,0,0,1993,33,False,0.0
995071,Bruno Gomes,15.0,D,False,04/04/2001,04/04/2001,Internacional,Grêmio,1966.0,5926.0,home,15607733,08/03/2026,Gaúcho,0.85,89,6.9,0,0,2001,25,False,0.0
128376,Gabriel Mercado,25.0,D,False,18/03/1987,18/03/1987,Internacional,Grêmio,1966.0,5926.0,home,15607733,08/03/2026,Gaúcho,0.85,90,6.7,0,0,1987,39,False,0.0
1106487,Victor Gabriel,41.0,D,False,28/04/2004,28/04/2004,Internacional,Grêmio,1966.0,5926.0,home,15607733,08/03/2026,Gaúcho,0.85,90,6.9,0,0,2004,22,True,0.0
1485191,Allex,31.0,D,False,04/05/2006,04/05/2006,Internacional,Grêmio,1966.0,5926.0,home,15607733,08/03/2026,Gaúcho,0.85,89,6.5,0,0,2006,20,True,0.0
879902,Paulinho Paula,27.0,M,False,08/01/1997,08/01/1997,Internacional,Grêmio,1966.0,5926.0,home,15607733,08/03/2026,Gaúcho,0.85,90,7.7,0,0,1997,29,False,0.0
824152,Ronaldo,16.0,M,False,23/10/1996,23/10/1996,Internacional,Grêmio,1966.0,5926.0,home,15607733,08/03/2026,Gaúcho,0.85,54,6.7,0,0,1996,30,False,0.0
982405,Vitinho,28.0,M,False,01/04/1999,01/04/1999,Internacional,Grêmio,1966.0,5926.0,home,15607733,08/03/2026,Gaúcho,0.85,54,7.0,0,0,1999,27,False,0.0
124997,Alan Patrick,10.0,M,False,13/05/1991,13/05/1991,Internacional,Grêmio,1966.0,5926.0,home,15607733,08/03/2026,Gaúcho,0.85,90,8.5,1,0,1991,35,False,0.0
925125,Johan Carbonero,7.0,M,False,20/07/1999,20/07/1999,Internacional,Grêmio,1966.0,5926.0,home,15607733,08/03/2026,Gaúcho,0.85,90,6.8,0,0,1999,27,False,0.0
560116,Rafael Borré,19.0,F,False,15/09/1995,15/09/1995,Internacional,Grêmio,1966.0,5926.0,home,15607733,08/03/2026,Gaúcho,0.85,90,6.1,0,0,1995,31,False,0.0
845433,Bruno Tabata,17.0,F,True,30/03/1997,30/03/1997,Internacional,Grêmio,1966.0,5926.0,home,15607733,08/03/2026,Gaúcho,0.85,36,6.9,0,0,1997,29,False,0.0
923948,Alerrandro,9.0,F,True,12/01/2000,12/01/2000,Internacional,Grêmio,1966.0,5926.0,home,15607733,08/03/2026,Gaúcho,0.85,36,6.6,0,0,2000,26,False,0.0
799947,Juninho,18.0,D,True,01/02/1995,01/02/1995,Internacional,Grêmio,1966.0,5926.0,home,15607733,08/03/2026,Gaúcho,0.85,12,6.8,0,0,1995,31,False,0.0
874576,Alan Rodríguez,14.0,M,True,25/01/2000,25/01/2000,Internacional,Grêmio,1966.0,5926.0,home,15607733,08/03/2026,Gaúcho,0.85,12,6.5,0,0,2000,26,False,0.0
243529,Weverton,1.0,G,False,13/12/1987,13/12/1987,Grêmio,Internacional,5926.0,1966.0,away,15607733,08/03/2026,Gaúcho,0.85,90,6.6,0,0,1987,39,False,0.0
358956,Cristian Pavón,7.0,D,False,21/01/1996,21/01/1996,Grêmio,Internacional,5926.0,1966.0,away,15607733,08/03/2026,Gaúcho,0.85,90,7.0,0,0,1996,30,False,0.0
1105796,Gustavo Martins,6.0,D,False,11/08/2002,11/08/2002,Grêmio,Internacional,5926.0,1966.0,away,15607733,08/03/2026,Gaúcho,0.85,90,8.0,1,0,2002,24,False,0.0
1907760,Viery,44.0,D,False,01/01/2005,01/01/2005,Grêmio,Internacional,5926.0,1966.0,away,15607733,08/03/2026,Gaúcho,0.85,45,7.0,0,0,2005,21,True,0.0
870787,Marlon,23.0,D,False,20/05/1997,20/05/1997,Grêmio,Internacional,5926.0,1966.0,away,15607733,08/03/2026,Gaúcho,0.85,90,6.0,0,0,1997,29,False,0.0
1020375,Erick Noriega,19.0,M,False,22/10/2001,22/10/2001,Grêmio,Internacional,5926.0,1966.0,away,15607733,08/03/2026,Gaúcho,0.85,90,7.1,0,1,2001,25,False,0.0
794927,Arthur,8.0,M,False,12/08/1996,12/08/1996,Grêmio,Internacional,5926.0,1966.0,away,15607733,08/03/2026,Gaúcho,0.85,89,7.1,0,0,1996,30,False,0.0
974558,José Enamorado,99.0,M,False,13/01/1999,13/01/1999,Grêmio,Internacional,5926.0,1966.0,away,15607733,08/03/2026,Gaúcho,0.85,81,6.6,0,0,1999,27,False,0.0
1066620,Miguel Monsalve,11.0,M,False,27/02/2004,27/02/2004,Grêmio,Internacional,5926.0,1966.0,away,15607733,08/03/2026,Gaúcho,0.85,56,6.8,0,0,2004,22,True,0.0
901889,Francis Amuzu,9.0,M,False,23/08/1999,23/08/1999,Grêmio,Internacional,5926.0,1966.0,away,15607733,08/03/2026,Gaúcho,0.85,45,6.5,0,0,1999,27,False,0.0
891920,Carlos Vinícius,95.0,F,False,25/03/1995,25/03/1995,Grêmio,Internacional,5926.0,1966.0,away,15607733,08/03/2026,Gaúcho,0.85,90,6.2,0,0,1995,31,False,0.0
976235,Wagner Leonardo,3.0,D,True,23/07/1999,23/07/1999,Grêmio,Internacional,5926.0,1966.0,away,15607733,08/03/2026,Gaúcho,0.85,33,5.7,0,0,1999,27,False,0.0
980327,Tetê,21.0,F,True,15/02/2000,15/02/2000,Grêmio,Internacional,5926.0,1966.0,away,15607733,08/03/2026,Gaúcho,0.85,45,6.6,0,0,2000,26,False,0.0
31417,Willian,10.0,M,True,09/08/1988,09/08/1988,Grêmio,Internacional,5926.0,1966.0,away,15607733,08/03/2026,Gaúcho,0.85,34,6.6,0,0,1988,38,False,0.0
249647,Walter Kannemann,4.0,D,True,14/03/1991,14/03/1991,Grêmio,Internacional,5926.0,1966.0,away,15607733,08/03/2026,Gaúcho,0.85,9,6.5,0,0,1991,35,False,0.0
870804,Dodi,17.0,M,True,17/04/1996,17/04/1996,Grêmio,Internacional,5926.0,1966.0,away,15607733,08/03/2026,Gaúcho,0.85,1,0.0,0,0,1996,30,False,0.0
879859,Mauricio Kozlinski,30.0,G,False,18/06/1991,18/06/1991,Londrina,Operário-PR,2022.0,39634.0,home,15600632,07/03/2026,Paranaense,0.9,90,7.2,0,0,1991,35,False,0.0
1177384,André Dhominique,13.0,D,False,07/10/2003,07/10/2003,Londrina,Operário-PR,2022.0,39634.0,home,15600632,07/03/2026,Paranaense,0.9,90,6.9,0,0,2003,23,True,0.0
1592238,Yago Lincoln,3.0,D,False,30/01/2003,30/01/2003,Londrina,Operário-PR,2022.0,39634.0,home,15600632,07/03/2026,Paranaense,0.9,90,7.5,0,0,2003,23,True,0.0
77244,Wallace Reis,4.0,D,False,26/12/1987,26/12/1987,Londrina,Operário-PR,2022.0,39634.0,home,15600632,07/03/2026,Paranaense,0.9,90,7.6,0,0,1987,39,False,0.0
931758,Kevyn,33.0,D,False,28/12/1997,28/12/1997,Londrina,Operário-PR,2022.0,39634.0,home,15600632,07/03/2026,Paranaense,0.9,90,6.8,0,0,1997,29,False,0.0
796100,Lucas Marques,8.0,M,False,24/05/1995,24/05/1995,Londrina,Operário-PR,2022.0,39634.0,home,15600632,07/03/2026,Paranaense,0.9,64,7.1,0,0,1995,31,False,0.0
1016673,André Luiz,5.0,M,False,22/08/1995,22/08/1995,Londrina,Operário-PR,2022.0,39634.0,home,15600632,07/03/2026,Paranaense,0.9,90,7.2,0,0,1995,31,False,0.0
2125637,Vitinho,7.0,M,False,27/07/2003,27/07/2003,Londrina,Operário-PR,2022.0,39634.0,home,15600632,07/03/2026,Paranaense,0.9,64,7.3,0,0,2003,23,True,0.0
1130151,Iago Teles,11.0,M,False,30/06/2000,30/06/2000,Londrina,Operário-PR,2022.0,39634.0,home,15600632,07/03/2026,Paranaense,0.9,90,6.4,0,0,2000,26,False,0.0
341145,Paulinho Moccelin,18.0,M,False,16/03/1994,16/03/1994,Londrina,Operário-PR,2022.0,39634.0,home,15600632,07/03/2026,Paranaense,0.9,85,7.4,0,0,1994,32,False,0.0
1105781,Bruno Santos,9.0,F,False,18/11/1996,18/11/1996,Londrina,Operário-PR,2022.0,39634.0,home,15600632,07/03/2026,Paranaense,0.9,90,6.6,0,0,1996,30,False,0.0
1819690,Fabiano,20.0,M,True,11/06/2005,11/06/2005,Londrina,Operário-PR,2022.0,39634.0,home,15600632,07/03/2026,Paranaense,0.9,40,6.4,0,0,2005,21,True,0.0
158561,Gilberto,70.0,M,True,05/06/1989,05/06/1989,Londrina,Operário-PR,2022.0,39634.0,home,15600632,07/03/2026,Paranaense,0.9,40,6.8,0,0,1989,37,False,0.0
1019652,Vítor Jacaré,29.0,M,True,24/10/1999,24/10/1999,Londrina,Operário-PR,2022.0,39634.0,home,15600632,07/03/2026,Paranaense,0.9,19,6.6,0,0,1999,27,False,0.0
1485595,Willian Chumbinho,53.0,D,True,22/09/2003,22/09/2003,Londrina,Operário-PR,2022.0,39634.0,home,15600632,07/03/2026,Paranaense,0.9,10,6.2,0,0,2003,23,True,0.0
2030576,Juninho,77.0,F,True,17/12/2005,17/12/2005,Londrina,Operário-PR,2022.0,39634.0,home,15600632,07/03/2026,Paranaense,0.9,12,6.4,0,0,2005,21,True,0.0
110843,Vágner,33.0,G,False,06/06/1986,06/06/1986,Operário-PR,Londrina,39634.0,2022.0,away,15600632,07/03/2026,Paranaense,0.9,90,7.3,0,0,1986,40,False,0.0
1067652,Mikael Doka,2.0,D,False,24/01/2000,24/01/2000,Operário-PR,Londrina,39634.0,2022.0,away,15600632,07/03/2026,Paranaense,0.9,86,6.7,0,0,2000,26,False,0.0
1098309,José Cuenú,22.0,D,False,17/02/1995,17/02/1995,Operário-PR,Londrina,39634.0,2022.0,away,15600632,07/03/2026,Paranaense,0.9,90,6.9,0,0,1995,31,False,0.0
926868,Miranda,16.0,D,False,19/01/2000,19/01/2000,Operário-PR,Londrina,39634.0,2022.0,away,15600632,07/03/2026,Paranaense,0.9,90,7.2,0,0,2000,26,False,0.0
877139,Moraes Júnior,6.0,D,False,06/09/1997,06/09/1997,Operário-PR,Londrina,39634.0,2022.0,away,15600632,07/03/2026,Paranaense,0.9,72,6.9,0,0,1997,29,False,0.0
1148464,Vinícius Diniz,20.0,M,False,25/07/1999,25/07/1999,Operário-PR,Londrina,39634.0,2022.0,away,15600632,07/03/2026,Paranaense,0.9,90,6.7,0,0,1999,27,False,0.0
981621,Índio,5.0,M,False,30/10/1992,30/10/1992,Operário-PR,Londrina,39634.0,2022.0,away,15600632,07/03/2026,Paranaense,0.9,86,6.9,0,0,1992,34,False,0.0
352880,Hildeberto Pereira,14.0,M,False,02/03/1996,02/03/1996,Operário-PR,Londrina,39634.0,2022.0,away,15600632,07/03/2026,Paranaense,0.9,68,6.8,0,0,1996,30,False,0.0
358540,Gabriel Boschilia,10.0,M,False,05/03/1996,05/03/1996,Operário-PR,Londrina,39634.0,2022.0,away,15600632,07/03/2026,Paranaense,0.9,90,6.5,0,0,1996,30,False,0.0
364528,Aylon,11.0,M,False,07/04/1992,07/04/1992,Operário-PR,Londrina,39634.0,2022.0,away,15600632,07/03/2026,Paranaense,0.9,72,6.5,0,0,1992,34,False,0.0
1069410,Léo Gaúcho,99.0,F,False,03/08/2001,03/08/2001,Operário-PR,Londrina,39634.0,2022.0,away,15600632,07/03/2026,Paranaense,0.9,90,6.7,0,0,2001,25,False,0.0
855966,Edwin Torres,29.0,M,True,09/11/1997,09/11/1997,Operário-PR,Londrina,39634.0,2022.0,away,15600632,07/03/2026,Paranaense,0.9,36,6.5,0,0,1997,29,False,0.0
1463925,Gabriel Feliciano,27.0,D,True,26/07/2001,26/07/2001,Operário-PR,Londrina,39634.0,2022.0,away,15600632,07/03/2026,Paranaense,0.9,32,6.7,0,0,2001,25,False,0.0
852556,Matheus Trindade,39.0,M,True,05/03/1996,05/03/1996,Operário-PR,Londrina,39634.0,2022.0,away,15600632,07/03/2026,Paranaense,0.9,32,6.5,0,0,1996,30,False,0.0
355836,Juan Zuluaga,8.0,D,True,15/06/1993,15/06/1993,Operário-PR,Londrina,39634.0,2022.0,away,15600632,07/03/2026,Paranaense,0.9,18,6.6,0,0,1993,33,False,0.0
1148584,Neto Paraíba,88.0,M,True,02/07/1992,02/07/1992,Operário-PR,Londrina,39634.0,2022.0,away,15600632,07/03/2026,Paranaense,0.9,18,6.8,0,0,1992,34,False,0.0
409949,A. Martin,17.0,Mid,,03/02/2004,03/02/2004,Arg. Quilmes,Argentino Merlo,,,home,2026247706,09/03/2026,Primera B Metro,0.9,44,0.0,0,0,2004,22,True,0.0
7855242,Axel Poza,6.0,Defender,,20/04/2003,20/04/2003,Arg. Quilmes,Argentino Merlo,,,home,2026247706,09/03/2026,Primera B Metro,0.9,90,0.0,0,0,2003,23,True,0.0
8106958,D. Oyarzún,9.0,Forward,,03/02/2003,03/02/2003,Arg. Quilmes,Argentino Merlo,,,home,2026247706,09/03/2026,Primera B Metro,0.9,90,0.0,0,0,2003,23,True,0.0
8385775,L. Escudero,15.0,Def,,28/01/2006,28/01/2006,Arg. Quilmes,Argentino Merlo,,,home,2026247706,09/03/2026,Primera B Metro,0.9,15,0.0,0,0,2006,20,True,0.0
2911533,Lautaro Filosa,7.0,Midfielder,,13/11/2003,13/11/2003,Arg. Quilmes,Argentino Merlo,,,home,2026247706,09/03/2026,Primera B Metro,0.9,79,0.0,0,0,2003,23,True,0.0
928470,S. Alfonso,16.0,Mid,,11/05/2003,11/05/2003,Arg. Quilmes,Argentino Merlo,,,home,2026247706,09/03/2026,Primera B Metro,0.9,11,0.0,0,0,2003,23,True,0.0
599825,V. Di Marco,18.0,Att,,24/08/2004,24/08/2004,Arg. Quilmes,Argentino Merlo,,,home,2026247706,09/03/2026,Primera B Metro,0.9,4,0.0,0,0,2004,22,True,0.0
9048199,M. Gomez,16.0,Mid,,19/04/2005,19/04/2005,Argentino Merlo,Arg. Quilmes,,,home,2026247706,09/03/2026,Primera B Metro,0.9,35,0.0,0,0,2005,21,True,0.0
9889184,T. Candelaresi,8.0,Defender,,03/01/2006,03/01/2006,Argentino Merlo,Arg. Quilmes,,,home,2026247706,09/03/2026,Primera B Metro,0.9,55,0.0,0,0,2006,20,True,0.0
7097406,B. Goncebat,3.0,Defender,,26/08/2006,26/08/2006,Arsenal de Sarandí,Def. Unidos,,,home,2026247708,09/03/2026,Primera B Metro,0.9,75,0.0,0,0,2006,20,True,0.0
503933,M. Lucero,8.0,Midfielder,,23/04/2004,23/04/2004,Arsenal de Sarandí,Def. Unidos,,,home,2026247708,09/03/2026,Primera B Metro,0.9,90,0.0,0,0,2004,22,True,1.64
3469952,M. Trombini,17.0,Mid,,25/04/2003,25/04/2003,Arsenal de Sarandí,Def. Unidos,,,home,2026247708,09/03/2026,Primera B Metro,0.9,25,0.0,0,0,2003,23,True,1.39
6222348,T. Colletta,5.0,Midfielder,,29/04/2003,29/04/2003,Arsenal de Sarandí,Def. Unidos,,,home,2026247708,09/03/2026,Primera B Metro,0.9,90,0.0,0,0,2003,23,True,0.0
332623,Thiago Schiavulli,4.0,Defender,,19/09/2003,19/09/2003,Arsenal de Sarandí,Def. Unidos,,,home,2026247708,09/03/2026,Primera B Metro,0.9,82,0.0,0,0,2003,23,True,0.0
7508660,U. La Roza,18.0,Att,,27/02/2005,27/02/2005,Arsenal de Sarandí,Def. Unidos,,,home,2026247708,09/03/2026,Primera B Metro,0.9,15,0.0,0,0,2005,21,True,0.0
2017692,A. Ortíz,14.0,Def,,14/03/2005,14/03/2005,Brown Adrogué,Ituzaingó,,,home,2026247714,09/03/2026,Primera B Metro,0.9,22,0.0,0,0,2005,21,True,0.0
5441144,B. Guayquinao,10.0,Midfielder,,24/04/2004,24/04/2004,Brown Adrogué,Ituzaingó,,,home,2026247714,09/03/2026,Primera B Metro,0.9,68,0.0,0,0,2004,22,True,0.0
6109627,Nicolás Meaurio,9.0,Forward,,29/04/2003,29/04/2003,Brown Adrogué,Ituzaingó,,,home,2026247714,09/03/2026,Primera B Metro,0.9,90,0.0,0,0,2003,23,True,1.51
3547636,T. Rolón,8.0,Midfielder,,07/03/2005,07/03/2005,Comunicaciones,Excursionistas,,,home,2026247707,09/03/2026,Primera B Metro,0.9,90,0.0,0,0,2005,21,True,0.0
3832051,B. Carboni,18.0,Att,,07/11/2006,07/11/2006,Def. Unidos,Arsenal de Sarandí,,,home,2026247708,09/03/2026,Primera B Metro,0.9,12,0.0,0,0,2006,20,True,0.0
2531383,Baigorria,2.0,Defender,,29/04/2003,29/04/2003,Def. Unidos,Arsenal de Sarandí,,,home,2026247708,09/03/2026,Primera B Metro,0.9,90,0.0,0,0,2003,23,True,0.0
6426759,J. Tello,11.0,Defender,,20/12/2004,20/12/2004,Def. Unidos,Arsenal de Sarandí,,,home,2026247708,09/03/2026,Primera B Metro,0.9,78,0.0,0,0,2004,22,True,0.0
7127068,T. Ferreyra,4.0,Midfielder,,13/12/2003,13/12/2003,Def. Unidos,Arsenal de Sarandí,,,home,2026247708,09/03/2026,Primera B Metro,0.9,90,0.0,0,0,2003,23,True,0.0
14586,T. Girard,15.0,,,29/07/2005,29/07/2005,Def. Unidos,Arsenal de Sarandí,,,home,2026247708,09/03/2026,Primera B Metro,0.9,2,0.0,0,0,2005,21,True,0.0
1973099,B. Ortíz,2.0,Midfielder,,05/08/2003,05/08/2003,Dep. Armenio,Deportivo Laferrere,,,home,2026247709,09/03/2026,Primera B Metro,0.9,90,0.0,0,0,2003,23,True,0.0
2292655,L. Palma,11.0,Forward,,05/05/2003,05/05/2003,Dep. Armenio,Deportivo Laferrere,,,home,2026247709,09/03/2026,Primera B Metro,0.9,81,0.0,0,0,2003,23,True,0.0
714478,Mauro Dávila,20.0,Att,,10/07/2003,10/07/2003,Dep. Armenio,Deportivo Laferrere,,,home,2026247709,09/03/2026,Primera B Metro,0.9,9,0.0,0,0,2003,23,True,0.0
899696,N. Mosca,3.0,Defender,,27/06/2003,27/06/2003,Dep. Armenio,Deportivo Laferrere,,,home,2026247709,09/03/2026,Primera B Metro,0.9,90,0.0,0,0,2003,23,True,0.0
208148,N. Nistal,1.0,Goalkeeper,,30/08/2003,30/08/2003,Dep. Armenio,Deportivo Laferrere,,,home,2026247709,09/03/2026,Primera B Metro,0.9,90,0.0,0,0,2003,23,True,0.0
848044,V. Chocobar,10.0,Midfielder,,27/10/2004,27/10/2004,Dep. Armenio,Deportivo Laferrere,,,home,2026247709,09/03/2026,Primera B Metro,0.9,90,0.0,0,0,2004,22,True,0.0
502052,L. Brizuela,10.0,Defender,,22/02/2003,22/02/2003,Deportivo Camioneros,Real Pilar,,,home,2026247710,09/03/2026,Primera B Metro,0.9,90,0.0,0,0,2003,23,True,0.0
6670509,L. Silva,11.0,Midfielder,,27/01/2005,27/01/2005,Deportivo Camioneros,Real Pilar,,,home,2026247710,09/03/2026,Primera B Metro,0.9,46,0.0,0,0,2005,21,True,0.0
9883499,B. Portillo,18.0,Def,,15/08/2004,15/08/2004,Deportivo Laferrere,Dep. Armenio,,,home,2026247709,09/03/2026,Primera B Metro,0.9,44,0.0,0,0,2004,22,True,0.0
9228836,D. Bramajo,10.0,Forward,,12/08/2005,12/08/2005,Deportivo Laferrere,Dep. Armenio,,,home,2026247709,09/03/2026,Primera B Metro,0.9,46,0.0,0,0,2005,21,True,0.0
8047959,J. Redondo,3.0,Defender,,02/02/2004,02/02/2004,Deportivo Laferrere,Dep. Armenio,,,home,2026247709,09/03/2026,Primera B Metro,0.9,90,0.0,0,0,2004,22,True,0.0
2886734,R. Biondi,16.0,Def,,10/06/2005,10/06/2005,Deportivo Laferrere,Dep. Armenio,,,home,2026247709,09/03/2026,Primera B Metro,0.9,20,0.0,0,0,2005,21,True,0.0
4580687,A. Páez,18.0,Att,,19/08/2003,19/08/2003,Deportivo Merlo,UAI Urquiza,,,home,2026247711,09/03/2026,Primera B Metro,0.9,30,0.0,0,0,2003,23,True,0.0
1766004,D. Maguicha,11.0,Forward,,17/11/2003,17/11/2003,Deportivo Merlo,UAI Urquiza,,,home,2026247711,09/03/2026,Primera B Metro,0.9,77,0.0,0,0,2003,23,True,0.0
3663030,L. Barrientos,2.0,Defender,,17/12/2005,17/12/2005,Deportivo Merlo,UAI Urquiza,,,home,2026247711,09/03/2026,Primera B Metro,0.9,90,0.0,0,0,2005,21,True,0.0
2031611,Leandro Figueredo,15.0,Def,,12/07/2003,12/07/2003,Deportivo Merlo,UAI Urquiza,,,home,2026247711,09/03/2026,Primera B Metro,0.9,5,0.0,0,0,2003,23,True,0.0
8854964,A. Arias,11.0,Forward,,05/03/2004,05/03/2004,Dock Sud,Villa Dálmine,,,home,2026247712,09/03/2026,Primera B Metro,0.9,46,0.0,0,0,2004,22,True,0.0
7531723,Bruno Villalba,8.0,Midfielder,,20/01/2003,20/01/2003,Dock Sud,Villa Dálmine,,,home,2026247712,09/03/2026,Primera B Metro,0.9,73,0.0,0,0,2003,23,True,0.0
5234576,R. Pérez,17.0,Mid,,04/09/2004,04/09/2004,Dock Sud,Villa Dálmine,,,home,2026247712,09/03/2026,Primera B Metro,0.9,44,0.0,0,0,2004,22,True,0.0
1182799,T. Villordo,20.0,Att,,30/08/2007,30/08/2007,Dock Sud,Villa Dálmine,,,home,2026247712,09/03/2026,Primera B Metro,0.9,27,0.0,0,0,2007,19,True,0.0
9072133,M. Blanco,10.0,Forward,,04/05/2003,04/05/2003,Excursionistas,Comunicaciones,,,home,2026247707,09/03/2026,Primera B Metro,0.9,90,0.0,0,0,2003,23,True,0.0
1042143,A. Nalerio,15.0,Mid,,27/02/2003,27/02/2003,Flandria,Talleres R. Escalada,,,home,2026247713,09/03/2026,Primera B Metro,0.9,25,0.0,0,0,2003,23,True,0.0
3593001,B. González,8.0,Midfielder,,28/02/2004,28/02/2004,Flandria,Talleres R. Escalada,,,home,2026247713,09/03/2026,Primera B Metro,0.9,90,0.0,0,0,2004,22,True,0.0
6999961,F. Brestt,17.0,Mid,,06/04/2004,06/04/2004,Flandria,Talleres R. Escalada,,,home,2026247713,09/03/2026,Primera B Metro,0.9,13,0.0,0,0,2004,22,True,0.0
3490110,E. Giménez,19.0,Att,,22/03/2004,22/03/2004,Ituzaingó,Brown Adrogué,,,home,2026247714,09/03/2026,Primera B Metro,0.9,35,0.0,0,0,2004,22,True,0.0
5456273,F. Luppino,9.0,Midfielder,,10/06/2003,10/06/2003,Ituzaingó,Brown Adrogué,,,home,2026247714,09/03/2026,Primera B Metro,0.9,55,0.0,0,0,2003,23,True,0.0
5446854,M. Campusano,8.0,Midfielder,,01/07/2003,01/07/2003,Ituzaingó,Brown Adrogué,,,home,2026247714,09/03/2026,Primera B Metro,0.9,90,0.0,0,0,2003,23,True,0.0
1948699,B. Gauna,20.0,Mid,,21/10/2003,21/10/2003,Liniers,Sportivo Italiano,,,home,2026247716,09/03/2026,Primera B Metro,0.9,30,0.0,0,0,2003,23,True,0.0
6839781,G. Fernández,15.0,Att,,15/04/2003,15/04/2003,Liniers,Sportivo Italiano,,,home,2026247716,09/03/2026,Primera B Metro,0.9,30,0.0,0,0,2003,23,True,0.0
6694797,Valentíno Venetucci,7.0,Midfielder,,27/02/2003,27/02/2003,Liniers,Sportivo Italiano,,,home,2026247716,09/03/2026,Primera B Metro,0.9,71,0.0,0,0,2003,23,True,1.32
3746182,Enzo Franco,3.0,Defender,,27/01/2004,27/01/2004,Real Pilar,Deportivo Camioneros,,,home,2026247710,09/03/2026,Primera B Metro,0.9,90,0.0,0,0,2004,22,True,1.39
6559903,Geronimo Tahiel Govi,2.0,Defender,,07/04/2003,07/04/2003,Real Pilar,Deportivo Camioneros,,,home,2026247710,09/03/2026,Primera B Metro,0.9,90,0.0,0,0,2003,23,True,1.4
295845,V. Mancini,8.0,Forward,,02/06/2003,02/06/2003,Real Pilar,Deportivo Camioneros,,,home,2026247710,09/03/2026,Primera B Metro,0.9,81,0.0,0,0,2003,23,True,0.0
5639121,A. Torres,18.0,Mid,,01/01/2003,01/01/2003,San Martín Burzaco,Villa San Carlos,,,home,2026247715,09/03/2026,Primera B Metro,0.9,7,0.0,0,0,2003,23,True,0.0
9451837,I. Serpa,11.0,Forward,,01/01/2005,01/01/2005,San Martín Burzaco,Villa San Carlos,,,home,2026247715,09/03/2026,Primera B Metro,0.9,90,0.0,0,0,2005,21,True,0.0
1498249,B. Cenci,5.0,Midfielder,,18/09/2003,18/09/2003,Sportivo Italiano,Liniers,,,home,2026247716,09/03/2026,Primera B Metro,0.9,90,0.0,0,0,2003,23,True,0.0
3710033,F. Centurion,8.0,Midfielder,,18/03/2003,18/03/2003,Sportivo Italiano,Liniers,,,home,2026247716,09/03/2026,Primera B Metro,0.9,66,0.0,0,0,2003,23,True,0.0
3241108,T. Hirigoyen,19.0,Att,,24/02/2006,24/02/2006,Sportivo Italiano,Liniers,,,home,2026247716,09/03/2026,Primera B Metro,0.9,24,0.0,0,0,2006,20,True,0.0
3237243,J. Arango,8.0,Forward,,29/05/2005,29/05/2005,Talleres R. Escalada,Flandria,,,home,2026247713,09/03/2026,Primera B Metro,0.9,61,0.0,0,0,2005,21,True,0.0
936078,M. Cantero,15.0,Mid,,01/07/2004,01/07/2004,Talleres R. Escalada,Flandria,,,home,2026247713,09/03/2026,Primera B Metro,0.9,29,0.0,0,0,2004,22,True,0.0
2186530,M. Del Pino,2.0,Defender,,09/01/2004,09/01/2004,Talleres R. Escalada,Flandria,,,home,2026247713,09/03/2026,Primera B Metro,0.9,90,0.0,0,0,2004,22,True,0.0
2323325,M. Muñoz,18.0,Att,,10/09/2003,10/09/2003,Talleres R. Escalada,Flandria,,,home,2026247713,09/03/2026,Primera B Metro,0.9,13,0.0,0,0,2003,23,True,0.0
3961696,A. Caceres,3.0,Defender,,11/08/2007,11/08/2007,UAI Urquiza,Deportivo Merlo,,,home,2026247711,09/03/2026,Primera B Metro,0.9,90,0.0,0,0,2007,19,True,0.0
6264082,M. Polizzotto,11.0,Midfielder,,07/08/2003,07/08/2003,UAI Urquiza,Deportivo Merlo,,,home,2026247711,09/03/2026,Primera B Metro,0.9,66,0.0,0,0,2003,23,True,0.0
9987408,T. Rocha,16.0,Def,,09/02/2003,09/02/2003,UAI Urquiza,Deportivo Merlo,,,home,2026247711,09/03/2026,Primera B Metro,0.9,7,0.0,0,0,2003,23,True,0.0
1374660,V. Albano,4.0,Defender,,03/02/2003,03/02/2003,UAI Urquiza,Deportivo Merlo,,,home,2026247711,09/03/2026,Primera B Metro,0.9,10,0.0,0,0,2003,23,True,0.0
7601957,Á. Marín,20.0,Mid,,26/02/2003,26/02/2003,UAI Urquiza,Deportivo Merlo,,,home,2026247711,09/03/2026,Primera B Metro,0.9,7,0.0,0,0,2003,23,True,0.0
8471825,Diego Tomas,3.0,,,20/03/2005,20/03/2005,Villa Dálmine,Dock Sud,,,home,2026247712,09/03/2026,Primera B Metro,0.9,90,0.0,0,0,2005,21,True,0.0
2812682,Edwin Schultz,20.0,Att,,09/11/2003,09/11/2003,Villa Dálmine,Dock Sud,,,home,2026247712,09/03/2026,Primera B Metro,0.9,2,0.0,0,0,2003,23,True,0.0
2813782,M. Solís,5.0,Midfielder,,14/04/2005,14/04/2005,Villa Dálmine,Dock Sud,,,home,2026247712,09/03/2026,Primera B Metro,0.9,90,0.0,0,0,2005,21,True,1.36
7165392,T. Ponzo,11.0,Midfielder,,29/07/2004,29/07/2004,Villa Dálmine,Dock Sud,,,home,2026247712,09/03/2026,Primera B Metro,0.9,88,0.0,0,0,2004,22,True,0.0
8073478,V. Carlucci,16.0,Mid,,17/09/2003,17/09/2003,Villa Dálmine,Dock Sud,,,home,2026247712,09/03/2026,Primera B Metro,0.9,33,0.0,0,0,2003,23,True,0.0
7961057,A. Pontón,5.0,Midfielder,,15/04/2003,15/04/2003,Villa San Carlos,San Martín Burzaco,,,home,2026247715,09/03/2026,Primera B Metro,0.9,62,0.0,0,0,2003,23,True,0.0
3660589,F. Farías,11.0,Defender,,25/08/2004,25/08/2004,Villa San Carlos,San Martín Burzaco,,,home,2026247715,09/03/2026,Primera B Metro,0.9,62,0.0,0,0,2004,22,True,0.0
6638204,Franco Ojeda,6.0,Defender,,14/04/2003,14/04/2003,Villa San Carlos,San Martín Burzaco,,,home,2026247715,09/03/2026,Primera B Metro,0.9,90,0.0,0,0,2003,23,True,1.39
4470214,K. Pavía,17.0,Att,,06/03/2003,06/03/2003,Villa San Carlos,San Martín Burzaco,,,home,2026247715,09/03/2026,Primera B Metro,0.9,28,0.0,0,0,2003,23,True,0.0
8122750,M. Garraza,13.0,Def,,25/03/2004,25/03/2004,Villa San Carlos,San Martín Burzaco,,,home,2026247715,09/03/2026,Primera B Metro,0.9,17,0.0,0,0,2004,22,True,0.0
