player_id,player_name,shirt_number,position,substitute,date_of_birth,team,opponent,team_id,opponent_id,home_away,match_id,match_date,liga,peso_liga,minutes_played,rating,goals,assists,birth_year,age,is_u23
973738,Carlos Miguel,1,G,False,907891200,Palmeiras,Grêmio Novorizontino,1963,135514,home,15645747,05/03/2026,Paulista A1,0.9,90,7.7,0,0,1998,28,False
984896,Khellven,12,D,False,983059200,Palmeiras,Grêmio Novorizontino,1963,135514,home,15645747,05/03/2026,Paulista A1,0.9,90,6.6,0,0,2001,25,False
220833,Gustavo Gómez,15,D,False,736646400,Palmeiras,Grêmio Novorizontino,1963,135514,home,15645747,05/03/2026,Paulista A1,0.9,90,7.1,0,0,1993,33,False
874729,Murilo,26,D,False,859420800,Palmeiras,Grêmio Novorizontino,1963,135514,home,15645747,05/03/2026,Paulista A1,0.9,90,7.3,0,0,1997,29,False
881110,Joaquín Piquerez,22,D,False,903916800,Palmeiras,Grêmio Novorizontino,1963,135514,home,15645747,05/03/2026,Paulista A1,0.9,90,7.1,0,0,1998,28,False
285949,Andreas Pereira,8,M,False,820454400,Palmeiras,Grêmio Novorizontino,1963,135514,home,15645747,05/03/2026,Paulista A1,0.9,60,7.6,0,0,1996,30,False
840202,Marlon Freitas,17,M,False,796262400,Palmeiras,Grêmio Novorizontino,1963,135514,home,15645747,05/03/2026,Paulista A1,0.9,90,7.0,0,0,1995,31,False
1835889,Allan,40,M,False,1082332800,Palmeiras,Grêmio Novorizontino,1963,135514,home,15645747,05/03/2026,Paulista A1,0.9,60,6.7,0,0,2004,22,True
986233,Mauricio,18,M,False,993168000,Palmeiras,Grêmio Novorizontino,1963,135514,home,15645747,05/03/2026,Paulista A1,0.9,70,6.9,0,0,2001,25,False
1015733,Ramón Sosa,19,M,False,936057600,Palmeiras,Grêmio Novorizontino,1963,135514,home,15645747,05/03/2026,Paulista A1,0.9,70,6.7,0,1,1999,27,False
1094179,José López,42,F,False,976060800,Palmeiras,Grêmio Novorizontino,1963,135514,home,15645747,05/03/2026,Paulista A1,0.9,90,7.9,1,0,2000,26,False
331397,Lucas Evangelista,30,M,True,799718400,Palmeiras,Grêmio Novorizontino,1963,135514,home,15645747,05/03/2026,Paulista A1,0.9,30,6.4,0,0,1995,31,False
844096,Jhon Arias,11,M,True,874800000,Palmeiras,Grêmio Novorizontino,1963,135514,home,15645747,05/03/2026,Paulista A1,0.9,30,7.2,0,0,1997,29,False
152276,Felipe Anderson,7,M,True,734832000,Palmeiras,Grêmio Novorizontino,1963,135514,home,15645747,05/03/2026,Paulista A1,0.9,20,6.9,0,0,1993,33,False
1150391,Vitor Roque,9,F,True,1109548800,Palmeiras,Grêmio Novorizontino,1963,135514,home,15645747,05/03/2026,Paulista A1,0.9,20,6.3,0,0,2005,21,True
794840,Jordi,93,G,False,747014400,Grêmio Novorizontino,Palmeiras,135514,1963,away,15645747,05/03/2026,Paulista A1,0.9,90,6.7,0,0,1993,33,False
1066548,Alexis Alvarino,22,D,False,980985600,Grêmio Novorizontino,Palmeiras,135514,1963,away,15645747,05/03/2026,Paulista A1,0.9,59,6.0,0,0,2001,25,False
1476558,Dantas,25,D,False,1090713600,Grêmio Novorizontino,Palmeiras,135514,1963,away,15645747,05/03/2026,Paulista A1,0.9,90,6.8,0,0,2004,22,True
1148340,Patrick,4,D,False,923616000,Grêmio Novorizontino,Palmeiras,135514,1963,away,15645747,05/03/2026,Paulista A1,0.9,90,6.3,0,0,1999,27,False
944459,Mayk Silva,77,D,False,936057600,Grêmio Novorizontino,Palmeiras,135514,1963,away,15645747,05/03/2026,Paulista A1,0.9,90,6.3,0,0,1999,27,False
922570,Luís Oyama,6,M,False,854582400,Grêmio Novorizontino,Palmeiras,135514,1963,away,15645747,05/03/2026,Paulista A1,0.9,90,6.8,0,0,1997,29,False
1101061,Leo Naldi,18,M,False,998092800,Grêmio Novorizontino,Palmeiras,135514,1963,away,15645747,05/03/2026,Paulista A1,0.9,90,6.0,0,0,2001,25,False
981746,Matheus Bianqui,17,M,False,886204800,Grêmio Novorizontino,Palmeiras,135514,1963,away,15645747,05/03/2026,Paulista A1,0.9,89,6.8,0,0,1998,28,False
1016874,Juninho,50,M,False,980208000,Grêmio Novorizontino,Palmeiras,135514,1963,away,15645747,05/03/2026,Paulista A1,0.9,59,6.2,0,0,2001,25,False
990160,Vinicius Paiva,16,M,False,983404800,Grêmio Novorizontino,Palmeiras,135514,1963,away,15645747,05/03/2026,Paulista A1,0.9,71,7.5,0,0,2001,25,False
850987,Robson,11,F,False,675561600,Grêmio Novorizontino,Palmeiras,135514,1963,away,15645747,05/03/2026,Paulista A1,0.9,90,5.9,0,0,1991,35,False
2440201,Alemão,21,D,True,1188691200,Grêmio Novorizontino,Palmeiras,135514,1963,away,15645747,05/03/2026,Paulista A1,0.9,31,7.0,0,0,2007,19,True
293235,Christian Ortíz,8,F,True,714355200,Grêmio Novorizontino,Palmeiras,135514,1963,away,15645747,05/03/2026,Paulista A1,0.9,31,6.6,0,0,1992,34,False
1836636,Tavinho,15,F,True,1090195200,Grêmio Novorizontino,Palmeiras,135514,1963,away,15645747,05/03/2026,Paulista A1,0.9,19,6.7,0,0,2004,22,True
833742,Nilson Castrillón,20,D,True,822787200,Grêmio Novorizontino,Palmeiras,135514,1963,away,15645747,05/03/2026,Paulista A1,0.9,1,0.0,0,0,1996,30,False
794840,Jordi,93,G,False,747014400,Grêmio Novorizontino,Palmeiras,135514,1963,home,15646622,09/03/2026,Paulista A1,0.9,90,5.6,0,0,1993,33,False
1066548,Alexis Alvarino,22,D,False,980985600,Grêmio Novorizontino,Palmeiras,135514,1963,home,15646622,09/03/2026,Paulista A1,0.9,77,6.0,0,0,2001,25,False
1476558,Dantas,25,D,False,1090713600,Grêmio Novorizontino,Palmeiras,135514,1963,home,15646622,09/03/2026,Paulista A1,0.9,90,6.2,0,0,2004,22,True
1148340,Patrick,4,D,False,923616000,Grêmio Novorizontino,Palmeiras,135514,1963,home,15646622,09/03/2026,Paulista A1,0.9,90,6.7,0,0,1999,27,False
944459,Mayk Silva,77,D,False,936057600,Grêmio Novorizontino,Palmeiras,135514,1963,home,15646622,09/03/2026,Paulista A1,0.9,90,6.8,0,0,1999,27,False
922570,Luís Oyama,6,M,False,854582400,Grêmio Novorizontino,Palmeiras,135514,1963,home,15646622,09/03/2026,Paulista A1,0.9,88,6.9,0,0,1997,29,False
1101061,Leo Naldi,18,M,False,998092800,Grêmio Novorizontino,Palmeiras,135514,1963,home,15646622,09/03/2026,Paulista A1,0.9,90,6.8,0,0,2001,25,False
981746,Matheus Bianqui,17,M,False,886204800,Grêmio Novorizontino,Palmeiras,135514,1963,home,15646622,09/03/2026,Paulista A1,0.9,77,7.3,1,0,1998,28,False
1105078,Rômulo,10,M,False,1002412800,Grêmio Novorizontino,Palmeiras,135514,1963,home,15646622,09/03/2026,Paulista A1,0.9,81,6.1,0,0,2001,25,False
990160,Vinicius Paiva,16,M,False,983404800,Grêmio Novorizontino,Palmeiras,135514,1963,home,15646622,09/03/2026,Paulista A1,0.9,81,6.2,0,0,2001,25,False
850987,Robson,11,F,False,675561600,Grêmio Novorizontino,Palmeiras,135514,1963,home,15646622,09/03/2026,Paulista A1,0.9,90,6.1,0,0,1991,35,False
2440201,Alemão,21,D,True,1188691200,Grêmio Novorizontino,Palmeiras,135514,1963,home,15646622,09/03/2026,Paulista A1,0.9,13,7.1,0,0,2007,19,True
606612,Nicolas Careca,30,F,True,863913600,Grêmio Novorizontino,Palmeiras,135514,1963,home,15646622,09/03/2026,Paulista A1,0.9,13,7.0,0,0,1997,29,False
1836636,Tavinho,15,F,True,1090195200,Grêmio Novorizontino,Palmeiras,135514,1963,home,15646622,09/03/2026,Paulista A1,0.9,9,6.7,0,0,2004,22,True
293235,Christian Ortíz,8,F,True,714355200,Grêmio Novorizontino,Palmeiras,135514,1963,home,15646622,09/03/2026,Paulista A1,0.9,9,6.6,0,0,1992,34,False
1016874,Juninho,50,M,True,980208000,Grêmio Novorizontino,Palmeiras,135514,1963,home,15646622,09/03/2026,Paulista A1,0.9,9,6.5,0,0,2001,25,False
973738,Carlos Miguel,1,G,False,907891200,Palmeiras,Grêmio Novorizontino,1963,135514,away,15646622,09/03/2026,Paulista A1,0.9,90,5.7,0,0,1998,28,False
984896,Khellven,12,D,False,983059200,Palmeiras,Grêmio Novorizontino,1963,135514,away,15646622,09/03/2026,Paulista A1,0.9,90,6.7,0,0,2001,25,False
874729,Murilo,26,D,False,859420800,Palmeiras,Grêmio Novorizontino,1963,135514,away,15646622,09/03/2026,Paulista A1,0.9,90,7.2,1,0,1997,29,False
220833,Gustavo Gómez,15,D,False,736646400,Palmeiras,Grêmio Novorizontino,1963,135514,away,15646622,09/03/2026,Paulista A1,0.9,90,7.0,0,0,1993,33,False
881110,Joaquín Piquerez,22,D,False,903916800,Palmeiras,Grêmio Novorizontino,1963,135514,away,15646622,09/03/2026,Paulista A1,0.9,90,7.2,0,0,1998,28,False
285949,Andreas Pereira,8,M,False,820454400,Palmeiras,Grêmio Novorizontino,1963,135514,away,15646622,09/03/2026,Paulista A1,0.9,79,6.7,0,0,1996,30,False
840202,Marlon Freitas,17,M,False,796262400,Palmeiras,Grêmio Novorizontino,1963,135514,away,15646622,09/03/2026,Paulista A1,0.9,90,6.7,0,0,1995,31,False
844096,Jhon Arias,11,M,False,874800000,Palmeiras,Grêmio Novorizontino,1963,135514,away,15646622,09/03/2026,Paulista A1,0.9,79,6.4,0,1,1997,29,False
1094179,José López,42,M,False,976060800,Palmeiras,Grêmio Novorizontino,1963,135514,away,15646622,09/03/2026,Paulista A1,0.9,84,6.0,0,0,2000,26,False
986233,Mauricio,18,M,False,993168000,Palmeiras,Grêmio Novorizontino,1963,135514,away,15646622,09/03/2026,Paulista A1,0.9,65,6.6,0,0,2001,25,False
1150391,Vitor Roque,9,F,False,1109548800,Palmeiras,Grêmio Novorizontino,1963,135514,away,15646622,09/03/2026,Paulista A1,0.9,84,7.7,1,0,2005,21,True
152276,Felipe Anderson,7,M,True,734832000,Palmeiras,Grêmio Novorizontino,1963,135514,away,15646622,09/03/2026,Paulista A1,0.9,25,6.7,0,0,1993,33,False
331397,Lucas Evangelista,30,M,True,799718400,Palmeiras,Grêmio Novorizontino,1963,135514,away,15646622,09/03/2026,Paulista A1,0.9,11,6.5,0,0,1995,31,False
1835889,Allan,40,F,True,1082332800,Palmeiras,Grêmio Novorizontino,1963,135514,away,15646622,09/03/2026,Paulista A1,0.9,11,6.3,0,0,2004,22,True
973533,Emiliano Martínez,32,M,True,934848000,Palmeiras,Grêmio Novorizontino,1963,135514,away,15646622,09/03/2026,Paulista A1,0.9,13,6.5,0,0,1999,27,False
1015733,Ramón Sosa,19,F,True,936057600,Palmeiras,Grêmio Novorizontino,1963,135514,away,15646622,09/03/2026,Paulista A1,0.9,13,6.2,0,0,1999,27,False
1021716,Guilherme Vicentini Castellani,1,G,False,959212800,EC Santo André,EC São Bento,6966,6967,home,15180161,07/03/2026,Paulista A2,0.65,90,6.7,0,0,2000,26,False
1016736,Thomás,2,D,False,881884800,EC Santo André,EC São Bento,6966,6967,home,15180161,07/03/2026,Paulista A2,0.65,90,6.8,0,1,1997,29,False
1184837,Gustavo,3,D,False,1095984000,EC Santo André,EC São Bento,6966,6967,home,15180161,07/03/2026,Paulista A2,0.65,90,6.4,0,0,2004,22,True
986127,Victor Luiz,4,D,False,860025600,EC Santo André,EC São Bento,6966,6967,home,15180161,07/03/2026,Paulista A2,0.65,90,6.4,0,0,1997,29,False
1590414,Paulo Amorim,6,D,False,1090108800,EC Santo André,EC São Bento,6966,6967,home,15180161,07/03/2026,Paulista A2,0.65,90,6.8,0,0,2004,22,True
1096967,Lucas Alisson,5,M,False,926553600,EC Santo André,EC São Bento,6966,6967,home,15180161,07/03/2026,Paulista A2,0.65,90,6.6,0,0,1999,27,False
1391262,Guthierres Sales de Oliveira,11,M,False,990748800,EC Santo André,EC São Bento,6966,6967,home,15180161,07/03/2026,Paulista A2,0.65,67,6.5,0,0,2001,25,False
2171946,Emmanuel de Andrade  Egydio de Souza,9,M,False,1162080000,EC Santo André,EC São Bento,6966,6967,home,15180161,07/03/2026,Paulista A2,0.65,67,6.6,0,0,2006,20,True
880122,Elvis,8,M,False,824428800,EC Santo André,EC São Bento,6966,6967,home,15180161,07/03/2026,Paulista A2,0.65,90,6.8,0,0,1996,30,False
2026435,Daniel Davi Simão Roque,10,M,False,1118793600,EC Santo André,EC São Bento,6966,6967,home,15180161,07/03/2026,Paulista A2,0.65,90,8.7,2,0,2005,21,True
1021330,Matheus Sacramento,14,F,False,921283200,EC Santo André,EC São Bento,6966,6967,home,15180161,07/03/2026,Paulista A2,0.65,48,7.7,1,1,1999,27,False
2214562,Thierry Hanry Praxedes Conti,23,M,True,1181692800,EC Santo André,EC São Bento,6966,6967,home,15180161,07/03/2026,Paulista A2,0.65,52,7.0,1,0,2007,19,True
1588093,Jhonatas da Silva Carvalho,20,M,True,1100217600,EC Santo André,EC São Bento,6966,6967,home,15180161,07/03/2026,Paulista A2,0.65,33,6.7,0,1,2004,22,True
1174549,Juan Kelsen,7,F,True,1016928000,EC Santo André,EC São Bento,6966,6967,home,15180161,07/03/2026,Paulista A2,0.65,25,6.5,0,0,2002,24,False
2027888,Leonardo Gasco Silva Suzano,16,M,True,1109721600,EC Santo André,EC São Bento,6966,6967,home,15180161,07/03/2026,Paulista A2,0.65,8,6.7,0,0,2005,21,True
1545982,Davi Castro,15,D,True,1051920000,EC Santo André,EC São Bento,6966,6967,home,15180161,07/03/2026,Paulista A2,0.65,3,0.0,0,0,2003,23,True
1465494,Guilherme Zuconelli,1,G,False,958694400,EC São Bento,EC Santo André,6967,6966,away,15180161,07/03/2026,Paulista A2,0.65,90,5.8,0,0,2000,26,False
1023593,Natan Masiero,2,D,False,1006819200,EC São Bento,EC Santo André,6967,6966,away,15180161,07/03/2026,Paulista A2,0.65,90,6.7,0,1,2001,25,False
1186781,Luiz Felipe de Souza Soares,3,D,False,919728000,EC São Bento,EC Santo André,6967,6966,away,15180161,07/03/2026,Paulista A2,0.65,90,6.3,0,0,1999,27,False
981693,Casagrande,15,D,False,926467200,EC São Bento,EC Santo André,6967,6966,away,15180161,07/03/2026,Paulista A2,0.65,48,5.8,0,0,1999,27,False
1017674,Marcinho,6,D,False,954201600,EC São Bento,EC Santo André,6967,6966,away,15180161,07/03/2026,Paulista A2,0.65,90,7.3,1,0,2000,26,False
1830597,Gustavo Nunes Migueis,26,M,False,1114128000,EC São Bento,EC Santo André,6967,6966,away,15180161,07/03/2026,Paulista A2,0.65,62,6.5,0,0,2005,21,True
2026450,Guilherme da Silva Ramos,8,M,False,1127865600,EC São Bento,EC Santo André,6967,6966,away,15180161,07/03/2026,Paulista A2,0.65,90,6.4,0,0,2005,21,True
345623,Fábio Bahia,5,M,False,436579200,EC São Bento,EC Santo André,6967,6966,away,15180161,07/03/2026,Paulista A2,0.65,89,6.3,0,0,1983,43,False
1589352,Cauê Raphael de Souza Soares,13,M,False,1082937600,EC São Bento,EC Santo André,6967,6966,away,15180161,07/03/2026,Paulista A2,0.65,80,6.7,0,0,2004,22,True
1634091,Matheo Laselva Lima,9,F,False,,EC São Bento,EC Santo André,6967,6966,away,15180161,07/03/2026,Paulista A2,0.65,90,7.2,1,0,0,0,False
1105060,Inacio Neto,10,F,False,838080000,EC São Bento,EC Santo André,6967,6966,away,15180161,07/03/2026,Paulista A2,0.65,90,7.1,0,0,1996,30,False
1465221,Kayo Soares,16,M,True,836870400,EC São Bento,EC Santo André,6967,6966,away,15180161,07/03/2026,Paulista A2,0.65,52,6.4,0,0,1996,30,False
1609652,Wellington Batista Barbosa,11,M,True,797040000,EC São Bento,EC Santo André,6967,6966,away,15180161,07/03/2026,Paulista A2,0.65,38,6.2,0,0,1995,31,False
1637198,Flavio dos Reis Frazão,22,M,True,1073174400,EC São Bento,EC Santo André,6967,6966,away,15180161,07/03/2026,Paulista A2,0.65,20,6.0,0,0,2004,22,True
1637090,Guilherme Ferezin Guimaraes,17,M,True,1142812800,EC São Bento,EC Santo André,6967,6966,away,15180161,07/03/2026,Paulista A2,0.65,11,6.2,0,0,2006,20,True
1174638,Léo Wall,1,G,False,956793600,Ferroviária,CA Linense,35285,47503,home,15180168,07/03/2026,Paulista A2,0.65,90,6.4,0,0,2000,26,False
870377,Felipe Rodrigues,22,D,False,815097600,Ferroviária,CA Linense,35285,47503,home,15180168,07/03/2026,Paulista A2,0.65,90,7.5,0,1,1995,31,False
1017000,Gustavo Medina,13,D,False,999820800,Ferroviária,CA Linense,35285,47503,home,15180168,07/03/2026,Paulista A2,0.65,90,6.8,0,0,2001,25,False
1174625,Zé Vitor,40,D,False,1023667200,Ferroviária,CA Linense,35285,47503,home,15180168,07/03/2026,Paulista A2,0.65,90,7.0,0,0,2002,24,False
1117470,Edson Lucas,6,D,False,964915200,Ferroviária,CA Linense,35285,47503,home,15180168,07/03/2026,Paulista A2,0.65,90,7.4,0,0,2000,26,False
870802,Ricardinho,5,M,False,606960000,Ferroviária,CA Linense,35285,47503,home,15180168,07/03/2026,Paulista A2,0.65,86,7.2,0,0,1989,37,False
1533964,Alencar,8,M,False,1028678400,Ferroviária,CA Linense,35285,47503,home,15180168,07/03/2026,Paulista A2,0.65,86,6.8,0,0,2002,24,False
1526993,Mateus Cantarelli Gall,17,M,False,1119312000,Ferroviária,CA Linense,35285,47503,home,15180168,07/03/2026,Paulista A2,0.65,50,6.5,0,0,2005,21,True
1214719,Antonio David Souza,20,M,False,1076198400,Ferroviária,CA Linense,35285,47503,home,15180168,07/03/2026,Paulista A2,0.65,50,6.5,0,0,2004,22,True
1465450,Vitor Barreto,11,M,False,954547200,Ferroviária,CA Linense,35285,47503,home,15180168,07/03/2026,Paulista A2,0.65,62,7.3,0,0,2000,26,False
1589395,Thiago Montelo Pereira,19,F,False,1106956800,Ferroviária,CA Linense,35285,47503,home,15180168,07/03/2026,Paulista A2,0.65,90,7.4,1,0,2005,21,True
2067560,Abner Eduardo Ramos dos Santos,32,M,True,1243296000,Ferroviária,CA Linense,35285,47503,home,15180168,07/03/2026,Paulista A2,0.65,52,6.7,0,0,2009,17,True
866851,Rafael Carrilho,18,M,True,789523200,Ferroviária,CA Linense,35285,47503,home,15180168,07/03/2026,Paulista A2,0.65,52,6.7,0,0,1995,31,False
1647596,Pedro Estevam,33,F,True,1104624000,Ferroviária,CA Linense,35285,47503,home,15180168,07/03/2026,Paulista A2,0.65,40,6.5,0,0,2005,21,True
1589491,Arthur Nether Schiling,23,M,True,1131321600,Ferroviária,CA Linense,35285,47503,home,15180168,07/03/2026,Paulista A2,0.65,16,7.0,0,0,2005,21,True
1631865,Raoni dos Santos Ramos,30,M,True,,Ferroviária,CA Linense,35285,47503,home,15180168,07/03/2026,Paulista A2,0.65,16,6.6,0,0,0,0,False
1020283,Harrison,23,G,False,745632000,CA Linense,Ferroviária,47503,35285,away,15180168,07/03/2026,Paulista A2,0.65,90,6.7,0,0,1993,33,False
1631271,Kauê Leonardo,17,D,False,1113177600,CA Linense,Ferroviária,47503,35285,away,15180168,07/03/2026,Paulista A2,0.65,90,6.1,0,1,2005,21,True
1017618,Bruno Azevedo,14,D,False,906681600,CA Linense,Ferroviária,47503,35285,away,15180168,07/03/2026,Paulista A2,0.65,50,6.6,0,0,1998,28,False
1016927,Joanderson,3,D,False,915580800,CA Linense,Ferroviária,47503,35285,away,15180168,07/03/2026,Paulista A2,0.65,90,7.4,0,0,1999,27,False
1524156,João Vitor Gomes Lopes,4,D,False,1069459200,CA Linense,Ferroviária,47503,35285,away,15180168,07/03/2026,Paulista A2,0.65,90,6.5,0,0,2003,23,True
1469527,Rafael Soares,16,D,False,1104105600,CA Linense,Ferroviária,47503,35285,away,15180168,07/03/2026,Paulista A2,0.65,68,6.5,0,0,2004,22,True
878495,Vinicius Jau,11,M,False,891561600,CA Linense,Ferroviária,47503,35285,away,15180168,07/03/2026,Paulista A2,0.65,68,6.2,0,0,1998,28,False
871168,Rodolfo Potiguar,5,M,False,569980800,CA Linense,Ferroviária,47503,35285,away,15180168,07/03/2026,Paulista A2,0.65,50,6.6,0,0,1988,38,False
1199393,Caio Rafael,10,M,False,1087171200,CA Linense,Ferroviária,47503,35285,away,15180168,07/03/2026,Paulista A2,0.65,90,6.6,0,0,2004,22,True
870882,Emerson Carioca,25,F,False,818294400,CA Linense,Ferroviária,47503,35285,away,15180168,07/03/2026,Paulista A2,0.65,90,7.0,1,0,1995,31,False
1161038,Vinícius,22,F,False,936921600,CA Linense,Ferroviária,47503,35285,away,15180168,07/03/2026,Paulista A2,0.65,90,6.8,0,0,1999,27,False
1189875,Pedro Henrique da Rosa,2,D,True,1050278400,CA Linense,Ferroviária,47503,35285,away,15180168,07/03/2026,Paulista A2,0.65,52,6.3,0,0,2003,23,True
1046554,Figueiredo,20,M,True,1019692800,CA Linense,Ferroviária,47503,35285,away,15180168,07/03/2026,Paulista A2,0.65,52,6.4,0,0,2002,24,False
1170969,Talys,6,D,True,801100800,CA Linense,Ferroviária,47503,35285,away,15180168,07/03/2026,Paulista A2,0.65,34,6.6,0,0,1995,31,False
1016998,Lucas Vital,15,M,True,990403200,CA Linense,Ferroviária,47503,35285,away,15180168,07/03/2026,Paulista A2,0.65,34,6.7,0,0,2001,25,False
2033845,Daniel Bolt,13,D,True,1125878400,CA Linense,Ferroviária,47503,35285,away,15180168,07/03/2026,Paulista A2,0.65,1,0.0,0,0,2005,21,True
865372,Saulo,1,G,False,492480000,Inter de Limeira,Juventus-SP,135526,6960,home,15180159,07/03/2026,Paulista A2,0.65,90,7.2,0,0,1985,41,False
818536,Breno Santos,2,D,False,821923200,Inter de Limeira,Juventus-SP,135526,6960,home,15180159,07/03/2026,Paulista A2,0.65,90,5.8,0,0,1996,30,False
1105280,Robson,30,D,False,734054400,Inter de Limeira,Juventus-SP,135526,6960,home,15180159,07/03/2026,Paulista A2,0.65,88,6.9,0,0,1993,33,False
877549,Frazan,3,D,False,833932800,Inter de Limeira,Juventus-SP,135526,6960,home,15180159,07/03/2026,Paulista A2,0.65,90,6.7,0,0,1996,30,False
1018266,Mário Henrique,6,D,False,748915200,Inter de Limeira,Juventus-SP,135526,6960,home,15180159,07/03/2026,Paulista A2,0.65,90,6.2,0,0,1993,33,False
244087,Emerson Santos,31,M,False,699148800,Inter de Limeira,Juventus-SP,135526,6960,home,15180159,07/03/2026,Paulista A2,0.65,88,6.8,0,0,1992,34,False
1021725,Romarinho,35,M,False,772070400,Inter de Limeira,Juventus-SP,135526,6960,home,15180159,07/03/2026,Paulista A2,0.65,90,6.9,0,0,1994,32,False
840279,Rafael Oller,7,M,False,793584000,Inter de Limeira,Juventus-SP,135526,6960,home,15180159,07/03/2026,Paulista A2,0.65,65,6.5,0,0,1995,31,False
1016996,Claudinho,10,M,False,974505600,Inter de Limeira,Juventus-SP,135526,6960,home,15180159,07/03/2026,Paulista A2,0.65,90,6.9,0,1,2000,26,False
1117079,Marquinhos Brazion,32,M,False,963014400,Inter de Limeira,Juventus-SP,135526,6960,home,15180159,07/03/2026,Paulista A2,0.65,65,6.6,0,0,2000,26,False
1016911,Zé Eduardo,18,F,False,931392000,Inter de Limeira,Juventus-SP,135526,6960,home,15180159,07/03/2026,Paulista A2,0.65,80,7.2,1,0,1999,27,False
1047687,Vitor Leque,19,M,True,979862400,Inter de Limeira,Juventus-SP,135526,6960,home,15180159,07/03/2026,Paulista A2,0.65,36,6.2,0,0,2001,25,False
928133,Getúlio,17,M,True,865900800,Inter de Limeira,Juventus-SP,135526,6960,home,15180159,07/03/2026,Paulista A2,0.65,36,6.3,0,0,1997,29,False
1067645,Luiz Guilherme,8,M,True,1079654400,Inter de Limeira,Juventus-SP,135526,6960,home,15180159,07/03/2026,Paulista A2,0.65,20,6.5,0,0,2004,22,True
1104798,Eduardo Porto,4,D,True,983404800,Inter de Limeira,Juventus-SP,135526,6960,home,15180159,07/03/2026,Paulista A2,0.65,12,6.4,0,0,2001,25,False
1546627,Lucas Xavier Felix,25,M,True,968112000,Inter de Limeira,Juventus-SP,135526,6960,home,15180159,07/03/2026,Paulista A2,0.65,12,6.5,0,0,2000,26,False
863352,Lucas Passarelli,25,G,False,835833600,Juventus-SP,Inter de Limeira,6960,135526,away,15180159,07/03/2026,Paulista A2,0.65,90,6.4,0,0,1996,30,False
931754,Marcelo,23,D,False,631929600,Juventus-SP,Inter de Limeira,6960,135526,away,15180159,07/03/2026,Paulista A2,0.65,90,7.0,0,0,1990,36,False
362284,Fernando Fonseca,4,D,False,757123200,Juventus-SP,Inter de Limeira,6960,135526,away,15180159,07/03/2026,Paulista A2,0.65,90,7.1,0,0,1993,33,False
1018930,Thomás Kayck,32,D,False,822873600,Juventus-SP,Inter de Limeira,6960,135526,away,15180159,07/03/2026,Paulista A2,0.65,90,6.7,0,0,1996,30,False
1105032,Eduardo Soares,6,D,False,971654400,Juventus-SP,Inter de Limeira,6960,135526,away,15180159,07/03/2026,Paulista A2,0.65,90,7.0,0,1,2000,26,False
1170771,Keven Vinícius,31,M,False,1045267200,Juventus-SP,Inter de Limeira,6960,135526,away,15180159,07/03/2026,Paulista A2,0.65,56,6.8,0,0,2003,23,True
922553,Matheus Ferreira,33,M,False,730080000,Juventus-SP,Inter de Limeira,6960,135526,away,15180159,07/03/2026,Paulista A2,0.65,90,6.7,0,0,1993,33,False
1491533,John Adams Egito da Silva,8,M,False,801446400,Juventus-SP,Inter de Limeira,6960,135526,away,15180159,07/03/2026,Paulista A2,0.65,75,7.5,0,0,1995,31,False
1192303,Paulinho,7,M,False,1033257600,Juventus-SP,Inter de Limeira,6960,135526,away,15180159,07/03/2026,Paulista A2,0.65,90,7.2,0,1,2002,24,False
1465219,Vinicius Spaniol,77,F,False,985219200,Juventus-SP,Inter de Limeira,6960,135526,away,15180159,07/03/2026,Paulista A2,0.65,90,6.9,0,0,2001,25,False
1515292,Edinho,10,F,False,998524800,Juventus-SP,Inter de Limeira,6960,135526,away,15180159,07/03/2026,Paulista A2,0.65,75,8.9,1,0,2001,25,False
1010582,Romário Simoes,19,F,True,928281600,Juventus-SP,Inter de Limeira,6960,135526,away,15180159,07/03/2026,Paulista A2,0.65,44,7.4,1,0,1999,27,False
773549,Andrew,99,M,True,842745600,Juventus-SP,Inter de Limeira,6960,135526,away,15180159,07/03/2026,Paulista A2,0.65,25,6.7,0,0,1996,30,False
931760,Madison,5,M,True,899856000,Juventus-SP,Inter de Limeira,6960,135526,away,15180159,07/03/2026,Paulista A2,0.65,25,6.9,0,0,1998,28,False
1645851,Luiz Gustavo,28,F,True,1054252800,Juventus-SP,Inter de Limeira,6960,135526,away,15180159,07/03/2026,Paulista A2,0.65,7,0.0,0,0,2003,23,True
886764,Matheus Leal,16,D,True,789436800,Juventus-SP,Inter de Limeira,6960,135526,away,15180159,07/03/2026,Paulista A2,0.65,7,0.0,0,0,1995,31,False
869651,Lucas Wingert,1,G,False,925776000,Ituano,Monte Azul,2025,39617,home,15180172,07/03/2026,Paulista A2,0.65,48,6.5,0,0,1999,27,False
2031365,Gabriel William,3,D,False,1173916800,Ituano,Monte Azul,2025,39617,home,15180172,07/03/2026,Paulista A2,0.65,90,6.1,0,0,2007,19,True
2440869,Leandro Sergipe,4,D,False,925257600,Ituano,Monte Azul,2025,39617,home,15180172,07/03/2026,Paulista A2,0.65,90,6.6,0,0,1999,27,False
1631591,Matheus Henrique Rocha,5,D,False,1149897600,Ituano,Monte Azul,2025,39617,home,15180172,07/03/2026,Paulista A2,0.65,72,5.8,0,0,2006,20,True
1588628,Victor Silva dos Reis,2,M,False,1081209600,Ituano,Monte Azul,2025,39617,home,15180172,07/03/2026,Paulista A2,0.65,90,7.3,1,0,2004,22,True
839773,Xavier,10,M,False,787276800,Ituano,Monte Azul,2025,39617,home,15180172,07/03/2026,Paulista A2,0.65,90,7.2,0,0,1994,32,False
1587856,Lipe Gadol,8,M,False,1079740800,Ituano,Monte Azul,2025,39617,home,15180172,07/03/2026,Paulista A2,0.65,59,6.7,0,0,2004,22,True
1148378,Tiago Silva,6,M,False,992476800,Ituano,Monte Azul,2025,39617,home,15180172,07/03/2026,Paulista A2,0.65,90,6.8,0,0,2001,25,False
1587832,Lucas Soares Stefanello,11,F,False,1108512000,Ituano,Monte Azul,2025,39617,home,15180172,07/03/2026,Paulista A2,0.65,59,7.0,0,0,2005,21,True
1587911,Gabriel Razera,9,F,False,1077062400,Ituano,Monte Azul,2025,39617,home,15180172,07/03/2026,Paulista A2,0.65,90,6.7,0,1,2004,22,True
79097,Neto Berola,7,F,False,564192000,Ituano,Monte Azul,2025,39617,home,15180172,07/03/2026,Paulista A2,0.65,59,8.8,2,0,1987,39,False
753660,Saulo,12,G,True,798336000,Ituano,Monte Azul,2025,39617,home,15180172,07/03/2026,Paulista A2,0.65,53,6.1,0,0,1995,31,False
152510,Fernando Canesin,20,F,True,699148800,Ituano,Monte Azul,2025,39617,home,15180172,07/03/2026,Paulista A2,0.65,42,6.6,0,0,1992,34,False
2026934,Leonardo Souza de Oliveira,15,M,True,1116547200,Ituano,Monte Azul,2025,39617,home,15180172,07/03/2026,Paulista A2,0.65,42,6.3,0,0,2005,21,True
1510221,José Carlos,19,F,True,1073606400,Ituano,Monte Azul,2025,39617,home,15180172,07/03/2026,Paulista A2,0.65,42,6.6,0,0,2004,22,True
839772,Osman Menezes,17,F,True,720316800,Ituano,Monte Azul,2025,39617,home,15180172,07/03/2026,Paulista A2,0.65,29,6.7,0,0,1992,34,False
1514521,Igor Castro Dourado,1,G,False,607392000,Monte Azul,Ituano,39617,2025,away,15180172,07/03/2026,Paulista A2,0.65,90,6.5,0,0,1989,37,False
2080409,Cláudio Gustavo,2,D,False,1097280000,Monte Azul,Ituano,39617,2025,away,15180172,07/03/2026,Paulista A2,0.65,48,6.3,0,0,2004,22,True
1546702,Allan Passos dos Santos,3,D,False,1086912000,Monte Azul,Ituano,39617,2025,away,15180172,07/03/2026,Paulista A2,0.65,90,5.8,0,0,2004,22,True
932000,Luan Silva,4,D,False,861494400,Monte Azul,Ituano,39617,2025,away,15180172,07/03/2026,Paulista A2,0.65,65,7.3,1,0,1997,29,False
2166888,Didi,6,D,False,1136246400,Monte Azul,Ituano,39617,2025,away,15180172,07/03/2026,Paulista A2,0.65,48,6.0,0,0,2006,20,True
1467890,Roni,5,M,False,1027296000,Monte Azul,Ituano,39617,2025,away,15180172,07/03/2026,Paulista A2,0.65,89,6.4,0,0,2002,24,False
1470430,Sony Anderson Cunha da Silva,9,M,False,1075161600,Monte Azul,Ituano,39617,2025,away,15180172,07/03/2026,Paulista A2,0.65,90,6.1,0,0,2004,22,True
2443188,Vitor Mariano Severo,7,M,False,1106956800,Monte Azul,Ituano,39617,2025,away,15180172,07/03/2026,Paulista A2,0.65,90,7.1,0,0,2005,21,True
1631702,Clayton Cleydson da Silva Nascimento,8,M,False,1077580800,Monte Azul,Ituano,39617,2025,away,15180172,07/03/2026,Paulista A2,0.65,90,6.9,0,0,2004,22,True
1472029,Wanderson Martins,11,M,False,1034035200,Monte Azul,Ituano,39617,2025,away,15180172,07/03/2026,Paulista A2,0.65,90,6.4,0,0,2002,24,False
1640977,Vitinho,10,F,False,994118400,Monte Azul,Ituano,39617,2025,away,15180172,07/03/2026,Paulista A2,0.65,90,7.4,1,0,2001,25,False
1640978,Luis Fernando Nascimento Marques,16,D,True,977875200,Monte Azul,Ituano,39617,2025,away,15180172,07/03/2026,Paulista A2,0.65,53,6.9,0,0,2000,26,False
1019672,Wallace,22,F,True,976838400,Monte Azul,Ituano,39617,2025,away,15180172,07/03/2026,Paulista A2,0.65,53,8.0,1,0,2000,26,False
1609538,Lucas Mazdiel Aruba Santos,17,M,True,1080259200,Monte Azul,Ituano,39617,2025,away,15180172,07/03/2026,Paulista A2,0.65,36,6.9,0,0,2004,22,True
2420828,Fabio  Santos Nascimento,21,D,True,1091404800,Monte Azul,Ituano,39617,2025,away,15180172,07/03/2026,Paulista A2,0.65,11,6.5,0,0,2004,22,True
1993357,Gustavo Alexandre Pereira Dos Santos,13,M,True,929404800,Monte Azul,Ituano,39617,2025,away,15180172,07/03/2026,Paulista A2,0.65,2,6.3,0,0,1999,27,False
866436,João Lucas,22,G,False,748051200,São José EC,Sertãozinho,88744,6958,home,15180173,07/03/2026,Paulista A2,0.65,90,6.1,0,0,1993,33,False
975204,Matheus Rocha,26,D,False,914716800,São José EC,Sertãozinho,88744,6958,home,15180173,07/03/2026,Paulista A2,0.65,90,7.4,0,0,1998,28,False
1104718,Iran,33,D,False,817603200,São José EC,Sertãozinho,88744,6958,home,15180173,07/03/2026,Paulista A2,0.65,90,6.4,0,0,1995,31,False
881474,Léo Rigo,4,D,False,798768000,São José EC,Sertãozinho,88744,6958,home,15180173,07/03/2026,Paulista A2,0.65,90,7.2,0,0,1995,31,False
975356,Felippe Borges,6,D,False,944265600,São José EC,Sertãozinho,88744,6958,home,15180173,07/03/2026,Paulista A2,0.65,90,7.5,0,1,1999,27,False
795301,Ruan,18,M,False,745545600,São José EC,Sertãozinho,88744,6958,home,15180173,07/03/2026,Paulista A2,0.65,51,6.4,0,0,1993,33,False
1023596,Thomaz Carvalho,8,M,False,990316800,São José EC,Sertãozinho,88744,6958,home,15180173,07/03/2026,Paulista A2,0.65,90,7.1,0,0,2001,25,False
2128550,Luis Otávio,25,M,False,965088000,São José EC,Sertãozinho,88744,6958,home,15180173,07/03/2026,Paulista A2,0.65,89,7.2,0,0,2000,26,False
1175319,Rikelmi,27,M,False,997747200,São José EC,Sertãozinho,88744,6958,home,15180173,07/03/2026,Paulista A2,0.65,51,6.3,0,0,2001,25,False
963009,Gabriel Ramos,23,F,False,827280000,São José EC,Sertãozinho,88744,6958,home,15180173,07/03/2026,Paulista A2,0.65,51,6.1,0,0,1996,30,False
1177397,Lucas Reis,17,F,False,992476800,São José EC,Sertãozinho,88744,6958,home,15180173,07/03/2026,Paulista A2,0.65,70,6.7,0,0,2001,25,False
1124325,Michael Paulista,10,F,True,768614400,São José EC,Sertãozinho,88744,6958,home,15180173,07/03/2026,Paulista A2,0.65,54,7.0,0,0,1994,32,False
1170918,Pedro Arthur,11,M,True,1034121600,São José EC,Sertãozinho,88744,6958,home,15180173,07/03/2026,Paulista A2,0.65,54,8.0,1,0,2002,24,False
962041,Rodrigo Bezerra Carioca,30,M,True,929923200,São José EC,Sertãozinho,88744,6958,home,15180173,07/03/2026,Paulista A2,0.65,54,7.0,0,0,1999,27,False
1021449,Clessione,9,F,True,771638400,São José EC,Sertãozinho,88744,6958,home,15180173,07/03/2026,Paulista A2,0.65,35,6.9,0,0,1994,32,False
1104116,Cristiano Robert,7,M,True,999216000,São José EC,Sertãozinho,88744,6958,home,15180173,07/03/2026,Paulista A2,0.65,17,6.8,0,0,2001,25,False
1049031,João Victor,1,G,False,972259200,Sertãozinho,São José EC,6958,88744,away,15180173,07/03/2026,Paulista A2,0.65,90,7.6,0,0,2000,26,False
1507656,Vinicios,2,D,False,978739200,Sertãozinho,São José EC,6958,88744,away,15180173,07/03/2026,Paulista A2,0.65,90,6.4,0,0,2001,25,False
1834741,Bruno Alberto dos Santos,4,D,False,1125360000,Sertãozinho,São José EC,6958,88744,away,15180173,07/03/2026,Paulista A2,0.65,90,6.3,0,0,2005,21,True
1148364,Marco Gabriel,3,D,False,974332800,Sertãozinho,São José EC,6958,88744,away,15180173,07/03/2026,Paulista A2,0.65,90,6.9,0,0,2000,26,False
1113073,Helder Sá,6,D,False,1036886400,Sertãozinho,São José EC,6958,88744,away,15180173,07/03/2026,Paulista A2,0.65,70,7.1,0,0,2002,24,False
1609585,Tenner Alexandre Sampaio Costa,13,M,False,908150400,Sertãozinho,São José EC,6958,88744,away,15180173,07/03/2026,Paulista A2,0.65,90,6.7,0,1,1998,28,False
1654108,Matheus Prado,10,M,False,965520000,Sertãozinho,São José EC,6958,88744,away,15180173,07/03/2026,Paulista A2,0.65,70,8.4,2,0,2000,26,False
1170772,Riquelme Rodrigues,5,M,False,1033516800,Sertãozinho,São José EC,6958,88744,away,15180173,07/03/2026,Paulista A2,0.65,90,6.8,0,0,2002,24,False
881482,Lorran,7,F,False,799372800,Sertãozinho,São José EC,6958,88744,away,15180173,07/03/2026,Paulista A2,0.65,90,6.4,0,0,1995,31,False
1118328,Adiel,9,F,False,1008201600,Sertãozinho,São José EC,6958,88744,away,15180173,07/03/2026,Paulista A2,0.65,70,6.4,0,0,2001,25,False
1111131,Jefferson Souza,11,F,False,1002326400,Sertãozinho,São José EC,6958,88744,away,15180173,07/03/2026,Paulista A2,0.65,90,6.7,0,0,2001,25,False
2441491,Michel Camargos Rodrigues,22,D,True,926553600,Sertãozinho,São José EC,6958,88744,away,15180173,07/03/2026,Paulista A2,0.65,36,6.6,0,0,1999,27,False
1467773,Gustavo Lacerda,19,M,True,1097020800,Sertãozinho,São José EC,6958,88744,away,15180173,07/03/2026,Paulista A2,0.65,36,6.2,0,0,2004,22,True
2441492,Kauan Cordeiro Silvestre,17,F,True,996796800,Sertãozinho,São José EC,6958,88744,away,15180173,07/03/2026,Paulista A2,0.65,36,6.6,0,0,2001,25,False
1589813,Luiz Eduardo da Silva Rocha,15,F,True,1104624000,Sertãozinho,São José EC,6958,88744,away,15180173,07/03/2026,Paulista A2,0.65,10,6.7,0,0,2005,21,True
1186618,Matheus Moreira,18,F,True,982886400,Sertãozinho,São José EC,6958,88744,away,15180173,07/03/2026,Paulista A2,0.65,3,0.0,0,0,2001,25,False
344207,Adilson Junior,1,G,False,586224000,Taubaté,Grêmio Prudente,135512,252408,home,15180163,07/03/2026,Paulista A2,0.65,90,6.6,0,0,1988,38,False
869533,Yago,2,D,False,769564800,Taubaté,Grêmio Prudente,135512,252408,home,15180163,07/03/2026,Paulista A2,0.65,66,6.5,0,0,1994,32,False
886078,Luizão,3,D,False,646099200,Taubaté,Grêmio Prudente,135512,252408,home,15180163,07/03/2026,Paulista A2,0.65,90,6.5,0,0,1990,36,False
847311,Renan Diniz,4,D,False,730771200,Taubaté,Grêmio Prudente,135512,252408,home,15180163,07/03/2026,Paulista A2,0.65,90,7.2,0,0,1993,33,False
1015272,Ítalo,6,D,False,978307200,Taubaté,Grêmio Prudente,135512,252408,home,15180163,07/03/2026,Paulista A2,0.65,90,7.0,0,0,2001,25,False
2002808,Zé Pagliarini,8,M,False,1083888000,Taubaté,Grêmio Prudente,135512,252408,home,15180163,07/03/2026,Paulista A2,0.65,75,6.5,0,0,2004,22,True
1105334,Wesley Fraga,5,M,False,843523200,Taubaté,Grêmio Prudente,135512,252408,home,15180163,07/03/2026,Paulista A2,0.65,47,6.6,0,0,1996,30,False
220709,Francinilson Meireles Maranhão,7,M,False,641692800,Taubaté,Grêmio Prudente,135512,252408,home,15180163,07/03/2026,Paulista A2,0.65,90,7.1,0,0,1990,36,False
1047083,Ariel,22,M,False,828576000,Taubaté,Grêmio Prudente,135512,252408,home,15180163,07/03/2026,Paulista A2,0.65,60,7.2,0,0,1996,30,False
1186942,Rodrigo Gaia,10,M,False,992476800,Taubaté,Grêmio Prudente,135512,252408,home,15180163,07/03/2026,Paulista A2,0.65,66,6.4,0,0,2001,25,False
1463498,Macário,9,F,False,984787200,Taubaté,Grêmio Prudente,135512,252408,home,15180163,07/03/2026,Paulista A2,0.65,90,6.7,1,0,2001,25,False
1018657,Anderson Künzel,15,M,True,643248000,Taubaté,Grêmio Prudente,135512,252408,home,15180163,07/03/2026,Paulista A2,0.65,50,7.1,0,0,1990,36,False
1474553,Luan Santos,19,M,True,946598400,Taubaté,Grêmio Prudente,135512,252408,home,15180163,07/03/2026,Paulista A2,0.65,37,6.6,0,0,1999,27,False
1924576,Mika,13,D,True,1011571200,Taubaté,Grêmio Prudente,135512,252408,home,15180163,07/03/2026,Paulista A2,0.65,31,6.7,0,0,2002,24,False
2441490,Bernardo Ferrari Goldberg Da Rosa,20,M,True,,Taubaté,Grêmio Prudente,135512,252408,home,15180163,07/03/2026,Paulista A2,0.65,31,6.5,0,0,0,0,False
1643165,Luiz Fernando Yamada,18,M,True,791424000,Taubaté,Grêmio Prudente,135512,252408,home,15180163,07/03/2026,Paulista A2,0.65,22,6.5,0,0,1995,31,False
1020174,João Paulo,96,G,False,823046400,Grêmio Prudente,Taubaté,252408,135512,away,15180163,07/03/2026,Paulista A2,0.65,90,6.8,0,0,1996,30,False
914491,Felipe Albuquerque,67,D,False,938563200,Grêmio Prudente,Taubaté,252408,135512,away,15180163,07/03/2026,Paulista A2,0.65,90,7.0,0,0,1999,27,False
931482,Fredson,91,D,False,691459200,Grêmio Prudente,Taubaté,252408,135512,away,15180163,07/03/2026,Paulista A2,0.65,50,6.4,0,0,1991,35,False
1931447,João Victor,2,D,False,800755200,Grêmio Prudente,Taubaté,252408,135512,away,15180163,07/03/2026,Paulista A2,0.65,90,6.7,0,0,1995,31,False
1462653,Igor Ribeiro,24,D,False,989452800,Grêmio Prudente,Taubaté,252408,135512,away,15180163,07/03/2026,Paulista A2,0.65,26,6.3,0,0,2001,25,False
987383,Luiz Fernando,99,M,False,884217600,Grêmio Prudente,Taubaté,252408,135512,away,15180163,07/03/2026,Paulista A2,0.65,90,6.5,0,0,1998,28,False
1872965,Dérick,5,M,False,970790400,Grêmio Prudente,Taubaté,252408,135512,away,15180163,07/03/2026,Paulista A2,0.65,90,6.3,0,0,2000,26,False
1047839,Rafinha,11,M,False,942364800,Grêmio Prudente,Taubaté,252408,135512,away,15180163,07/03/2026,Paulista A2,0.65,47,6.8,0,0,1999,27,False
870722,Anderson Ligeiro,37,M,False,798422400,Grêmio Prudente,Taubaté,252408,135512,away,15180163,07/03/2026,Paulista A2,0.65,74,6.8,0,0,1995,31,False
1176814,Jonatha Carlos,98,F,False,909964800,Grêmio Prudente,Taubaté,252408,135512,away,15180163,07/03/2026,Paulista A2,0.65,47,6.0,0,0,1998,28,False
1191409,Everton Kanela,9,F,False,821404800,Grêmio Prudente,Taubaté,252408,135512,away,15180163,07/03/2026,Paulista A2,0.65,74,7.2,1,0,1996,30,False
870949,Mateus Muller,6,D,True,816652800,Grêmio Prudente,Taubaté,252408,135512,away,15180163,07/03/2026,Paulista A2,0.65,72,6.8,0,0,1995,31,False
1463988,Kevyn,15,M,True,1015027200,Grêmio Prudente,Taubaté,252408,135512,away,15180163,07/03/2026,Paulista A2,0.65,50,6.9,0,0,2002,24,False
931575,Alan Uchôa,3,D,True,922406400,Grêmio Prudente,Taubaté,252408,135512,away,15180163,07/03/2026,Paulista A2,0.65,47,7.0,0,0,1999,27,False
1589470,Gabriel dos Santos,33,D,True,1077580800,Grêmio Prudente,Taubaté,252408,135512,away,15180163,07/03/2026,Paulista A2,0.65,23,6.6,0,0,2004,22,True
1117036,Giovani Albuquerque,16,F,True,982540800,Grêmio Prudente,Taubaté,252408,135512,away,15180163,07/03/2026,Paulista A2,0.65,23,6.5,0,0,2001,25,False
34001,Victor Golas,1,G,False,662256000,XV de Piracicaba,Votuporanguense,61692,135524,home,15180166,07/03/2026,Paulista A2,0.65,90,6.5,0,0,1990,36,False
1121163,Marlon,2,D,False,964137600,XV de Piracicaba,Votuporanguense,61692,135524,home,15180166,07/03/2026,Paulista A2,0.65,90,6.9,0,0,2000,26,False
1588718,Luiz Gustavo Marques Santos,23,D,False,1101081600,XV de Piracicaba,Votuporanguense,61692,135524,home,15180166,07/03/2026,Paulista A2,0.65,90,6.6,0,0,2004,22,True
1119493,Almir Luan,14,D,False,1016755200,XV de Piracicaba,Votuporanguense,61692,135524,home,15180166,07/03/2026,Paulista A2,0.65,90,7.0,0,0,2002,24,False
1123822,João Victor,6,D,False,905990400,XV de Piracicaba,Votuporanguense,61692,135524,home,15180166,07/03/2026,Paulista A2,0.65,90,7.0,0,0,1998,28,False
1482115,Carlos Manuel,8,M,False,966556800,XV de Piracicaba,Votuporanguense,61692,135524,home,15180166,07/03/2026,Paulista A2,0.65,90,8.8,1,1,2000,26,False
358534,Gustavo Hebling,5,M,False,828662400,XV de Piracicaba,Votuporanguense,61692,135524,home,15180166,07/03/2026,Paulista A2,0.65,90,6.9,0,0,1996,30,False
868817,Léo Santos,22,M,False,821232000,XV de Piracicaba,Votuporanguense,61692,135524,home,15180166,07/03/2026,Paulista A2,0.65,90,7.7,0,2,1996,30,False
1637301,Sergio Henrique Favarin,10,F,False,1072742400,XV de Piracicaba,Votuporanguense,61692,135524,home,15180166,07/03/2026,Paulista A2,0.65,90,6.8,0,0,2003,23,True
887844,Paulo Marcelo,9,F,False,806198400,XV de Piracicaba,Votuporanguense,61692,135524,home,15180166,07/03/2026,Paulista A2,0.65,84,9.6,3,1,1995,31,False
984979,David Ribeiro Pereira,11,F,False,893289600,XV de Piracicaba,Votuporanguense,61692,135524,home,15180166,07/03/2026,Paulista A2,0.65,90,7.1,1,0,1998,28,False
1640368,Henry Miyamoto,19,F,True,921801600,XV de Piracicaba,Votuporanguense,61692,135524,home,15180166,07/03/2026,Paulista A2,0.65,16,6.7,0,0,1999,27,False
1048286,Erik Bessa,7,F,True,832896000,XV de Piracicaba,Votuporanguense,61692,135524,home,15180166,07/03/2026,Paulista A2,0.65,8,6.6,0,0,1996,30,False
931548,Robson,21,M,True,740534400,XV de Piracicaba,Votuporanguense,61692,135524,home,15180166,07/03/2026,Paulista A2,0.65,8,6.5,0,0,1993,33,False
870678,Djavan,25,M,True,817430400,XV de Piracicaba,Votuporanguense,61692,135524,home,15180166,07/03/2026,Paulista A2,0.65,1,0.0,0,0,1995,31,False
1644831,Mauricio Nunes,17,M,True,1019606400,XV de Piracicaba,Votuporanguense,61692,135524,home,15180166,07/03/2026,Paulista A2,0.65,1,0.0,0,0,2002,24,False
796978,Gabriel Félix,1,G,False,796953600,Votuporanguense,XV de Piracicaba,135524,61692,away,15180166,07/03/2026,Paulista A2,0.65,90,5.5,0,0,1995,31,False
1019059,Vinicius Baracioli,2,D,False,955929600,Votuporanguense,XV de Piracicaba,135524,61692,away,15180166,07/03/2026,Paulista A2,0.65,43,6.2,0,0,2000,26,False
1588237,Rychard Perucio Miranda,14,D,False,1010275200,Votuporanguense,XV de Piracicaba,135524,61692,away,15180166,07/03/2026,Paulista A2,0.65,90,6.1,0,0,2002,24,False
1430098,Amorim,3,D,False,1019692800,Votuporanguense,XV de Piracicaba,135524,61692,away,15180166,07/03/2026,Paulista A2,0.65,57,6.0,0,0,2002,24,False
1016179,Paulo Victor,16,D,False,925776000,Votuporanguense,XV de Piracicaba,135524,61692,away,15180166,07/03/2026,Paulista A2,0.65,90,5.7,0,0,1999,27,False
1117751,Marcos Nunes,23,M,False,636595200,Votuporanguense,XV de Piracicaba,135524,61692,away,15180166,07/03/2026,Paulista A2,0.65,81,7.2,0,0,1990,36,False
817540,Daniel,17,M,False,831945600,Votuporanguense,XV de Piracicaba,135524,61692,away,15180166,07/03/2026,Paulista A2,0.65,90,7.2,1,0,1996,30,False
1631569,Kauê Muniz Nunes,8,M,False,1055203200,Votuporanguense,XV de Piracicaba,135524,61692,away,15180166,07/03/2026,Paulista A2,0.65,81,6.3,0,0,2003,23,True
1017773,Fernandinho,10,M,False,701568000,Votuporanguense,XV de Piracicaba,135524,61692,away,15180166,07/03/2026,Paulista A2,0.65,90,6.5,0,0,1992,34,False
875174,Caio Mancha,9,F,False,717120000,Votuporanguense,XV de Piracicaba,135524,61692,away,15180166,07/03/2026,Paulista A2,0.65,90,7.0,0,1,1992,34,False
1491535,Luiz Thiago,7,F,False,799977600,Votuporanguense,XV de Piracicaba,135524,61692,away,15180166,07/03/2026,Paulista A2,0.65,81,6.6,0,0,1995,31,False
870704,Watson,18,D,True,762739200,Votuporanguense,XV de Piracicaba,135524,61692,away,15180166,07/03/2026,Paulista A2,0.65,58,5.9,0,0,1994,32,False
1018884,Pedro Vitor,4,D,True,863654400,Votuporanguense,XV de Piracicaba,135524,61692,away,15180166,07/03/2026,Paulista A2,0.65,44,6.3,0,0,1997,29,False
2032549,Hugo Costa Saramella,21,M,True,1046390400,Votuporanguense,XV de Piracicaba,135524,61692,away,15180166,07/03/2026,Paulista A2,0.65,19,6.0,0,0,2003,23,True
880211,Minho,11,M,True,692755200,Votuporanguense,XV de Piracicaba,135524,61692,away,15180166,07/03/2026,Paulista A2,0.65,19,6.3,0,0,1991,35,False
2426302,Glaucon,20,M,True,1143936000,Votuporanguense,XV de Piracicaba,135524,61692,away,15180166,07/03/2026,Paulista A2,0.65,19,6.4,0,0,2006,20,True
77526,Vanderlei,1,G,False,444441600,Água Santa,Osasco Sporting,135510,32779,home,15180167,07/03/2026,Paulista A2,0.65,90,7.1,0,0,1984,42,False
927097,Léo Pereira,2,D,False,885340800,Água Santa,Osasco Sporting,135510,32779,home,15180167,07/03/2026,Paulista A2,0.65,90,7.3,0,1,1998,28,False
1383927,Hiago,3,D,False,952128000,Água Santa,Osasco Sporting,135510,32779,home,15180167,07/03/2026,Paulista A2,0.65,90,7.2,0,1,2000,26,False
880120,Alisson,4,D,False,799977600,Água Santa,Osasco Sporting,135510,32779,home,15180167,07/03/2026,Paulista A2,0.65,90,6.7,0,0,1995,31,False
1016903,Rafael Verrone,6,D,False,903830400,Água Santa,Osasco Sporting,135510,32779,home,15180167,07/03/2026,Paulista A2,0.65,90,6.5,0,0,1998,28,False
1526991,Antônio Gabriel,7,M,False,1023235200,Água Santa,Osasco Sporting,135510,32779,home,15180167,07/03/2026,Paulista A2,0.65,90,6.5,0,0,2002,24,False
871128,Diogo Marzagão,5,M,False,549763200,Água Santa,Osasco Sporting,135510,32779,home,15180167,07/03/2026,Paulista A2,0.65,65,6.9,0,0,1987,39,False
1010635,Netinho,8,M,False,882403200,Água Santa,Osasco Sporting,135510,32779,home,15180167,07/03/2026,Paulista A2,0.65,90,8.2,0,0,1997,29,False
996574,Vitinho,11,M,False,954892800,Água Santa,Osasco Sporting,135510,32779,home,15180167,07/03/2026,Paulista A2,0.65,71,6.8,0,0,2000,26,False
1609753,Cerezo,10,F,False,987120000,Água Santa,Osasco Sporting,135510,32779,home,15180167,07/03/2026,Paulista A2,0.65,85,6.9,0,0,2001,25,False
995700,Vitão,9,F,False,947721600,Água Santa,Osasco Sporting,135510,32779,home,15180167,07/03/2026,Paulista A2,0.65,50,6.7,0,0,2000,26,False
1116456,Gustavinho,21,F,True,746755200,Água Santa,Osasco Sporting,135510,32779,home,15180167,07/03/2026,Paulista A2,0.65,52,6.5,0,0,1993,33,False
329053,Nenê Bonilha,18,M,True,698284800,Água Santa,Osasco Sporting,135510,32779,home,15180167,07/03/2026,Paulista A2,0.65,7,7.5,1,0,1992,34,False
1587895,Villian Guilherme Gonçalves Vieira,17,M,True,1066608000,Água Santa,Osasco Sporting,135510,32779,home,15180167,07/03/2026,Paulista A2,0.65,31,6.5,0,0,2003,23,True
1023572,Cristiano,22,F,True,923097600,Água Santa,Osasco Sporting,135510,32779,home,15180167,07/03/2026,Paulista A2,0.65,31,7.0,1,0,1999,27,False
1186341,Michel Bennech,14,M,True,920678400,Água Santa,Osasco Sporting,135510,32779,home,15180167,07/03/2026,Paulista A2,0.65,17,6.5,0,0,1999,27,False
242040,Andrey,1,G,False,742867200,Osasco Sporting,Água Santa,32779,135510,away,15180167,07/03/2026,Paulista A2,0.65,90,6.8,0,0,1993,33,False
1122965,Caio César Hila,2,D,False,947980800,Osasco Sporting,Água Santa,32779,135510,away,15180167,07/03/2026,Paulista A2,0.65,90,6.5,0,0,2000,26,False
975553,Sergio Raphael,4,D,False,719798400,Osasco Sporting,Água Santa,32779,135510,away,15180167,07/03/2026,Paulista A2,0.65,90,6.2,0,0,1992,34,False
2125649,Caio Garcez,16,D,False,1089072000,Osasco Sporting,Água Santa,32779,135510,away,15180167,07/03/2026,Paulista A2,0.65,90,6.6,0,0,2004,22,True
1650105,Ailton Santos,6,D,False,866937600,Osasco Sporting,Água Santa,32779,135510,away,15180167,07/03/2026,Paulista A2,0.65,90,6.8,0,0,1997,29,False
1199458,Vitor Lima,5,M,False,1016668800,Osasco Sporting,Água Santa,32779,135510,away,15180167,07/03/2026,Paulista A2,0.65,72,6.8,0,0,2002,24,False
871145,Diego Aragão,15,M,False,530928000,Osasco Sporting,Água Santa,32779,135510,away,15180167,07/03/2026,Paulista A2,0.65,90,6.7,0,0,1986,40,False
1124166,Bryam,11,M,False,984441600,Osasco Sporting,Água Santa,32779,135510,away,15180167,07/03/2026,Paulista A2,0.65,72,6.6,0,0,2001,25,False
1139684,Gabriel Motta,10,M,False,1001203200,Osasco Sporting,Água Santa,32779,135510,away,15180167,07/03/2026,Paulista A2,0.65,90,6.9,0,0,2001,25,False
1589800,Lucas Alvim Vicente da Silva,18,M,False,1081209600,Osasco Sporting,Água Santa,32779,135510,away,15180167,07/03/2026,Paulista A2,0.65,87,6.5,0,0,2004,22,True
1463339,Juninho,7,F,False,1087257600,Osasco Sporting,Água Santa,32779,135510,away,15180167,07/03/2026,Paulista A2,0.65,90,7.2,1,0,2004,22,True
1506831,Buga,8,M,True,993081600,Osasco Sporting,Água Santa,32779,135510,away,15180167,07/03/2026,Paulista A2,0.65,30,6.3,0,0,2001,25,False
1465508,Matheus Martins,19,M,True,891388800,Osasco Sporting,Água Santa,32779,135510,away,15180167,07/03/2026,Paulista A2,0.65,30,6.8,0,0,1998,28,False
1386047,Jean Carlos,20,M,True,1076198400,Osasco Sporting,Água Santa,32779,135510,away,15180167,07/03/2026,Paulista A2,0.65,15,6.9,0,0,2004,22,True
869507,Rubens,9,M,True,758332800,Osasco Sporting,Água Santa,32779,135510,away,15180167,07/03/2026,Paulista A2,0.65,10,6.5,0,0,1994,32,False
863330,David Agudelo,12,G,False,855360000,Atlético Cali,Leones FC,89372,89362,home,15415174,03/03/2026,Colombia 2 Div,0.6,90,7.6,0,0,1997,29,False
2189508,José Zamora,4,D,False,,Atlético Cali,Leones FC,89372,89362,home,15415174,03/03/2026,Colombia 2 Div,0.6,90,7.0,0,0,0,0,False
1394868,Jhonier Alomía,3,D,False,917308800,Atlético Cali,Leones FC,89372,89362,home,15415174,03/03/2026,Colombia 2 Div,0.6,90,7.2,0,0,1999,27,False
1808388,Fabian Villa,2,D,False,1119225600,Atlético Cali,Leones FC,89372,89362,home,15415174,03/03/2026,Colombia 2 Div,0.6,90,7.1,0,0,2005,21,True
1146875,Ronaldo Royero,13,D,False,1097452800,Atlético Cali,Leones FC,89372,89362,home,15415174,03/03/2026,Colombia 2 Div,0.6,45,6.9,0,0,2004,22,True
1175020,Eder Balanta,6,M,False,817603200,Atlético Cali,Leones FC,89372,89362,home,15415174,03/03/2026,Colombia 2 Div,0.6,66,6.7,0,0,1995,31,False
2164876,Juan Perdomo,20,M,False,1131062400,Atlético Cali,Leones FC,89372,89362,home,15415174,03/03/2026,Colombia 2 Div,0.6,90,6.8,0,0,2005,21,True
1906183,Carlos Yesid Restrepo Castillo,8,M,False,1079395200,Atlético Cali,Leones FC,89372,89362,home,15415174,03/03/2026,Colombia 2 Div,0.6,66,7.1,0,0,2004,22,True
1809337,Jhonier Julio,5,M,False,1107475200,Atlético Cali,Leones FC,89372,89362,home,15415174,03/03/2026,Colombia 2 Div,0.6,90,7.2,0,0,2005,21,True
2455158,Carlos Cabezas,11,M,False,,Atlético Cali,Leones FC,89372,89362,home,15415174,03/03/2026,Colombia 2 Div,0.6,69,6.3,0,0,0,0,False
1465574,Juan Farías,7,F,False,1065225600,Atlético Cali,Leones FC,89372,89362,home,15415174,03/03/2026,Colombia 2 Div,0.6,90,6.7,0,0,2003,23,True
2455159,Jean Aldair Rentería Vivero,21,M,True,,Atlético Cali,Leones FC,89372,89362,home,15415174,03/03/2026,Colombia 2 Div,0.6,55,7.5,0,0,0,0,False
1906097,Alejandro Jose Onate Zuniga,9,F,True,1067385600,Atlético Cali,Leones FC,89372,89362,home,15415174,03/03/2026,Colombia 2 Div,0.6,34,6.5,0,0,2003,23,True
2455160,Santiago Saavedra,24,M,True,1167609600,Atlético Cali,Leones FC,89372,89362,home,15415174,03/03/2026,Colombia 2 Div,0.6,34,6.8,0,0,2007,19,True
2054937,Juan Arboleda,12,G,False,1125187200,Leones FC,Atlético Cali,89362,89372,away,15415174,03/03/2026,Colombia 2 Div,0.6,90,7.2,0,0,2005,21,True
1175086,Rionner Fruto,6,D,False,1048896000,Leones FC,Atlético Cali,89362,89372,away,15415174,03/03/2026,Colombia 2 Div,0.6,71,6.3,0,0,2003,23,True
1087539,German Meneses,5,D,False,1014854400,Leones FC,Atlético Cali,89362,89372,away,15415174,03/03/2026,Colombia 2 Div,0.6,90,7.5,0,0,2002,24,False
1478279,Daniel Marmolejo,3,D,False,1077235200,Leones FC,Atlético Cali,89362,89372,away,15415174,03/03/2026,Colombia 2 Div,0.6,90,7.1,0,0,2004,22,True
1839973,Juan Renteria,16,D,False,918000000,Leones FC,Atlético Cali,89362,89372,away,15415174,03/03/2026,Colombia 2 Div,0.6,90,6.8,0,0,1999,27,False
2461809,Felipe Hincapié,28,M,False,,Leones FC,Atlético Cali,89362,89372,away,15415174,03/03/2026,Colombia 2 Div,0.6,66,7.0,0,0,0,0,False
2468671,Rafael Granados,30,M,False,,Leones FC,Atlético Cali,89362,89372,away,15415174,03/03/2026,Colombia 2 Div,0.6,86,6.4,0,0,0,0,False
1906068,Oscar David Segura Solís,21,M,False,1040688000,Leones FC,Atlético Cali,89362,89372,away,15415174,03/03/2026,Colombia 2 Div,0.6,49,6.5,0,0,2002,24,False
1906152,Juan Sebastián Peña Bermúdez,15,M,False,931046400,Leones FC,Atlético Cali,89362,89372,away,15415174,03/03/2026,Colombia 2 Div,0.6,66,7.2,0,0,1999,27,False
1904871,Leyner David Palacios Cordoba,11,M,False,1070755200,Leones FC,Atlético Cali,89362,89372,away,15415174,03/03/2026,Colombia 2 Div,0.6,90,6.7,0,0,2003,23,True
2260253,Dayan  Moreno,13,F,False,,Leones FC,Atlético Cali,89362,89372,away,15415174,03/03/2026,Colombia 2 Div,0.6,66,6.6,0,0,0,0,False
1906061,Juan David Ruiz Córdoba,20,M,True,1116374400,Leones FC,Atlético Cali,89362,89372,away,15415174,03/03/2026,Colombia 2 Div,0.6,51,6.8,0,0,2005,21,True
1933586,Camilo Andrés Gómez Fuentes,9,F,True,1010620800,Leones FC,Atlético Cali,89362,89372,away,15415174,03/03/2026,Colombia 2 Div,0.6,34,6.7,0,0,2002,24,False
2076799,Luis Ceballos,10,M,True,1093132800,Leones FC,Atlético Cali,89362,89372,away,15415174,03/03/2026,Colombia 2 Div,0.6,34,6.5,0,0,2004,22,True
2453430,Samuel Posada,26,M,True,,Leones FC,Atlético Cali,89362,89372,away,15415174,03/03/2026,Colombia 2 Div,0.6,34,6.9,0,0,0,0,False
2199734,Nicolas Restrepo,18,D,True,,Leones FC,Atlético Cali,89362,89372,away,15415174,03/03/2026,Colombia 2 Div,0.6,14,6.7,0,0,0,0,False
931709,Sebastián Guerra,1,G,False,978912000,Barranquilla FC,Unión Magdalena,89364,89376,home,15415177,04/03/2026,Colombia 2 Div,0.6,90,6.7,0,0,2001,25,False
1831288,Edmilson Herazo,4,D,False,1221782400,Barranquilla FC,Unión Magdalena,89364,89376,home,15415177,04/03/2026,Colombia 2 Div,0.6,49,6.0,0,0,2008,18,True
2288872,Omar Cassiani,3,D,False,,Barranquilla FC,Unión Magdalena,89364,89376,home,15415177,04/03/2026,Colombia 2 Div,0.6,90,6.0,0,0,0,0,False
1899906,Miguel Agamez,16,D,False,1242345600,Barranquilla FC,Unión Magdalena,89364,89376,home,15415177,04/03/2026,Colombia 2 Div,0.6,49,6.9,0,0,2009,17,True
2452201,Jhon Alexander Riascos Cuero,35,D,False,1239926400,Barranquilla FC,Unión Magdalena,89364,89376,home,15415177,04/03/2026,Colombia 2 Div,0.6,49,6.1,0,0,2009,17,True
1906056,Javier Arturo Ortíz Fernández,10,M,False,1082073600,Barranquilla FC,Unión Magdalena,89364,89376,home,15415177,04/03/2026,Colombia 2 Div,0.6,84,6.8,0,0,2004,22,True
1899908,Philippe Oviedo,23,M,False,1193702400,Barranquilla FC,Unión Magdalena,89364,89376,home,15415177,04/03/2026,Colombia 2 Div,0.6,90,6.2,0,0,2007,19,True
1916250,Y Garcia,17,M,False,,Barranquilla FC,Unión Magdalena,89364,89376,home,15415177,04/03/2026,Colombia 2 Div,0.6,90,8.1,0,0,0,0,False
2196287,Alberto Orozco,21,M,False,,Barranquilla FC,Unión Magdalena,89364,89376,home,15415177,04/03/2026,Colombia 2 Div,0.6,84,6.8,0,0,0,0,False
2052685,Darwin Torres,7,M,False,1213488000,Barranquilla FC,Unión Magdalena,89364,89376,home,15415177,04/03/2026,Colombia 2 Div,0.6,90,6.9,0,0,2008,18,True
2196288,Cristian David Peñate Mercado,19,F,False,,Barranquilla FC,Unión Magdalena,89364,89376,home,15415177,04/03/2026,Colombia 2 Div,0.6,90,7.1,1,0,0,0,False
2199647,Fabian  Correa,27,D,True,,Barranquilla FC,Unión Magdalena,89364,89376,home,15415177,04/03/2026,Colombia 2 Div,0.6,51,6.3,0,0,0,0,False
1899899,Jhon Jarry Cortez Caldas,20,D,True,,Barranquilla FC,Unión Magdalena,89364,89376,home,15415177,04/03/2026,Colombia 2 Div,0.6,51,6.7,0,0,0,0,False
1909790,William Mosquera Borja,14,D,True,1105228800,Barranquilla FC,Unión Magdalena,89364,89376,home,15415177,04/03/2026,Colombia 2 Div,0.6,51,6.6,0,0,2005,21,True
2041204,Mohamed Bolivar,8,M,True,,Barranquilla FC,Unión Magdalena,89364,89376,home,15415177,04/03/2026,Colombia 2 Div,0.6,17,6.9,0,0,0,0,False
2441833,Sebastian Borja,15,M,True,,Barranquilla FC,Unión Magdalena,89364,89376,home,15415177,04/03/2026,Colombia 2 Div,0.6,17,6.8,0,0,0,0,False
829963,Victor Cabezas,1,G,False,878428800,Unión Magdalena,Barranquilla FC,89376,89364,away,15415177,04/03/2026,Colombia 2 Div,0.6,90,7.2,0,0,1997,29,False
1470050,Daniel Mera,3,D,False,945734400,Unión Magdalena,Barranquilla FC,89376,89364,away,15415177,04/03/2026,Colombia 2 Div,0.6,90,6.8,0,1,1999,27,False
1906181,Freddy Enrique Molina Salcedo,18,D,False,1072915200,Unión Magdalena,Barranquilla FC,89376,89364,away,15415177,04/03/2026,Colombia 2 Div,0.6,90,7.1,0,0,2004,22,True
2183867,Jesus Peñaloza,5,D,False,1217548800,Unión Magdalena,Barranquilla FC,89376,89364,away,15415177,04/03/2026,Colombia 2 Div,0.6,90,7.3,0,0,2008,18,True
1562436,Juan Vásquez,20,D,False,928281600,Unión Magdalena,Barranquilla FC,89376,89364,away,15415177,04/03/2026,Colombia 2 Div,0.6,90,7.1,0,0,1999,27,False
1414729,Jhon Lerma,27,M,False,1041379200,Unión Magdalena,Barranquilla FC,89376,89364,away,15415177,04/03/2026,Colombia 2 Div,0.6,78,6.4,0,0,2003,23,True
975077,Jimmy Congo,23,M,False,920160000,Unión Magdalena,Barranquilla FC,89376,89364,away,15415177,04/03/2026,Colombia 2 Div,0.6,90,6.9,0,1,1999,27,False
1201151,José Mercado,10,M,False,1061424000,Unión Magdalena,Barranquilla FC,89376,89364,away,15415177,04/03/2026,Colombia 2 Div,0.6,83,6.9,0,0,2003,23,True
1836596,Gabriel Arrieta,17,M,False,1137196800,Unión Magdalena,Barranquilla FC,89376,89364,away,15415177,04/03/2026,Colombia 2 Div,0.6,78,6.6,0,0,2006,20,True
2172102,Cristian Iguarán,9,M,False,1118534400,Unión Magdalena,Barranquilla FC,89376,89364,away,15415177,04/03/2026,Colombia 2 Div,0.6,49,6.5,0,0,2005,21,True
1906041,Andrés Lorenzo Carreño Zambrano,7,F,False,1052092800,Unión Magdalena,Barranquilla FC,89376,89364,away,15415177,04/03/2026,Colombia 2 Div,0.6,90,9.1,3,0,2003,23,True
873789,Juan Diego Giraldo,22,M,True,869356800,Unión Magdalena,Barranquilla FC,89376,89364,away,15415177,04/03/2026,Colombia 2 Div,0.6,51,6.3,0,0,1997,29,False
841082,Hugo Palacios,11,M,True,851644800,Unión Magdalena,Barranquilla FC,89376,89364,away,15415177,04/03/2026,Colombia 2 Div,0.6,23,6.8,0,0,1996,30,False
1906109,Jhoan Alberto Pinto Gámez,14,M,True,1121990400,Unión Magdalena,Barranquilla FC,89376,89364,away,15415177,04/03/2026,Colombia 2 Div,0.6,23,6.5,0,0,2005,21,True
2441820,Oscar Daniel Surmay Vasquez,16,M,True,1163030400,Unión Magdalena,Barranquilla FC,89376,89364,away,15415177,04/03/2026,Colombia 2 Div,0.6,17,6.8,0,0,2006,20,True
2441821,David Manuel Mojica Heredia,12,G,True,,Unión Magdalena,Barranquilla FC,89376,89364,away,15415177,04/03/2026,Colombia 2 Div,0.6,11,7.1,0,0,0,0,False
1139532,Jeison Méndez,22,G,False,966729600,Independiente Yumbo,Bogotá FC,1166437,89352,home,15415176,05/03/2026,Colombia 2 Div,0.6,90,7.6,0,0,2000,26,False
1065364,José Ampudia,27,D,False,954288000,Independiente Yumbo,Bogotá FC,1166437,89352,home,15415176,05/03/2026,Colombia 2 Div,0.6,90,6.2,0,0,2000,26,False
1904102,Jesús Rodríguez,21,D,False,1140912000,Independiente Yumbo,Bogotá FC,1166437,89352,home,15415176,05/03/2026,Colombia 2 Div,0.6,48,6.7,0,0,2006,20,True
2087280,Dani Jose Ferrer,3,D,False,1163289600,Independiente Yumbo,Bogotá FC,1166437,89352,home,15415176,05/03/2026,Colombia 2 Div,0.6,90,7.1,0,0,2006,20,True
2113985,Oscar Vivas,18,D,False,1132963200,Independiente Yumbo,Bogotá FC,1166437,89352,home,15415176,05/03/2026,Colombia 2 Div,0.6,48,6.6,0,0,2005,21,True
2189028,Johan Murillo,31,D,False,1005264000,Independiente Yumbo,Bogotá FC,1166437,89352,home,15415176,05/03/2026,Colombia 2 Div,0.6,90,6.8,0,0,2001,25,False
1174856,Jesús Díaz,5,M,False,1084492800,Independiente Yumbo,Bogotá FC,1166437,89352,home,15415176,05/03/2026,Colombia 2 Div,0.6,90,6.3,0,0,2004,22,True
1904861,José Ordoñez,14,M,False,1080518400,Independiente Yumbo,Bogotá FC,1166437,89352,home,15415176,05/03/2026,Colombia 2 Div,0.6,90,6.7,0,0,2004,22,True
1478287,David Villa,16,M,False,1014595200,Independiente Yumbo,Bogotá FC,1166437,89352,home,15415176,05/03/2026,Colombia 2 Div,0.6,83,6.5,0,0,2002,24,False
1902547,Tomás Andrés Díaz Carabali,8,F,False,1127606400,Independiente Yumbo,Bogotá FC,1166437,89352,home,15415176,05/03/2026,Colombia 2 Div,0.6,78,6.7,1,0,2005,21,True
1108985,Lucas Guillermo Farías,11,F,False,783734400,Independiente Yumbo,Bogotá FC,1166437,89352,home,15415176,05/03/2026,Colombia 2 Div,0.6,69,6.5,0,0,1994,32,False
2455148,Johan Sebastian Perdomo Mallungo,15,D,True,,Independiente Yumbo,Bogotá FC,1166437,89352,home,15415176,05/03/2026,Colombia 2 Div,0.6,52,6.7,0,0,0,0,False
1906084,Heyder De Arco,34,D,True,1120348800,Independiente Yumbo,Bogotá FC,1166437,89352,home,15415176,05/03/2026,Colombia 2 Div,0.6,52,6.5,0,0,2005,21,True
2165058,Johan sebastian Alegria lopez,20,F,True,1186790400,Independiente Yumbo,Bogotá FC,1166437,89352,home,15415176,05/03/2026,Colombia 2 Div,0.6,31,6.4,0,0,2007,19,True
1902548,Maicol  Sequeda Arroyo,19,F,True,1044230400,Independiente Yumbo,Bogotá FC,1166437,89352,home,15415176,05/03/2026,Colombia 2 Div,0.6,22,6.4,0,0,2003,23,True
107237,Sebastián Hernández,7,M,True,528595200,Independiente Yumbo,Bogotá FC,1166437,89352,home,15415176,05/03/2026,Colombia 2 Div,0.6,17,6.7,0,0,1986,40,False
1137867,Alejandro Aguilar,29,G,False,1090627200,Bogotá FC,Independiente Yumbo,89352,1166437,away,15415176,05/03/2026,Colombia 2 Div,0.6,90,7.1,0,0,2004,22,True
2066124,Alejandro Restrepо,32,D,False,,Bogotá FC,Independiente Yumbo,89352,1166437,away,15415176,05/03/2026,Colombia 2 Div,0.6,90,7.2,0,0,0,0,False
2008383,Juan Alberto Sanchez,5,D,False,1043107200,Bogotá FC,Independiente Yumbo,89352,1166437,away,15415176,05/03/2026,Colombia 2 Div,0.6,90,7.1,0,0,2003,23,True
1831389,Sergio Díaz,3,D,False,1115942400,Bogotá FC,Independiente Yumbo,89352,1166437,away,15415176,05/03/2026,Colombia 2 Div,0.6,59,6.5,0,0,2005,21,True
1906137,Juan Camilo Moreno Abadía,13,D,False,1008201600,Bogotá FC,Independiente Yumbo,89352,1166437,away,15415176,05/03/2026,Colombia 2 Div,0.6,90,6.7,0,0,2001,25,False
1174174,Andrés Felipe Alfonso Ciprian,14,M,False,1107216000,Bogotá FC,Independiente Yumbo,89352,1166437,away,15415176,05/03/2026,Colombia 2 Div,0.6,90,7.5,0,0,2005,21,True
1800730,Jafe Perez,33,M,False,1107043200,Bogotá FC,Independiente Yumbo,89352,1166437,away,15415176,05/03/2026,Colombia 2 Div,0.6,90,7.0,0,0,2005,21,True
1175010,Kevin Castro,6,M,False,917827200,Bogotá FC,Independiente Yumbo,89352,1166437,away,15415176,05/03/2026,Colombia 2 Div,0.6,90,6.9,0,0,1999,27,False
1174901,Cristián Mosquera,7,M,False,976060800,Bogotá FC,Independiente Yumbo,89352,1166437,away,15415176,05/03/2026,Colombia 2 Div,0.6,69,6.8,0,0,2000,26,False
1900288,Brayan Castro,10,F,False,1011139200,Bogotá FC,Independiente Yumbo,89352,1166437,away,15415176,05/03/2026,Colombia 2 Div,0.6,59,6.9,0,0,2002,24,False
2113396,Harold Sandoval,11,F,False,996969600,Bogotá FC,Independiente Yumbo,89352,1166437,away,15415176,05/03/2026,Colombia 2 Div,0.6,90,6.5,0,0,2001,25,False
1175044,Diego Castillo,99,F,True,938649600,Bogotá FC,Independiente Yumbo,89352,1166437,away,15415176,05/03/2026,Colombia 2 Div,0.6,41,6.5,0,0,1999,27,False
2456090,Stiven Canizalez,36,D,True,,Bogotá FC,Independiente Yumbo,89352,1166437,away,15415176,05/03/2026,Colombia 2 Div,0.6,41,6.5,0,0,0,0,False
1980766,Brayan Johan Cuero Angulo,18,M,True,,Bogotá FC,Independiente Yumbo,89352,1166437,away,15415176,05/03/2026,Colombia 2 Div,0.6,31,6.1,0,0,0,0,False
1388644,Andrés Tovar,88,G,False,1143244800,Envigado FC,Boca Juniors de Cali,6114,89366,home,15415178,05/03/2026,Colombia 2 Div,0.6,90,7.1,0,0,2006,20,True
1465980,Steven Cuervo,15,D,False,998352000,Envigado FC,Boca Juniors de Cali,6114,89366,home,15415178,05/03/2026,Colombia 2 Div,0.6,90,6.8,0,0,2001,25,False
1414723,Jhon Gamboa,28,D,False,985046400,Envigado FC,Boca Juniors de Cali,6114,89366,home,15415178,05/03/2026,Colombia 2 Div,0.6,90,7.2,0,0,2001,25,False
1647753,Didier Palacios,2,D,False,1086220800,Envigado FC,Boca Juniors de Cali,6114,89366,home,15415178,05/03/2026,Colombia 2 Div,0.6,90,7.5,0,0,2004,22,True
2063961,Emanuel Londoño,33,D,False,1129593600,Envigado FC,Boca Juniors de Cali,6114,89366,home,15415178,05/03/2026,Colombia 2 Div,0.6,78,7.1,0,0,2005,21,True
941672,Edison López,21,M,False,940377600,Envigado FC,Boca Juniors de Cali,6114,89366,home,15415178,05/03/2026,Colombia 2 Div,0.6,90,7.4,0,0,1999,27,False
1113527,Julián Palacios,6,M,False,1060214400,Envigado FC,Boca Juniors de Cali,6114,89366,home,15415178,05/03/2026,Colombia 2 Div,0.6,90,7.1,0,0,2003,23,True
926426,Stiwart Acuña,19,M,False,918259200,Envigado FC,Boca Juniors de Cali,6114,89366,home,15415178,05/03/2026,Colombia 2 Div,0.6,65,6.5,0,0,1999,27,False
1831399,Nilzo Ramírez,16,M,False,1115078400,Envigado FC,Boca Juniors de Cali,6114,89366,home,15415178,05/03/2026,Colombia 2 Div,0.6,65,7.3,0,0,2005,21,True
2048967,Didier Dawson,7,M,False,1128902400,Envigado FC,Boca Juniors de Cali,6114,89366,home,15415178,05/03/2026,Colombia 2 Div,0.6,87,7.2,0,1,2005,21,True
2442854,Miguel Angel Marulanda Ramirez,9,F,False,,Envigado FC,Boca Juniors de Cali,6114,89366,home,15415178,05/03/2026,Colombia 2 Div,0.6,78,7.5,1,0,0,0,False
1388634,Rubio España,8,M,True,1073779200,Envigado FC,Boca Juniors de Cali,6114,89366,home,15415178,05/03/2026,Colombia 2 Div,0.6,33,7.0,0,0,2004,22,True
1388637,Tomás Soto,13,M,True,1097539200,Envigado FC,Boca Juniors de Cali,6114,89366,home,15415178,05/03/2026,Colombia 2 Div,0.6,33,6.3,0,0,2004,22,True
2125636,Juan Quejada,27,D,True,1159315200,Envigado FC,Boca Juniors de Cali,6114,89366,home,15415178,05/03/2026,Colombia 2 Div,0.6,20,6.4,0,0,2006,20,True
825699,Jesus Hernandez,23,F,True,726278400,Envigado FC,Boca Juniors de Cali,6114,89366,home,15415178,05/03/2026,Colombia 2 Div,0.6,20,6.4,0,0,1993,33,False
1175146,Leandro Angulo,25,M,True,999734400,Envigado FC,Boca Juniors de Cali,6114,89366,home,15415178,05/03/2026,Colombia 2 Div,0.6,11,6.5,0,0,2001,25,False
1478215,Euler Obando,12,G,False,1013644800,Boca Juniors de Cali,Envigado FC,89366,6114,away,15415178,05/03/2026,Colombia 2 Div,0.6,90,7.9,0,0,2002,24,False
2196228,Heiner Stiven Mosquera Arboleda,18,D,False,,Boca Juniors de Cali,Envigado FC,89366,6114,away,15415178,05/03/2026,Colombia 2 Div,0.6,90,6.7,0,0,0,0,False
1906021,Milton Yasert Andrade Morán,20,D,False,1050796800,Boca Juniors de Cali,Envigado FC,89366,6114,away,15415178,05/03/2026,Colombia 2 Div,0.6,90,7.0,0,0,2003,23,True
2494856,Juan Gabriel Montaño Rosales,2,D,False,738201600,Boca Juniors de Cali,Envigado FC,89366,6114,away,15415178,05/03/2026,Colombia 2 Div,0.6,90,7.3,0,0,1993,33,False
2042121,Didier Fabián Henao Beitar,11,D,False,1205020800,Boca Juniors de Cali,Envigado FC,89366,6114,away,15415178,05/03/2026,Colombia 2 Div,0.6,68,7.0,0,0,2008,18,True
1175134,Hermes Angulo,5,M,False,958435200,Boca Juniors de Cali,Envigado FC,89366,6114,away,15415178,05/03/2026,Colombia 2 Div,0.6,90,6.8,0,0,2000,26,False
2223070,Camilo  Yepes,19,M,False,,Boca Juniors de Cali,Envigado FC,89366,6114,away,15415178,05/03/2026,Colombia 2 Div,0.6,47,6.9,0,0,0,0,False
1906133,Luis Alberto Pérez Villar,6,M,False,1051228800,Boca Juniors de Cali,Envigado FC,89366,6114,away,15415178,05/03/2026,Colombia 2 Div,0.6,90,6.6,0,0,2003,23,True
1977823,Harold Ortiz,26,M,False,1078963200,Boca Juniors de Cali,Envigado FC,89366,6114,away,15415178,05/03/2026,Colombia 2 Div,0.6,90,6.5,0,0,2004,22,True
2453443,Pablo Urrutia,21,M,False,926380800,Boca Juniors de Cali,Envigado FC,89366,6114,away,15415178,05/03/2026,Colombia 2 Div,0.6,90,7.1,0,0,1999,27,False
311614,Juan Fernando Caicedo,9,F,False,616291200,Boca Juniors de Cali,Envigado FC,89366,6114,away,15415178,05/03/2026,Colombia 2 Div,0.6,85,6.5,0,0,1989,37,False
1478220,Jean Vallejo,8,M,True,1047513600,Boca Juniors de Cali,Envigado FC,89366,6114,away,15415178,05/03/2026,Colombia 2 Div,0.6,51,6.7,0,0,2003,23,True
312306,Harold Reina,17,F,True,648259200,Boca Juniors de Cali,Envigado FC,89366,6114,away,15415178,05/03/2026,Colombia 2 Div,0.6,30,6.5,0,0,1990,36,False
2297447,Julian Vasco,25,M,True,,Boca Juniors de Cali,Envigado FC,89366,6114,away,15415178,05/03/2026,Colombia 2 Div,0.6,13,6.4,0,0,0,0,False
2199645,Francisco Nagles,13,D,True,,Boca Juniors de Cali,Envigado FC,89366,6114,away,15415178,05/03/2026,Colombia 2 Div,0.6,2,0.0,0,0,0,0,False
1125100,Jaime Mora,1,G,False,866073600,Real Santander,Deportes Quindío,89358,6110,home,15415175,05/03/2026,Colombia 2 Div,0.6,90,6.5,0,0,1997,29,False
1902433,Néstor Camilo Durán Rueda,3,D,False,1102723200,Real Santander,Deportes Quindío,89358,6110,home,15415175,05/03/2026,Colombia 2 Div,0.6,90,6.5,0,0,2004,22,True
2048018,Juan Pablo García Habib,14,D,False,1116374400,Real Santander,Deportes Quindío,89358,6110,home,15415175,05/03/2026,Colombia 2 Div,0.6,90,6.4,0,0,2005,21,True
1913838,Yeison Alejandro Castillo Caicedo,13,D,False,1148860800,Real Santander,Deportes Quindío,89358,6110,home,15415175,05/03/2026,Colombia 2 Div,0.6,90,6.0,0,0,2006,20,True
2235280,Brandon Moreno Silva,23,M,False,,Real Santander,Deportes Quindío,89358,6110,home,15415175,05/03/2026,Colombia 2 Div,0.6,9,6.5,0,0,0,0,False
1906080,Jorge Enrique Pérez Bohórquez,30,M,False,1160697600,Real Santander,Deportes Quindío,89358,6110,home,15415175,05/03/2026,Colombia 2 Div,0.6,49,6.2,0,0,2006,20,True
2126508,Luis Alejandro Rangel Hernández,24,M,False,1044230400,Real Santander,Deportes Quindío,89358,6110,home,15415175,05/03/2026,Colombia 2 Div,0.6,90,7.6,0,0,2003,23,True
1807595,Michell Perez,11,M,False,1103414400,Real Santander,Deportes Quindío,89358,6110,home,15415175,05/03/2026,Colombia 2 Div,0.6,90,6.3,0,0,2004,22,True
1902425,Alex Santiago Segura Silva,25,F,False,1049932800,Real Santander,Deportes Quindío,89358,6110,home,15415175,05/03/2026,Colombia 2 Div,0.6,49,6.8,0,0,2003,23,True
1653106,Santiago Rey Castellanos,9,F,False,1094774400,Real Santander,Deportes Quindío,89358,6110,home,15415175,05/03/2026,Colombia 2 Div,0.6,74,6.4,0,0,2004,22,True
1829051,Duván Ruiz,6,F,False,1052870400,Real Santander,Deportes Quindío,89358,6110,home,15415175,05/03/2026,Colombia 2 Div,0.6,63,6.9,0,0,2003,23,True
2048019,Harlem Salas,20,M,True,947721600,Real Santander,Deportes Quindío,89358,6110,home,15415175,05/03/2026,Colombia 2 Div,0.6,90,7.2,0,0,2000,26,False
1175065,Faiber Mendoza,10,M,True,988156800,Real Santander,Deportes Quindío,89358,6110,home,15415175,05/03/2026,Colombia 2 Div,0.6,52,7.5,1,0,2001,25,False
1906067,Juan David Guillen Sánchez,27,F,True,1137369600,Real Santander,Deportes Quindío,89358,6110,home,15415175,05/03/2026,Colombia 2 Div,0.6,52,6.6,0,0,2006,20,True
1427847,Dilan Tapia,31,F,True,1051747200,Real Santander,Deportes Quindío,89358,6110,home,15415175,05/03/2026,Colombia 2 Div,0.6,38,6.6,0,0,2003,23,True
1478327,Junior Garcia Yusty,8,F,True,1093996800,Real Santander,Deportes Quindío,89358,6110,home,15415175,05/03/2026,Colombia 2 Div,0.6,27,6.7,0,0,2004,22,True
925369,Sergio Pabon,12,G,False,830131200,Deportes Quindío,Real Santander,6110,89358,away,15415175,05/03/2026,Colombia 2 Div,0.6,90,7.2,0,0,1996,30,False
2164872,Jaminson Ricar,17,D,False,1000166400,Deportes Quindío,Real Santander,6110,89358,away,15415175,05/03/2026,Colombia 2 Div,0.6,54,5.6,0,0,2001,25,False
882747,Juan Ocampo,20,D,False,919296000,Deportes Quindío,Real Santander,6110,89358,away,15415175,05/03/2026,Colombia 2 Div,0.6,90,6.5,0,0,1999,27,False
2489186,Moran Mosquera    Luis Rodrigo,14,D,False,,Deportes Quindío,Real Santander,6110,89358,away,15415175,05/03/2026,Colombia 2 Div,0.6,90,6.6,0,0,0,0,False
1385904,Rodrigo Marin,19,D,False,982627200,Deportes Quindío,Real Santander,6110,89358,away,15415175,05/03/2026,Colombia 2 Div,0.6,90,6.5,0,0,2001,25,False
1175148,Ronald Angulo,29,M,False,995673600,Deportes Quindío,Real Santander,6110,89358,away,15415175,05/03/2026,Colombia 2 Div,0.6,90,6.9,0,0,2001,25,False
2169675,Juan David Cordoba,21,M,False,,Deportes Quindío,Real Santander,6110,89358,away,15415175,05/03/2026,Colombia 2 Div,0.6,71,6.7,0,0,0,0,False
870362,Santiago Roa,5,M,False,812764800,Deportes Quindío,Real Santander,6110,89358,away,15415175,05/03/2026,Colombia 2 Div,0.6,90,6.2,0,0,1995,31,False
560428,Joao Rodríguez,9,M,False,832464000,Deportes Quindío,Real Santander,6110,89358,away,15415175,05/03/2026,Colombia 2 Div,0.6,90,8.6,1,0,1996,30,False
543976,José Lloreda,7,F,False,776649600,Deportes Quindío,Real Santander,6110,89358,away,15415175,05/03/2026,Colombia 2 Div,0.6,80,7.7,1,0,1994,32,False
1190683,Andres Felipe Carabali,25,F,False,878083200,Deportes Quindío,Real Santander,6110,89358,away,15415175,05/03/2026,Colombia 2 Div,0.6,71,6.6,0,0,1997,29,False
992613,Yosimarc Torres,16,M,True,917827200,Deportes Quindío,Real Santander,6110,89358,away,15415175,05/03/2026,Colombia 2 Div,0.6,30,6.6,0,0,1999,27,False
1902499,Eduardo Jose Esterilla Lino,23,F,True,,Deportes Quindío,Real Santander,6110,89358,away,15415175,05/03/2026,Colombia 2 Div,0.6,30,6.9,0,0,0,0,False
2212603,Juan Pablo  Ibargüen,24,M,True,,Deportes Quindío,Real Santander,6110,89358,away,15415175,05/03/2026,Colombia 2 Div,0.6,21,6.3,0,0,0,0,False
818989,Martín Payares,22,M,True,796176000,Deportes Quindío,Real Santander,6110,89358,away,15415175,05/03/2026,Colombia 2 Div,0.6,11,6.5,0,0,1995,31,False
2461844,Mateo Valencia Gómez,33,G,False,1073692800,Real Cundinamarca,Internacional de Palmira,484422,39866,home,15415179,05/03/2026,Colombia 2 Div,0.6,90,6.8,0,0,2004,22,True
2018803,Edwin Cabezas,5,D,False,1114560000,Real Cundinamarca,Internacional de Palmira,484422,39866,home,15415179,05/03/2026,Colombia 2 Div,0.6,72,7.0,0,0,2005,21,True
1478297,Fabian Cuero,30,D,False,978652800,Real Cundinamarca,Internacional de Palmira,484422,39866,home,15415179,05/03/2026,Colombia 2 Div,0.6,90,6.8,0,0,2001,25,False
1906031,John Suaza,2,D,False,1026345600,Real Cundinamarca,Internacional de Palmira,484422,39866,home,15415179,05/03/2026,Colombia 2 Div,0.6,90,6.2,0,0,2002,24,False
2152412,Jhon Mario Cortes Balanta,19,D,False,1078099200,Real Cundinamarca,Internacional de Palmira,484422,39866,home,15415179,05/03/2026,Colombia 2 Div,0.6,90,7.1,0,1,2004,22,True
2041502,Carlos Jhoanny Gómez García,8,M,False,1099526400,Real Cundinamarca,Internacional de Palmira,484422,39866,home,15415179,05/03/2026,Colombia 2 Div,0.6,77,7.5,0,0,2004,22,True
2199543,Jorge Mendoza,24,M,False,,Real Cundinamarca,Internacional de Palmira,484422,39866,home,15415179,05/03/2026,Colombia 2 Div,0.6,62,6.6,0,0,0,0,False
1654460,Jhojan Amaya,27,M,False,1143849600,Real Cundinamarca,Internacional de Palmira,484422,39866,home,15415179,05/03/2026,Colombia 2 Div,0.6,90,8.4,1,0,2006,20,True
1174870,Onel Acosta,20,M,False,948067200,Real Cundinamarca,Internacional de Palmira,484422,39866,home,15415179,05/03/2026,Colombia 2 Div,0.6,90,8.0,0,0,2000,26,False
1385943,Kleiton Cuellar,17,M,False,1077753600,Real Cundinamarca,Internacional de Palmira,484422,39866,home,15415179,05/03/2026,Colombia 2 Div,0.6,72,7.2,0,0,2004,22,True
935691,Juan Jose Salcedo Villadiego,7,F,False,738460800,Real Cundinamarca,Internacional de Palmira,484422,39866,home,15415179,05/03/2026,Colombia 2 Div,0.6,90,6.7,0,0,1993,33,False
2453287,Kaleth Zavala,14,M,True,,Real Cundinamarca,Internacional de Palmira,484422,39866,home,15415179,05/03/2026,Colombia 2 Div,0.6,42,7.3,1,0,0,0,False
2464432,Juan Jeronimo Alba Quintero,21,M,True,1114214400,Real Cundinamarca,Internacional de Palmira,484422,39866,home,15415179,05/03/2026,Colombia 2 Div,0.6,32,7.1,0,0,2005,21,True
1871926,Yeiler Banguero,11,M,True,1085702400,Real Cundinamarca,Internacional de Palmira,484422,39866,home,15415179,05/03/2026,Colombia 2 Div,0.6,32,6.8,0,0,2004,22,True
1900297,Leonel Ancisar Obregón Barreiro,18,M,True,1113523200,Real Cundinamarca,Internacional de Palmira,484422,39866,home,15415179,05/03/2026,Colombia 2 Div,0.6,26,6.6,0,0,2005,21,True
339369,William Cuesta,22,G,False,730080000,Internacional de Palmira,Real Cundinamarca,39866,484422,away,15415179,05/03/2026,Colombia 2 Div,0.6,90,7.7,0,0,1993,33,False
2076899,Jhonatan David  Popo Charrupi,31,D,False,,Internacional de Palmira,Real Cundinamarca,39866,484422,away,15415179,05/03/2026,Colombia 2 Div,0.6,90,6.4,0,0,0,0,False
1174007,Jaison Mina,30,D,False,949104000,Internacional de Palmira,Real Cundinamarca,39866,484422,away,15415179,05/03/2026,Colombia 2 Div,0.6,90,6.9,0,0,2000,26,False
1130277,Carlos Ramirez,29,D,False,578448000,Internacional de Palmira,Real Cundinamarca,39866,484422,away,15415179,05/03/2026,Colombia 2 Div,0.6,90,6.7,0,0,1988,38,False
1901823,Erik Preciado Montano,34,D,False,1074988800,Internacional de Palmira,Real Cundinamarca,39866,484422,away,15415179,05/03/2026,Colombia 2 Div,0.6,84,6.9,0,0,2004,22,True
869991,Harlin Suárez,80,M,False,772761600,Internacional de Palmira,Real Cundinamarca,39866,484422,away,15415179,05/03/2026,Colombia 2 Div,0.6,90,6.4,0,0,1994,32,False
1478206,David Orozco,14,M,False,814233600,Internacional de Palmira,Real Cundinamarca,39866,484422,away,15415179,05/03/2026,Colombia 2 Div,0.6,90,6.5,0,0,1995,31,False
1839558,Kener González,19,M,False,1128470400,Internacional de Palmira,Real Cundinamarca,39866,484422,away,15415179,05/03/2026,Colombia 2 Div,0.6,51,7.0,1,0,2005,21,True
1901095,Carlos Andres  Franco Bustillo,8,M,False,1074384000,Internacional de Palmira,Real Cundinamarca,39866,484422,away,15415179,05/03/2026,Colombia 2 Div,0.6,74,6.8,0,0,2004,22,True
591682,Jhon Mosquera,18,M,False,644630400,Internacional de Palmira,Real Cundinamarca,39866,484422,away,15415179,05/03/2026,Colombia 2 Div,0.6,68,7.2,0,0,1990,36,False
1173565,Ramiro Brochero,9,F,False,952214400,Internacional de Palmira,Real Cundinamarca,39866,484422,away,15415179,05/03/2026,Colombia 2 Div,0.6,68,7.8,1,1,2000,26,False
1174613,Kevin Padilla Madrid,11,M,True,988329600,Internacional de Palmira,Real Cundinamarca,39866,484422,away,15415179,05/03/2026,Colombia 2 Div,0.6,52,6.5,0,0,2001,25,False
931699,Jacobo Abonía,28,D,True,891734400,Internacional de Palmira,Real Cundinamarca,39866,484422,away,15415179,05/03/2026,Colombia 2 Div,0.6,35,6.4,0,0,1998,28,False
829958,Jown Cardona,10,F,True,789609600,Internacional de Palmira,Real Cundinamarca,39866,484422,away,15415179,05/03/2026,Colombia 2 Div,0.6,35,6.6,0,0,1995,31,False
1174853,Jhon Velez,6,M,True,1059091200,Internacional de Palmira,Real Cundinamarca,39866,484422,away,15415179,05/03/2026,Colombia 2 Div,0.6,30,6.4,0,0,2003,23,True
2441835,Jaider Moreno Sinisterra,21,F,True,1084147200,Internacional de Palmira,Real Cundinamarca,39866,484422,away,15415179,05/03/2026,Colombia 2 Div,0.6,20,6.5,0,0,2004,22,True
2041506,Victor Brid,12,G,False,972432000,Tigres FC,Patriotas Boyacá,89354,61504,home,15415181,06/03/2026,Colombia 2 Div,0.6,90,7.0,0,0,2000,26,False
2451713,Juan Camilo Quiñones Cuellar,15,D,False,1126656000,Tigres FC,Patriotas Boyacá,89354,61504,home,15415181,06/03/2026,Colombia 2 Div,0.6,79,6.4,0,0,2005,21,True
1899911,Samuel  Flórez,2,D,False,1139184000,Tigres FC,Patriotas Boyacá,89354,61504,home,15415181,06/03/2026,Colombia 2 Div,0.6,90,6.8,0,0,2006,20,True
1478256,Omar Preciado,27,D,False,938736000,Tigres FC,Patriotas Boyacá,89354,61504,home,15415181,06/03/2026,Colombia 2 Div,0.6,90,7.2,0,0,1999,27,False
1100612,Duván Viáfara,18,D,False,903571200,Tigres FC,Patriotas Boyacá,89354,61504,home,15415181,06/03/2026,Colombia 2 Div,0.6,79,6.6,0,0,1998,28,False
1466254,Jesús Cano,3,D,False,897350400,Tigres FC,Patriotas Boyacá,89354,61504,home,15415181,06/03/2026,Colombia 2 Div,0.6,79,6.7,0,0,1998,28,False
1809575,Andrés Cuadros,13,M,False,949881600,Tigres FC,Patriotas Boyacá,89354,61504,home,15415181,06/03/2026,Colombia 2 Div,0.6,89,7.5,0,0,2000,26,False
2057372,Brandon Mejía,8,M,False,1136246400,Tigres FC,Patriotas Boyacá,89354,61504,home,15415181,06/03/2026,Colombia 2 Div,0.6,90,6.7,0,0,2006,20,True
1906127,Kevin Estiven Mosquera Urrutia,10,M,False,1081296000,Tigres FC,Patriotas Boyacá,89354,61504,home,15415181,06/03/2026,Colombia 2 Div,0.6,64,6.6,0,0,2004,22,True
1478337,Luis Palacios,11,F,False,1096848000,Tigres FC,Patriotas Boyacá,89354,61504,home,15415181,06/03/2026,Colombia 2 Div,0.6,90,7.4,1,0,2004,22,True
930209,Orles Aragón,9,F,False,866246400,Tigres FC,Patriotas Boyacá,89354,61504,home,15415181,06/03/2026,Colombia 2 Div,0.6,90,6.7,0,0,1997,29,False
2210473,Juan Hincapie,7,M,True,,Tigres FC,Patriotas Boyacá,89354,61504,home,15415181,06/03/2026,Colombia 2 Div,0.6,38,7.0,0,0,0,0,False
1994982,Enmanuel Arrechea,19,D,True,1115424000,Tigres FC,Patriotas Boyacá,89354,61504,home,15415181,06/03/2026,Colombia 2 Div,0.6,22,6.5,0,0,2005,21,True
1116341,Ricardo Rosales,30,D,True,980899200,Tigres FC,Patriotas Boyacá,89354,61504,home,15415181,06/03/2026,Colombia 2 Div,0.6,22,7.2,0,0,2001,25,False
1902424,Ghilbert Mateo Parra Mosquera,26,M,True,1019692800,Tigres FC,Patriotas Boyacá,89354,61504,home,15415181,06/03/2026,Colombia 2 Div,0.6,22,6.7,0,0,2002,24,False
1561287,Miguel Alvarez,17,M,True,1033084800,Tigres FC,Patriotas Boyacá,89354,61504,home,15415181,06/03/2026,Colombia 2 Div,0.6,12,6.5,0,0,2002,24,False
981955,Juan Espitia,12,G,False,950486400,Patriotas Boyacá,Tigres FC,61504,89354,away,15415181,06/03/2026,Colombia 2 Div,0.6,90,7.1,0,0,2000,26,False
982125,Alexander Porras,22,D,False,935712000,Patriotas Boyacá,Tigres FC,61504,89354,away,15415181,06/03/2026,Colombia 2 Div,0.6,90,6.9,0,0,1999,27,False
1628438,Alexander Carabalí,2,D,False,1085184000,Patriotas Boyacá,Tigres FC,61504,89354,away,15415181,06/03/2026,Colombia 2 Div,0.6,90,7.2,0,0,2004,22,True
1470051,Darwin Palomeque,3,D,False,747619200,Patriotas Boyacá,Tigres FC,61504,89354,away,15415181,06/03/2026,Colombia 2 Div,0.6,90,6.5,0,0,1993,33,False
1902016,Hanser Angulo,17,D,False,1058400000,Patriotas Boyacá,Tigres FC,61504,89354,away,15415181,06/03/2026,Colombia 2 Div,0.6,90,5.9,0,0,2003,23,True
1855842,Santiago Mora,27,M,False,1205193600,Patriotas Boyacá,Tigres FC,61504,89354,away,15415181,06/03/2026,Colombia 2 Div,0.6,66,6.7,0,0,2008,18,True
842671,Kevin Salazar,5,M,False,879206400,Patriotas Boyacá,Tigres FC,61504,89354,away,15415181,06/03/2026,Colombia 2 Div,0.6,90,7.5,0,0,1997,29,False
924951,Freyn Figueroa,19,M,False,894931200,Patriotas Boyacá,Tigres FC,61504,89354,away,15415181,06/03/2026,Colombia 2 Div,0.6,90,7.3,0,0,1998,28,False
980934,Johan Campaña,7,M,False,1031529600,Patriotas Boyacá,Tigres FC,61504,89354,away,15415181,06/03/2026,Colombia 2 Div,0.6,66,6.5,0,0,2002,24,False
2039649,Kevin Andres Álvarez Carvajal,10,F,False,1105056000,Patriotas Boyacá,Tigres FC,61504,89354,away,15415181,06/03/2026,Colombia 2 Div,0.6,89,8.3,1,0,2005,21,True
819145,Michael Gómez,30,F,False,860112000,Patriotas Boyacá,Tigres FC,61504,89354,away,15415181,06/03/2026,Colombia 2 Div,0.6,66,6.3,0,0,1997,29,False
2039648,Jean Paul Angulo Quiñonez,18,M,True,1128988800,Patriotas Boyacá,Tigres FC,61504,89354,away,15415181,06/03/2026,Colombia 2 Div,0.6,36,6.4,0,0,2005,21,True
1902549,José David Montes Flórez,14,M,True,1102118400,Patriotas Boyacá,Tigres FC,61504,89354,away,15415181,06/03/2026,Colombia 2 Div,0.6,36,6.5,0,0,2004,22,True
1482348,Juan Esteban Sanchez,29,F,True,1161216000,Patriotas Boyacá,Tigres FC,61504,89354,away,15415181,06/03/2026,Colombia 2 Div,0.6,36,6.3,0,0,2006,20,True
934422,Juan Hurtado,4,M,True,895536000,Patriotas Boyacá,Tigres FC,61504,89354,away,15415181,06/03/2026,Colombia 2 Div,0.6,12,6.2,0,0,1998,28,False
1174957,Cesar Salguero,28,M,True,862185600,Patriotas Boyacá,Tigres FC,61504,89354,away,15415181,06/03/2026,Colombia 2 Div,0.6,7,0.0,0,0,1997,29,False
1174006,Guillermo Gómez,22,G,False,835920000,Real Cartagena,Orsomarso SC,6119,213490,home,15415180,07/03/2026,Colombia 2 Div,0.6,90,7.9,0,0,1996,30,False
2441838,Cristian Graciano Morales,26,D,False,1052784000,Real Cartagena,Orsomarso SC,6119,213490,home,15415180,07/03/2026,Colombia 2 Div,0.6,90,7.4,0,0,2003,23,True
974048,Ronaldo Lora,23,D,False,868665600,Real Cartagena,Orsomarso SC,6119,213490,home,15415180,07/03/2026,Colombia 2 Div,0.6,90,7.3,0,0,1997,29,False
2451049,Samuel Barco Maturana,4,D,False,1110326400,Real Cartagena,Orsomarso SC,6119,213490,home,15415180,07/03/2026,Colombia 2 Div,0.6,73,7.2,0,0,2005,21,True
1173418,Andrés Escobar,6,D,False,858816000,Real Cartagena,Orsomarso SC,6119,213490,home,15415180,07/03/2026,Colombia 2 Div,0.6,90,7.3,0,0,1997,29,False
947335,Didier Jair Pino Cordoba,14,M,False,808790400,Real Cartagena,Orsomarso SC,6119,213490,home,15415180,07/03/2026,Colombia 2 Div,0.6,80,6.4,0,0,1995,31,False
1478251,Luis Guevara,8,M,False,984268800,Real Cartagena,Orsomarso SC,6119,213490,home,15415180,07/03/2026,Colombia 2 Div,0.6,63,6.9,0,0,2001,25,False
924906,Álvaro Meléndez,27,M,False,854409600,Real Cartagena,Orsomarso SC,6119,213490,home,15415180,07/03/2026,Colombia 2 Div,0.6,73,7.4,0,1,1997,29,False
797479,Mauro Manotas,9,M,False,805766400,Real Cartagena,Orsomarso SC,6119,213490,home,15415180,07/03/2026,Colombia 2 Div,0.6,63,7.1,1,0,1995,31,False
1868528,Janeth Aleman Tapias,17,M,False,1022198400,Real Cartagena,Orsomarso SC,6119,213490,home,15415180,07/03/2026,Colombia 2 Div,0.6,90,7.6,0,1,2002,24,False
39981,Fredy Montero,10,F,False,554256000,Real Cartagena,Orsomarso SC,6119,213490,home,15415180,07/03/2026,Colombia 2 Div,0.6,90,9.8,2,1,1987,39,False
796511,Jarlan Barrera,7,M,True,811209600,Real Cartagena,Orsomarso SC,6119,213490,home,15415180,07/03/2026,Colombia 2 Div,0.6,36,8.4,1,1,1995,31,False
818908,Juan Rodríguez,21,M,True,717292800,Real Cartagena,Orsomarso SC,6119,213490,home,15415180,07/03/2026,Colombia 2 Div,0.6,36,7.1,0,0,1992,34,False
602184,Cristian Florez,15,D,True,788745600,Real Cartagena,Orsomarso SC,6119,213490,home,15415180,07/03/2026,Colombia 2 Div,0.6,26,6.6,0,0,1994,32,False
1175047,Jhojan Nieva,20,M,True,1040515200,Real Cartagena,Orsomarso SC,6119,213490,home,15415180,07/03/2026,Colombia 2 Div,0.6,26,6.5,0,0,2002,24,False
1809647,Jheison Solarte,5,M,True,983577600,Real Cartagena,Orsomarso SC,6119,213490,home,15415180,07/03/2026,Colombia 2 Div,0.6,19,6.6,0,0,2001,25,False
2452197,Johan Grisales Obando,12,G,False,1092355200,Orsomarso SC,Real Cartagena,213490,6119,away,15415180,07/03/2026,Colombia 2 Div,0.6,90,6.3,0,0,2004,22,True
1906069,Edwin Alexander Martínez González,14,D,False,1079654400,Orsomarso SC,Real Cartagena,213490,6119,away,15415180,07/03/2026,Colombia 2 Div,0.6,90,5.8,0,0,2004,22,True
1174884,Deivi Barrios,5,D,False,1080604800,Orsomarso SC,Real Cartagena,213490,6119,away,15415180,07/03/2026,Colombia 2 Div,0.6,90,6.5,0,0,2004,22,True
1065597,Juan Salinas,3,D,False,984441600,Orsomarso SC,Real Cartagena,213490,6119,away,15415180,07/03/2026,Colombia 2 Div,0.6,76,6.7,0,0,2001,25,False
1615047,Jhon Barreiro,13,D,False,1119571200,Orsomarso SC,Real Cartagena,213490,6119,away,15415180,07/03/2026,Colombia 2 Div,0.6,90,6.4,0,0,2005,21,True
2452199,Dennis Matamba,22,M,False,,Orsomarso SC,Real Cartagena,213490,6119,away,15415180,07/03/2026,Colombia 2 Div,0.6,29,6.0,0,0,0,0,False
2452184,Johan Parra,23,M,False,1095984000,Orsomarso SC,Real Cartagena,213490,6119,away,15415180,07/03/2026,Colombia 2 Div,0.6,29,6.4,0,0,2004,22,True
1808911,Santiago Agamez,6,M,False,1110758400,Orsomarso SC,Real Cartagena,213490,6119,away,15415180,07/03/2026,Colombia 2 Div,0.6,90,7.4,0,0,2005,21,True
1901814,Andres Ruíz,10,M,False,1102636800,Orsomarso SC,Real Cartagena,213490,6119,away,15415180,07/03/2026,Colombia 2 Div,0.6,90,6.3,0,0,2004,22,True
1901813,Luis Gómez,20,M,False,1083024000,Orsomarso SC,Real Cartagena,213490,6119,away,15415180,07/03/2026,Colombia 2 Div,0.6,76,6.4,0,0,2004,22,True
1174933,Sebastián Girado,7,F,False,1092182400,Orsomarso SC,Real Cartagena,213490,6119,away,15415180,07/03/2026,Colombia 2 Div,0.6,83,6.7,0,0,2004,22,True
2057321,Victor Lasso,4,D,True,1131062400,Orsomarso SC,Real Cartagena,213490,6119,away,15415180,07/03/2026,Colombia 2 Div,0.6,70,6.4,0,0,2005,21,True
2452195,Jose Carrasco Hernandez,17,M,True,,Orsomarso SC,Real Cartagena,213490,6119,away,15415180,07/03/2026,Colombia 2 Div,0.6,70,6.3,0,0,0,0,False
1906108,Jhonier David Zárante Bello,8,M,True,1182643200,Orsomarso SC,Real Cartagena,213490,6119,away,15415180,07/03/2026,Colombia 2 Div,0.6,24,6.2,0,0,2007,19,True
2452200,Javier Eder Torres,16,M,True,1256342400,Orsomarso SC,Real Cartagena,213490,6119,away,15415180,07/03/2026,Colombia 2 Div,0.6,24,6.4,0,0,2009,17,True
2457005,Sergio Martinez,29,F,True,,Orsomarso SC,Real Cartagena,213490,6119,away,15415180,07/03/2026,Colombia 2 Div,0.6,16,6.6,0,0,0,0,False
794897,Matheus Albino,12,G,False,791856000,CRB,Porto SC,22032,516524,home,15592343,04/03/2026,Copa Brasil,0.75,90,0.0,0,0,1995,31,False
981295,Diogo Hereda,32,D,False,906249600,CRB,Porto SC,22032,516524,home,15592343,04/03/2026,Copa Brasil,0.75,46,0.0,0,0,1998,28,False
312114,Bressan,14,D,False,726969600,CRB,Porto SC,22032,516524,home,15592343,04/03/2026,Copa Brasil,0.75,90,0.0,1,0,1993,33,False
1489426,Fabio Alemão,27,D,False,844732800,CRB,Porto SC,22032,516524,home,15592343,04/03/2026,Copa Brasil,0.75,90,0.0,0,0,1996,30,False
810689,Lucas Lovat,36,D,False,853286400,CRB,Porto SC,22032,516524,home,15592343,04/03/2026,Copa Brasil,0.75,62,0.0,0,0,1997,29,False
243185,Pedro Castro,11,M,False,728870400,CRB,Porto SC,22032,516524,home,15592343,04/03/2026,Copa Brasil,0.75,46,0.0,0,0,1993,33,False
840218,Danielzinho,10,M,False,821318400,CRB,Porto SC,22032,516524,home,15592343,04/03/2026,Copa Brasil,0.75,90,0.0,0,0,1996,30,False
869676,Crystopher,21,M,False,897177600,CRB,Porto SC,22032,516524,home,15592343,04/03/2026,Copa Brasil,0.75,90,0.0,0,0,1998,28,False
795035,Douglas Baggio,7,F,False,791683200,CRB,Porto SC,22032,516524,home,15592343,04/03/2026,Copa Brasil,0.75,90,0.0,1,0,1995,31,False
994017,Mikael,28,F,False,927849600,CRB,Porto SC,22032,516524,home,15592343,04/03/2026,Copa Brasil,0.75,74,0.0,1,0,1999,27,False
926786,Dadá Belmonte,97,F,False,855360000,CRB,Porto SC,22032,516524,home,15592343,04/03/2026,Copa Brasil,0.75,62,0.0,0,0,1997,29,False
985888,Weverton,42,D,True,929404800,CRB,Porto SC,22032,516524,home,15592343,04/03/2026,Copa Brasil,0.75,44,0.0,0,0,1999,27,False
1634144,Guilherme Estrella,14,M,True,1114128000,CRB,Porto SC,22032,516524,home,15592343,04/03/2026,Copa Brasil,0.75,44,0.0,0,0,2005,21,True
125034,Leo Campos,77,D,True,710121600,CRB,Porto SC,22032,516524,home,15592343,04/03/2026,Copa Brasil,0.75,28,0.0,0,0,1992,34,False
1018095,Guilherme Pato,11,M,True,982368000,CRB,Porto SC,22032,516524,home,15592343,04/03/2026,Copa Brasil,0.75,28,0.0,0,0,2001,25,False
291707,Luiz Phellype,19,F,True,749088000,CRB,Porto SC,22032,516524,home,15592343,04/03/2026,Copa Brasil,0.75,16,0.0,2,0,1993,33,False
840144,Matheus Cabral,1,G,False,902102400,Porto SC,CRB,516524,22032,away,15592343,04/03/2026,Copa Brasil,0.75,90,0.0,0,0,1998,28,False
2030032,Gabriel Saulo,2,D,False,989452800,Porto SC,CRB,516524,22032,away,15592343,04/03/2026,Copa Brasil,0.75,90,0.0,0,0,2001,25,False
985505,Anderson Bandeira,3,D,False,747878400,Porto SC,CRB,516524,22032,away,15592343,04/03/2026,Copa Brasil,0.75,90,0.0,0,0,1993,33,False
1016737,Breno Cézar,14,D,False,798422400,Porto SC,CRB,516524,22032,away,15592343,04/03/2026,Copa Brasil,0.75,90,0.0,0,0,1995,31,False
1102254,Peu,6,D,False,676080000,Porto SC,CRB,516524,22032,away,15592343,04/03/2026,Copa Brasil,0.75,90,0.0,0,0,1991,35,False
1105316,Adriano Napão,18,F,False,960768000,Porto SC,CRB,516524,22032,away,15592343,04/03/2026,Copa Brasil,0.75,90,0.0,0,0,2000,26,False
1148434,Ygor,5,M,False,1006560000,Porto SC,CRB,516524,22032,away,15592343,04/03/2026,Copa Brasil,0.75,55,0.0,0,0,2001,25,False
2030037,Bruno Ferreira,7,M,False,985046400,Porto SC,CRB,516524,22032,away,15592343,04/03/2026,Copa Brasil,0.75,38,0.0,0,0,2001,25,False
1515284,Luan Rodrigues,10,F,False,836611200,Porto SC,CRB,516524,22032,away,15592343,04/03/2026,Copa Brasil,0.75,56,0.0,0,0,1996,30,False
1631906,Kauan de Jesus Santos,25,,False,1108944000,Porto SC,CRB,516524,22032,away,15592343,04/03/2026,Copa Brasil,0.75,65,0.0,0,0,2005,21,True
2030033,Cleiton Diki,9,F,False,968284800,Porto SC,CRB,516524,22032,away,15592343,04/03/2026,Copa Brasil,0.75,65,0.0,0,0,2000,26,False
1639122,Pedro Lima,8,M,True,1043020800,Porto SC,CRB,516524,22032,away,15592343,04/03/2026,Copa Brasil,0.75,50,0.0,0,0,2003,23,True
1109161,Gabriel Jordan Santos,21,M,True,816739200,Porto SC,CRB,516524,22032,away,15592343,04/03/2026,Copa Brasil,0.75,35,0.0,0,0,1995,31,False
874262,Ítalo,11,M,True,870134400,Porto SC,CRB,516524,22032,away,15592343,04/03/2026,Copa Brasil,0.75,34,0.0,0,0,1997,29,False
1587776,Danillo Henrique Rufino,22,D,True,1032048000,Porto SC,CRB,516524,22032,away,15592343,04/03/2026,Copa Brasil,0.75,25,0.0,0,0,2002,24,False
2490717,João Gabriel,21,F,True,,Porto SC,CRB,516524,22032,away,15592343,04/03/2026,Copa Brasil,0.75,25,0.0,0,0,0,0,False
883917,Fabricio,12,G,False,505440000,Figueirense,Azuriz,1985,375853,home,15566102,04/03/2026,Copa Brasil,0.75,90,0.0,0,0,1986,40,False
1199462,Leonardo Santos Maia,2,D,False,1055462400,Figueirense,Azuriz,1985,375853,home,15566102,04/03/2026,Copa Brasil,0.75,90,0.0,0,0,2003,23,True
981745,Lucas Dias Costa,3,D,False,806198400,Figueirense,Azuriz,1985,375853,home,15566102,04/03/2026,Copa Brasil,0.75,90,0.0,0,0,1995,31,False
1067637,Jhonnathan,25,D,False,983664000,Figueirense,Azuriz,1985,375853,home,15566102,04/03/2026,Copa Brasil,0.75,90,0.0,0,0,2001,25,False
1500368,Wesley Costa,66,D,False,1073174400,Figueirense,Azuriz,1985,375853,home,15566102,04/03/2026,Copa Brasil,0.75,63,0.0,0,0,2004,22,True
2467761,Pajé,79,,False,,Figueirense,Azuriz,1985,375853,home,15566102,04/03/2026,Copa Brasil,0.75,46,0.0,0,0,0,0,False
870809,Jean,30,M,False,857952000,Figueirense,Azuriz,1985,375853,home,15566102,04/03/2026,Copa Brasil,0.75,90,0.0,0,0,1997,29,False
817782,Arthur Henrique,6,D,False,769132800,Figueirense,Azuriz,1985,375853,home,15566102,04/03/2026,Copa Brasil,0.75,83,0.0,0,0,1994,32,False
1034314,Igor Bolt,70,F,False,970272000,Figueirense,Azuriz,1985,375853,home,15566102,04/03/2026,Copa Brasil,0.75,83,0.0,1,0,2000,26,False
1463328,Arthur Martins,11,F,False,946857600,Figueirense,Azuriz,1985,375853,home,15566102,04/03/2026,Copa Brasil,0.75,60,0.0,0,0,2000,26,False
108193,Kayke Rodrigues,99,F,False,575856000,Figueirense,Azuriz,1985,375853,home,15566102,04/03/2026,Copa Brasil,0.75,90,0.0,0,0,1988,38,False
1022483,Rafinha Potiguar,28,M,True,934156800,Figueirense,Azuriz,1985,375853,home,15566102,04/03/2026,Copa Brasil,0.75,44,0.0,0,0,1999,27,False
1107010,Lucas Alves,20,F,True,1019347200,Figueirense,Azuriz,1985,375853,home,15566102,04/03/2026,Copa Brasil,0.75,30,0.0,0,0,2002,24,False
1507941,Leonan,33,D,True,965433600,Figueirense,Azuriz,1985,375853,home,15566102,04/03/2026,Copa Brasil,0.75,27,0.0,0,0,2000,26,False
1467342,Felipe Santiago,27,D,True,1034726400,Figueirense,Azuriz,1985,375853,home,15566102,04/03/2026,Copa Brasil,0.75,7,0.0,0,0,2002,24,False
2026465,Maiky,18,F,True,1112227200,Figueirense,Azuriz,1985,375853,home,15566102,04/03/2026,Copa Brasil,0.75,7,0.0,0,0,2005,21,True
979335,Enzo,12,G,False,956620800,Azuriz,Figueirense,375853,1985,away,15566102,04/03/2026,Copa Brasil,0.75,90,0.0,0,0,2000,26,False
1393579,Ulises Yegros,3,D,False,987811200,Azuriz,Figueirense,375853,1985,away,15566102,04/03/2026,Copa Brasil,0.75,90,0.0,0,0,2001,25,False
2447362,João Pedro Silva,19,D,False,1151452800,Azuriz,Figueirense,375853,1985,away,15566102,04/03/2026,Copa Brasil,0.75,46,0.0,0,0,2006,20,True
1905722,Ary Garcia Lima,4,D,False,1064793600,Azuriz,Figueirense,375853,1985,away,15566102,04/03/2026,Copa Brasil,0.75,90,0.0,0,0,2003,23,True
1469515,Hygor,2,D,False,1082160000,Azuriz,Figueirense,375853,1985,away,15566102,04/03/2026,Copa Brasil,0.75,63,0.0,0,0,2004,22,True
1592343,Jorginho,21,M,False,1014249600,Azuriz,Figueirense,375853,1985,away,15566102,04/03/2026,Copa Brasil,0.75,90,0.0,0,0,2002,24,False
2436637,Gabriel Zeca,20,M,False,1014076800,Azuriz,Figueirense,375853,1985,away,15566102,04/03/2026,Copa Brasil,0.75,90,0.0,0,0,2002,24,False
1467125,Vinício,6,D,False,957225600,Azuriz,Figueirense,375853,1985,away,15566102,04/03/2026,Copa Brasil,0.75,90,0.0,0,0,2000,26,False
1123275,Gabriel Caetano,10,M,False,1020470400,Azuriz,Figueirense,375853,1985,away,15566102,04/03/2026,Copa Brasil,0.75,77,0.0,0,0,2002,24,False
1468294,Lucas Santos Balotelli,18,F,False,1106784000,Azuriz,Figueirense,375853,1985,away,15566102,04/03/2026,Copa Brasil,0.75,46,0.0,0,0,2005,21,True
1166468,Zé Hugo,11,F,False,940118400,Azuriz,Figueirense,375853,1985,away,15566102,04/03/2026,Copa Brasil,0.75,77,0.0,0,0,1999,27,False
2177855,Marquinhos,14,F,True,1114732800,Azuriz,Figueirense,375853,1985,away,15566102,04/03/2026,Copa Brasil,0.75,44,0.0,0,0,2005,21,True
1107587,Matheus Guimarães,9,F,True,1011744000,Azuriz,Figueirense,375853,1985,away,15566102,04/03/2026,Copa Brasil,0.75,44,0.0,0,0,2002,24,False
2028311,Josimar,15,M,True,1116460800,Azuriz,Figueirense,375853,1985,away,15566102,04/03/2026,Copa Brasil,0.75,27,0.0,0,0,2005,21,True
1805180,Gabriel Antonio Oliveira da Silva,5,M,True,1154822400,Azuriz,Figueirense,375853,1985,away,15566102,04/03/2026,Copa Brasil,0.75,13,0.0,0,0,2006,20,True
2030884,Marcão,17,M,True,1105574400,Azuriz,Figueirense,375853,1985,away,15566102,04/03/2026,Copa Brasil,0.75,13,0.0,0,0,2005,21,True
981402,Paulo Vitor,1,G,False,664070400,AE Velo Clube,Vila Nova FC,88736,2021,home,15592407,04/03/2026,Copa Brasil,0.75,90,0.0,0,0,1991,35,False
1631946,Thiago Fernandes,2,D,False,1115251200,AE Velo Clube,Vila Nova FC,88736,2021,home,15592407,04/03/2026,Copa Brasil,0.75,86,0.0,0,0,2005,21,True
840209,Marcelo,3,D,False,732499200,AE Velo Clube,Vila Nova FC,88736,2021,home,15592407,04/03/2026,Copa Brasil,0.75,90,0.0,0,0,1993,33,False
1634673,Betão,4,D,False,929923200,AE Velo Clube,Vila Nova FC,88736,2021,home,15592407,04/03/2026,Copa Brasil,0.75,90,0.0,0,0,1999,27,False
979876,Jhoninha,7,F,False,1009584000,AE Velo Clube,Vila Nova FC,88736,2021,home,15592407,04/03/2026,Copa Brasil,0.75,76,0.0,0,0,2001,25,False
557000,Rodrigo,5,M,False,760924800,AE Velo Clube,Vila Nova FC,88736,2021,home,15592407,04/03/2026,Copa Brasil,0.75,90,0.0,0,0,1994,32,False
841926,Caique,8,D,False,897782400,AE Velo Clube,Vila Nova FC,88736,2021,home,15592407,04/03/2026,Copa Brasil,0.75,90,0.0,0,0,1998,28,False
1120706,Ruan Costa Souza,6,D,False,912902400,AE Velo Clube,Vila Nova FC,88736,2021,home,15592407,04/03/2026,Copa Brasil,0.75,86,0.0,0,0,1998,28,False
1117180,Thomas Luciano,20,D,False,1010966400,AE Velo Clube,Vila Nova FC,88736,2021,home,15592407,04/03/2026,Copa Brasil,0.75,62,0.0,0,0,2002,24,False
1491582,Lucas Duni de Lima,9,F,False,842313600,AE Velo Clube,Vila Nova FC,88736,2021,home,15592407,04/03/2026,Copa Brasil,0.75,46,0.0,0,0,1996,30,False
885691,Rodrigo Alves,10,M,False,810691200,AE Velo Clube,Vila Nova FC,88736,2021,home,15592407,04/03/2026,Copa Brasil,0.75,90,0.0,0,0,1995,31,False
1117849,Roberto Baggio,20,M,True,821232000,AE Velo Clube,Vila Nova FC,88736,2021,home,15592407,04/03/2026,Copa Brasil,0.75,44,0.0,0,0,1996,30,False
1016723,Adriano,16,M,True,935280000,AE Velo Clube,Vila Nova FC,88736,2021,home,15592407,04/03/2026,Copa Brasil,0.75,28,0.0,0,0,1999,27,False
870660,Sillas,18,M,True,799632000,AE Velo Clube,Vila Nova FC,88736,2021,home,15592407,04/03/2026,Copa Brasil,0.75,14,0.0,0,0,1995,31,False
1638631,Lucas Mingoti,13,D,True,952473600,AE Velo Clube,Vila Nova FC,88736,2021,home,15592407,04/03/2026,Copa Brasil,0.75,4,0.0,0,0,2000,26,False
2463562,Breno Lopes,14,D,True,1165017600,AE Velo Clube,Vila Nova FC,88736,2021,home,15592407,04/03/2026,Copa Brasil,0.75,4,0.0,0,0,2006,20,True
870638,Dalberson,29,G,False,853113600,Vila Nova FC,AE Velo Clube,2021,88736,away,15592407,04/03/2026,Copa Brasil,0.75,90,0.0,0,0,1997,29,False
807767,Hayner,22,D,False,812592000,Vila Nova FC,AE Velo Clube,2021,88736,away,15592407,04/03/2026,Copa Brasil,0.75,90,0.0,0,0,1995,31,False
1650429,Tiago Pagnussat,3,D,False,645580800,Vila Nova FC,AE Velo Clube,2021,88736,away,15592407,04/03/2026,Copa Brasil,0.75,90,0.0,0,0,1990,36,False
1105062,Weverton,23,D,False,1045526400,Vila Nova FC,AE Velo Clube,2021,88736,away,15592407,04/03/2026,Copa Brasil,0.75,90,0.0,0,0,2003,23,True
929687,Willian Formiga,13,D,False,790732800,Vila Nova FC,AE Velo Clube,2021,88736,away,15592407,04/03/2026,Copa Brasil,0.75,88,0.0,0,0,1995,31,False
1046490,João Vieira,5,M,False,871257600,Vila Nova FC,AE Velo Clube,2021,88736,away,15592407,04/03/2026,Copa Brasil,0.75,90,0.0,0,0,1997,29,False
1199453,Nathan Camargo,20,M,False,1122249600,Vila Nova FC,AE Velo Clube,2021,88736,away,15592407,04/03/2026,Copa Brasil,0.75,90,0.0,0,0,2005,21,True
1639322,Ryan Aparecido Lima Cassiano,11,M,False,992822400,Vila Nova FC,AE Velo Clube,2021,88736,away,15592407,04/03/2026,Copa Brasil,0.75,46,0.0,0,0,2001,25,False
90812,Marquinhos Gabriel,10,M,False,648518400,Vila Nova FC,AE Velo Clube,2021,88736,away,15592407,04/03/2026,Copa Brasil,0.75,69,0.0,0,0,1990,36,False
876286,André Luís,7,F,False,861580800,Vila Nova FC,AE Velo Clube,2021,88736,away,15592407,04/03/2026,Copa Brasil,0.75,69,0.0,0,0,1997,29,False
166503,Dellatorre,49,F,False,704678400,Vila Nova FC,AE Velo Clube,2021,88736,away,15592407,04/03/2026,Copa Brasil,0.75,46,0.0,0,0,1992,34,False
870898,Janderson,99,M,True,919987200,Vila Nova FC,AE Velo Clube,2021,88736,away,15592407,04/03/2026,Copa Brasil,0.75,44,0.0,0,0,1999,27,False
243963,Rafael Silva,9,F,True,702345600,Vila Nova FC,AE Velo Clube,2021,88736,away,15592407,04/03/2026,Copa Brasil,0.75,44,0.0,0,0,1992,34,False
338839,Dodô,21,M,True,778723200,Vila Nova FC,AE Velo Clube,2021,88736,away,15592407,04/03/2026,Copa Brasil,0.75,21,0.0,0,0,1994,32,False
1105974,Emerson Urso,70,M,True,989712000,Vila Nova FC,AE Velo Clube,2021,88736,away,15592407,04/03/2026,Copa Brasil,0.75,21,0.0,0,0,2001,25,False
1991456,Higor,6,D,True,1104105600,Vila Nova FC,AE Velo Clube,2021,88736,away,15592407,04/03/2026,Copa Brasil,0.75,2,0.0,0,0,2004,22,True
926826,Mota,31,G,False,480384000,Nova Iguaçu,Lagarto FC,6981,144856,home,15566091,04/03/2026,Copa Brasil,0.75,90,0.0,0,0,1985,41,False
868039,Yan Silva,4,D,False,824688000,Nova Iguaçu,Lagarto FC,6981,144856,home,15566091,04/03/2026,Copa Brasil,0.75,90,0.0,0,0,1996,30,False
1106777,Davi,2,D,False,1012435200,Nova Iguaçu,Lagarto FC,6981,144856,home,15566091,04/03/2026,Copa Brasil,0.75,90,0.0,0,0,2002,24,False
555612,Sidney Pages,6,D,False,759715200,Nova Iguaçu,Lagarto FC,6981,144856,home,15566091,04/03/2026,Copa Brasil,0.75,46,0.0,0,0,1994,32,False
1174655,Wender,3,D,False,899510400,Nova Iguaçu,Lagarto FC,6981,144856,home,15566091,04/03/2026,Copa Brasil,0.75,46,0.0,0,0,1998,28,False
1046975,Léo Rafael,8,M,False,988156800,Nova Iguaçu,Lagarto FC,6981,144856,home,15566091,04/03/2026,Copa Brasil,0.75,90,0.0,0,0,2001,25,False
1017011,Jorge Pedra,5,M,False,937267200,Nova Iguaçu,Lagarto FC,6981,144856,home,15566091,04/03/2026,Copa Brasil,0.75,64,0.0,0,0,1999,27,False
2050675,João Pedro,11,M,False,1075852800,Nova Iguaçu,Lagarto FC,6981,144856,home,15566091,04/03/2026,Copa Brasil,0.75,58,0.0,0,0,2004,22,True
1645840,Xandinho,7,F,False,862272000,Nova Iguaçu,Lagarto FC,6981,144856,home,15566091,04/03/2026,Copa Brasil,0.75,90,0.0,0,0,1997,29,False
979650,Luan Capanni,9,F,False,958780800,Nova Iguaçu,Lagarto FC,6981,144856,home,15566091,04/03/2026,Copa Brasil,0.75,58,0.0,0,0,2000,26,False
1499920,Lucas Cruz,10,M,False,1084665600,Nova Iguaçu,Lagarto FC,6981,144856,home,15566091,04/03/2026,Copa Brasil,0.75,90,0.0,1,0,2004,22,True
2026528,Lucas Cirilo,13,D,True,1108512000,Nova Iguaçu,Lagarto FC,6981,144856,home,15566091,04/03/2026,Copa Brasil,0.75,44,0.0,0,0,2005,21,True
1173236,Guilherme Kayron,22,D,True,1042502400,Nova Iguaçu,Lagarto FC,6981,144856,home,15566091,04/03/2026,Copa Brasil,0.75,44,0.0,0,0,2003,23,True
1639082,Rickelme Lopes,20,M,True,1002499200,Nova Iguaçu,Lagarto FC,6981,144856,home,15566091,04/03/2026,Copa Brasil,0.75,32,0.0,0,0,2001,25,False
1117595,Vinicius Charopem,19,F,True,898819200,Nova Iguaçu,Lagarto FC,6981,144856,home,15566091,04/03/2026,Copa Brasil,0.75,32,0.0,0,0,1998,28,False
1034343,Pedro Thomaz Menta de Souza,15,M,True,951264000,Nova Iguaçu,Lagarto FC,6981,144856,home,15566091,04/03/2026,Copa Brasil,0.75,26,0.0,0,0,2000,26,False
866905,Anderson Max,1,G,False,527817600,Lagarto FC,Nova Iguaçu,144856,6981,away,15566091,04/03/2026,Copa Brasil,0.75,90,0.0,0,0,1986,40,False
2492815,Pedro Henrique de Santana Borges,2,D,False,,Lagarto FC,Nova Iguaçu,144856,6981,away,15566091,04/03/2026,Copa Brasil,0.75,77,0.0,0,0,0,0,False
2492817,Davi dos Santos,3,D,False,,Lagarto FC,Nova Iguaçu,144856,6981,away,15566091,04/03/2026,Copa Brasil,0.75,90,0.0,0,0,0,0,False
869449,Hitalo Rogério,4,D,False,587260800,Lagarto FC,Nova Iguaçu,144856,6981,away,15566091,04/03/2026,Copa Brasil,0.75,90,0.0,0,0,1988,38,False
1199478,Emanuel Pereira,6,D,False,1056240000,Lagarto FC,Nova Iguaçu,144856,6981,away,15566091,04/03/2026,Copa Brasil,0.75,90,0.0,0,0,2003,23,True
1589381,Diogo Crispim,8,M,False,1045094400,Lagarto FC,Nova Iguaçu,144856,6981,away,15566091,04/03/2026,Copa Brasil,0.75,90,0.0,0,0,2003,23,True
1117774,Maxsuel,5,D,False,903657600,Lagarto FC,Nova Iguaçu,144856,6981,away,15566091,04/03/2026,Copa Brasil,0.75,89,0.0,0,0,1998,28,False
981625,Junior Palmares,10,M,False,860976000,Lagarto FC,Nova Iguaçu,144856,6981,away,15566091,04/03/2026,Copa Brasil,0.75,70,0.0,0,0,1997,29,False
1021656,Erik Gabriel,18,F,False,916531200,Lagarto FC,Nova Iguaçu,144856,6981,away,15566091,04/03/2026,Copa Brasil,0.75,69,0.0,1,0,1999,27,False
1147005,Rodriguinho,9,F,False,987465600,Lagarto FC,Nova Iguaçu,144856,6981,away,15566091,04/03/2026,Copa Brasil,0.75,90,0.0,0,0,2001,25,False
912293,Natan,7,M,False,952732800,Lagarto FC,Nova Iguaçu,144856,6981,away,15566091,04/03/2026,Copa Brasil,0.75,76,0.0,0,0,2000,26,False
973909,Denis,17,F,True,792374400,Lagarto FC,Nova Iguaçu,144856,6981,away,15566091,04/03/2026,Copa Brasil,0.75,21,0.0,0,0,1995,31,False
2492812,Bruno Silva Britto,12,F,True,,Lagarto FC,Nova Iguaçu,144856,6981,away,15566091,04/03/2026,Copa Brasil,0.75,20,0.0,0,0,0,0,False
2492813,Adelan Santos da Silva,13,M,True,,Lagarto FC,Nova Iguaçu,144856,6981,away,15566091,04/03/2026,Copa Brasil,0.75,14,0.0,0,0,0,0,False
1047659,Dadinha,15,D,True,860371200,Lagarto FC,Nova Iguaçu,144856,6981,away,15566091,04/03/2026,Copa Brasil,0.75,13,0.0,0,0,1997,29,False
857143,Leozao,14,D,True,676166400,Lagarto FC,Nova Iguaçu,144856,6981,away,15566091,04/03/2026,Copa Brasil,0.75,1,0.0,0,0,1991,35,False
166485,Vinicius,1,G,False,468806400,Tuna Luso,Tocantinópolis,333422,215371,home,15566100,04/03/2026,Copa Brasil,0.75,90,0.0,0,0,1984,42,False
985460,Luã Niger,13,D,False,924912000,Tuna Luso,Tocantinópolis,333422,215371,home,15566100,04/03/2026,Copa Brasil,0.75,68,0.0,1,0,1999,27,False
1021454,Douglas,19,D,False,850435200,Tuna Luso,Tocantinópolis,333422,215371,home,15566100,04/03/2026,Copa Brasil,0.75,90,0.0,0,0,1996,30,False
2044346,Meyson Welter do Amaral,4,D,False,922406400,Tuna Luso,Tocantinópolis,333422,215371,home,15566100,04/03/2026,Copa Brasil,0.75,90,0.0,0,0,1999,27,False
866524,Wesley Raizeman,6,D,False,706752000,Tuna Luso,Tocantinópolis,333422,215371,home,15566100,04/03/2026,Copa Brasil,0.75,68,0.0,0,0,1992,34,False
870950,Gustavo Henrique,5,M,False,707356800,Tuna Luso,Tocantinópolis,333422,215371,home,15566100,04/03/2026,Copa Brasil,0.75,64,0.0,0,0,1992,34,False
2492837,Wanderlan,8,M,False,,Tuna Luso,Tocantinópolis,333422,215371,home,15566100,04/03/2026,Copa Brasil,0.75,90,0.0,0,0,0,0,False
584378,Jayme,7,M,False,732585600,Tuna Luso,Tocantinópolis,333422,215371,home,15566100,04/03/2026,Copa Brasil,0.75,90,0.0,2,0,1993,33,False
2127830,Tulio Lima da Silva,10,M,False,943142400,Tuna Luso,Tocantinópolis,333422,215371,home,15566100,04/03/2026,Copa Brasil,0.75,90,0.0,0,0,1999,27,False
1640980,Otávio Henrique da Silva,17,M,False,921974400,Tuna Luso,Tocantinópolis,333422,215371,home,15566100,04/03/2026,Copa Brasil,0.75,74,0.0,0,0,1999,27,False
879596,Paulo Rangel,9,F,False,476323200,Tuna Luso,Tocantinópolis,333422,215371,home,15566100,04/03/2026,Copa Brasil,0.75,64,0.0,1,0,1985,41,False
2025346,Janderson Iago Sa da Silva,21,M,True,1085097600,Tuna Luso,Tocantinópolis,333422,215371,home,15566100,04/03/2026,Copa Brasil,0.75,26,0.0,0,0,2004,22,True
1952569,Saint  Clair Carvalho,23,F,True,1121644800,Tuna Luso,Tocantinópolis,333422,215371,home,15566100,04/03/2026,Copa Brasil,0.75,26,0.0,0,0,2005,21,True
1186547,Alan Maia,22,D,True,787190400,Tuna Luso,Tocantinópolis,333422,215371,home,15566100,04/03/2026,Copa Brasil,0.75,22,0.0,0,0,1994,32,False
1186544,Marcinho,2,D,True,793411200,Tuna Luso,Tocantinópolis,333422,215371,home,15566100,04/03/2026,Copa Brasil,0.75,22,0.0,0,0,1995,31,False
1019556,Everson Bilau,11,F,True,640310400,Tuna Luso,Tocantinópolis,333422,215371,home,15566100,04/03/2026,Copa Brasil,0.75,16,0.0,0,0,1990,36,False
1102388,Heitor Gatti Silva,23,G,False,988588800,Tocantinópolis,Tuna Luso,215371,333422,away,15566100,04/03/2026,Copa Brasil,0.75,90,0.0,0,0,2001,25,False
873125,Daelson,2,D,False,727920000,Tocantinópolis,Tuna Luso,215371,333422,away,15566100,04/03/2026,Copa Brasil,0.75,84,0.0,0,0,1993,33,False
2492843,João Pedro,3,D,False,,Tocantinópolis,Tuna Luso,215371,333422,away,15566100,04/03/2026,Copa Brasil,0.75,90,0.0,0,0,0,0,False
1148454,Arthur Tiotônio,4,D,False,949104000,Tocantinópolis,Tuna Luso,215371,333422,away,15566100,04/03/2026,Copa Brasil,0.75,90,0.0,0,0,2000,26,False
1654824,Adriel Bezerra,6,D,False,1001635200,Tocantinópolis,Tuna Luso,215371,333422,away,15566100,04/03/2026,Copa Brasil,0.75,61,0.0,0,0,2001,25,False
241472,Rogério,17,F,False,661996800,Tocantinópolis,Tuna Luso,215371,333422,away,15566100,04/03/2026,Copa Brasil,0.75,61,0.0,0,0,1990,36,False
1177439,Kaycky Alemão,8,M,False,980467200,Tocantinópolis,Tuna Luso,215371,333422,away,15566100,04/03/2026,Copa Brasil,0.75,90,0.0,0,0,2001,25,False
1182077,Henrique,5,M,False,663292800,Tocantinópolis,Tuna Luso,215371,333422,away,15566100,04/03/2026,Copa Brasil,0.75,46,0.0,0,0,1991,35,False
1121570,José Hitalo,11,M,False,916099200,Tocantinópolis,Tuna Luso,215371,333422,away,15566100,04/03/2026,Copa Brasil,0.75,90,0.0,0,0,1999,27,False
1188453,Dhonata,10,M,False,886377600,Tocantinópolis,Tuna Luso,215371,333422,away,15566100,04/03/2026,Copa Brasil,0.75,84,0.0,0,0,1998,28,False
835660,Rômulo Cabral,9,F,False,689040000,Tocantinópolis,Tuna Luso,215371,333422,away,15566100,04/03/2026,Copa Brasil,0.75,90,0.0,0,0,1991,35,False
1545554,Emerson de Carvalho,20,M,True,929491200,Tocantinópolis,Tuna Luso,215371,333422,away,15566100,04/03/2026,Copa Brasil,0.75,44,0.0,0,0,1999,27,False
1109218,Robson Negueba,16,D,True,952473600,Tocantinópolis,Tuna Luso,215371,333422,away,15566100,04/03/2026,Copa Brasil,0.75,29,0.0,0,0,2000,26,False
2050297,Pedro Henrique,7,M,True,1114992000,Tocantinópolis,Tuna Luso,215371,333422,away,15566100,04/03/2026,Copa Brasil,0.75,29,0.0,1,0,2005,21,True
343603,Bruno Moura,20,D,True,710985600,Tocantinópolis,Tuna Luso,215371,333422,away,15566100,04/03/2026,Copa Brasil,0.75,6,0.0,0,0,1992,34,False
1641255,Samuel Barbosa Costa,18,F,True,1019088000,Tocantinópolis,Tuna Luso,215371,333422,away,15566100,04/03/2026,Copa Brasil,0.75,6,0.0,0,0,2002,24,False
1488035,Léo Aragão,41,G,False,1019174400,Avaí,Porto Vitória,7315,458774,home,15566108,04/03/2026,Copa Brasil,0.75,90,0.0,0,0,2002,24,False
988671,Wallison,2,D,False,995932800,Avaí,Porto Vitória,7315,458774,home,15566108,04/03/2026,Copa Brasil,0.75,90,0.0,0,0,2001,25,False
809194,Allyson,3,D,False,656640000,Avaí,Porto Vitória,7315,458774,home,15566108,04/03/2026,Copa Brasil,0.75,90,0.0,0,0,1990,36,False
1915491,Bruno Gonçalves Baldini,55,D,False,1174348800,Avaí,Porto Vitória,7315,458774,home,15566108,04/03/2026,Copa Brasil,0.75,90,0.0,0,0,2007,19,True
1609565,Douglas da Silva Teixeira,36,D,False,985824000,Avaí,Porto Vitória,7315,458774,home,15566108,04/03/2026,Copa Brasil,0.75,90,0.0,0,0,2001,25,False
840132,Zé Ricardo,77,M,False,826329600,Avaí,Porto Vitória,7315,458774,home,15566108,04/03/2026,Copa Brasil,0.75,90,0.0,0,0,1996,30,False
1015283,Luiz Henrique,8,M,False,921715200,Avaí,Porto Vitória,7315,458774,home,15566108,04/03/2026,Copa Brasil,0.75,83,0.0,0,0,1999,27,False
1633708,Thayllon Roberth,43,F,False,1155772800,Avaí,Porto Vitória,7315,458774,home,15566108,04/03/2026,Copa Brasil,0.75,60,0.0,2,0,2006,20,True
862256,Daniel Penha,14,M,False,908582400,Avaí,Porto Vitória,7315,458774,home,15566108,04/03/2026,Copa Brasil,0.75,83,0.0,0,0,1998,28,False
902684,Jean Lucas,10,M,False,795744000,Avaí,Porto Vitória,7315,458774,home,15566108,04/03/2026,Copa Brasil,0.75,46,0.0,0,0,1995,31,False
308058,Felipe Avenatti,9,F,False,767318400,Avaí,Porto Vitória,7315,458774,home,15566108,04/03/2026,Copa Brasil,0.75,60,0.0,0,0,1994,32,False
1488136,Paulo Vitor,26,M,True,1093478400,Avaí,Porto Vitória,7315,458774,home,15566108,04/03/2026,Copa Brasil,0.75,44,0.0,0,0,2004,22,True
959005,Rafael Bilú,7,F,True,924652800,Avaí,Porto Vitória,7315,458774,home,15566108,04/03/2026,Copa Brasil,0.75,30,0.0,1,0,1999,27,False
2436887,Walace dos Santos França,57,F,True,1124841600,Avaí,Porto Vitória,7315,458774,home,15566108,04/03/2026,Copa Brasil,0.75,30,0.0,0,0,2005,21,True
2040065,Jamerson dos Santos Nascimento,16,D,True,1161475200,Avaí,Porto Vitória,7315,458774,home,15566108,04/03/2026,Copa Brasil,0.75,7,0.0,0,0,2006,20,True
215954,Cristiano,30,M,True,537408000,Avaí,Porto Vitória,7315,458774,home,15566108,04/03/2026,Copa Brasil,0.75,7,0.0,0,0,1987,39,False
986906,Rafael Mariano,1,G,False,656726400,Porto Vitória,Avaí,458774,7315,away,15566108,04/03/2026,Copa Brasil,0.75,90,0.0,0,0,1990,36,False
870689,Kellyton,2,D,False,794620800,Porto Vitória,Avaí,458774,7315,away,15566108,04/03/2026,Copa Brasil,0.75,90,0.0,0,0,1995,31,False
864806,João Victor Moraes Vasconcelos,3,M,False,1085616000,Porto Vitória,Avaí,458774,7315,away,15566108,04/03/2026,Copa Brasil,0.75,90,0.0,0,0,2004,22,True
1047783,Lucas Peres Ferreira de Campos,4,D,False,1019865600,Porto Vitória,Avaí,458774,7315,away,15566108,04/03/2026,Copa Brasil,0.75,90,0.0,0,0,2002,24,False
870343,Thallyson,6,D,False,691545600,Porto Vitória,Avaí,458774,7315,away,15566108,04/03/2026,Copa Brasil,0.75,90,0.0,0,0,1991,35,False
1991505,Henrique Melo Pereira,8,M,False,1099612800,Porto Vitória,Avaí,458774,7315,away,15566108,04/03/2026,Copa Brasil,0.75,63,0.0,0,0,2004,22,True
868019,Marcelo Gama,5,M,False,815097600,Porto Vitória,Avaí,458774,7315,away,15566108,04/03/2026,Copa Brasil,0.75,90,0.0,0,0,1995,31,False
329141,Renato Henrique,10,F,False,750211200,Porto Vitória,Avaí,458774,7315,away,15566108,04/03/2026,Copa Brasil,0.75,46,0.0,0,0,1993,33,False
1020310,Matheus Firmino,11,F,False,928540800,Porto Vitória,Avaí,458774,7315,away,15566108,04/03/2026,Copa Brasil,0.75,90,0.0,0,0,1999,27,False
973842,Pedro Felipe,9,F,False,785548800,Porto Vitória,Avaí,458774,7315,away,15566108,04/03/2026,Copa Brasil,0.75,63,0.0,0,0,1994,32,False
1174554,Rian Felipe,7,M,False,1001030400,Porto Vitória,Avaí,458774,7315,away,15566108,04/03/2026,Copa Brasil,0.75,63,0.0,0,0,2001,25,False
1588292,Adriano Sousa Bispo,19,F,True,1121040000,Porto Vitória,Avaí,458774,7315,away,15566108,04/03/2026,Copa Brasil,0.75,44,0.0,0,0,2005,21,True
1466770,Matheus Santos,15,M,True,971740800,Porto Vitória,Avaí,458774,7315,away,15566108,04/03/2026,Copa Brasil,0.75,27,0.0,0,0,2000,26,False
796121,Victor Rangel,18,F,True,652752000,Porto Vitória,Avaí,458774,7315,away,15566108,04/03/2026,Copa Brasil,0.75,27,0.0,0,0,1990,36,False
925247,Luiz Henrique,20,F,True,980380800,Porto Vitória,Avaí,458774,7315,away,15566108,04/03/2026,Copa Brasil,0.75,27,0.0,0,0,2001,25,False
2455567,Josué,17,F,True,926726400,Porto Vitória,Avaí,458774,7315,away,15566108,04/03/2026,Copa Brasil,0.75,1,0.0,0,0,1999,27,False
839762,Jory,1,G,False,826675200,Betim Futebol,Operário-PR,368413,39634,home,15625739,04/03/2026,Copa Brasil,0.75,90,0.0,0,0,1996,30,False
1589436,Pedro Henrique,6,D,False,1070928000,Betim Futebol,Operário-PR,368413,39634,home,15625739,04/03/2026,Copa Brasil,0.75,90,0.0,0,0,2003,23,True
995392,Talison,4,D,False,959904000,Betim Futebol,Operário-PR,368413,39634,home,15625739,04/03/2026,Copa Brasil,0.75,90,0.0,0,0,2000,26,False
2440996,Jean Carlos,3,D,False,955324800,Betim Futebol,Operário-PR,368413,39634,home,15625739,04/03/2026,Copa Brasil,0.75,90,0.0,0,0,2000,26,False
1105085,Danilo Belão,2,D,False,860198400,Betim Futebol,Operário-PR,368413,39634,home,15625739,04/03/2026,Copa Brasil,0.75,58,0.0,0,0,1997,29,False
877472,Erick Salles,7,M,False,788400000,Betim Futebol,Operário-PR,368413,39634,home,15625739,04/03/2026,Copa Brasil,0.75,90,0.0,0,0,1994,32,False
1137856,Riquelmy,13,M,False,1018483200,Betim Futebol,Operário-PR,368413,39634,home,15625739,04/03/2026,Copa Brasil,0.75,70,0.0,0,0,2002,24,False
922580,Arilson,15,M,False,754617600,Betim Futebol,Operário-PR,368413,39634,home,15625739,04/03/2026,Copa Brasil,0.75,70,0.0,0,0,1993,33,False
875231,Jhemerson,10,M,False,854323200,Betim Futebol,Operário-PR,368413,39634,home,15625739,04/03/2026,Copa Brasil,0.75,70,0.0,0,0,1997,29,False
1046441,Vitor Mafra,8,M,False,1024963200,Betim Futebol,Operário-PR,368413,39634,home,15625739,04/03/2026,Copa Brasil,0.75,90,0.0,0,0,2002,24,False
241502,Paulo Henrique,9,F,False,741571200,Betim Futebol,Operário-PR,368413,39634,home,15625739,04/03/2026,Copa Brasil,0.75,83,0.0,0,0,1993,33,False
1067454,Júnior Fialho,11,F,True,903484800,Betim Futebol,Operário-PR,368413,39634,home,15625739,04/03/2026,Copa Brasil,0.75,32,0.0,0,0,1998,28,False
1485308,Gabriel Caipira,23,D,True,1108425600,Betim Futebol,Operário-PR,368413,39634,home,15625739,04/03/2026,Copa Brasil,0.75,20,0.0,0,0,2005,21,True
1086290,Luiz Felipe,18,M,True,961027200,Betim Futebol,Operário-PR,368413,39634,home,15625739,04/03/2026,Copa Brasil,0.75,20,0.0,0,0,2000,26,False
1117837,Maycon Rangel,21,F,True,926380800,Betim Futebol,Operário-PR,368413,39634,home,15625739,04/03/2026,Copa Brasil,0.75,20,0.0,0,0,1999,27,False
2040730,Cauã Marangoni dos Santos,22,M,True,1089763200,Betim Futebol,Operário-PR,368413,39634,home,15625739,04/03/2026,Copa Brasil,0.75,7,0.0,0,0,2004,22,True
110843,Vágner,33,G,False,518400000,Operário-PR,Betim Futebol,39634,368413,away,15625739,04/03/2026,Copa Brasil,0.75,90,0.0,0,0,1986,40,False
926868,Miranda,16,D,False,948240000,Operário-PR,Betim Futebol,39634,368413,away,15625739,04/03/2026,Copa Brasil,0.75,90,0.0,0,0,2000,26,False
1098309,José Cuenú,22,D,False,792979200,Operário-PR,Betim Futebol,39634,368413,away,15625739,04/03/2026,Copa Brasil,0.75,90,0.0,0,0,1995,31,False
2154297,Jhan Pool,18,D,False,989280000,Operário-PR,Betim Futebol,39634,368413,away,15625739,04/03/2026,Copa Brasil,0.75,90,0.0,0,0,2001,25,False
877139,Moraes Júnior,6,D,False,873504000,Operário-PR,Betim Futebol,39634,368413,away,15625739,04/03/2026,Copa Brasil,0.75,66,0.0,0,0,1997,29,False
981621,Índio,5,M,False,720403200,Operário-PR,Betim Futebol,39634,368413,away,15625739,04/03/2026,Copa Brasil,0.75,70,0.0,0,0,1992,34,False
1652832,Vinicius Diniz Dall Antonia,20,M,False,932860800,Operário-PR,Betim Futebol,39634,368413,away,15625739,04/03/2026,Copa Brasil,0.75,90,0.0,0,0,1999,27,False
358540,Gabriel Boschilia,10,M,False,825984000,Operário-PR,Betim Futebol,39634,368413,away,15625739,04/03/2026,Copa Brasil,0.75,90,0.0,1,0,1996,30,False
855966,Edwin Torres,29,M,False,879033600,Operário-PR,Betim Futebol,39634,368413,away,15625739,04/03/2026,Copa Brasil,0.75,70,0.0,0,0,1997,29,False
364528,Aylon,11,F,False,702604800,Operário-PR,Betim Futebol,39634,368413,away,15625739,04/03/2026,Copa Brasil,0.75,63,0.0,0,0,1992,34,False
374486,Pablo,92,F,False,709257600,Operário-PR,Betim Futebol,39634,368413,away,15625739,04/03/2026,Copa Brasil,0.75,63,0.0,0,0,1992,34,False
352880,Hildeberto Pereira,14,F,True,825724800,Operário-PR,Betim Futebol,39634,368413,away,15625739,04/03/2026,Copa Brasil,0.75,27,0.0,1,0,1996,30,False
1069410,Léo Gaúcho,99,F,True,996796800,Operário-PR,Betim Futebol,39634,368413,away,15625739,04/03/2026,Copa Brasil,0.75,27,0.0,0,0,2001,25,False
1463925,Gabriel Feliciano,27,D,True,996105600,Operário-PR,Betim Futebol,39634,368413,away,15625739,04/03/2026,Copa Brasil,0.75,24,0.0,0,0,2001,25,False
852556,Matheus Trindade,39,M,True,825984000,Operário-PR,Betim Futebol,39634,368413,away,15625739,04/03/2026,Copa Brasil,0.75,20,0.0,0,0,1996,30,False
847089,Felipe Augusto,7,F,True,699840000,Operário-PR,Betim Futebol,39634,368413,away,15625739,04/03/2026,Copa Brasil,0.75,20,0.0,0,0,1992,34,False
1829773,Francisco Pablo Alves Da Silva,1,,False,939513600,Capital FC,Manaus,339670,283918,home,15591979,04/03/2026,Copa Brasil,0.75,90,0.0,0,0,1999,27,False
2492845,Rogério Zuin,2,D,False,,Capital FC,Manaus,339670,283918,home,15591979,04/03/2026,Copa Brasil,0.75,90,0.0,0,0,0,0,False
1589170,Lucas Luiz da Silva,3,D,False,1062115200,Capital FC,Manaus,339670,283918,home,15591979,04/03/2026,Copa Brasil,0.75,69,0.0,0,0,2003,23,True
2441801,Mateus Jeferson Nascimento da Silva,4,D,False,1041465600,Capital FC,Manaus,339670,283918,home,15591979,04/03/2026,Copa Brasil,0.75,90,0.0,0,0,2003,23,True
243731,Felipe Guedes,6,M,False,675993600,Capital FC,Manaus,339670,283918,home,15591979,04/03/2026,Copa Brasil,0.75,90,0.0,0,0,1991,35,False
1190343,Rian Alves,5,M,False,1082592000,Capital FC,Manaus,339670,283918,home,15591979,04/03/2026,Copa Brasil,0.75,90,0.0,0,0,2004,22,True
2492847,Monteiro,8,,False,,Capital FC,Manaus,339670,283918,home,15591979,04/03/2026,Copa Brasil,0.75,90,0.0,0,0,0,0,False
2492849,Italo lima,10,,False,,Capital FC,Manaus,339670,283918,home,15591979,04/03/2026,Copa Brasil,0.75,90,0.0,0,0,0,0,False
2492850,Rhaillam,,,False,,Capital FC,Manaus,339670,283918,home,15591979,04/03/2026,Copa Brasil,0.75,69,0.0,1,0,0,0,False
2492848,Pedro Testa,9,,False,,Capital FC,Manaus,339670,283918,home,15591979,04/03/2026,Copa Brasil,0.75,63,0.0,0,0,0,0,False
2492846,Lucas,7,,False,,Capital FC,Manaus,339670,283918,home,15591979,04/03/2026,Copa Brasil,0.75,90,0.0,0,0,0,0,False
2492828,Douglas Marques dos Santos,17,F,True,,Capital FC,Manaus,339670,283918,home,15591979,04/03/2026,Copa Brasil,0.75,27,0.0,0,0,0,0,False
2027084,Pedro Henrique Tiburcio Machado,16,D,True,,Capital FC,Manaus,339670,283918,home,15591979,04/03/2026,Copa Brasil,0.75,21,0.0,0,0,0,0,False
1474324,Renan,20,F,True,1053734400,Capital FC,Manaus,339670,283918,home,15591979,04/03/2026,Copa Brasil,0.75,21,0.0,0,0,2003,23,True
2492836,Pedro Antonio Borges Silva,19,G,True,,Capital FC,Manaus,339670,283918,home,15591979,04/03/2026,Copa Brasil,0.75,1,0.0,0,0,0,0,False
2492839,Walber Pires Milhomem Junior,23,M,True,,Capital FC,Manaus,339670,283918,home,15591979,04/03/2026,Copa Brasil,0.75,1,0.0,0,0,0,0,False
1609676,Eugenio Henrique Neto,1,G,False,900547200,Manaus,Capital FC,283918,339670,away,15591979,04/03/2026,Copa Brasil,0.75,90,0.0,0,0,1998,28,False
1588145,Diego Mota Barbosa,14,D,False,1014422400,Manaus,Capital FC,283918,339670,away,15591979,04/03/2026,Copa Brasil,0.75,90,0.0,0,0,2002,24,False
1046549,Gutierrez,3,D,False,836784000,Manaus,Capital FC,283918,339670,away,15591979,04/03/2026,Copa Brasil,0.75,90,0.0,0,0,1996,30,False
870673,David Luis,6,D,False,803347200,Manaus,Capital FC,283918,339670,away,15591979,04/03/2026,Copa Brasil,0.75,90,0.0,0,0,1995,31,False
1180763,Savio Araujo,7,M,False,978134400,Manaus,Capital FC,283918,339670,away,15591979,04/03/2026,Copa Brasil,0.75,46,0.0,0,0,2000,26,False
1588004,Wallace,5,M,False,1049241600,Manaus,Capital FC,283918,339670,away,15591979,04/03/2026,Copa Brasil,0.75,90,0.0,0,0,2003,23,True
1385761,Neko,8,M,False,982627200,Manaus,Capital FC,283918,339670,away,15591979,04/03/2026,Copa Brasil,0.75,90,0.0,0,0,2001,25,False
1474375,Tico,19,D,False,998352000,Manaus,Capital FC,283918,339670,away,15591979,04/03/2026,Copa Brasil,0.75,70,0.0,0,0,2001,25,False
1590311,Cauã Lucca,30,M,False,1085616000,Manaus,Capital FC,283918,339670,away,15591979,04/03/2026,Copa Brasil,0.75,46,0.0,0,0,2004,22,True
988753,Anderson Cordeiro,23,F,False,907977600,Manaus,Capital FC,283918,339670,away,15591979,04/03/2026,Copa Brasil,0.75,58,0.0,1,0,1998,28,False
975442,Leo Reis,9,F,False,929491200,Manaus,Capital FC,283918,339670,away,15591979,04/03/2026,Copa Brasil,0.75,66,0.0,0,0,1999,27,False
827331,Caíque Valdivia,10,M,True,717206400,Manaus,Capital FC,283918,339670,away,15591979,04/03/2026,Copa Brasil,0.75,44,0.0,0,0,1992,34,False
1048963,Ronald,11,M,True,1028937600,Manaus,Capital FC,283918,339670,away,15591979,04/03/2026,Copa Brasil,0.75,44,0.0,0,0,2002,24,False
1818895,Luisinho,21,F,True,1040256000,Manaus,Capital FC,283918,339670,away,15591979,04/03/2026,Copa Brasil,0.75,32,0.0,0,0,2002,24,False
874365,Léo Bahia,18,F,True,674611200,Manaus,Capital FC,283918,339670,away,15591979,04/03/2026,Copa Brasil,0.75,24,0.0,0,0,1991,35,False
1118343,Nicolas Ferri,2,D,True,969667200,Manaus,Capital FC,283918,339670,away,15591979,04/03/2026,Copa Brasil,0.75,20,0.0,0,0,2000,26,False
2492841,Allan Camillato,1,G,False,773884800,Rio Branco-ES,Athletic Club,49199,342775,home,15571107,05/03/2026,Copa Brasil,0.75,90,0.0,0,0,1994,32,False
243175,Bruno Peres,33,D,False,636249600,Rio Branco-ES,Athletic Club,49199,342775,home,15571107,05/03/2026,Copa Brasil,0.75,66,0.0,0,0,1990,36,False
1102569,Matheus Mega,3,D,False,936835200,Rio Branco-ES,Athletic Club,49199,342775,home,15571107,05/03/2026,Copa Brasil,0.75,90,0.0,0,0,1999,27,False
1514485,Darlan Santos Rufino De Oliveira,4,D,False,992822400,Rio Branco-ES,Athletic Club,49199,342775,home,15571107,05/03/2026,Copa Brasil,0.75,82,0.0,0,0,2001,25,False
975901,Matheus Anunciação Castelo,14,D,False,886982400,Rio Branco-ES,Athletic Club,49199,342775,home,15571107,05/03/2026,Copa Brasil,0.75,90,0.0,0,0,1998,28,False
1065319,Murilo,22,M,False,817862400,Rio Branco-ES,Athletic Club,49199,342775,home,15571107,05/03/2026,Copa Brasil,0.75,90,0.0,0,0,1995,31,False
944240,Jonathan Romarinho,5,M,False,721785600,Rio Branco-ES,Athletic Club,49199,342775,home,15571107,05/03/2026,Copa Brasil,0.75,51,0.0,0,0,1992,34,False
1014251,Zé Mateus,8,M,False,790387200,Rio Branco-ES,Athletic Club,49199,342775,home,15571107,05/03/2026,Copa Brasil,0.75,90,0.0,0,0,1995,31,False
1472639,Carlos Augusto,15,M,False,916358400,Rio Branco-ES,Athletic Club,49199,342775,home,15571107,05/03/2026,Copa Brasil,0.75,66,0.0,1,0,1999,27,False
1907736,Breno Melo,26,M,False,1114560000,Rio Branco-ES,Athletic Club,49199,342775,home,15571107,05/03/2026,Copa Brasil,0.75,90,0.0,0,0,2005,21,True
925086,Gui Mendes,11,F,False,965260800,Rio Branco-ES,Athletic Club,49199,342775,home,15571107,05/03/2026,Copa Brasil,0.75,66,0.0,0,0,2000,26,False
1019548,Neto Oliveira,9,F,True,888796800,Rio Branco-ES,Athletic Club,49199,342775,home,15571107,05/03/2026,Copa Brasil,0.75,39,0.0,0,0,1998,28,False
1465707,Thainler,23,D,True,835747200,Rio Branco-ES,Athletic Club,49199,342775,home,15571107,05/03/2026,Copa Brasil,0.75,24,0.0,0,0,1996,30,False
789962,Alisson Farias,10,M,True,828835200,Rio Branco-ES,Athletic Club,49199,342775,home,15571107,05/03/2026,Copa Brasil,0.75,24,0.0,0,0,1996,30,False
1464015,Alex Galo,88,M,True,800323200,Rio Branco-ES,Athletic Club,49199,342775,home,15571107,05/03/2026,Copa Brasil,0.75,24,0.0,0,0,1995,31,False
146790,João Paulo,30,M,True,477878400,Rio Branco-ES,Athletic Club,49199,342775,home,15571107,05/03/2026,Copa Brasil,0.75,8,0.0,0,0,1985,41,False
798688,Jhonatan,1,G,False,673660800,Athletic Club,Rio Branco-ES,342775,49199,away,15571107,05/03/2026,Copa Brasil,0.75,90,0.0,0,0,1991,35,False
555454,Zeca,6,D,False,769046400,Athletic Club,Rio Branco-ES,342775,49199,away,15571107,05/03/2026,Copa Brasil,0.75,90,0.0,0,0,1994,32,False
1130040,Lucas Belezi,4,D,False,1052352000,Athletic Club,Rio Branco-ES,342775,49199,away,15571107,05/03/2026,Copa Brasil,0.75,90,0.0,1,0,2003,23,True
1467761,Jhonathan,3,D,False,931824000,Athletic Club,Rio Branco-ES,342775,49199,away,15571107,05/03/2026,Copa Brasil,0.75,90,0.0,0,0,1999,27,False
1588320,Diogo Batista de Souza,2,D,False,1062115200,Athletic Club,Rio Branco-ES,342775,49199,away,15571107,05/03/2026,Copa Brasil,0.75,90,0.0,0,0,2003,23,True
1197424,Dixon Vera,7,M,False,1049587200,Athletic Club,Rio Branco-ES,342775,49199,away,15571107,05/03/2026,Copa Brasil,0.75,87,0.0,0,0,2003,23,True
1099301,Gian Cabezas,8,M,False,1041379200,Athletic Club,Rio Branco-ES,342775,49199,away,15571107,05/03/2026,Copa Brasil,0.75,87,0.0,0,0,2003,23,True
1470709,David Braga,10,M,False,1008028800,Athletic Club,Rio Branco-ES,342775,49199,away,15571107,05/03/2026,Copa Brasil,0.75,87,0.0,0,0,2001,25,False
1046496,Ian Luccas,5,M,False,1044921600,Athletic Club,Rio Branco-ES,342775,49199,away,15571107,05/03/2026,Copa Brasil,0.75,60,0.0,0,0,2003,23,True
828707,Ronaldo Tavares,9,F,False,869529600,Athletic Club,Rio Branco-ES,342775,49199,away,15571107,05/03/2026,Copa Brasil,0.75,90,0.0,0,0,1997,29,False
1495892,Ruan Lucas de Assis,11,F,False,1082419200,Athletic Club,Rio Branco-ES,342775,49199,away,15571107,05/03/2026,Copa Brasil,0.75,75,0.0,0,0,2004,22,True
1516708,Kauan Rodrigues,17,M,True,1113609600,Athletic Club,Rio Branco-ES,342775,49199,away,15571107,05/03/2026,Copa Brasil,0.75,30,0.0,0,0,2005,21,True
1650031,Kauan Lindes,16,M,True,1069977600,Athletic Club,Rio Branco-ES,342775,49199,away,15571107,05/03/2026,Copa Brasil,0.75,15,0.0,0,0,2003,23,True
1901819,Deyson Copete,15,M,True,998438400,Athletic Club,Rio Branco-ES,342775,49199,away,15571107,05/03/2026,Copa Brasil,0.75,3,0.0,0,0,2001,25,False
1631782,Carlito Thiago Valenca Monteiro,19,F,True,1108425600,Athletic Club,Rio Branco-ES,342775,49199,away,15571107,05/03/2026,Copa Brasil,0.75,3,0.0,0,0,2005,21,True
2492844,Gabriel Carioca,18,F,True,1146787200,Athletic Club,Rio Branco-ES,342775,49199,away,15571107,05/03/2026,Copa Brasil,0.75,3,0.0,0,0,2006,20,True
879526,Marcão,1,G,False,737596800,Santa Catarina Clube,Cuiabá,465990,49202,home,15592404,05/03/2026,Copa Brasil,0.75,90,0.0,0,0,1993,33,False
1395893,Juninho,2,D,False,856569600,Santa Catarina Clube,Cuiabá,465990,49202,home,15592404,05/03/2026,Copa Brasil,0.75,90,0.0,0,0,1997,29,False
1589104,Kauê Oliveira de Souza,15,M,False,1077840000,Santa Catarina Clube,Cuiabá,465990,49202,home,15592404,05/03/2026,Copa Brasil,0.75,90,0.0,0,0,2004,22,True
1644835,Adriel,29,D,False,981590400,Santa Catarina Clube,Cuiabá,465990,49202,home,15592404,05/03/2026,Copa Brasil,0.75,90,0.0,0,0,2001,25,False
2470411,Wanderson Felipe,14,F,False,1106697600,Santa Catarina Clube,Cuiabá,465990,49202,home,15592404,05/03/2026,Copa Brasil,0.75,46,0.0,0,0,2005,21,True
1546643,Joao Vitor Rodrigues Galdino,16,M,False,1122768000,Santa Catarina Clube,Cuiabá,465990,49202,home,15592404,05/03/2026,Copa Brasil,0.75,57,0.0,0,0,2005,21,True
2032250,Gabriel Mendes Alves,10,M,False,804211200,Santa Catarina Clube,Cuiabá,465990,49202,home,15592404,05/03/2026,Copa Brasil,0.75,90,0.0,0,0,1995,31,False
2032249,Cléberson Cristiano Jahnke,8,M,False,1029024000,Santa Catarina Clube,Cuiabá,465990,49202,home,15592404,05/03/2026,Copa Brasil,0.75,77,0.0,0,0,2002,24,False
2032258,Bruninho,7,M,False,1046044800,Santa Catarina Clube,Cuiabá,465990,49202,home,15592404,05/03/2026,Copa Brasil,0.75,65,0.0,0,0,2003,23,True
86110,Alex Gonçalves,20,F,False,643161600,Santa Catarina Clube,Cuiabá,465990,49202,home,15592404,05/03/2026,Copa Brasil,0.75,90,0.0,1,0,1990,36,False
1829877,Renan Henrique Gomes Neves,13,M,False,860198400,Santa Catarina Clube,Cuiabá,465990,49202,home,15592404,05/03/2026,Copa Brasil,0.75,77,0.0,0,0,1997,29,False
2032248,Matheus Coruja,6,D,True,963187200,Santa Catarina Clube,Cuiabá,465990,49202,home,15592404,05/03/2026,Copa Brasil,0.75,44,0.0,0,0,2000,26,False
1546445,Renan Nunes dos Santos,25,M,True,1069286400,Santa Catarina Clube,Cuiabá,465990,49202,home,15592404,05/03/2026,Copa Brasil,0.75,33,0.0,0,0,2003,23,True
1129980,Brener,18,M,True,954547200,Santa Catarina Clube,Cuiabá,465990,49202,home,15592404,05/03/2026,Copa Brasil,0.75,25,0.0,0,0,2000,26,False
1589114,Guilherme Rodrigues Nascimento,27,M,True,1013558400,Santa Catarina Clube,Cuiabá,465990,49202,home,15592404,05/03/2026,Copa Brasil,0.75,13,0.0,0,0,2002,24,False
1941903,Luãn,30,F,True,981590400,Santa Catarina Clube,Cuiabá,465990,49202,home,15592404,05/03/2026,Copa Brasil,0.75,13,0.0,0,0,2001,25,False
795227,João Carlos,12,G,False,576288000,Cuiabá,Santa Catarina Clube,49202,465990,away,15592404,05/03/2026,Copa Brasil,0.75,90,0.0,0,0,1988,38,False
77375,Nino Paraíba,2,D,False,505699200,Cuiabá,Santa Catarina Clube,49202,465990,away,15592404,05/03/2026,Copa Brasil,0.75,90,0.0,0,0,1986,40,False
2040217,Luis Henrique Fonseca Soares,91,D,False,1121558400,Cuiabá,Santa Catarina Clube,49202,465990,away,15592404,05/03/2026,Copa Brasil,0.75,90,0.0,0,0,2005,21,True
988873,Vitor Mendes,4,D,False,918864000,Cuiabá,Santa Catarina Clube,49202,465990,away,15592404,05/03/2026,Copa Brasil,0.75,90,0.0,0,0,1999,27,False
870933,Marlon Lopes,6,D,False,761097600,Cuiabá,Santa Catarina Clube,49202,465990,away,15592404,05/03/2026,Copa Brasil,0.75,46,0.0,0,0,1994,32,False
1645786,Calebe Costa,5,M,False,1054944000,Cuiabá,Santa Catarina Clube,49202,465990,away,15592404,05/03/2026,Copa Brasil,0.75,90,0.0,0,0,2003,23,True
946945,Pepê,6,M,False,884044800,Cuiabá,Santa Catarina Clube,49202,465990,away,15592404,05/03/2026,Copa Brasil,0.75,69,0.0,0,0,1998,28,False
870760,Raul,30,M,False,837043200,Cuiabá,Santa Catarina Clube,49202,465990,away,15592404,05/03/2026,Copa Brasil,0.75,85,0.0,0,0,1996,30,False
1631777,Kauan Cristtyan,41,M,False,1138060800,Cuiabá,Santa Catarina Clube,49202,465990,away,15592404,05/03/2026,Copa Brasil,0.75,81,0.0,0,0,2006,20,True
1875994,Vinicius Peixoto,29,F,False,1067558400,Cuiabá,Santa Catarina Clube,49202,465990,away,15592404,05/03/2026,Copa Brasil,0.75,69,0.0,1,0,2003,23,True
954327,Rodrigo,27,M,False,956275200,Cuiabá,Santa Catarina Clube,49202,465990,away,15592404,05/03/2026,Copa Brasil,0.75,90,0.0,0,0,2000,26,False
1640518,Eric,14,D,True,965606400,Cuiabá,Santa Catarina Clube,49202,465990,away,15592404,05/03/2026,Copa Brasil,0.75,44,0.0,0,0,2000,26,False
1520882,Victor Hugo,17,M,True,1090195200,Cuiabá,Santa Catarina Clube,49202,465990,away,15592404,05/03/2026,Copa Brasil,0.75,21,0.0,0,0,2004,22,True
1106499,Weverson,20,M,True,1060560000,Cuiabá,Santa Catarina Clube,49202,465990,away,15592404,05/03/2026,Copa Brasil,0.75,21,0.0,0,0,2003,23,True
904837,Mateus Santos,19,M,True,916704000,Cuiabá,Santa Catarina Clube,49202,465990,away,15592404,05/03/2026,Copa Brasil,0.75,9,0.0,0,0,1999,27,False
870111,Luiz Otavio,7,M,True,858643200,Cuiabá,Santa Catarina Clube,49202,465990,away,15592404,05/03/2026,Copa Brasil,0.75,5,0.0,0,0,1997,29,False
1179252,Neto Bonini,1,G,False,800409600,Ivinhema,Volta Redonda,34000,6982,home,15592406,05/03/2026,Copa Brasil,0.75,90,0.0,0,0,1995,31,False
2428362,Santana de Souza Pedro Henrique,2,D,False,1198886400,Ivinhema,Volta Redonda,34000,6982,home,15592406,05/03/2026,Copa Brasil,0.75,67,0.0,0,0,2007,19,True
985441,Paulo Selson,3,D,False,812937600,Ivinhema,Volta Redonda,34000,6982,home,15592406,05/03/2026,Copa Brasil,0.75,90,0.0,0,0,1995,31,False
2198724,Bugarin,4,D,False,956880000,Ivinhema,Volta Redonda,34000,6982,home,15592406,05/03/2026,Copa Brasil,0.75,52,0.0,0,0,2000,26,False
2470094,Harinson,6,D,False,991699200,Ivinhema,Volta Redonda,34000,6982,home,15592406,05/03/2026,Copa Brasil,0.75,90,0.0,0,0,2001,25,False
1462343,Adson,8,D,False,901497600,Ivinhema,Volta Redonda,34000,6982,home,15592406,05/03/2026,Copa Brasil,0.75,90,0.0,0,0,1998,28,False
1174166,Diogo Fogliato,5,M,False,691977600,Ivinhema,Volta Redonda,34000,6982,home,15592406,05/03/2026,Copa Brasil,0.75,90,0.0,0,0,1991,35,False
2442130,Ninho,17,M,False,961200000,Ivinhema,Volta Redonda,34000,6982,home,15592406,05/03/2026,Copa Brasil,0.75,77,0.0,1,0,2000,26,False
2473404,Tuninho,7,,False,,Ivinhema,Volta Redonda,34000,6982,home,15592406,05/03/2026,Copa Brasil,0.75,90,0.0,0,0,0,0,False
2181822,Eliéser,9,F,False,668390400,Ivinhema,Volta Redonda,34000,6982,home,15592406,05/03/2026,Copa Brasil,0.75,52,0.0,0,0,1991,35,False
1471227,Wendel,11,F,False,1057795200,Ivinhema,Volta Redonda,34000,6982,home,15592406,05/03/2026,Copa Brasil,0.75,90,0.0,1,0,2003,23,True
2424181,Michel Kaique Ferreira Da Silva,15,D,True,998265600,Ivinhema,Volta Redonda,34000,6982,home,15592406,05/03/2026,Copa Brasil,0.75,38,0.0,0,0,2001,25,False
2492863,Vitão,22,,True,,Ivinhema,Volta Redonda,34000,6982,home,15592406,05/03/2026,Copa Brasil,0.75,38,0.0,0,0,0,0,False
1471999,Jonatas,10,M,True,907027200,Ivinhema,Volta Redonda,34000,6982,home,15592406,05/03/2026,Copa Brasil,0.75,23,0.0,0,0,1998,28,False
874155,Alisson,20,M,True,682041600,Ivinhema,Volta Redonda,34000,6982,home,15592406,05/03/2026,Copa Brasil,0.75,13,0.0,0,0,1991,35,False
1117659,Avelino,1,G,False,910742400,Volta Redonda,Ivinhema,6982,34000,away,15592406,05/03/2026,Copa Brasil,0.75,90,0.0,0,0,1998,28,False
243469,Wellington Silva,2,D,False,573609600,Volta Redonda,Ivinhema,6982,34000,away,15592406,05/03/2026,Copa Brasil,0.75,90,0.0,1,0,1988,38,False
873115,Bruno Barra,5,M,False,513561600,Volta Redonda,Ivinhema,6982,34000,away,15592406,05/03/2026,Copa Brasil,0.75,90,0.0,0,0,1986,40,False
1175733,Lucas Adell,3,D,False,963619200,Volta Redonda,Ivinhema,6982,34000,away,15592406,05/03/2026,Copa Brasil,0.75,90,0.0,0,0,2000,26,False
840145,Jean Victor,6,D,False,773020800,Volta Redonda,Ivinhema,6982,34000,away,15592406,05/03/2026,Copa Brasil,0.75,80,0.0,0,0,1994,32,False
981591,Wagninho,17,M,False,956793600,Volta Redonda,Ivinhema,6982,34000,away,15592406,05/03/2026,Copa Brasil,0.75,90,0.0,0,0,2000,26,False
987089,Luciano Naninho,18,M,False,710121600,Volta Redonda,Ivinhema,6982,34000,away,15592406,05/03/2026,Copa Brasil,0.75,89,0.0,0,0,1992,34,False
243167,Dener,8,M,False,700444800,Volta Redonda,Ivinhema,6982,34000,away,15592406,05/03/2026,Copa Brasil,0.75,90,0.0,1,0,1992,34,False
975400,Marcos Vinicius,7,F,False,,Volta Redonda,Ivinhema,6982,34000,away,15592406,05/03/2026,Copa Brasil,0.75,81,0.0,0,0,0,0,False
924424,Ygor Catatau,9,F,False,804556800,Volta Redonda,Ivinhema,6982,34000,away,15592406,05/03/2026,Copa Brasil,0.75,80,0.0,1,0,1995,31,False
1105842,Marcos Vinicius,11,M,False,900028800,Volta Redonda,Ivinhema,6982,34000,away,15592406,05/03/2026,Copa Brasil,0.75,64,0.0,0,0,1998,28,False
1429887,Felipinho,20,M,True,1026950400,Volta Redonda,Ivinhema,6982,34000,away,15592406,05/03/2026,Copa Brasil,0.75,26,0.0,1,0,2002,24,False
1016658,Juninho,30,D,True,933120000,Volta Redonda,Ivinhema,6982,34000,away,15592406,05/03/2026,Copa Brasil,0.75,10,0.0,0,0,1999,27,False
1020469,Oswaldo Blanco,19,F,True,674697600,Volta Redonda,Ivinhema,6982,34000,away,15592406,05/03/2026,Copa Brasil,0.75,10,0.0,0,0,1991,35,False
2428101,Caetano,29,M,True,1118707200,Volta Redonda,Ivinhema,6982,34000,away,15592406,05/03/2026,Copa Brasil,0.75,9,0.0,0,0,2005,21,True
981380,Alan,13,D,True,981936000,Volta Redonda,Ivinhema,6982,34000,away,15592406,05/03/2026,Copa Brasil,0.75,1,0.0,0,0,2001,25,False
2492893,David Becker,1,G,False,803260800,Manauara EC,AO Itabaiana,393104,21853,home,15566105,05/03/2026,Copa Brasil,0.75,90,0.0,0,0,1995,31,False
1186141,Maicon Martins Rodrigues,4,D,False,795744000,Manauara EC,AO Itabaiana,393104,21853,home,15566105,05/03/2026,Copa Brasil,0.75,90,0.0,0,0,1995,31,False
1047079,Paulinho,96,D,False,841968000,Manauara EC,AO Itabaiana,393104,21853,home,15566105,05/03/2026,Copa Brasil,0.75,90,0.0,0,0,1996,30,False
1546653,Victor Leandro Ribeiro,2,D,False,871257600,Manauara EC,AO Itabaiana,393104,21853,home,15566105,05/03/2026,Copa Brasil,0.75,77,0.0,0,0,1997,29,False
1104574,Caio Ribeiro,6,D,False,844214400,Manauara EC,AO Itabaiana,393104,21853,home,15566105,05/03/2026,Copa Brasil,0.75,58,0.0,0,0,1996,30,False
1650106,Marinho,18,M,False,818812800,Manauara EC,AO Itabaiana,393104,21853,home,15566105,05/03/2026,Copa Brasil,0.75,90,0.0,1,0,1995,31,False
851501,Pablo Pardal,99,M,False,924652800,Manauara EC,AO Itabaiana,393104,21853,home,15566105,05/03/2026,Copa Brasil,0.75,90,0.0,1,0,1999,27,False
1017269,Juninho,5,M,False,941500800,Manauara EC,AO Itabaiana,393104,21853,home,15566105,05/03/2026,Copa Brasil,0.75,90,0.0,0,0,1999,27,False
874175,João Guilherme,27,F,False,775267200,Manauara EC,AO Itabaiana,393104,21853,home,15566105,05/03/2026,Copa Brasil,0.75,57,0.0,1,0,1994,32,False
1106064,Adriano Klein,11,F,False,970444800,Manauara EC,AO Itabaiana,393104,21853,home,15566105,05/03/2026,Copa Brasil,0.75,62,0.0,0,0,2000,26,False
1109249,Quadrado,37,F,False,792892800,Manauara EC,AO Itabaiana,393104,21853,home,15566105,05/03/2026,Copa Brasil,0.75,56,0.0,0,0,1995,31,False
1109701,Ivan,22,D,True,810432000,Manauara EC,AO Itabaiana,393104,21853,home,15566105,05/03/2026,Copa Brasil,0.75,34,0.0,0,0,1995,31,False
973539,Rafael Ibiapino,9,F,True,704937600,Manauara EC,AO Itabaiana,393104,21853,home,15566105,05/03/2026,Copa Brasil,0.75,33,0.0,0,0,1992,34,False
1047840,Felipe Camargo,3,D,True,915753600,Manauara EC,AO Itabaiana,393104,21853,home,15566105,05/03/2026,Copa Brasil,0.75,32,0.0,0,0,1999,27,False
329221,Giva,7,F,True,726019200,Manauara EC,AO Itabaiana,393104,21853,home,15566105,05/03/2026,Copa Brasil,0.75,28,0.0,0,0,1993,33,False
1186567,Fabrício Conceição,25,D,True,862876800,Manauara EC,AO Itabaiana,393104,21853,home,15566105,05/03/2026,Copa Brasil,0.75,13,0.0,0,0,1997,29,False
1488517,Léo Souza,1,G,False,613872000,AO Itabaiana,Manauara EC,21853,393104,away,15566105,05/03/2026,Copa Brasil,0.75,90,0.0,0,0,1989,37,False
879599,Manoel Neto,16,D,False,834192000,AO Itabaiana,Manauara EC,21853,393104,away,15566105,05/03/2026,Copa Brasil,0.75,46,0.0,0,0,1996,30,False
1467004,Lucão,4,D,False,890784000,AO Itabaiana,Manauara EC,21853,393104,away,15566105,05/03/2026,Copa Brasil,0.75,90,0.0,0,0,1998,28,False
973922,Betão,3,D,False,687398400,AO Itabaiana,Manauara EC,21853,393104,away,15566105,05/03/2026,Copa Brasil,0.75,90,0.0,0,0,1991,35,False
1412633,Ricardo Cerqueira,2,D,False,1041120000,AO Itabaiana,Manauara EC,21853,393104,away,15566105,05/03/2026,Copa Brasil,0.75,46,0.0,0,0,2002,24,False
806101,Karl Vedova Junior,8,M,False,734140800,AO Itabaiana,Manauara EC,21853,393104,away,15566105,05/03/2026,Copa Brasil,0.75,90,0.0,0,0,1993,33,False
1069158,Gustavo Crecci,5,M,False,789350400,AO Itabaiana,Manauara EC,21853,393104,away,15566105,05/03/2026,Copa Brasil,0.75,90,0.0,0,0,1995,31,False
1176037,Pedro Igor Martins,7,F,False,1021507200,AO Itabaiana,Manauara EC,21853,393104,away,15566105,05/03/2026,Copa Brasil,0.75,78,0.0,1,0,2002,24,False
909981,Jonata,9,F,False,880502400,AO Itabaiana,Manauara EC,21853,393104,away,15566105,05/03/2026,Copa Brasil,0.75,65,0.0,0,0,1997,29,False
1047664,Tarcísio,6,F,False,721094400,AO Itabaiana,Manauara EC,21853,393104,away,15566105,05/03/2026,Copa Brasil,0.75,90,0.0,0,0,1992,34,False
981613,Dione,10,F,False,742780800,AO Itabaiana,Manauara EC,21853,393104,away,15566105,05/03/2026,Copa Brasil,0.75,60,0.0,0,0,1993,33,False
1009925,Caio Felipe,21,D,True,917913600,AO Itabaiana,Manauara EC,21853,393104,away,15566105,05/03/2026,Copa Brasil,0.75,44,0.0,0,0,1999,27,False
2120742,Elimar,11,F,True,898041600,AO Itabaiana,Manauara EC,21853,393104,away,15566105,05/03/2026,Copa Brasil,0.75,44,0.0,0,0,1998,28,False
1114095,Luan Silva,19,F,True,711504000,AO Itabaiana,Manauara EC,21853,393104,away,15566105,05/03/2026,Copa Brasil,0.75,30,0.0,0,0,1992,34,False
338841,Yago,17,M,True,805075200,AO Itabaiana,Manauara EC,21853,393104,away,15566105,05/03/2026,Copa Brasil,0.75,25,0.0,0,0,1995,31,False
1105056,Kayan,20,F,True,974851200,AO Itabaiana,Manauara EC,21853,393104,away,15566105,05/03/2026,Copa Brasil,0.75,12,0.0,0,0,2000,26,False
124766,Gustavo,1,G,False,731721600,América Mineiro,Tirol/CEFAT,1973,398170,home,15592409,05/03/2026,Copa Brasil,0.75,90,0.0,0,0,1993,33,False
871209,Maguinho,26,D,False,694656000,América Mineiro,Tirol/CEFAT,1973,398170,home,15592409,05/03/2026,Copa Brasil,0.75,90,0.0,0,0,1992,34,False
844015,Emerson Santos,2,D,False,797040000,América Mineiro,Tirol/CEFAT,1973,398170,home,15592409,05/03/2026,Copa Brasil,0.75,90,0.0,0,0,1995,31,False
1485499,Rafael Barcelos,4,D,False,1106611200,América Mineiro,Tirol/CEFAT,1973,398170,home,15592409,05/03/2026,Copa Brasil,0.75,90,0.0,0,0,2005,21,True
360160,Artur,96,D,False,776044800,América Mineiro,Tirol/CEFAT,1973,398170,home,15592409,05/03/2026,Copa Brasil,0.75,79,0.0,0,0,1994,32,False
871681,Val Soares,97,M,False,858124800,América Mineiro,Tirol/CEFAT,1973,398170,home,15592409,05/03/2026,Copa Brasil,0.75,46,0.0,0,0,1997,29,False
1201949,Felipe Amaral,8,M,False,1057622400,América Mineiro,Tirol/CEFAT,1973,398170,home,15592409,05/03/2026,Copa Brasil,0.75,46,0.0,0,0,2003,23,True
1107995,Paulo Victor,20,F,False,985132800,América Mineiro,Tirol/CEFAT,1973,398170,home,15592409,05/03/2026,Copa Brasil,0.75,68,0.0,0,0,2001,25,False
988622,Matías Segovia,77,M,False,1041638400,América Mineiro,Tirol/CEFAT,1973,398170,home,15592409,05/03/2026,Copa Brasil,0.75,67,0.0,0,0,2003,23,True
146308,Willian Bigode,9,F,False,532742400,América Mineiro,Tirol/CEFAT,1973,398170,home,15592409,05/03/2026,Copa Brasil,0.75,90,0.0,1,0,1986,40,False
938482,Eduardo Person,21,M,False,854064000,América Mineiro,Tirol/CEFAT,1973,398170,home,15592409,05/03/2026,Copa Brasil,0.75,78,0.0,0,0,1997,29,False
1860952,Jhonatan Lima,88,M,True,1117670400,América Mineiro,Tirol/CEFAT,1973,398170,home,15592409,05/03/2026,Copa Brasil,0.75,44,0.0,0,0,2005,21,True
1020259,Gabriel Barros,7,M,True,1003968000,América Mineiro,Tirol/CEFAT,1973,398170,home,15592409,05/03/2026,Copa Brasil,0.75,23,0.0,0,0,2001,25,False
1807776,Yarlen,67,F,True,1140393600,América Mineiro,Tirol/CEFAT,1973,398170,home,15592409,05/03/2026,Copa Brasil,0.75,22,0.0,0,0,2006,20,True
1485488,Yago Souza,10,M,True,1139616000,América Mineiro,Tirol/CEFAT,1973,398170,home,15592409,05/03/2026,Copa Brasil,0.75,12,0.0,0,0,2006,20,True
1485496,Paulinho,6,D,True,1088467200,América Mineiro,Tirol/CEFAT,1973,398170,home,15592409,05/03/2026,Copa Brasil,0.75,11,0.0,0,0,2004,22,True
2194443,Frank,1,G,False,912816000,Tirol/CEFAT,América Mineiro,398170,1973,away,15592409,05/03/2026,Copa Brasil,0.75,90,0.0,0,0,1998,28,False
1109155,Zé Augusto,22,D,False,742694400,Tirol/CEFAT,América Mineiro,398170,1973,away,15592409,05/03/2026,Copa Brasil,0.75,90,0.0,0,0,1993,33,False
1087864,Jairo,14,D,False,702604800,Tirol/CEFAT,América Mineiro,398170,1973,away,15592409,05/03/2026,Copa Brasil,0.75,90,0.0,0,0,1992,34,False
981594,Diguinho,4,D,False,990835200,Tirol/CEFAT,América Mineiro,398170,1973,away,15592409,05/03/2026,Copa Brasil,0.75,90,0.0,0,0,2001,25,False
2423633,Ytalo,6,D,False,1008201600,Tirol/CEFAT,América Mineiro,398170,1973,away,15592409,05/03/2026,Copa Brasil,0.75,90,0.0,0,0,2001,25,False
2448092,Sidney Vieira,17,,False,,Tirol/CEFAT,América Mineiro,398170,1973,away,15592409,05/03/2026,Copa Brasil,0.75,54,0.0,0,0,0,0,False
2027965,Isaias,8,M,False,966816000,Tirol/CEFAT,América Mineiro,398170,1973,away,15592409,05/03/2026,Copa Brasil,0.75,69,0.0,0,0,2000,26,False
2473401,Max Alexandre dos Santos Silva,16,M,False,890784000,Tirol/CEFAT,América Mineiro,398170,1973,away,15592409,05/03/2026,Copa Brasil,0.75,46,0.0,0,0,1998,28,False
1125361,Jeffinho,10,F,False,827366400,Tirol/CEFAT,América Mineiro,398170,1973,away,15592409,05/03/2026,Copa Brasil,0.75,46,0.0,0,0,1996,30,False
1024144,Felipe Hulk,9,F,False,811296000,Tirol/CEFAT,América Mineiro,398170,1973,away,15592409,05/03/2026,Copa Brasil,0.75,90,0.0,0,0,1995,31,False
2492916,Rafinha,11,,False,,Tirol/CEFAT,América Mineiro,398170,1973,away,15592409,05/03/2026,Copa Brasil,0.75,90,0.0,0,0,0,0,False
1464094,Dieguinho,2,D,True,708998400,Tirol/CEFAT,América Mineiro,398170,1973,away,15592409,05/03/2026,Copa Brasil,0.75,44,0.0,0,0,1992,34,False
931045,Janeudo,20,M,True,646790400,Tirol/CEFAT,América Mineiro,398170,1973,away,15592409,05/03/2026,Copa Brasil,0.75,44,0.0,0,0,1990,36,False
1105954,Welton Santana,5,M,True,793238400,Tirol/CEFAT,América Mineiro,398170,1973,away,15592409,05/03/2026,Copa Brasil,0.75,36,0.0,1,0,1995,31,False
1491117,Willian Oliveira,3,D,True,856656000,Tirol/CEFAT,América Mineiro,398170,1973,away,15592409,05/03/2026,Copa Brasil,0.75,21,0.0,0,0,1997,29,False
1188012,Victor Lube,1,G,False,760406400,Trem,Fluminense-PI,21865,375317,home,15573846,05/03/2026,Copa Brasil,0.75,90,0.0,0,0,1994,32,False
1474343,Foguete,2,F,False,796262400,Trem,Fluminense-PI,21865,375317,home,15573846,05/03/2026,Copa Brasil,0.75,90,0.0,0,0,1995,31,False
871028,Perema,3,D,False,712195200,Trem,Fluminense-PI,21865,375317,home,15573846,05/03/2026,Copa Brasil,0.75,65,0.0,0,0,1992,34,False
1464092,Matheus Paraíba,4,D,False,982368000,Trem,Fluminense-PI,21865,375317,home,15573846,05/03/2026,Copa Brasil,0.75,90,0.0,0,0,2001,25,False
1173042,Rivaldo,6,D,False,897436800,Trem,Fluminense-PI,21865,375317,home,15573846,05/03/2026,Copa Brasil,0.75,90,0.0,0,0,1998,28,False
2025925,Cleilton,5,M,False,958262400,Trem,Fluminense-PI,21865,375317,home,15573846,05/03/2026,Copa Brasil,0.75,90,0.0,0,0,2000,26,False
1019561,Mauro Ajuruteua,7,F,False,772156800,Trem,Fluminense-PI,21865,375317,home,15573846,05/03/2026,Copa Brasil,0.75,14,0.0,0,0,1994,32,False
1032933,Luiz Felipe Araujo,18,D,False,982972800,Trem,Fluminense-PI,21865,375317,home,15573846,05/03/2026,Copa Brasil,0.75,68,0.0,0,0,2001,25,False
1491116,Wanderson Gotinha,9,M,False,841104000,Trem,Fluminense-PI,21865,375317,home,15573846,05/03/2026,Copa Brasil,0.75,90,0.0,0,0,1996,30,False
886718,Magno,10,M,False,751939200,Trem,Fluminense-PI,21865,375317,home,15573846,05/03/2026,Copa Brasil,0.75,69,0.0,0,0,1993,33,False
1474355,Jonas Moreira,11,F,False,660009600,Trem,Fluminense-PI,21865,375317,home,15573846,05/03/2026,Copa Brasil,0.75,90,0.0,0,0,1990,36,False
872032,Wander Silva,23,M,True,724204800,Trem,Fluminense-PI,21865,375317,home,15573846,05/03/2026,Copa Brasil,0.75,32,0.0,0,0,1992,34,False
1188454,Zé Lucas,13,M,True,932860800,Trem,Fluminense-PI,21865,375317,home,15573846,05/03/2026,Copa Brasil,0.75,44,0.0,0,0,1999,27,False
1874657,Welliton Londres,22,D,True,1018915200,Trem,Fluminense-PI,21865,375317,home,15573846,05/03/2026,Copa Brasil,0.75,25,0.0,0,0,2002,24,False
871508,Balão Marabá,17,M,True,560563200,Trem,Fluminense-PI,21865,375317,home,15573846,05/03/2026,Copa Brasil,0.75,22,0.0,0,0,1987,39,False
1474282,Kennedy Balotelli,21,F,True,840758400,Trem,Fluminense-PI,21865,375317,home,15573846,05/03/2026,Copa Brasil,0.75,21,0.0,0,0,1996,30,False
937548,Mauro Iguatu,1,G,False,563846400,Fluminense-PI,Trem,375317,21865,away,15573846,05/03/2026,Copa Brasil,0.75,90,0.0,0,0,1987,39,False
1190150,Gabriel Cardoso,2,D,False,1025481600,Fluminense-PI,Trem,375317,21865,away,15573846,05/03/2026,Copa Brasil,0.75,90,0.0,0,0,2002,24,False
2043647,Rafhael Vinicius Silva,3,D,False,802396800,Fluminense-PI,Trem,375317,21865,away,15573846,05/03/2026,Copa Brasil,0.75,83,0.0,0,0,1995,31,False
1184391,Hebert  Andrade,4,D,False,1018656000,Fluminense-PI,Trem,375317,21865,away,15573846,05/03/2026,Copa Brasil,0.75,90,0.0,0,0,2002,24,False
1474121,Rhuan,6,D,False,926640000,Fluminense-PI,Trem,375317,21865,away,15573846,05/03/2026,Copa Brasil,0.75,90,0.0,0,0,1999,27,False
1171496,Ray Cardoso,7,D,False,971222400,Fluminense-PI,Trem,375317,21865,away,15573846,05/03/2026,Copa Brasil,0.75,90,0.0,0,0,2000,26,False
1116680,Mauricio Gabriel,5,M,False,1035244800,Fluminense-PI,Trem,375317,21865,away,15573846,05/03/2026,Copa Brasil,0.75,90,0.0,0,0,2002,24,False
1047665,Raimundinho,8,M,False,850867200,Fluminense-PI,Trem,375317,21865,away,15573846,05/03/2026,Copa Brasil,0.75,90,0.0,0,0,1996,30,False
2028071,Leo Carvalho,11,F,False,1152921600,Fluminense-PI,Trem,375317,21865,away,15573846,05/03/2026,Copa Brasil,0.75,67,0.0,0,0,2006,20,True
1186002,Reny Max Santos Silva,9,F,False,920332800,Fluminense-PI,Trem,375317,21865,away,15573846,05/03/2026,Copa Brasil,0.75,67,0.0,0,0,1999,27,False
1015936,João Vitor,10,F,False,895536000,Fluminense-PI,Trem,375317,21865,away,15573846,05/03/2026,Copa Brasil,0.75,83,0.0,0,0,1998,28,False
2494286,Kelson Silva,16,D,True,1009497600,Fluminense-PI,Trem,375317,21865,away,15573846,05/03/2026,Copa Brasil,0.75,23,0.0,0,0,2001,25,False
1117819,Juan Batista,18,M,True,1001462400,Fluminense-PI,Trem,375317,21865,away,15573846,05/03/2026,Copa Brasil,0.75,23,0.0,0,0,2001,25,False
1465240,Durkheim,13,D,True,1040688000,Fluminense-PI,Trem,375317,21865,away,15573846,05/03/2026,Copa Brasil,0.75,7,0.0,0,0,2002,24,False
1639317,Matheus Taumaturgo,20,F,True,934675200,Fluminense-PI,Trem,375317,21865,away,15573846,05/03/2026,Copa Brasil,0.75,7,0.0,0,0,1999,27,False
1639510,Gabriel Pará,15,D,True,1082246400,Fluminense-PI,Trem,375317,21865,away,15573846,05/03/2026,Copa Brasil,0.75,1,0.0,0,0,2004,22,True
2455644,Pedro Zanette,32,G,False,937872000,Desportiva Ferroviária,Sport Recife,34011,1959,home,15566116,05/03/2026,Copa Brasil,0.75,90,0.0,0,0,1999,27,False
1188597,Jairo Pereira,2,D,False,830476800,Desportiva Ferroviária,Sport Recife,34011,1959,home,15566116,05/03/2026,Copa Brasil,0.75,90,0.0,0,0,1996,30,False
1109230,Wesley Dias,18,D,False,804988800,Desportiva Ferroviária,Sport Recife,34011,1959,home,15566116,05/03/2026,Copa Brasil,0.75,85,0.0,0,0,1995,31,False
1019150,Vinicius Leandro,4,D,False,640310400,Desportiva Ferroviária,Sport Recife,34011,1959,home,15566116,05/03/2026,Copa Brasil,0.75,90,0.0,0,0,1990,36,False
870855,William Simões,6,D,False,573609600,Desportiva Ferroviária,Sport Recife,34011,1959,home,15566116,05/03/2026,Copa Brasil,0.75,76,0.0,0,0,1988,38,False
2052617,Jorge Mendes,14,M,False,972518400,Desportiva Ferroviária,Sport Recife,34011,1959,home,15566116,05/03/2026,Copa Brasil,0.75,90,0.0,0,0,2000,26,False
2455649,Ruan,5,M,False,926121600,Desportiva Ferroviária,Sport Recife,34011,1959,home,15566116,05/03/2026,Copa Brasil,0.75,85,0.0,0,0,1999,27,False
2265590,Mariano,13,M,False,907027200,Desportiva Ferroviária,Sport Recife,34011,1959,home,15566116,05/03/2026,Copa Brasil,0.75,76,0.0,0,0,1998,28,False
1017609,Bahia,23,D,False,855878400,Desportiva Ferroviária,Sport Recife,34011,1959,home,15566116,05/03/2026,Copa Brasil,0.75,90,0.0,0,0,1997,29,False
1170578,Tiago Moura,20,F,False,747014400,Desportiva Ferroviária,Sport Recife,34011,1959,home,15566116,05/03/2026,Copa Brasil,0.75,90,0.0,0,0,1993,33,False
76489,Kieza,9,F,False,527904000,Desportiva Ferroviária,Sport Recife,34011,1959,home,15566116,05/03/2026,Copa Brasil,0.75,69,0.0,0,0,1986,40,False
1938915,Guilherme Teixeira Santos,22,F,True,855792000,Desportiva Ferroviária,Sport Recife,34011,1959,home,15566116,05/03/2026,Copa Brasil,0.75,21,0.0,0,0,1997,29,False
2436816,Kaka Calavort,17,D,True,941587200,Desportiva Ferroviária,Sport Recife,34011,1959,home,15566116,05/03/2026,Copa Brasil,0.75,14,0.0,0,0,1999,27,False
1491467,Jhonatan Marino,19,M,True,902448000,Desportiva Ferroviária,Sport Recife,34011,1959,home,15566116,05/03/2026,Copa Brasil,0.75,14,0.0,0,0,1998,28,False
1046807,Janelson,3,D,True,851558400,Desportiva Ferroviária,Sport Recife,34011,1959,home,15566116,05/03/2026,Copa Brasil,0.75,5,0.0,0,0,1996,30,False
2455542,Kaiki Costela,8,F,True,1099440000,Desportiva Ferroviária,Sport Recife,34011,1959,home,15566116,05/03/2026,Copa Brasil,0.75,5,0.0,0,0,2004,22,True
871291,Thiago Couto,26,G,False,922406400,Sport Recife,Desportiva Ferroviária,1959,34011,away,15566116,05/03/2026,Copa Brasil,0.75,90,0.0,0,0,1999,27,False
953736,Matheus Alexandre,2,D,False,923443200,Sport Recife,Desportiva Ferroviária,1959,34011,away,15566116,05/03/2026,Copa Brasil,0.75,90,0.0,0,0,1999,27,False
1634992,Marcelo Ajul,3,D,False,1030320000,Sport Recife,Desportiva Ferroviária,1959,34011,away,15566116,05/03/2026,Copa Brasil,0.75,90,0.0,0,0,2002,24,False
901700,Zé Marcos,4,D,False,886291200,Sport Recife,Desportiva Ferroviária,1959,34011,away,15566116,05/03/2026,Copa Brasil,0.75,90,0.0,0,0,1998,28,False
987173,Davi Gabriel,29,D,False,879292800,Sport Recife,Desportiva Ferroviária,1959,34011,away,15566116,05/03/2026,Copa Brasil,0.75,55,0.0,0,0,1997,29,False
1105838,Max,8,M,False,989539200,Sport Recife,Desportiva Ferroviária,1959,34011,away,15566116,05/03/2026,Copa Brasil,0.75,55,0.0,0,0,2001,25,False
2040561,Zé Lucas,58,M,False,1206144000,Sport Recife,Desportiva Ferroviária,1959,34011,away,15566116,05/03/2026,Copa Brasil,0.75,90,0.0,0,0,2008,18,True
552164,Yago Felipe,7,M,False,791769600,Sport Recife,Desportiva Ferroviária,1959,34011,away,15566116,05/03/2026,Copa Brasil,0.75,90,0.0,0,0,1995,31,False
311394,Carlos De Pena,10,M,False,700272000,Sport Recife,Desportiva Ferroviária,1959,34011,away,15566116,05/03/2026,Copa Brasil,0.75,69,0.0,0,0,1992,34,False
1023049,Gustavo Maia,11,M,False,980121600,Sport Recife,Desportiva Ferroviária,1959,34011,away,15566116,05/03/2026,Copa Brasil,0.75,86,0.0,0,0,2001,25,False
981595,Gustavo Coutinho,9,F,False,916704000,Sport Recife,Desportiva Ferroviária,1959,34011,away,15566116,05/03/2026,Copa Brasil,0.75,69,0.0,0,0,1999,27,False
1048276,Felipinho,60,M,True,853113600,Sport Recife,Desportiva Ferroviária,1959,34011,away,15566116,05/03/2026,Copa Brasil,0.75,35,0.0,0,0,1997,29,False
1035765,Chrystian Barletta,30,M,True,994291200,Sport Recife,Desportiva Ferroviária,1959,34011,away,15566116,05/03/2026,Copa Brasil,0.75,35,0.0,0,0,2001,25,False
795020,Iury Castilho,95,F,True,810345600,Sport Recife,Desportiva Ferroviária,1959,34011,away,15566116,05/03/2026,Copa Brasil,0.75,21,0.0,0,0,1995,31,False
842076,Zé Roberto,99,F,True,747964800,Sport Recife,Desportiva Ferroviária,1959,34011,away,15566116,05/03/2026,Copa Brasil,0.75,21,0.0,0,0,1993,33,False
811308,Clayson,29,M,True,795571200,Sport Recife,Desportiva Ferroviária,1959,34011,away,15566116,05/03/2026,Copa Brasil,0.75,4,0.0,0,0,1995,31,False
867883,Douglas Borges,1,G,False,638755200,Portuguesa-RJ,Maracanã,208067,87156,home,15566110,05/03/2026,Copa Brasil,0.75,90,0.0,0,0,1990,36,False
881477,Lenon,2,D,False,641606400,Portuguesa-RJ,Maracanã,208067,87156,home,15566110,05/03/2026,Copa Brasil,0.75,90,0.0,0,0,1990,36,False
866430,Carlos Henrique,93,D,False,756518400,Portuguesa-RJ,Maracanã,208067,87156,home,15566110,05/03/2026,Copa Brasil,0.75,89,0.0,0,0,1993,33,False
931539,Lucas Rodrigues Costa,13,D,False,796780800,Portuguesa-RJ,Maracanã,208067,87156,home,15566110,05/03/2026,Copa Brasil,0.75,58,0.0,0,0,1995,31,False
32152,Guilherme Santos,33,D,False,571017600,Portuguesa-RJ,Maracanã,208067,87156,home,15566110,05/03/2026,Copa Brasil,0.75,90,0.0,0,0,1988,38,False
840256,Wellington Cézar,30,M,False,756432000,Portuguesa-RJ,Maracanã,208067,87156,home,15566110,05/03/2026,Copa Brasil,0.75,90,0.0,0,0,1993,33,False
1034325,Antonio Gutemberg,17,M,False,967766400,Portuguesa-RJ,Maracanã,208067,87156,home,15566110,05/03/2026,Copa Brasil,0.75,82,0.0,0,0,2000,26,False
1650402,Henrique Rocha,5,M,False,928454400,Portuguesa-RJ,Maracanã,208067,87156,home,15566110,05/03/2026,Copa Brasil,0.75,61,0.0,0,0,1999,27,False
922586,Anderson Rosa,7,M,False,731808000,Portuguesa-RJ,Maracanã,208067,87156,home,15566110,05/03/2026,Copa Brasil,0.75,82,0.0,0,0,1993,33,False
1018660,Guilherme Silveira,11,M,False,943315200,Portuguesa-RJ,Maracanã,208067,87156,home,15566110,05/03/2026,Copa Brasil,0.75,61,0.0,0,0,1999,27,False
867919,Lohan,19,F,False,811555200,Portuguesa-RJ,Maracanã,208067,87156,home,15566110,05/03/2026,Copa Brasil,0.75,90,0.0,1,0,1995,31,False
1540253,Patrick,4,D,True,794793600,Portuguesa-RJ,Maracanã,208067,87156,home,15566110,05/03/2026,Copa Brasil,0.75,29,0.0,0,0,1995,31,False
1175571,Willian,21,M,True,850089600,Portuguesa-RJ,Maracanã,208067,87156,home,15566110,05/03/2026,Copa Brasil,0.75,29,0.0,0,0,1996,30,False
943165,Rhuan,18,M,True,948758400,Portuguesa-RJ,Maracanã,208067,87156,home,15566110,05/03/2026,Copa Brasil,0.75,8,0.0,0,0,2000,26,False
1066554,Leo Muchacho,31,F,True,971222400,Portuguesa-RJ,Maracanã,208067,87156,home,15566110,05/03/2026,Copa Brasil,0.75,8,0.0,0,0,2000,26,False
1587854,Alex Moretti,6,M,True,1064448000,Portuguesa-RJ,Maracanã,208067,87156,home,15566110,05/03/2026,Copa Brasil,0.75,1,0.0,0,0,2003,23,True
1175246,Redson,12,G,False,803174400,Maracanã,Portuguesa-RJ,87156,208067,away,15566110,05/03/2026,Copa Brasil,0.75,90,0.0,0,0,1995,31,False
1639745,Vinícius Oliveira,2,D,False,989366400,Maracanã,Portuguesa-RJ,87156,208067,away,15566110,05/03/2026,Copa Brasil,0.75,90,0.0,0,0,2001,25,False
1173117,Guilherme,13,D,False,928800000,Maracanã,Portuguesa-RJ,87156,208067,away,15566110,05/03/2026,Copa Brasil,0.75,90,0.0,0,0,1999,27,False
1471236,Geilson Souza,4,D,False,1067904000,Maracanã,Portuguesa-RJ,87156,208067,away,15566110,05/03/2026,Copa Brasil,0.75,90,0.0,0,0,2003,23,True
1647511,Valdo Paraíba,6,F,False,1056153600,Maracanã,Portuguesa-RJ,87156,208067,away,15566110,05/03/2026,Copa Brasil,0.75,46,0.0,0,0,2003,23,True
1171509,Lincoln,15,M,False,717811200,Maracanã,Portuguesa-RJ,87156,208067,away,15566110,05/03/2026,Copa Brasil,0.75,90,0.0,0,0,1992,34,False
1647506,Luan Lucas,7,F,False,1099958400,Maracanã,Portuguesa-RJ,87156,208067,away,15566110,05/03/2026,Copa Brasil,0.75,61,0.0,0,0,2004,22,True
1609589,Robert,26,M,False,1016668800,Maracanã,Portuguesa-RJ,87156,208067,away,15566110,05/03/2026,Copa Brasil,0.75,90,0.0,0,0,2002,24,False
874308,José Silva Patuta,10,M,False,750470400,Maracanã,Portuguesa-RJ,87156,208067,away,15566110,05/03/2026,Copa Brasil,0.75,70,0.0,0,0,1993,33,False
1171513,Ivanaldo Silva Testinha,28,M,False,715564800,Maracanã,Portuguesa-RJ,87156,208067,away,15566110,05/03/2026,Copa Brasil,0.75,82,0.0,0,0,1992,34,False
1645815,Vinícius Canindé,22,M,False,915753600,Maracanã,Portuguesa-RJ,87156,208067,away,15566110,05/03/2026,Copa Brasil,0.75,90,0.0,0,0,1999,27,False
1634389,Alison Araçoiaba,18,F,True,,Maracanã,Portuguesa-RJ,87156,208067,away,15566110,05/03/2026,Copa Brasil,0.75,44,0.0,0,0,0,0,False
1590321,João Gabriel,17,F,True,1088208000,Maracanã,Portuguesa-RJ,87156,208067,away,15566110,05/03/2026,Copa Brasil,0.75,21,0.0,0,0,2004,22,True
1465435,Biel Potiguar,27,D,True,853459200,Maracanã,Portuguesa-RJ,87156,208067,away,15566110,05/03/2026,Copa Brasil,0.75,20,0.0,0,0,1997,29,False
1105965,Digão,16,D,True,845251200,Maracanã,Portuguesa-RJ,87156,208067,away,15566110,05/03/2026,Copa Brasil,0.75,8,0.0,0,0,1996,30,False
1019897,Mateusão,9,F,True,736128000,Maracanã,Portuguesa-RJ,87156,208067,away,15566110,05/03/2026,Copa Brasil,0.75,8,0.0,0,0,1993,33,False
866736,Raúl,1,G,False,870048000,Botafogo,Bangu,1958,1993,home,15651378,07/03/2026,Carioca,0.85,90,7.2,0,0,1997,29,False
1843325,Kadu Santos,42,D,False,1124150400,Botafogo,Bangu,1958,1993,home,15651378,07/03/2026,Carioca,0.85,90,7.2,0,0,2005,21,True
1512551,Ythallo,3,D,False,1090454400,Botafogo,Bangu,1958,1993,home,15651378,07/03/2026,Carioca,0.85,90,6.5,0,0,2004,22,True
1631268,Gabriel Justino,34,D,False,1145145600,Botafogo,Bangu,1958,1993,home,15651378,07/03/2026,Carioca,0.85,90,6.8,0,0,2006,20,True
1109864,Lucas Villalba,77,M,False,989539200,Botafogo,Bangu,1958,1993,home,15651378,07/03/2026,Carioca,0.85,85,6.8,0,1,2001,25,False
221636,Edenilson,88,M,False,629942400,Botafogo,Bangu,1958,1993,home,15651378,07/03/2026,Carioca,0.85,68,8.0,1,0,1989,37,False
1857051,Arthur Novaes,48,M,False,1221523200,Botafogo,Bangu,1958,1993,home,15651378,07/03/2026,Carioca,0.85,90,6.1,0,0,2008,18,True
1494695,Nathan Fernandes,16,M,False,1108512000,Botafogo,Bangu,1958,1993,home,15651378,07/03/2026,Carioca,0.85,76,7.0,0,0,2005,21,True
2028289,Caio Valle,45,F,False,1192060800,Botafogo,Bangu,1958,1993,home,15651378,07/03/2026,Carioca,0.85,76,7.4,1,0,2007,19,True
249929,Joaquín Correa,30,F,False,776736000,Botafogo,Bangu,1958,1993,home,15651378,07/03/2026,Carioca,0.85,90,8.9,1,0,1994,32,False
870762,Arthur Cabral,19,F,False,893462400,Botafogo,Bangu,1958,1993,home,15651378,07/03/2026,Carioca,0.85,85,6.8,0,1,1998,28,False
2185481,Marquinhos,64,D,True,1171497600,Botafogo,Bangu,1958,1993,home,15651378,07/03/2026,Carioca,0.85,22,6.6,0,0,2007,19,True
1482359,Jhoan Hernandez,67,D,True,1140393600,Botafogo,Bangu,1958,1993,home,15651378,07/03/2026,Carioca,0.85,14,7.0,0,0,2006,20,True
2428433,Arthur Izaque,39,F,True,1183075200,Botafogo,Bangu,1958,1993,home,15651378,07/03/2026,Carioca,0.85,14,6.3,0,0,2007,19,True
1099163,Mateo Ponte,4,D,True,1053734400,Botafogo,Bangu,1958,1993,home,15651378,07/03/2026,Carioca,0.85,10,6.5,0,0,2003,23,True
1463909,Newton,28,M,True,952819200,Botafogo,Bangu,1958,1993,home,15651378,07/03/2026,Carioca,0.85,10,6.5,0,0,2000,26,False
868012,Bruno Rodrigues,31,G,False,789436800,Bangu,Botafogo,1993,1958,away,15651378,07/03/2026,Carioca,0.85,90,6.2,0,0,1995,31,False
1167081,Dudu,2,D,False,976579200,Bangu,Botafogo,1993,1958,away,15651378,07/03/2026,Carioca,0.85,90,6.0,0,0,2000,26,False
867867,Gilberto,3,D,False,835920000,Bangu,Botafogo,1993,1958,away,15651378,07/03/2026,Carioca,0.85,90,5.8,0,0,1996,30,False
1107931,Kadu,4,D,False,855446400,Bangu,Botafogo,1993,1958,away,15651378,07/03/2026,Carioca,0.85,67,6.5,0,0,1997,29,False
1117841,Ricardo Sena,16,D,False,709948800,Bangu,Botafogo,1993,1958,away,15651378,07/03/2026,Carioca,0.85,90,6.5,0,0,1992,34,False
2447769,Dioguinho,5,M,False,979084800,Bangu,Botafogo,1993,1958,away,15651378,07/03/2026,Carioca,0.85,34,6.5,0,0,2001,25,False
1023504,Pedro China,15,M,False,1015459200,Bangu,Botafogo,1993,1958,away,15651378,07/03/2026,Carioca,0.85,89,6.9,0,0,2002,24,False
868055,Douglas Lima,21,M,False,763430400,Bangu,Botafogo,1993,1958,away,15651378,07/03/2026,Carioca,0.85,45,6.4,0,0,1994,32,False
1187636,Walber,10,M,False,747273600,Bangu,Botafogo,1993,1958,away,15651378,07/03/2026,Carioca,0.85,67,6.2,0,0,1993,33,False
367276,Luizinho,17,M,False,820972800,Bangu,Botafogo,1993,1958,away,15651378,07/03/2026,Carioca,0.85,90,7.7,1,0,1996,30,False
1119890,Lucas Sibito,11,F,False,863395200,Bangu,Botafogo,1993,1958,away,15651378,07/03/2026,Carioca,0.85,90,6.6,0,0,1997,29,False
1836778,Kauan Guilherme,25,M,True,1104883200,Bangu,Botafogo,1993,1958,away,15651378,07/03/2026,Carioca,0.85,56,5.9,0,0,2005,21,True
1462415,Patryck Ferreira,9,F,True,904953600,Bangu,Botafogo,1993,1958,away,15651378,07/03/2026,Carioca,0.85,45,6.0,0,0,1998,28,False
2036751,Welington Zarú,18,F,True,1098057600,Bangu,Botafogo,1993,1958,away,15651378,07/03/2026,Carioca,0.85,23,7.5,0,1,2004,22,True
1545482,Garrinsha Estinphile,7,M,True,1008892800,Bangu,Botafogo,1993,1958,away,15651378,07/03/2026,Carioca,0.85,23,6.6,0,0,2001,25,False
2447771,Marcelinho,20,F,True,1084320000,Bangu,Botafogo,1993,1958,away,15651378,07/03/2026,Carioca,0.85,1,0.0,0,0,2004,22,True
867883,Douglas Borges,1,G,False,638755200,Portuguesa-RJ,Sampaio Corrêa-RJ,208067,257632,home,15512222,03/03/2026,Carioca,0.85,90,7.6,0,0,1990,36,False
881477,Lenon,2,D,False,641606400,Portuguesa-RJ,Sampaio Corrêa-RJ,208067,257632,home,15512222,03/03/2026,Carioca,0.85,90,7.5,0,1,1990,36,False
866430,Carlos Henrique,93,D,False,756518400,Portuguesa-RJ,Sampaio Corrêa-RJ,208067,257632,home,15512222,03/03/2026,Carioca,0.85,90,7.0,0,0,1993,33,False
931539,Lucas Rodrigues Costa,13,D,False,796780800,Portuguesa-RJ,Sampaio Corrêa-RJ,208067,257632,home,15512222,03/03/2026,Carioca,0.85,90,6.9,0,0,1995,31,False
32152,Guilherme Santos,33,D,False,571017600,Portuguesa-RJ,Sampaio Corrêa-RJ,208067,257632,home,15512222,03/03/2026,Carioca,0.85,90,7.4,0,1,1988,38,False
840256,Wellington Cézar,30,M,False,756432000,Portuguesa-RJ,Sampaio Corrêa-RJ,208067,257632,home,15512222,03/03/2026,Carioca,0.85,90,6.9,0,0,1993,33,False
1034325,Antonio Gutemberg,17,M,False,967766400,Portuguesa-RJ,Sampaio Corrêa-RJ,208067,257632,home,15512222,03/03/2026,Carioca,0.85,89,6.5,0,0,2000,26,False
1650402,Henrique Rocha,5,M,False,928454400,Portuguesa-RJ,Sampaio Corrêa-RJ,208067,257632,home,15512222,03/03/2026,Carioca,0.85,80,7.3,0,0,1999,27,False
922586,Anderson Rosa,7,M,False,731808000,Portuguesa-RJ,Sampaio Corrêa-RJ,208067,257632,home,15512222,03/03/2026,Carioca,0.85,80,6.8,0,0,1993,33,False
1018660,Guilherme Silveira,11,M,False,943315200,Portuguesa-RJ,Sampaio Corrêa-RJ,208067,257632,home,15512222,03/03/2026,Carioca,0.85,65,6.8,0,0,1999,27,False
867919,Lohan,19,F,False,811555200,Portuguesa-RJ,Sampaio Corrêa-RJ,208067,257632,home,15512222,03/03/2026,Carioca,0.85,89,8.0,1,0,1995,31,False
943165,Rhuan,18,M,True,948758400,Portuguesa-RJ,Sampaio Corrêa-RJ,208067,257632,home,15512222,03/03/2026,Carioca,0.85,25,7.7,1,0,2000,26,False
867960,Romarinho,10,F,True,748310400,Portuguesa-RJ,Sampaio Corrêa-RJ,208067,257632,home,15512222,03/03/2026,Carioca,0.85,10,6.7,0,0,1993,33,False
1175571,Willian,21,F,True,850089600,Portuguesa-RJ,Sampaio Corrêa-RJ,208067,257632,home,15512222,03/03/2026,Carioca,0.85,10,6.5,0,0,1996,30,False
1175985,Patrick,4,D,True,889401600,Portuguesa-RJ,Sampaio Corrêa-RJ,208067,257632,home,15512222,03/03/2026,Carioca,0.85,1,0.0,0,0,1998,28,False
892873,Uelber,9,F,True,894240000,Portuguesa-RJ,Sampaio Corrêa-RJ,208067,257632,home,15512222,03/03/2026,Carioca,0.85,1,0.0,0,0,1998,28,False
1457684,Eduardo,1,G,False,989884800,Sampaio Corrêa-RJ,Portuguesa-RJ,257632,208067,away,15512222,03/03/2026,Carioca,0.85,90,6.3,0,0,2001,25,False
869531,Lucas Carvalho,2,D,False,828316800,Sampaio Corrêa-RJ,Portuguesa-RJ,257632,208067,away,15512222,03/03/2026,Carioca,0.85,90,6.4,0,0,1996,30,False
1589672,Daniel Nunes,3,D,False,1053734400,Sampaio Corrêa-RJ,Portuguesa-RJ,257632,208067,away,15512222,03/03/2026,Carioca,0.85,90,6.4,0,0,2003,23,True
1612382,Lucas Marreta,4,D,False,884131200,Sampaio Corrêa-RJ,Portuguesa-RJ,257632,208067,away,15512222,03/03/2026,Carioca,0.85,90,6.6,0,0,1998,28,False
981383,Guilherme,6,D,False,728179200,Sampaio Corrêa-RJ,Portuguesa-RJ,257632,208067,away,15512222,03/03/2026,Carioca,0.85,90,6.6,0,0,1993,33,False
867871,Pablo,5,M,False,877392000,Sampaio Corrêa-RJ,Portuguesa-RJ,257632,208067,away,15512222,03/03/2026,Carioca,0.85,86,7.0,0,0,1997,29,False
943038,Luan Gama,8,M,False,897091200,Sampaio Corrêa-RJ,Portuguesa-RJ,257632,208067,away,15512222,03/03/2026,Carioca,0.85,90,6.3,0,0,1998,28,False
1171655,Ewerton Potiguar,7,M,False,897177600,Sampaio Corrêa-RJ,Portuguesa-RJ,257632,208067,away,15512222,03/03/2026,Carioca,0.85,64,6.7,0,0,1998,28,False
166475,Rodrigo Andrade,10,M,False,571017600,Sampaio Corrêa-RJ,Portuguesa-RJ,257632,208067,away,15512222,03/03/2026,Carioca,0.85,64,6.0,0,0,1988,38,False
1645908,Octávio,11,M,False,855792000,Sampaio Corrêa-RJ,Portuguesa-RJ,257632,208067,away,15512222,03/03/2026,Carioca,0.85,82,6.4,0,0,1997,29,False
243467,Elias,9,F,False,540172800,Sampaio Corrêa-RJ,Portuguesa-RJ,257632,208067,away,15512222,03/03/2026,Carioca,0.85,82,6.1,0,0,1987,39,False
1172995,Alan Silva,20,D,True,979516800,Sampaio Corrêa-RJ,Portuguesa-RJ,257632,208067,away,15512222,03/03/2026,Carioca,0.85,26,6.4,0,0,2001,25,False
2454208,Paulo Henrique,17,M,True,1098403200,Sampaio Corrêa-RJ,Portuguesa-RJ,257632,208067,away,15512222,03/03/2026,Carioca,0.85,26,6.6,0,0,2004,22,True
2454247,Magrão,22,F,True,1104796800,Sampaio Corrêa-RJ,Portuguesa-RJ,257632,208067,away,15512222,03/03/2026,Carioca,0.85,8,6.3,0,0,2005,21,True
2453656,Matheus Goiano,18,F,True,916963200,Sampaio Corrêa-RJ,Portuguesa-RJ,257632,208067,away,15512222,03/03/2026,Carioca,0.85,8,6.5,0,0,1999,27,False
973865,Magno,15,M,True,729907200,Sampaio Corrêa-RJ,Portuguesa-RJ,257632,208067,away,15512222,03/03/2026,Carioca,0.85,10,6.7,0,0,1993,33,False
869179,Neguete,12,G,False,636681600,Madureira,Flamengo,6980,5981,home,15566225,03/03/2026,Carioca,0.85,90,5.6,0,0,1990,36,False
1799269,Cauã Coutinho,2,D,False,1072915200,Madureira,Flamengo,6980,5981,home,15566225,03/03/2026,Carioca,0.85,90,4.4,0,0,2004,22,True
868855,Marcão,23,D,False,612921600,Madureira,Flamengo,6980,5981,home,15566225,03/03/2026,Carioca,0.85,90,5.1,0,0,1989,37,False
1633967,Jean Vianna de Matos,4,D,False,1080604800,Madureira,Flamengo,6980,5981,home,15566225,03/03/2026,Carioca,0.85,90,3.2,0,0,2004,22,True
1463563,Matheus Julião,6,D,False,1049932800,Madureira,Flamengo,6980,5981,home,15566225,03/03/2026,Carioca,0.85,11,6.3,0,0,2003,23,True
2442978,Adriano,5,M,False,1104710400,Madureira,Flamengo,6980,5981,home,15566225,03/03/2026,Carioca,0.85,62,5.8,0,0,2005,21,True
343683,Rodrigo Lindoso,19,M,False,613094400,Madureira,Flamengo,6980,5981,home,15566225,03/03/2026,Carioca,0.85,77,5.7,0,0,1989,37,False
1463524,Jacó,7,M,False,1022025600,Madureira,Flamengo,6980,5981,home,15566225,03/03/2026,Carioca,0.85,45,6.5,0,0,2002,24,False
1589937,Wallace Camilo,10,M,False,1090800000,Madureira,Flamengo,6980,5981,home,15566225,03/03/2026,Carioca,0.85,30,5.0,0,0,2004,22,True
1105028,Vinicius Balotelli,11,M,False,890524800,Madureira,Flamengo,6980,5981,home,15566225,03/03/2026,Carioca,0.85,90,6.3,0,0,1998,28,False
170041,Geovane Diniz Silva,9,F,False,602553600,Madureira,Flamengo,6980,5981,home,15566225,03/03/2026,Carioca,0.85,45,7.0,0,0,1989,37,False
2442979,Júlio César,16,D,True,951523200,Madureira,Flamengo,6980,5981,home,15566225,03/03/2026,Carioca,0.85,79,5.0,0,0,2000,26,False
1587824,Fubá,14,M,True,1046995200,Madureira,Flamengo,6980,5981,home,15566225,03/03/2026,Carioca,0.85,45,6.1,0,0,2003,23,True
2159969,Michael Fashanu,24,F,True,1120694400,Madureira,Flamengo,6980,5981,home,15566225,03/03/2026,Carioca,0.85,45,7.1,0,0,2005,21,True
1015940,Wendel Lessa,15,M,True,1012953600,Madureira,Flamengo,6980,5981,home,15566225,03/03/2026,Carioca,0.85,28,6.7,0,0,2002,24,False
866393,Arthur Santos,17,M,True,685411200,Madureira,Flamengo,6980,5981,home,15566225,03/03/2026,Carioca,0.85,13,6.4,0,0,1991,35,False
947893,Andrew,42,G,False,993945600,Flamengo,Madureira,5981,6980,away,15566225,03/03/2026,Carioca,0.85,90,7.5,0,0,2001,25,False
856123,Emerson Royal,22,D,False,916272000,Flamengo,Madureira,5981,6980,away,15566225,03/03/2026,Carioca,0.85,90,6.8,0,1,1999,27,False
869643,Léo Ortiz,3,D,False,820627200,Flamengo,Madureira,5981,6980,away,15566225,03/03/2026,Carioca,0.85,85,7.5,0,0,1996,30,False
876625,Vitão,44,D,False,949449600,Flamengo,Madureira,5981,6980,away,15566225,03/03/2026,Carioca,0.85,90,7.6,0,0,2000,26,False
84854,Alex Sandro,26,D,False,664848000,Flamengo,Madureira,5981,6980,away,15566225,03/03/2026,Carioca,0.85,90,7.7,0,1,1991,35,False
1145106,Evertton Araujo,52,M,False,1046390400,Flamengo,Madureira,5981,6980,away,15566225,03/03/2026,Carioca,0.85,85,6.6,0,1,2003,23,True
877513,Nicolás de la Cruz,18,M,False,865123200,Flamengo,Madureira,5981,6980,away,15566225,03/03/2026,Carioca,0.85,57,7.7,0,0,1997,29,False
590392,Jorge Carrascal,15,M,False,896054400,Flamengo,Madureira,5981,6980,away,15566225,03/03/2026,Carioca,0.85,57,8.0,0,2,1998,28,False
839981,Lucas Paquetá,20,M,False,872640000,Flamengo,Madureira,5981,6980,away,15566225,03/03/2026,Carioca,0.85,90,8.3,2,0,1997,29,False
386198,Everton,11,M,False,827452800,Flamengo,Madureira,5981,6980,away,15566225,03/03/2026,Carioca,0.85,68,7.0,0,0,1996,30,False
840219,Pedro,9,F,False,866764800,Flamengo,Madureira,5981,6980,away,15566225,03/03/2026,Carioca,0.85,90,10.0,4,1,1997,29,False
840451,Luiz Araújo,7,F,True,833673600,Flamengo,Madureira,5981,6980,away,15566225,03/03/2026,Carioca,0.85,33,6.2,0,0,1996,30,False
1883345,Luiz Felipe,75,M,True,1202428800,Flamengo,Madureira,5981,6980,away,15566225,03/03/2026,Carioca,0.85,33,6.9,0,0,2008,18,True
874705,Samuel Lino,16,M,True,945907200,Flamengo,Madureira,5981,6980,away,15566225,03/03/2026,Carioca,0.85,22,7.9,1,0,1999,27,False
2445457,Daniel Silva,87,D,True,1238457600,Flamengo,Madureira,5981,6980,away,15566225,03/03/2026,Carioca,0.85,5,0.0,0,0,2009,17,True
1466084,Wallace Yan,64,F,True,1107820800,Flamengo,Madureira,5981,6980,away,15566225,03/03/2026,Carioca,0.85,5,0.0,0,0,2005,21,True
867883,Douglas Borges,1,G,False,638755200,Portuguesa-RJ,Maricá FC,208067,288535,home,15512233,08/03/2026,Carioca,0.85,90,6.0,0,0,1990,36,False
881477,Lenon,2,D,False,641606400,Portuguesa-RJ,Maricá FC,208067,288535,home,15512233,08/03/2026,Carioca,0.85,90,8.2,1,0,1990,36,False
1175985,Patrick,93,D,False,889401600,Portuguesa-RJ,Maricá FC,208067,288535,home,15512233,08/03/2026,Carioca,0.85,90,6.7,0,0,1998,28,False
931539,Lucas Rodrigues Costa,13,D,False,796780800,Portuguesa-RJ,Maricá FC,208067,288535,home,15512233,08/03/2026,Carioca,0.85,90,7.3,0,0,1995,31,False
32152,Guilherme Santos,33,D,False,571017600,Portuguesa-RJ,Maricá FC,208067,288535,home,15512233,08/03/2026,Carioca,0.85,90,7.0,1,0,1988,38,False
840256,Wellington Cézar,30,M,False,756432000,Portuguesa-RJ,Maricá FC,208067,288535,home,15512233,08/03/2026,Carioca,0.85,90,6.7,0,0,1993,33,False
1034325,Antonio Gutemberg,17,M,False,967766400,Portuguesa-RJ,Maricá FC,208067,288535,home,15512233,08/03/2026,Carioca,0.85,84,7.5,1,0,2000,26,False
1650402,Henrique Rocha,5,M,False,928454400,Portuguesa-RJ,Maricá FC,208067,288535,home,15512233,08/03/2026,Carioca,0.85,45,6.3,0,0,1999,27,False
922586,Anderson Rosa,7,M,False,731808000,Portuguesa-RJ,Maricá FC,208067,288535,home,15512233,08/03/2026,Carioca,0.85,84,8.3,0,3,1993,33,False
943165,Rhuan,18,M,False,948758400,Portuguesa-RJ,Maricá FC,208067,288535,home,15512233,08/03/2026,Carioca,0.85,45,6.4,0,0,2000,26,False
867919,Lohan,19,F,False,811555200,Portuguesa-RJ,Maricá FC,208067,288535,home,15512233,08/03/2026,Carioca,0.85,84,7.2,1,0,1995,31,False
1018660,Guilherme Silveira,11,M,True,943315200,Portuguesa-RJ,Maricá FC,208067,288535,home,15512233,08/03/2026,Carioca,0.85,45,7.4,0,2,1999,27,False
1175571,Willian,21,F,True,850089600,Portuguesa-RJ,Maricá FC,208067,288535,home,15512233,08/03/2026,Carioca,0.85,45,7.7,1,0,1996,30,False
1019269,Albert,20,M,True,841622400,Portuguesa-RJ,Maricá FC,208067,288535,home,15512233,08/03/2026,Carioca,0.85,6,0.0,0,0,1996,30,False
867960,Romarinho,10,F,True,748310400,Portuguesa-RJ,Maricá FC,208067,288535,home,15512233,08/03/2026,Carioca,0.85,6,0.0,0,0,1993,33,False
1066554,Leo Muchacho,31,F,True,971222400,Portuguesa-RJ,Maricá FC,208067,288535,home,15512233,08/03/2026,Carioca,0.85,6,0.0,0,0,2000,26,False
1176197,Dida,1,G,False,492220800,Maricá FC,Portuguesa-RJ,288535,208067,away,15512233,08/03/2026,Carioca,0.85,90,5.2,0,0,1985,41,False
986910,Magno Nunes,2,D,False,699321600,Maricá FC,Portuguesa-RJ,288535,208067,away,15512233,08/03/2026,Carioca,0.85,50,6.4,0,0,1992,34,False
33542,Sandro,3,D,False,579830400,Maricá FC,Portuguesa-RJ,288535,208067,away,15512233,08/03/2026,Carioca,0.85,90,6.0,0,0,1988,38,False
2484492,Erick Landini,4,D,False,833500800,Maricá FC,Portuguesa-RJ,288535,208067,away,15512233,08/03/2026,Carioca,0.85,90,5.4,0,0,1996,30,False
2463605,Cauã Mendes,17,D,False,1161820800,Maricá FC,Portuguesa-RJ,288535,208067,away,15512233,08/03/2026,Carioca,0.85,90,4.9,0,0,2006,20,True
870735,Magno Souza,8,M,False,648950400,Maricá FC,Portuguesa-RJ,288535,208067,away,15512233,08/03/2026,Carioca,0.85,90,6.5,0,0,1990,36,False
931571,Matheus Lira,5,M,False,885168000,Maricá FC,Portuguesa-RJ,288535,208067,away,15512233,08/03/2026,Carioca,0.85,50,6.4,0,0,1998,28,False
1640543,Almir Sóta,7,M,False,772934400,Maricá FC,Portuguesa-RJ,288535,208067,away,15512233,08/03/2026,Carioca,0.85,69,6.5,0,1,1994,32,False
867872,Marcelo,10,M,False,583113600,Maricá FC,Portuguesa-RJ,288535,208067,away,15512233,08/03/2026,Carioca,0.85,90,6.4,0,0,1988,38,False
2053560,Oliver,11,M,False,1134604800,Maricá FC,Portuguesa-RJ,288535,208067,away,15512233,08/03/2026,Carioca,0.85,59,6.6,0,0,2005,21,True
936947,Pablo Thomaz,9,F,False,936662400,Maricá FC,Portuguesa-RJ,288535,208067,away,15512233,08/03/2026,Carioca,0.85,90,6.8,1,0,1999,27,False
2443995,Bernardo,14,M,True,1097280000,Maricá FC,Portuguesa-RJ,288535,208067,away,15512233,08/03/2026,Carioca,0.85,40,6.3,0,0,2004,22,True
2057112,Rafael Café,18,F,True,957916800,Maricá FC,Portuguesa-RJ,288535,208067,away,15512233,08/03/2026,Carioca,0.85,40,6.5,0,0,2000,26,False
2029776,Denílson,21,F,True,969667200,Maricá FC,Portuguesa-RJ,288535,208067,away,15512233,08/03/2026,Carioca,0.85,31,8.6,1,1,2000,26,False
867997,Vinicius Matheus,15,M,True,770860800,Maricá FC,Portuguesa-RJ,288535,208067,away,15512233,08/03/2026,Carioca,0.85,21,6.5,0,0,1994,32,False
926826,Mota,31,G,False,480384000,Nova Iguaçu,Sampaio Corrêa-RJ,6981,257632,home,15512228,08/03/2026,Carioca,0.85,90,7.6,0,0,1985,41,False
868039,Yan Silva,4,D,False,824688000,Nova Iguaçu,Sampaio Corrêa-RJ,6981,257632,home,15512228,08/03/2026,Carioca,0.85,89,7.4,0,0,1996,30,False
1106777,Davi,2,D,False,1012435200,Nova Iguaçu,Sampaio Corrêa-RJ,6981,257632,home,15512228,08/03/2026,Carioca,0.85,90,7.3,0,0,2002,24,False
1173236,Guilherme Kayron,6,D,False,1042502400,Nova Iguaçu,Sampaio Corrêa-RJ,6981,257632,home,15512228,08/03/2026,Carioca,0.85,90,6.8,0,0,2003,23,True
1174655,Wender,3,D,False,899510400,Nova Iguaçu,Sampaio Corrêa-RJ,6981,257632,home,15512228,08/03/2026,Carioca,0.85,89,7.3,0,1,1998,28,False
1034343,Pedro Thomaz Menta de Souza,5,M,False,951264000,Nova Iguaçu,Sampaio Corrêa-RJ,6981,257632,home,15512228,08/03/2026,Carioca,0.85,90,6.8,0,0,2000,26,False
1046975,Léo Rafael,8,M,False,988156800,Nova Iguaçu,Sampaio Corrêa-RJ,6981,257632,home,15512228,08/03/2026,Carioca,0.85,90,7.4,0,0,2001,25,False
1645840,Xandinho,7,M,False,862272000,Nova Iguaçu,Sampaio Corrêa-RJ,6981,257632,home,15512228,08/03/2026,Carioca,0.85,90,7.8,1,0,1997,29,False
2044330,Iago,11,M,False,1149984000,Nova Iguaçu,Sampaio Corrêa-RJ,6981,257632,home,15512228,08/03/2026,Carioca,0.85,84,7.1,1,0,2006,20,True
1499920,Lucas Cruz,10,M,False,1084665600,Nova Iguaçu,Sampaio Corrêa-RJ,6981,257632,home,15512228,08/03/2026,Carioca,0.85,66,6.7,0,1,2004,22,True
1117595,Vinicius Charopem,9,F,False,898819200,Nova Iguaçu,Sampaio Corrêa-RJ,6981,257632,home,15512228,08/03/2026,Carioca,0.85,84,6.6,0,0,1998,28,False
1639082,Rickelme Lopes,20,M,True,1002499200,Nova Iguaçu,Sampaio Corrêa-RJ,6981,257632,home,15512228,08/03/2026,Carioca,0.85,24,6.4,0,0,2001,25,False
2025395,Daniel Zavoli,15,D,True,1137024000,Nova Iguaçu,Sampaio Corrêa-RJ,6981,257632,home,15512228,08/03/2026,Carioca,0.85,11,6.9,0,0,2006,20,True
1175495,Eduardo Thomasel,18,F,True,1010966400,Nova Iguaçu,Sampaio Corrêa-RJ,6981,257632,home,15512228,08/03/2026,Carioca,0.85,11,6.5,0,0,2002,24,False
2026528,Lucas Cirilo,13,D,True,1108512000,Nova Iguaçu,Sampaio Corrêa-RJ,6981,257632,home,15512228,08/03/2026,Carioca,0.85,1,0.0,0,0,2005,21,True
2027622,Augusto,14,D,True,1006387200,Nova Iguaçu,Sampaio Corrêa-RJ,6981,257632,home,15512228,08/03/2026,Carioca,0.85,1,0.0,0,0,2001,25,False
1018650,Zé Carlos,1,G,False,792460800,Sampaio Corrêa-RJ,Nova Iguaçu,257632,6981,away,15512228,08/03/2026,Carioca,0.85,90,5.4,0,0,1995,31,False
869531,Lucas Carvalho,2,D,False,828316800,Sampaio Corrêa-RJ,Nova Iguaçu,257632,6981,away,15512228,08/03/2026,Carioca,0.85,90,6.5,0,0,1996,30,False
1589672,Daniel Nunes,3,D,False,1053734400,Sampaio Corrêa-RJ,Nova Iguaçu,257632,6981,away,15512228,08/03/2026,Carioca,0.85,90,7.4,0,0,2003,23,True
1612382,Lucas Marreta,4,D,False,884131200,Sampaio Corrêa-RJ,Nova Iguaçu,257632,6981,away,15512228,08/03/2026,Carioca,0.85,90,7.0,0,0,1998,28,False
981383,Guilherme,6,D,False,728179200,Sampaio Corrêa-RJ,Nova Iguaçu,257632,6981,away,15512228,08/03/2026,Carioca,0.85,90,6.4,0,0,1993,33,False
867871,Pablo,5,M,False,877392000,Sampaio Corrêa-RJ,Nova Iguaçu,257632,6981,away,15512228,08/03/2026,Carioca,0.85,71,6.7,0,0,1997,29,False
943038,Luan Gama,8,M,False,897091200,Sampaio Corrêa-RJ,Nova Iguaçu,257632,6981,away,15512228,08/03/2026,Carioca,0.85,90,6.7,0,0,1998,28,False
1645908,Octávio,11,M,False,855792000,Sampaio Corrêa-RJ,Nova Iguaçu,257632,6981,away,15512228,08/03/2026,Carioca,0.85,70,6.5,0,0,1997,29,False
166475,Rodrigo Andrade,10,M,False,571017600,Sampaio Corrêa-RJ,Nova Iguaçu,257632,6981,away,15512228,08/03/2026,Carioca,0.85,62,6.7,0,0,1988,38,False
846749,Alexander Lecaros,7,M,False,939772800,Sampaio Corrêa-RJ,Nova Iguaçu,257632,6981,away,15512228,08/03/2026,Carioca,0.85,45,6.2,0,0,1999,27,False
243467,Elias,9,F,False,540172800,Sampaio Corrêa-RJ,Nova Iguaçu,257632,6981,away,15512228,08/03/2026,Carioca,0.85,84,6.6,0,0,1987,39,False
1171655,Ewerton Potiguar,19,F,True,897177600,Sampaio Corrêa-RJ,Nova Iguaçu,257632,6981,away,15512228,08/03/2026,Carioca,0.85,45,6.6,0,0,1998,28,False
973865,Magno,16,M,True,729907200,Sampaio Corrêa-RJ,Nova Iguaçu,257632,6981,away,15512228,08/03/2026,Carioca,0.85,28,6.7,0,0,1993,33,False
1172995,Alan Silva,20,D,True,979516800,Sampaio Corrêa-RJ,Nova Iguaçu,257632,6981,away,15512228,08/03/2026,Carioca,0.85,20,6.6,0,0,2001,25,False
2454208,Paulo Henrique,17,M,True,1098403200,Sampaio Corrêa-RJ,Nova Iguaçu,257632,6981,away,15512228,08/03/2026,Carioca,0.85,19,6.7,0,0,2004,22,True
2453656,Matheus Goiano,18,F,True,916963200,Sampaio Corrêa-RJ,Nova Iguaçu,257632,6981,away,15512228,08/03/2026,Carioca,0.85,11,7.0,0,0,1999,27,False
17785,Fábio,1,G,False,339120000,Fluminense,Flamengo,1961,5981,home,15648858,08/03/2026,Carioca,0.85,90,8.1,0,0,1980,46,False
795773,Samuel Xavier,2,D,False,644630400,Fluminense,Flamengo,1961,5981,home,15648858,08/03/2026,Carioca,0.85,76,6.5,0,0,1990,36,False
1527129,Jemmes,3,D,False,955238400,Fluminense,Flamengo,1961,5981,home,15648858,08/03/2026,Carioca,0.85,90,7.8,0,0,2000,26,False
962187,Juan Freytes,22,D,False,947548800,Fluminense,Flamengo,1961,5981,home,15648858,08/03/2026,Carioca,0.85,90,6.5,0,0,2000,26,False
243113,Renê,6,D,False,716428800,Fluminense,Flamengo,1961,5981,home,15648858,08/03/2026,Carioca,0.85,76,6.6,0,0,1992,34,False
1104068,Hércules,35,M,False,972000000,Fluminense,Flamengo,1961,5981,home,15648858,08/03/2026,Carioca,0.85,85,6.9,0,0,2000,26,False
1067671,Matheus Martinelli,8,M,False,1002240000,Fluminense,Flamengo,1961,5981,home,15648858,08/03/2026,Carioca,0.85,90,6.9,0,0,2001,25,False
846413,Agustín Canobbio,17,M,False,907200000,Fluminense,Flamengo,1961,5981,home,15648858,08/03/2026,Carioca,0.85,90,6.5,0,0,1998,28,False
548030,Luciano Acosta,32,M,False,770342400,Fluminense,Flamengo,1961,5981,home,15648858,08/03/2026,Carioca,0.85,85,6.6,0,0,1994,32,False
981374,Kevin Serna,90,M,False,882748800,Fluminense,Flamengo,1961,5981,home,15648858,08/03/2026,Carioca,0.85,76,6.8,0,0,1997,29,False
1087399,John Kennedy,9,F,False,1021680000,Fluminense,Flamengo,1961,5981,home,15648858,08/03/2026,Carioca,0.85,90,6.7,0,0,2002,24,False
928134,Guga,23,D,True,904348800,Fluminense,Flamengo,1961,5981,home,15648858,08/03/2026,Carioca,0.85,14,6.1,0,0,1998,28,False
1127439,Guilherme Arana,13,D,True,860976000,Fluminense,Flamengo,1961,5981,home,15648858,08/03/2026,Carioca,0.85,14,7.1,0,0,1997,29,False
874739,Jefferson Savarino,11,F,True,847670400,Fluminense,Flamengo,1961,5981,home,15648858,08/03/2026,Carioca,0.85,14,7.3,0,0,1996,30,False
552686,Otávio,94,M,True,768009600,Fluminense,Flamengo,1961,5981,home,15648858,08/03/2026,Carioca,0.85,5,0.0,0,0,1994,32,False
116853,Ganso,10,M,True,624153600,Fluminense,Flamengo,1961,5981,home,15648858,08/03/2026,Carioca,0.85,5,0.0,0,0,1989,37,False
1140986,Agustín Rossi,1,G,False,808963200,Flamengo,Fluminense,5981,1961,away,15648858,08/03/2026,Carioca,0.85,90,9.0,0,0,1995,31,False
311456,Guillermo Varela,2,D,False,732931200,Flamengo,Fluminense,5981,1961,away,15648858,08/03/2026,Carioca,0.85,90,6.8,0,0,1993,33,False
869643,Léo Ortiz,3,D,False,820627200,Flamengo,Fluminense,5981,1961,away,15648858,08/03/2026,Carioca,0.85,90,7.7,0,0,1996,30,False
358548,Léo Pereira,4,D,False,823046400,Flamengo,Fluminense,5981,1961,away,15648858,08/03/2026,Carioca,0.85,90,7.6,0,0,1996,30,False
84854,Alex Sandro,26,D,False,664848000,Flamengo,Fluminense,5981,1961,away,15648858,08/03/2026,Carioca,0.85,90,7.9,0,0,1991,35,False
590262,Erick Pulgar,5,M,False,758592000,Flamengo,Fluminense,5981,1961,away,15648858,08/03/2026,Carioca,0.85,90,7.2,0,0,1994,32,False
132874,Jorginho,21,M,False,693187200,Flamengo,Fluminense,5981,1961,away,15648858,08/03/2026,Carioca,0.85,90,7.2,0,0,1991,35,False
590392,Jorge Carrascal,15,M,False,896054400,Flamengo,Fluminense,5981,1961,away,15648858,08/03/2026,Carioca,0.85,64,6.3,0,0,1998,28,False
333587,Giorgian De Arrascaeta,10,M,False,770428800,Flamengo,Fluminense,5981,1961,away,15648858,08/03/2026,Carioca,0.85,85,6.4,0,0,1994,32,False
874705,Samuel Lino,16,M,False,945907200,Flamengo,Fluminense,5981,1961,away,15648858,08/03/2026,Carioca,0.85,64,6.7,0,0,1999,27,False
840219,Pedro,9,F,False,866764800,Flamengo,Fluminense,5981,1961,away,15648858,08/03/2026,Carioca,0.85,73,7.0,0,0,1997,29,False
839981,Lucas Paquetá,20,M,True,872640000,Flamengo,Fluminense,5981,1961,away,15648858,08/03/2026,Carioca,0.85,26,7.1,0,0,1997,29,False
386198,Everton,11,F,True,827452800,Flamengo,Fluminense,5981,1961,away,15648858,08/03/2026,Carioca,0.85,26,7.2,0,0,1996,30,False
937937,Gonzalo Plata,19,F,True,973036800,Flamengo,Fluminense,5981,1961,away,15648858,08/03/2026,Carioca,0.85,17,6.5,0,0,2000,26,False
840451,Luiz Araújo,7,F,True,833673600,Flamengo,Fluminense,5981,1961,away,15648858,08/03/2026,Carioca,0.85,5,0.0,0,0,1996,30,False
1609720,Ariel,1,G,False,857692800,União Recreativa dos Trabalhadores,North EC,35278,465989,home,15643392,04/03/2026,Mineiro,0.78,90,6.9,0,0,1997,29,False
868851,Arlen,22,D,False,822960000,União Recreativa dos Trabalhadores,North EC,35278,465989,home,15643392,04/03/2026,Mineiro,0.78,90,7.3,0,0,1996,30,False
2034229,Antônio Júnior,30,D,False,981936000,União Recreativa dos Trabalhadores,North EC,35278,465989,home,15643392,04/03/2026,Mineiro,0.78,90,5.7,0,0,2001,25,False
922590,Victor Sallinas,4,D,False,701049600,União Recreativa dos Trabalhadores,North EC,35278,465989,home,15643392,04/03/2026,Mineiro,0.78,90,7.0,0,0,1992,34,False
1117578,Vitor Gottems,6,D,False,1036713600,União Recreativa dos Trabalhadores,North EC,35278,465989,home,15643392,04/03/2026,Mineiro,0.78,85,6.3,0,0,2002,24,False
1024048,John Everson,5,M,False,949536000,União Recreativa dos Trabalhadores,North EC,35278,465989,home,15643392,04/03/2026,Mineiro,0.78,85,6.3,0,0,2000,26,False
1539905,Pedro Henrique,88,M,False,841795200,União Recreativa dos Trabalhadores,North EC,35278,465989,home,15643392,04/03/2026,Mineiro,0.78,90,7.1,0,0,1996,30,False
990158,Cesinha,11,M,False,857088000,União Recreativa dos Trabalhadores,North EC,35278,465989,home,15643392,04/03/2026,Mineiro,0.78,85,6.6,0,0,1997,29,False
1017012,Hippólito,15,M,False,952992000,União Recreativa dos Trabalhadores,North EC,35278,465989,home,15643392,04/03/2026,Mineiro,0.78,45,6.4,0,0,2000,26,False
976486,Federico Andrade,21,M,False,966211200,União Recreativa dos Trabalhadores,North EC,35278,465989,home,15643392,04/03/2026,Mineiro,0.78,90,6.6,0,0,2000,26,False
1468837,Gabriel Moyses,19,F,False,1029369600,União Recreativa dos Trabalhadores,North EC,35278,465989,home,15643392,04/03/2026,Mineiro,0.78,90,6.5,1,0,2002,24,False
1467132,Wesley,20,F,True,,União Recreativa dos Trabalhadores,North EC,35278,465989,home,15643392,04/03/2026,Mineiro,0.78,45,7.0,0,0,0,0,False
1587938,Mateus Peloggia,33,M,True,1053302400,União Recreativa dos Trabalhadores,North EC,35278,465989,home,15643392,04/03/2026,Mineiro,0.78,19,6.8,0,0,2003,23,True
1465696,Bruninho,16,F,True,863827200,União Recreativa dos Trabalhadores,North EC,35278,465989,home,15643392,04/03/2026,Mineiro,0.78,19,6.6,0,0,1997,29,False
931486,Laércio,10,F,True,911260800,União Recreativa dos Trabalhadores,North EC,35278,465989,home,15643392,04/03/2026,Mineiro,0.78,19,6.5,0,0,1998,28,False
1016846,Rafael Pin,92,G,False,713577600,North EC,União Recreativa dos Trabalhadores,465989,35278,away,15643392,04/03/2026,Mineiro,0.78,90,7.4,0,0,1992,34,False
868060,Diego Guerra,13,D,False,657849600,North EC,União Recreativa dos Trabalhadores,465989,35278,away,15643392,04/03/2026,Mineiro,0.78,90,6.9,0,0,1990,36,False
1487516,Léo Gobo,26,D,False,847497600,North EC,União Recreativa dos Trabalhadores,465989,35278,away,15643392,04/03/2026,Mineiro,0.78,90,6.9,0,0,1996,30,False
849183,Bruno Bispo,4,D,False,834019200,North EC,União Recreativa dos Trabalhadores,465989,35278,away,15643392,04/03/2026,Mineiro,0.78,90,5.8,0,0,1996,30,False
975444,Lucas Mota,2,M,False,805248000,North EC,União Recreativa dos Trabalhadores,465989,35278,away,15643392,04/03/2026,Mineiro,0.78,88,6.5,0,0,1995,31,False
1175654,Evanderson Costa,8,M,False,913680000,North EC,União Recreativa dos Trabalhadores,465989,35278,away,15643392,04/03/2026,Mineiro,0.78,81,6.9,0,0,1998,28,False
76444,Guilherme Camacho,5,M,False,636336000,North EC,União Recreativa dos Trabalhadores,465989,35278,away,15643392,04/03/2026,Mineiro,0.78,90,7.3,0,0,1990,36,False
866493,Rennan,28,M,False,796348800,North EC,União Recreativa dos Trabalhadores,465989,35278,away,15643392,04/03/2026,Mineiro,0.78,90,6.6,0,0,1995,31,False
342145,Bruno Lopes,19,F,False,800841600,North EC,União Recreativa dos Trabalhadores,465989,35278,away,15643392,04/03/2026,Mineiro,0.78,81,7.9,1,1,1995,31,False
841391,Clayton,91,F,False,693100800,North EC,União Recreativa dos Trabalhadores,465989,35278,away,15643392,04/03/2026,Mineiro,0.78,74,6.9,0,0,1991,35,False
1545702,Gabriel Barcelos Rossetto,17,F,False,964656000,North EC,União Recreativa dos Trabalhadores,465989,35278,away,15643392,04/03/2026,Mineiro,0.78,88,7.4,1,1,2000,26,False
1927500,Yuri Merlim,30,M,True,906249600,North EC,União Recreativa dos Trabalhadores,465989,35278,away,15643392,04/03/2026,Mineiro,0.78,16,6.7,0,0,1998,28,False
790154,Leandro Ferreira,55,M,True,521769600,North EC,União Recreativa dos Trabalhadores,465989,35278,away,15643392,04/03/2026,Mineiro,0.78,9,6.4,0,0,1986,40,False
874328,Patrik,35,M,True,794361600,North EC,União Recreativa dos Trabalhadores,465989,35278,away,15643392,04/03/2026,Mineiro,0.78,9,6.6,0,0,1995,31,False
1546630,Ulisses,34,D,True,815961600,North EC,União Recreativa dos Trabalhadores,465989,35278,away,15643392,04/03/2026,Mineiro,0.78,16,6.6,0,0,1995,31,False
875180,Rodrigo Fumaça,95,F,True,794448000,North EC,União Recreativa dos Trabalhadores,465989,35278,away,15643392,04/03/2026,Mineiro,0.78,16,6.6,0,0,1995,31,False
1016846,Rafael Pin,92,G,False,713577600,North EC,União Recreativa dos Trabalhadores,465989,35278,home,15643465,07/03/2026,Mineiro,0.78,90,7.3,0,0,1992,34,False
868060,Diego Guerra,13,D,False,657849600,North EC,União Recreativa dos Trabalhadores,465989,35278,home,15643465,07/03/2026,Mineiro,0.78,90,6.9,0,0,1990,36,False
1487516,Léo Gobo,26,D,False,847497600,North EC,União Recreativa dos Trabalhadores,465989,35278,home,15643465,07/03/2026,Mineiro,0.78,90,7.1,0,0,1996,30,False
849183,Bruno Bispo,4,D,False,834019200,North EC,União Recreativa dos Trabalhadores,465989,35278,home,15643465,07/03/2026,Mineiro,0.78,90,6.6,0,0,1996,30,False
975444,Lucas Mota,2,M,False,805248000,North EC,União Recreativa dos Trabalhadores,465989,35278,home,15643465,07/03/2026,Mineiro,0.78,90,7.4,0,0,1995,31,False
76444,Guilherme Camacho,5,M,False,636336000,North EC,União Recreativa dos Trabalhadores,465989,35278,home,15643465,07/03/2026,Mineiro,0.78,78,7.1,0,0,1990,36,False
1175654,Evanderson Costa,8,M,False,913680000,North EC,União Recreativa dos Trabalhadores,465989,35278,home,15643465,07/03/2026,Mineiro,0.78,61,6.6,0,0,1998,28,False
866493,Rennan,28,M,False,796348800,North EC,União Recreativa dos Trabalhadores,465989,35278,home,15643465,07/03/2026,Mineiro,0.78,90,7.4,0,0,1995,31,False
342145,Bruno Lopes,19,F,False,800841600,North EC,União Recreativa dos Trabalhadores,465989,35278,home,15643465,07/03/2026,Mineiro,0.78,45,7.5,0,1,1995,31,False
841391,Clayton,91,F,False,693100800,North EC,União Recreativa dos Trabalhadores,465989,35278,home,15643465,07/03/2026,Mineiro,0.78,61,7.3,0,0,1991,35,False
1545702,Gabriel Barcelos Rossetto,17,F,False,964656000,North EC,União Recreativa dos Trabalhadores,465989,35278,home,15643465,07/03/2026,Mineiro,0.78,83,7.3,1,0,2000,26,False
1927500,Yuri Merlim,30,M,True,906249600,North EC,União Recreativa dos Trabalhadores,465989,35278,home,15643465,07/03/2026,Mineiro,0.78,45,6.3,0,0,1998,28,False
1099458,Gabriel Santiago,21,M,True,949708800,North EC,União Recreativa dos Trabalhadores,465989,35278,home,15643465,07/03/2026,Mineiro,0.78,29,6.8,0,0,2000,26,False
790154,Leandro Ferreira,55,M,True,521769600,North EC,União Recreativa dos Trabalhadores,465989,35278,home,15643465,07/03/2026,Mineiro,0.78,29,6.6,0,0,1986,40,False
874328,Patrik,35,M,True,794361600,North EC,União Recreativa dos Trabalhadores,465989,35278,home,15643465,07/03/2026,Mineiro,0.78,12,6.8,0,0,1995,31,False
875180,Rodrigo Fumaça,95,F,True,794448000,North EC,União Recreativa dos Trabalhadores,465989,35278,home,15643465,07/03/2026,Mineiro,0.78,12,6.5,0,0,1995,31,False
1609720,Ariel,1,G,False,857692800,União Recreativa dos Trabalhadores,North EC,35278,465989,away,15643465,07/03/2026,Mineiro,0.78,90,7.8,0,0,1997,29,False
868851,Arlen,22,D,False,822960000,União Recreativa dos Trabalhadores,North EC,35278,465989,away,15643465,07/03/2026,Mineiro,0.78,90,6.6,0,0,1996,30,False
1111200,Léo Santos,3,D,False,891302400,União Recreativa dos Trabalhadores,North EC,35278,465989,away,15643465,07/03/2026,Mineiro,0.78,81,7.3,0,0,1998,28,False
922590,Victor Sallinas,4,D,False,701049600,União Recreativa dos Trabalhadores,North EC,35278,465989,away,15643465,07/03/2026,Mineiro,0.78,90,6.5,0,0,1992,34,False
1467132,Wesley,20,D,False,,União Recreativa dos Trabalhadores,North EC,35278,465989,away,15643465,07/03/2026,Mineiro,0.78,45,6.9,0,0,0,0,False
1587938,Mateus Peloggia,33,M,False,1053302400,União Recreativa dos Trabalhadores,North EC,35278,465989,away,15643465,07/03/2026,Mineiro,0.78,90,6.3,0,0,2003,23,True
1539905,Pedro Henrique,88,M,False,841795200,União Recreativa dos Trabalhadores,North EC,35278,465989,away,15643465,07/03/2026,Mineiro,0.78,90,6.4,0,0,1996,30,False
990158,Cesinha,11,M,False,857088000,União Recreativa dos Trabalhadores,North EC,35278,465989,away,15643465,07/03/2026,Mineiro,0.78,8,6.5,0,0,1997,29,False
1017012,Hippólito,15,M,False,952992000,União Recreativa dos Trabalhadores,North EC,35278,465989,away,15643465,07/03/2026,Mineiro,0.78,45,5.8,0,0,2000,26,False
976486,Federico Andrade,21,M,False,966211200,União Recreativa dos Trabalhadores,North EC,35278,465989,away,15643465,07/03/2026,Mineiro,0.78,90,6.5,0,0,2000,26,False
1468837,Gabriel Moyses,19,F,False,1029369600,União Recreativa dos Trabalhadores,North EC,35278,465989,away,15643465,07/03/2026,Mineiro,0.78,90,6.4,0,0,2002,24,False
1465696,Bruninho,16,F,True,863827200,União Recreativa dos Trabalhadores,North EC,35278,465989,away,15643465,07/03/2026,Mineiro,0.78,68,6.5,0,0,1997,29,False
1117578,Vitor Gottems,6,D,True,1036713600,União Recreativa dos Trabalhadores,North EC,35278,465989,away,15643465,07/03/2026,Mineiro,0.78,45,6.3,0,0,2002,24,False
931486,Laércio,10,F,True,911260800,União Recreativa dos Trabalhadores,North EC,35278,465989,away,15643465,07/03/2026,Mineiro,0.78,45,6.9,0,0,1998,28,False
1463996,Sandro,89,M,True,942364800,União Recreativa dos Trabalhadores,North EC,35278,465989,away,15643465,07/03/2026,Mineiro,0.78,14,6.7,0,0,1999,27,False
2034229,Antônio Júnior,30,D,True,981936000,União Recreativa dos Trabalhadores,North EC,35278,465989,away,15643465,07/03/2026,Mineiro,0.78,9,6.7,0,0,2001,25,False
27756,Cássio,1,G,False,549936000,Cruzeiro,Atlético Mineiro,1954,1977,home,15643468,08/03/2026,Mineiro,0.78,90,6.5,0,0,1987,39,False
604274,William,12,D,False,796867200,Cruzeiro,Atlético Mineiro,1954,1977,home,15643468,08/03/2026,Mineiro,0.78,90,6.7,0,0,1995,31,False
840220,Fabrício Bruno,15,D,False,824083200,Cruzeiro,Atlético Mineiro,1954,1977,home,15643468,08/03/2026,Mineiro,0.78,90,7.4,0,0,1996,30,False
260077,Lucas Villalba,25,D,False,777254400,Cruzeiro,Atlético Mineiro,1954,1977,home,15643468,08/03/2026,Mineiro,0.78,90,7.0,0,0,1994,32,False
1112484,Kaiki,6,D,False,1047081600,Cruzeiro,Atlético Mineiro,1954,1977,home,15643468,08/03/2026,Mineiro,0.78,90,6.7,0,0,2003,23,True
263477,Lucas Romero,29,M,False,766627200,Cruzeiro,Atlético Mineiro,1954,1977,home,15643468,08/03/2026,Mineiro,0.78,90,6.8,0,0,1994,32,False
245159,Lucas Silva,16,M,False,729820800,Cruzeiro,Atlético Mineiro,1954,1977,home,15643468,08/03/2026,Mineiro,0.78,74,6.8,0,0,1993,33,False
981733,Christian,88,M,False,977184000,Cruzeiro,Atlético Mineiro,1954,1977,home,15643468,08/03/2026,Mineiro,0.78,90,6.3,0,0,2000,26,False
377238,Matheus Pereira,10,M,False,831254400,Cruzeiro,Atlético Mineiro,1954,1977,home,15643468,08/03/2026,Mineiro,0.78,90,6.8,0,0,1996,30,False
611876,Gerson,11,M,False,864086400,Cruzeiro,Atlético Mineiro,1954,1977,home,15643468,08/03/2026,Mineiro,0.78,64,7.9,0,1,1997,29,False
954888,Kaio Jorge,19,F,False,1011830400,Cruzeiro,Atlético Mineiro,1954,1977,home,15643468,08/03/2026,Mineiro,0.78,87,7.3,1,0,2002,24,False
817650,Bruno Rodrigues,20,F,True,857692800,Cruzeiro,Atlético Mineiro,1954,1977,home,15643468,08/03/2026,Mineiro,0.78,26,6.6,0,0,1997,29,False
912786,Matheus Henrique,8,M,True,882489600,Cruzeiro,Atlético Mineiro,1954,1977,home,15643468,08/03/2026,Mineiro,0.78,16,6.5,0,0,1997,29,False
247483,Wanderson,94,F,True,781401600,Cruzeiro,Atlético Mineiro,1954,1977,home,15643468,08/03/2026,Mineiro,0.78,20,6.2,0,0,1994,32,False
870748,Everson,22,G,False,648604800,Atlético Mineiro,Cruzeiro,1977,1954,away,15643468,08/03/2026,Mineiro,0.78,90,6.8,0,0,1990,36,False
1046805,Natanael,2,D,False,1010188800,Atlético Mineiro,Cruzeiro,1977,1954,away,15643468,08/03/2026,Mineiro,0.78,76,6.5,0,0,2002,24,False
914487,Ruan,4,D,False,928713600,Atlético Mineiro,Cruzeiro,1977,1954,away,15643468,08/03/2026,Mineiro,0.78,90,6.4,0,0,1999,27,False
794838,Vitor Hugo,14,D,False,674697600,Atlético Mineiro,Cruzeiro,1977,1954,away,15643468,08/03/2026,Mineiro,0.78,90,6.7,0,0,1991,35,False
851150,Renan Lodi,16,D,False,891993600,Atlético Mineiro,Cruzeiro,1977,1954,away,15643468,08/03/2026,Mineiro,0.78,90,6.6,0,0,1998,28,False
822729,Alan Franco,21,M,False,903657600,Atlético Mineiro,Cruzeiro,1977,1954,away,15643468,08/03/2026,Mineiro,0.78,90,6.9,0,0,1998,28,False
1170954,Victor Hugo,30,M,False,1084233600,Atlético Mineiro,Cruzeiro,1977,1954,away,15643468,08/03/2026,Mineiro,0.78,66,6.4,0,0,2004,22,True
2155474,Mamady Cissé,39,M,False,1167609600,Atlético Mineiro,Cruzeiro,1977,1954,away,15643468,08/03/2026,Mineiro,0.78,16,6.4,0,0,2007,19,True
241488,Bernard,11,M,False,715910400,Atlético Mineiro,Cruzeiro,1977,1954,away,15643468,08/03/2026,Mineiro,0.78,66,6.4,0,0,1992,34,False
147464,Dudu,92,M,False,694742400,Atlético Mineiro,Cruzeiro,1977,1954,away,15643468,08/03/2026,Mineiro,0.78,90,6.6,0,0,1992,34,False
34705,Hulk,7,F,False,522633600,Atlético Mineiro,Cruzeiro,1977,1954,away,15643468,08/03/2026,Mineiro,0.78,90,7.0,0,0,1986,40,False
913598,Igor Gomes,17,M,True,921628800,Atlético Mineiro,Cruzeiro,1977,1954,away,15643468,08/03/2026,Mineiro,0.78,60,6.5,0,0,1999,27,False
1122552,Alan Minda,27,F,True,1052870400,Atlético Mineiro,Cruzeiro,1977,1954,away,15643468,08/03/2026,Mineiro,0.78,24,6.5,0,0,2003,23,True
832708,Mateo Cassierra,9,F,True,860889600,Atlético Mineiro,Cruzeiro,1977,1954,away,15643468,08/03/2026,Mineiro,0.78,24,6.8,0,0,1997,29,False
559036,Gustavo Scarpa,10,M,True,757728000,Atlético Mineiro,Cruzeiro,1977,1954,away,15643468,08/03/2026,Mineiro,0.78,14,6.9,0,0,1994,32,False
881844,Ángelo Preciado,23,D,True,887760000,Atlético Mineiro,Cruzeiro,1977,1954,away,15643468,08/03/2026,Mineiro,0.78,14,6.8,0,0,1998,28,False
243429,Omar,1,G,False,619747200,Novo Hamburgo,São Luiz,480376,32768,home,15608566,07/03/2026,Gaúcho,0.85,90,6.2,0,0,1989,37,False
861171,Guilherme Mantuan,2,D,False,870480000,Novo Hamburgo,São Luiz,480376,32768,home,15608566,07/03/2026,Gaúcho,0.85,35,6.9,0,0,1997,29,False
863278,Romercio,3,D,False,856828800,Novo Hamburgo,São Luiz,480376,32768,home,15608566,07/03/2026,Gaúcho,0.85,90,7.4,0,0,1997,29,False
925869,João Marcus,4,D,False,709257600,Novo Hamburgo,São Luiz,480376,32768,home,15608566,07/03/2026,Gaúcho,0.85,90,6.9,0,0,1992,34,False
1108897,Josué,6,D,False,978998400,Novo Hamburgo,São Luiz,480376,32768,home,15608566,07/03/2026,Gaúcho,0.85,90,6.6,0,1,2001,25,False
1179313,Carlos Maia,8,M,False,988761600,Novo Hamburgo,São Luiz,480376,32768,home,15608566,07/03/2026,Gaúcho,0.85,90,6.7,0,0,2001,25,False
866878,Amaral,5,M,False,616982400,Novo Hamburgo,São Luiz,480376,32768,home,15608566,07/03/2026,Gaúcho,0.85,84,7.2,0,0,1989,37,False
1047224,Rone,7,M,False,808444800,Novo Hamburgo,São Luiz,480376,32768,home,15608566,07/03/2026,Gaúcho,0.85,84,7.0,0,0,1995,31,False
151210,Leandro,10,M,False,737164800,Novo Hamburgo,São Luiz,480376,32768,home,15608566,07/03/2026,Gaúcho,0.85,71,6.7,0,0,1993,33,False
1199400,Allison,11,M,False,1013040000,Novo Hamburgo,São Luiz,480376,32768,home,15608566,07/03/2026,Gaúcho,0.85,85,6.9,0,0,2002,24,False
931520,Luam,9,F,False,816480000,Novo Hamburgo,São Luiz,480376,32768,home,15608566,07/03/2026,Gaúcho,0.85,90,6.7,1,0,1995,31,False
867931,Muriel,22,D,True,572140800,Novo Hamburgo,São Luiz,480376,32768,home,15608566,07/03/2026,Gaúcho,0.85,55,6.5,0,0,1988,38,False
832670,Matheus  Batista,19,F,True,803260800,Novo Hamburgo,São Luiz,480376,32768,home,15608566,07/03/2026,Gaúcho,0.85,19,6.3,0,0,1995,31,False
258535,Henrique Ávila,20,D,True,693446400,Novo Hamburgo,São Luiz,480376,32768,home,15608566,07/03/2026,Gaúcho,0.85,15,7.0,0,0,1991,35,False
1176160,Joao Vitor Castro,21,M,True,991008000,Novo Hamburgo,São Luiz,480376,32768,home,15608566,07/03/2026,Gaúcho,0.85,16,6.5,0,0,2001,25,False
2035998,Marcos Vinicius,17,F,True,,Novo Hamburgo,São Luiz,480376,32768,home,15608566,07/03/2026,Gaúcho,0.85,15,6.9,0,0,0,0,False
1166464,Gabriel Oliveira,1,G,False,795916800,São Luiz,Novo Hamburgo,32768,480376,away,15608566,07/03/2026,Gaúcho,0.85,90,6.8,0,0,1995,31,False
1529308,Lucas Hian,2,D,False,979171200,São Luiz,Novo Hamburgo,32768,480376,away,15608566,07/03/2026,Gaúcho,0.85,90,6.8,0,0,2001,25,False
844545,Heitor,3,D,False,626572800,São Luiz,Novo Hamburgo,32768,480376,away,15608566,07/03/2026,Gaúcho,0.85,90,6.7,0,0,1989,37,False
1021747,Gabriel Santiago,4,D,False,859852800,São Luiz,Novo Hamburgo,32768,480376,away,15608566,07/03/2026,Gaúcho,0.85,54,7.1,0,0,1997,29,False
874347,Higor,16,D,False,793670400,São Luiz,Novo Hamburgo,32768,480376,away,15608566,07/03/2026,Gaúcho,0.85,90,6.8,0,0,1995,31,False
901206,Lucas Hulk,5,M,False,726364800,São Luiz,Novo Hamburgo,32768,480376,away,15608566,07/03/2026,Gaúcho,0.85,90,6.7,0,0,1993,33,False
794926,Araújo,8,M,False,800582400,São Luiz,Novo Hamburgo,32768,480376,away,15608566,07/03/2026,Gaúcho,0.85,90,6.2,0,0,1995,31,False
1469901,Rogério Sena,11,M,False,988588800,São Luiz,Novo Hamburgo,32768,480376,away,15608566,07/03/2026,Gaúcho,0.85,64,6.3,0,0,2001,25,False
1176199,Válber Júnior,10,M,False,1050019200,São Luiz,Novo Hamburgo,32768,480376,away,15608566,07/03/2026,Gaúcho,0.85,64,6.9,0,0,2003,23,True
2440905,Vidmar,25,M,False,1017014400,São Luiz,Novo Hamburgo,32768,480376,away,15608566,07/03/2026,Gaúcho,0.85,77,6.1,0,0,2002,24,False
1588693,Felipe Rangel dos Santos,9,F,False,1033430400,São Luiz,Novo Hamburgo,32768,480376,away,15608566,07/03/2026,Gaúcho,0.85,76,7.8,1,0,2002,24,False
915333,Eduardo Grasson,21,D,True,765244800,São Luiz,Novo Hamburgo,32768,480376,away,15608566,07/03/2026,Gaúcho,0.85,36,6.7,0,0,1994,32,False
926787,Guilherme  Escuro,7,M,True,768182400,São Luiz,Novo Hamburgo,32768,480376,away,15608566,07/03/2026,Gaúcho,0.85,26,6.7,0,1,1994,32,False
1215121,Victor Jesus,17,F,True,1030752000,São Luiz,Novo Hamburgo,32768,480376,away,15608566,07/03/2026,Gaúcho,0.85,26,6.5,0,0,2002,24,False
1121091,Denis Germano,18,M,True,906681600,São Luiz,Novo Hamburgo,32768,480376,away,15608566,07/03/2026,Gaúcho,0.85,14,6.4,0,0,1998,28,False
925770,Thiago Santos,19,F,True,649555200,São Luiz,Novo Hamburgo,32768,480376,away,15608566,07/03/2026,Gaúcho,0.85,13,6.6,0,0,1990,36,False
581060,Sergio Rochet,1,G,False,732844800,Internacional,Grêmio,1966,5926,home,15607733,08/03/2026,Gaúcho,0.85,90,6.2,0,0,1993,33,False
995071,Bruno Gomes,15,D,False,986342400,Internacional,Grêmio,1966,5926,home,15607733,08/03/2026,Gaúcho,0.85,89,6.9,0,0,2001,25,False
128376,Gabriel Mercado,25,D,False,543024000,Internacional,Grêmio,1966,5926,home,15607733,08/03/2026,Gaúcho,0.85,90,6.7,0,0,1987,39,False
1106487,Victor Gabriel,41,D,False,1083110400,Internacional,Grêmio,1966,5926,home,15607733,08/03/2026,Gaúcho,0.85,90,6.9,0,0,2004,22,True
1485191,Allex,31,D,False,1146700800,Internacional,Grêmio,1966,5926,home,15607733,08/03/2026,Gaúcho,0.85,89,6.5,0,0,2006,20,True
879902,Paulinho Paula,27,M,False,852681600,Internacional,Grêmio,1966,5926,home,15607733,08/03/2026,Gaúcho,0.85,90,7.7,0,0,1997,29,False
824152,Ronaldo,16,M,False,846028800,Internacional,Grêmio,1966,5926,home,15607733,08/03/2026,Gaúcho,0.85,54,6.7,0,0,1996,30,False
982405,Vitinho,28,M,False,922924800,Internacional,Grêmio,1966,5926,home,15607733,08/03/2026,Gaúcho,0.85,54,7.0,0,0,1999,27,False
124997,Alan Patrick,10,M,False,674092800,Internacional,Grêmio,1966,5926,home,15607733,08/03/2026,Gaúcho,0.85,90,8.5,1,0,1991,35,False
925125,Johan Carbonero,7,M,False,932428800,Internacional,Grêmio,1966,5926,home,15607733,08/03/2026,Gaúcho,0.85,90,6.8,0,0,1999,27,False
560116,Rafael Borré,19,F,False,811123200,Internacional,Grêmio,1966,5926,home,15607733,08/03/2026,Gaúcho,0.85,90,6.1,0,0,1995,31,False
845433,Bruno Tabata,17,F,True,859680000,Internacional,Grêmio,1966,5926,home,15607733,08/03/2026,Gaúcho,0.85,36,6.9,0,0,1997,29,False
923948,Alerrandro,9,F,True,947635200,Internacional,Grêmio,1966,5926,home,15607733,08/03/2026,Gaúcho,0.85,36,6.6,0,0,2000,26,False
799947,Juninho,18,D,True,791596800,Internacional,Grêmio,1966,5926,home,15607733,08/03/2026,Gaúcho,0.85,12,6.8,0,0,1995,31,False
874576,Alan Rodríguez,14,M,True,948758400,Internacional,Grêmio,1966,5926,home,15607733,08/03/2026,Gaúcho,0.85,12,6.5,0,0,2000,26,False
243529,Weverton,1,G,False,566352000,Grêmio,Internacional,5926,1966,away,15607733,08/03/2026,Gaúcho,0.85,90,6.6,0,0,1987,39,False
358956,Cristian Pavón,7,D,False,822182400,Grêmio,Internacional,5926,1966,away,15607733,08/03/2026,Gaúcho,0.85,90,7.0,0,0,1996,30,False
1105796,Gustavo Martins,6,D,False,1029024000,Grêmio,Internacional,5926,1966,away,15607733,08/03/2026,Gaúcho,0.85,90,8.0,1,0,2002,24,False
1907760,Viery,44,D,False,1104537600,Grêmio,Internacional,5926,1966,away,15607733,08/03/2026,Gaúcho,0.85,45,7.0,0,0,2005,21,True
870787,Marlon,23,D,False,864086400,Grêmio,Internacional,5926,1966,away,15607733,08/03/2026,Gaúcho,0.85,90,6.0,0,0,1997,29,False
1020375,Erick Noriega,19,M,False,1003708800,Grêmio,Internacional,5926,1966,away,15607733,08/03/2026,Gaúcho,0.85,90,7.1,0,1,2001,25,False
794927,Arthur,8,M,False,839808000,Grêmio,Internacional,5926,1966,away,15607733,08/03/2026,Gaúcho,0.85,89,7.1,0,0,1996,30,False
974558,José Enamorado,99,M,False,916185600,Grêmio,Internacional,5926,1966,away,15607733,08/03/2026,Gaúcho,0.85,81,6.6,0,0,1999,27,False
1066620,Miguel Monsalve,11,M,False,1077840000,Grêmio,Internacional,5926,1966,away,15607733,08/03/2026,Gaúcho,0.85,56,6.8,0,0,2004,22,True
901889,Francis Amuzu,9,M,False,935366400,Grêmio,Internacional,5926,1966,away,15607733,08/03/2026,Gaúcho,0.85,45,6.5,0,0,1999,27,False
891920,Carlos Vinícius,95,F,False,796089600,Grêmio,Internacional,5926,1966,away,15607733,08/03/2026,Gaúcho,0.85,90,6.2,0,0,1995,31,False
976235,Wagner Leonardo,3,D,True,932688000,Grêmio,Internacional,5926,1966,away,15607733,08/03/2026,Gaúcho,0.85,33,5.7,0,0,1999,27,False
980327,Tetê,21,F,True,950572800,Grêmio,Internacional,5926,1966,away,15607733,08/03/2026,Gaúcho,0.85,45,6.6,0,0,2000,26,False
31417,Willian,10,M,True,587088000,Grêmio,Internacional,5926,1966,away,15607733,08/03/2026,Gaúcho,0.85,34,6.6,0,0,1988,38,False
249647,Walter Kannemann,4,D,True,668908800,Grêmio,Internacional,5926,1966,away,15607733,08/03/2026,Gaúcho,0.85,9,6.5,0,0,1991,35,False
870804,Dodi,17,M,True,829699200,Grêmio,Internacional,5926,1966,away,15607733,08/03/2026,Gaúcho,0.85,1,0.0,0,0,1996,30,False
879859,Mauricio Kozlinski,30,G,False,677203200,Londrina,Operário-PR,2022,39634,home,15600632,07/03/2026,Paranaense,0.9,90,7.2,0,0,1991,35,False
1177384,André Dhominique,13,D,False,1065484800,Londrina,Operário-PR,2022,39634,home,15600632,07/03/2026,Paranaense,0.9,90,6.9,0,0,2003,23,True
1592238,Yago Lincoln,3,D,False,1043884800,Londrina,Operário-PR,2022,39634,home,15600632,07/03/2026,Paranaense,0.9,90,7.5,0,0,2003,23,True
77244,Wallace Reis,4,D,False,567475200,Londrina,Operário-PR,2022,39634,home,15600632,07/03/2026,Paranaense,0.9,90,7.6,0,0,1987,39,False
931758,Kevyn,33,D,False,883267200,Londrina,Operário-PR,2022,39634,home,15600632,07/03/2026,Paranaense,0.9,90,6.8,0,0,1997,29,False
796100,Lucas Marques,8,M,False,801273600,Londrina,Operário-PR,2022,39634,home,15600632,07/03/2026,Paranaense,0.9,64,7.1,0,0,1995,31,False
1016673,André Luiz,5,M,False,809049600,Londrina,Operário-PR,2022,39634,home,15600632,07/03/2026,Paranaense,0.9,90,7.2,0,0,1995,31,False
2125637,Vitinho,7,M,False,1059264000,Londrina,Operário-PR,2022,39634,home,15600632,07/03/2026,Paranaense,0.9,64,7.3,0,0,2003,23,True
1130151,Iago Teles,11,M,False,962323200,Londrina,Operário-PR,2022,39634,home,15600632,07/03/2026,Paranaense,0.9,90,6.4,0,0,2000,26,False
341145,Paulinho Moccelin,18,M,False,763776000,Londrina,Operário-PR,2022,39634,home,15600632,07/03/2026,Paranaense,0.9,85,7.4,0,0,1994,32,False
1105781,Bruno Santos,9,F,False,848275200,Londrina,Operário-PR,2022,39634,home,15600632,07/03/2026,Paranaense,0.9,90,6.6,0,0,1996,30,False
1819690,Fabiano,20,M,True,1118448000,Londrina,Operário-PR,2022,39634,home,15600632,07/03/2026,Paranaense,0.9,40,6.4,0,0,2005,21,True
158561,Gilberto,70,M,True,613008000,Londrina,Operário-PR,2022,39634,home,15600632,07/03/2026,Paranaense,0.9,40,6.8,0,0,1989,37,False
1019652,Vítor Jacaré,29,M,True,940723200,Londrina,Operário-PR,2022,39634,home,15600632,07/03/2026,Paranaense,0.9,19,6.6,0,0,1999,27,False
1485595,Willian Chumbinho,53,D,True,1064188800,Londrina,Operário-PR,2022,39634,home,15600632,07/03/2026,Paranaense,0.9,10,6.2,0,0,2003,23,True
2030576,Juninho,77,F,True,1134777600,Londrina,Operário-PR,2022,39634,home,15600632,07/03/2026,Paranaense,0.9,12,6.4,0,0,2005,21,True
110843,Vágner,33,G,False,518400000,Operário-PR,Londrina,39634,2022,away,15600632,07/03/2026,Paranaense,0.9,90,7.3,0,0,1986,40,False
1067652,Mikael Doka,2,D,False,948672000,Operário-PR,Londrina,39634,2022,away,15600632,07/03/2026,Paranaense,0.9,86,6.7,0,0,2000,26,False
1098309,José Cuenú,22,D,False,792979200,Operário-PR,Londrina,39634,2022,away,15600632,07/03/2026,Paranaense,0.9,90,6.9,0,0,1995,31,False
926868,Miranda,16,D,False,948240000,Operário-PR,Londrina,39634,2022,away,15600632,07/03/2026,Paranaense,0.9,90,7.2,0,0,2000,26,False
877139,Moraes Júnior,6,D,False,873504000,Operário-PR,Londrina,39634,2022,away,15600632,07/03/2026,Paranaense,0.9,72,6.9,0,0,1997,29,False
1148464,Vinícius Diniz,20,M,False,932860800,Operário-PR,Londrina,39634,2022,away,15600632,07/03/2026,Paranaense,0.9,90,6.7,0,0,1999,27,False
981621,Índio,5,M,False,720403200,Operário-PR,Londrina,39634,2022,away,15600632,07/03/2026,Paranaense,0.9,86,6.9,0,0,1992,34,False
352880,Hildeberto Pereira,14,M,False,825724800,Operário-PR,Londrina,39634,2022,away,15600632,07/03/2026,Paranaense,0.9,68,6.8,0,0,1996,30,False
358540,Gabriel Boschilia,10,M,False,825984000,Operário-PR,Londrina,39634,2022,away,15600632,07/03/2026,Paranaense,0.9,90,6.5,0,0,1996,30,False
364528,Aylon,11,M,False,702604800,Operário-PR,Londrina,39634,2022,away,15600632,07/03/2026,Paranaense,0.9,72,6.5,0,0,1992,34,False
1069410,Léo Gaúcho,99,F,False,996796800,Operário-PR,Londrina,39634,2022,away,15600632,07/03/2026,Paranaense,0.9,90,6.7,0,0,2001,25,False
855966,Edwin Torres,29,M,True,879033600,Operário-PR,Londrina,39634,2022,away,15600632,07/03/2026,Paranaense,0.9,36,6.5,0,0,1997,29,False
1463925,Gabriel Feliciano,27,D,True,996105600,Operário-PR,Londrina,39634,2022,away,15600632,07/03/2026,Paranaense,0.9,32,6.7,0,0,2001,25,False
852556,Matheus Trindade,39,M,True,825984000,Operário-PR,Londrina,39634,2022,away,15600632,07/03/2026,Paranaense,0.9,32,6.5,0,0,1996,30,False
355836,Juan Zuluaga,8,D,True,740102400,Operário-PR,Londrina,39634,2022,away,15600632,07/03/2026,Paranaense,0.9,18,6.6,0,0,1993,33,False
1148584,Neto Paraíba,88,M,True,710035200,Operário-PR,Londrina,39634,2022,away,15600632,07/03/2026,Paranaense,0.9,18,6.8,0,0,1992,34,False
