player_id,player_name,shirt_number,position,substitute,date_of_birth,date_of_birth_formatted,team,opponent,team_id,opponent_id,home_away,match_id,match_date,liga,peso_liga,minutes_played,rating,goals,assists,birth_year,age,is_u23
973738,Carlos Miguel,1.0,G,False,907891200.0,09/10/1998,Palmeiras,Grêmio Novorizontino,1963,135514,home,15645747,05/03/2026,Paulista A1,0.9,90,7.7,0,0,1998,28,False
984896,Khellven,12.0,D,False,983059200.0,25/02/2001,Palmeiras,Grêmio Novorizontino,1963,135514,home,15645747,05/03/2026,Paulista A1,0.9,90,6.6,0,0,2001,25,False
220833,Gustavo Gómez,15.0,D,False,736646400.0,06/05/1993,Palmeiras,Grêmio Novorizontino,1963,135514,home,15645747,05/03/2026,Paulista A1,0.9,90,7.1,0,0,1993,33,False
874729,Murilo,26.0,D,False,859420800.0,27/03/1997,Palmeiras,Grêmio Novorizontino,1963,135514,home,15645747,05/03/2026,Paulista A1,0.9,90,7.3,0,0,1997,29,False
881110,Joaquín Piquerez,22.0,D,False,903916800.0,24/08/1998,Palmeiras,Grêmio Novorizontino,1963,135514,home,15645747,05/03/2026,Paulista A1,0.9,90,7.1,0,0,1998,28,False
285949,Andreas Pereira,8.0,M,False,820454400.0,01/01/1996,Palmeiras,Grêmio Novorizontino,1963,135514,home,15645747,05/03/2026,Paulista A1,0.9,60,7.6,0,0,1996,30,False
840202,Marlon Freitas,17.0,M,False,796262400.0,27/03/1995,Palmeiras,Grêmio Novorizontino,1963,135514,home,15645747,05/03/2026,Paulista A1,0.9,90,7.0,0,0,1995,31,False
1835889,Allan,40.0,M,False,1082332800.0,19/04/2004,Palmeiras,Grêmio Novorizontino,1963,135514,home,15645747,05/03/2026,Paulista A1,0.9,60,6.7,0,0,2004,22,True
986233,Mauricio,18.0,M,False,993168000.0,22/06/2001,Palmeiras,Grêmio Novorizontino,1963,135514,home,15645747,05/03/2026,Paulista A1,0.9,70,6.9,0,0,2001,25,False
1015733,Ramón Sosa,19.0,M,False,936057600.0,31/08/1999,Palmeiras,Grêmio Novorizontino,1963,135514,home,15645747,05/03/2026,Paulista A1,0.9,70,6.7,0,1,1999,27,False
1094179,José López,42.0,F,False,976060800.0,06/12/2000,Palmeiras,Grêmio Novorizontino,1963,135514,home,15645747,05/03/2026,Paulista A1,0.9,90,7.9,1,0,2000,26,False
331397,Lucas Evangelista,30.0,M,True,799718400.0,06/05/1995,Palmeiras,Grêmio Novorizontino,1963,135514,home,15645747,05/03/2026,Paulista A1,0.9,30,6.4,0,0,1995,31,False
844096,Jhon Arias,11.0,M,True,874800000.0,21/09/1997,Palmeiras,Grêmio Novorizontino,1963,135514,home,15645747,05/03/2026,Paulista A1,0.9,30,7.2,0,0,1997,29,False
152276,Felipe Anderson,7.0,M,True,734832000.0,15/04/1993,Palmeiras,Grêmio Novorizontino,1963,135514,home,15645747,05/03/2026,Paulista A1,0.9,20,6.9,0,0,1993,33,False
1150391,Vitor Roque,9.0,F,True,1109548800.0,28/02/2005,Palmeiras,Grêmio Novorizontino,1963,135514,home,15645747,05/03/2026,Paulista A1,0.9,20,6.3,0,0,2005,21,True
794840,Jordi,93.0,G,False,747014400.0,03/09/1993,Grêmio Novorizontino,Palmeiras,135514,1963,away,15645747,05/03/2026,Paulista A1,0.9,90,6.7,0,0,1993,33,False
1066548,Alexis Alvarino,22.0,D,False,980985600.0,01/02/2001,Grêmio Novorizontino,Palmeiras,135514,1963,away,15645747,05/03/2026,Paulista A1,0.9,59,6.0,0,0,2001,25,False
1476558,Dantas,25.0,D,False,1090713600.0,25/07/2004,Grêmio Novorizontino,Palmeiras,135514,1963,away,15645747,05/03/2026,Paulista A1,0.9,90,6.8,0,0,2004,22,True
1148340,Patrick,4.0,D,False,923616000.0,09/04/1999,Grêmio Novorizontino,Palmeiras,135514,1963,away,15645747,05/03/2026,Paulista A1,0.9,90,6.3,0,0,1999,27,False
944459,Mayk Silva,77.0,D,False,936057600.0,31/08/1999,Grêmio Novorizontino,Palmeiras,135514,1963,away,15645747,05/03/2026,Paulista A1,0.9,90,6.3,0,0,1999,27,False
922570,Luís Oyama,6.0,M,False,854582400.0,30/01/1997,Grêmio Novorizontino,Palmeiras,135514,1963,away,15645747,05/03/2026,Paulista A1,0.9,90,6.8,0,0,1997,29,False
1101061,Leo Naldi,18.0,M,False,998092800.0,18/08/2001,Grêmio Novorizontino,Palmeiras,135514,1963,away,15645747,05/03/2026,Paulista A1,0.9,90,6.0,0,0,2001,25,False
981746,Matheus Bianqui,17.0,M,False,886204800.0,31/01/1998,Grêmio Novorizontino,Palmeiras,135514,1963,away,15645747,05/03/2026,Paulista A1,0.9,89,6.8,0,0,1998,28,False
1016874,Juninho,50.0,M,False,980208000.0,23/01/2001,Grêmio Novorizontino,Palmeiras,135514,1963,away,15645747,05/03/2026,Paulista A1,0.9,59,6.2,0,0,2001,25,False
990160,Vinicius Paiva,16.0,M,False,983404800.0,01/03/2001,Grêmio Novorizontino,Palmeiras,135514,1963,away,15645747,05/03/2026,Paulista A1,0.9,71,7.5,0,0,2001,25,False
850987,Robson,11.0,F,False,675561600.0,30/05/1991,Grêmio Novorizontino,Palmeiras,135514,1963,away,15645747,05/03/2026,Paulista A1,0.9,90,5.9,0,0,1991,35,False
2440201,Alemão,21.0,D,True,1188691200.0,02/09/2007,Grêmio Novorizontino,Palmeiras,135514,1963,away,15645747,05/03/2026,Paulista A1,0.9,31,7.0,0,0,2007,19,True
293235,Christian Ortíz,8.0,F,True,714355200.0,21/08/1992,Grêmio Novorizontino,Palmeiras,135514,1963,away,15645747,05/03/2026,Paulista A1,0.9,31,6.6,0,0,1992,34,False
1836636,Tavinho,15.0,F,True,1090195200.0,19/07/2004,Grêmio Novorizontino,Palmeiras,135514,1963,away,15645747,05/03/2026,Paulista A1,0.9,19,6.7,0,0,2004,22,True
833742,Nilson Castrillón,20.0,D,True,822787200.0,28/01/1996,Grêmio Novorizontino,Palmeiras,135514,1963,away,15645747,05/03/2026,Paulista A1,0.9,1,0.0,0,0,1996,30,False
794840,Jordi,93.0,G,False,747014400.0,03/09/1993,Grêmio Novorizontino,Palmeiras,135514,1963,home,15646622,09/03/2026,Paulista A1,0.9,90,5.6,0,0,1993,33,False
1066548,Alexis Alvarino,22.0,D,False,980985600.0,01/02/2001,Grêmio Novorizontino,Palmeiras,135514,1963,home,15646622,09/03/2026,Paulista A1,0.9,77,6.0,0,0,2001,25,False
1476558,Dantas,25.0,D,False,1090713600.0,25/07/2004,Grêmio Novorizontino,Palmeiras,135514,1963,home,15646622,09/03/2026,Paulista A1,0.9,90,6.2,0,0,2004,22,True
1148340,Patrick,4.0,D,False,923616000.0,09/04/1999,Grêmio Novorizontino,Palmeiras,135514,1963,home,15646622,09/03/2026,Paulista A1,0.9,90,6.7,0,0,1999,27,False
944459,Mayk Silva,77.0,D,False,936057600.0,31/08/1999,Grêmio Novorizontino,Palmeiras,135514,1963,home,15646622,09/03/2026,Paulista A1,0.9,90,6.8,0,0,1999,27,False
922570,Luís Oyama,6.0,M,False,854582400.0,30/01/1997,Grêmio Novorizontino,Palmeiras,135514,1963,home,15646622,09/03/2026,Paulista A1,0.9,88,6.9,0,0,1997,29,False
1101061,Leo Naldi,18.0,M,False,998092800.0,18/08/2001,Grêmio Novorizontino,Palmeiras,135514,1963,home,15646622,09/03/2026,Paulista A1,0.9,90,6.8,0,0,2001,25,False
981746,Matheus Bianqui,17.0,M,False,886204800.0,31/01/1998,Grêmio Novorizontino,Palmeiras,135514,1963,home,15646622,09/03/2026,Paulista A1,0.9,77,7.3,1,0,1998,28,False
1105078,Rômulo,10.0,M,False,1002412800.0,07/10/2001,Grêmio Novorizontino,Palmeiras,135514,1963,home,15646622,09/03/2026,Paulista A1,0.9,81,6.1,0,0,2001,25,False
990160,Vinicius Paiva,16.0,M,False,983404800.0,01/03/2001,Grêmio Novorizontino,Palmeiras,135514,1963,home,15646622,09/03/2026,Paulista A1,0.9,81,6.2,0,0,2001,25,False
850987,Robson,11.0,F,False,675561600.0,30/05/1991,Grêmio Novorizontino,Palmeiras,135514,1963,home,15646622,09/03/2026,Paulista A1,0.9,90,6.1,0,0,1991,35,False
2440201,Alemão,21.0,D,True,1188691200.0,02/09/2007,Grêmio Novorizontino,Palmeiras,135514,1963,home,15646622,09/03/2026,Paulista A1,0.9,13,7.1,0,0,2007,19,True
606612,Nicolas Careca,30.0,F,True,863913600.0,18/05/1997,Grêmio Novorizontino,Palmeiras,135514,1963,home,15646622,09/03/2026,Paulista A1,0.9,13,7.0,0,0,1997,29,False
1836636,Tavinho,15.0,F,True,1090195200.0,19/07/2004,Grêmio Novorizontino,Palmeiras,135514,1963,home,15646622,09/03/2026,Paulista A1,0.9,9,6.7,0,0,2004,22,True
293235,Christian Ortíz,8.0,F,True,714355200.0,21/08/1992,Grêmio Novorizontino,Palmeiras,135514,1963,home,15646622,09/03/2026,Paulista A1,0.9,9,6.6,0,0,1992,34,False
1016874,Juninho,50.0,M,True,980208000.0,23/01/2001,Grêmio Novorizontino,Palmeiras,135514,1963,home,15646622,09/03/2026,Paulista A1,0.9,9,6.5,0,0,2001,25,False
973738,Carlos Miguel,1.0,G,False,907891200.0,09/10/1998,Palmeiras,Grêmio Novorizontino,1963,135514,away,15646622,09/03/2026,Paulista A1,0.9,90,5.7,0,0,1998,28,False
984896,Khellven,12.0,D,False,983059200.0,25/02/2001,Palmeiras,Grêmio Novorizontino,1963,135514,away,15646622,09/03/2026,Paulista A1,0.9,90,6.7,0,0,2001,25,False
874729,Murilo,26.0,D,False,859420800.0,27/03/1997,Palmeiras,Grêmio Novorizontino,1963,135514,away,15646622,09/03/2026,Paulista A1,0.9,90,7.2,1,0,1997,29,False
220833,Gustavo Gómez,15.0,D,False,736646400.0,06/05/1993,Palmeiras,Grêmio Novorizontino,1963,135514,away,15646622,09/03/2026,Paulista A1,0.9,90,7.0,0,0,1993,33,False
881110,Joaquín Piquerez,22.0,D,False,903916800.0,24/08/1998,Palmeiras,Grêmio Novorizontino,1963,135514,away,15646622,09/03/2026,Paulista A1,0.9,90,7.2,0,0,1998,28,False
285949,Andreas Pereira,8.0,M,False,820454400.0,01/01/1996,Palmeiras,Grêmio Novorizontino,1963,135514,away,15646622,09/03/2026,Paulista A1,0.9,79,6.7,0,0,1996,30,False
840202,Marlon Freitas,17.0,M,False,796262400.0,27/03/1995,Palmeiras,Grêmio Novorizontino,1963,135514,away,15646622,09/03/2026,Paulista A1,0.9,90,6.7,0,0,1995,31,False
844096,Jhon Arias,11.0,M,False,874800000.0,21/09/1997,Palmeiras,Grêmio Novorizontino,1963,135514,away,15646622,09/03/2026,Paulista A1,0.9,79,6.4,0,1,1997,29,False
1094179,José López,42.0,M,False,976060800.0,06/12/2000,Palmeiras,Grêmio Novorizontino,1963,135514,away,15646622,09/03/2026,Paulista A1,0.9,84,6.0,0,0,2000,26,False
986233,Mauricio,18.0,M,False,993168000.0,22/06/2001,Palmeiras,Grêmio Novorizontino,1963,135514,away,15646622,09/03/2026,Paulista A1,0.9,65,6.6,0,0,2001,25,False
1150391,Vitor Roque,9.0,F,False,1109548800.0,28/02/2005,Palmeiras,Grêmio Novorizontino,1963,135514,away,15646622,09/03/2026,Paulista A1,0.9,84,7.7,1,0,2005,21,True
152276,Felipe Anderson,7.0,M,True,734832000.0,15/04/1993,Palmeiras,Grêmio Novorizontino,1963,135514,away,15646622,09/03/2026,Paulista A1,0.9,25,6.7,0,0,1993,33,False
331397,Lucas Evangelista,30.0,M,True,799718400.0,06/05/1995,Palmeiras,Grêmio Novorizontino,1963,135514,away,15646622,09/03/2026,Paulista A1,0.9,11,6.5,0,0,1995,31,False
1835889,Allan,40.0,F,True,1082332800.0,19/04/2004,Palmeiras,Grêmio Novorizontino,1963,135514,away,15646622,09/03/2026,Paulista A1,0.9,11,6.3,0,0,2004,22,True
973533,Emiliano Martínez,32.0,M,True,934848000.0,17/08/1999,Palmeiras,Grêmio Novorizontino,1963,135514,away,15646622,09/03/2026,Paulista A1,0.9,13,6.5,0,0,1999,27,False
1015733,Ramón Sosa,19.0,F,True,936057600.0,31/08/1999,Palmeiras,Grêmio Novorizontino,1963,135514,away,15646622,09/03/2026,Paulista A1,0.9,13,6.2,0,0,1999,27,False
1021716,Guilherme Vicentini Castellani,1.0,G,False,959212800.0,25/05/2000,EC Santo André,EC São Bento,6966,6967,home,15180161,07/03/2026,Paulista A2,0.65,90,6.7,0,0,2000,26,False
1016736,Thomás,2.0,D,False,881884800.0,12/12/1997,EC Santo André,EC São Bento,6966,6967,home,15180161,07/03/2026,Paulista A2,0.65,90,6.8,0,1,1997,29,False
1184837,Gustavo,3.0,D,False,1095984000.0,24/09/2004,EC Santo André,EC São Bento,6966,6967,home,15180161,07/03/2026,Paulista A2,0.65,90,6.4,0,0,2004,22,True
986127,Victor Luiz,4.0,D,False,860025600.0,03/04/1997,EC Santo André,EC São Bento,6966,6967,home,15180161,07/03/2026,Paulista A2,0.65,90,6.4,0,0,1997,29,False
1590414,Paulo Amorim,6.0,D,False,1090108800.0,18/07/2004,EC Santo André,EC São Bento,6966,6967,home,15180161,07/03/2026,Paulista A2,0.65,90,6.8,0,0,2004,22,True
1096967,Lucas Alisson,5.0,M,False,926553600.0,13/05/1999,EC Santo André,EC São Bento,6966,6967,home,15180161,07/03/2026,Paulista A2,0.65,90,6.6,0,0,1999,27,False
1391262,Guthierres Sales de Oliveira,11.0,M,False,990748800.0,25/05/2001,EC Santo André,EC São Bento,6966,6967,home,15180161,07/03/2026,Paulista A2,0.65,67,6.5,0,0,2001,25,False
2171946,Emmanuel de Andrade  Egydio de Souza,9.0,M,False,1162080000.0,29/10/2006,EC Santo André,EC São Bento,6966,6967,home,15180161,07/03/2026,Paulista A2,0.65,67,6.6,0,0,2006,20,True
880122,Elvis,8.0,M,False,824428800.0,16/02/1996,EC Santo André,EC São Bento,6966,6967,home,15180161,07/03/2026,Paulista A2,0.65,90,6.8,0,0,1996,30,False
2026435,Daniel Davi Simão Roque,10.0,M,False,1118793600.0,15/06/2005,EC Santo André,EC São Bento,6966,6967,home,15180161,07/03/2026,Paulista A2,0.65,90,8.7,2,0,2005,21,True
1021330,Matheus Sacramento,14.0,F,False,921283200.0,13/03/1999,EC Santo André,EC São Bento,6966,6967,home,15180161,07/03/2026,Paulista A2,0.65,48,7.7,1,1,1999,27,False
2214562,Thierry Hanry Praxedes Conti,23.0,M,True,1181692800.0,13/06/2007,EC Santo André,EC São Bento,6966,6967,home,15180161,07/03/2026,Paulista A2,0.65,52,7.0,1,0,2007,19,True
1588093,Jhonatas da Silva Carvalho,20.0,M,True,1100217600.0,12/11/2004,EC Santo André,EC São Bento,6966,6967,home,15180161,07/03/2026,Paulista A2,0.65,33,6.7,0,1,2004,22,True
1174549,Juan Kelsen,7.0,F,True,1016928000.0,24/03/2002,EC Santo André,EC São Bento,6966,6967,home,15180161,07/03/2026,Paulista A2,0.65,25,6.5,0,0,2002,24,False
2027888,Leonardo Gasco Silva Suzano,16.0,M,True,1109721600.0,02/03/2005,EC Santo André,EC São Bento,6966,6967,home,15180161,07/03/2026,Paulista A2,0.65,8,6.7,0,0,2005,21,True
1545982,Davi Castro,15.0,D,True,1051920000.0,03/05/2003,EC Santo André,EC São Bento,6966,6967,home,15180161,07/03/2026,Paulista A2,0.65,3,0.0,0,0,2003,23,True
1465494,Guilherme Zuconelli,1.0,G,False,958694400.0,19/05/2000,EC São Bento,EC Santo André,6967,6966,away,15180161,07/03/2026,Paulista A2,0.65,90,5.8,0,0,2000,26,False
1023593,Natan Masiero,2.0,D,False,1006819200.0,27/11/2001,EC São Bento,EC Santo André,6967,6966,away,15180161,07/03/2026,Paulista A2,0.65,90,6.7,0,1,2001,25,False
1186781,Luiz Felipe de Souza Soares,3.0,D,False,919728000.0,23/02/1999,EC São Bento,EC Santo André,6967,6966,away,15180161,07/03/2026,Paulista A2,0.65,90,6.3,0,0,1999,27,False
981693,Casagrande,15.0,D,False,926467200.0,12/05/1999,EC São Bento,EC Santo André,6967,6966,away,15180161,07/03/2026,Paulista A2,0.65,48,5.8,0,0,1999,27,False
1017674,Marcinho,6.0,D,False,954201600.0,28/03/2000,EC São Bento,EC Santo André,6967,6966,away,15180161,07/03/2026,Paulista A2,0.65,90,7.3,1,0,2000,26,False
1830597,Gustavo Nunes Migueis,26.0,M,False,1114128000.0,22/04/2005,EC São Bento,EC Santo André,6967,6966,away,15180161,07/03/2026,Paulista A2,0.65,62,6.5,0,0,2005,21,True
2026450,Guilherme da Silva Ramos,8.0,M,False,1127865600.0,28/09/2005,EC São Bento,EC Santo André,6967,6966,away,15180161,07/03/2026,Paulista A2,0.65,90,6.4,0,0,2005,21,True
345623,Fábio Bahia,5.0,M,False,436579200.0,02/11/1983,EC São Bento,EC Santo André,6967,6966,away,15180161,07/03/2026,Paulista A2,0.65,89,6.3,0,0,1983,43,False
1589352,Cauê Raphael de Souza Soares,13.0,M,False,1082937600.0,26/04/2004,EC São Bento,EC Santo André,6967,6966,away,15180161,07/03/2026,Paulista A2,0.65,80,6.7,0,0,2004,22,True
1634091,Matheo Laselva Lima,9.0,F,False,,,EC São Bento,EC Santo André,6967,6966,away,15180161,07/03/2026,Paulista A2,0.65,90,7.2,1,0,0,0,False
1105060,Inacio Neto,10.0,F,False,838080000.0,23/07/1996,EC São Bento,EC Santo André,6967,6966,away,15180161,07/03/2026,Paulista A2,0.65,90,7.1,0,0,1996,30,False
1465221,Kayo Soares,16.0,M,True,836870400.0,09/07/1996,EC São Bento,EC Santo André,6967,6966,away,15180161,07/03/2026,Paulista A2,0.65,52,6.4,0,0,1996,30,False
1609652,Wellington Batista Barbosa,11.0,M,True,797040000.0,05/04/1995,EC São Bento,EC Santo André,6967,6966,away,15180161,07/03/2026,Paulista A2,0.65,38,6.2,0,0,1995,31,False
1637198,Flavio dos Reis Frazão,22.0,M,True,1073174400.0,04/01/2004,EC São Bento,EC Santo André,6967,6966,away,15180161,07/03/2026,Paulista A2,0.65,20,6.0,0,0,2004,22,True
1637090,Guilherme Ferezin Guimaraes,17.0,M,True,1142812800.0,20/03/2006,EC São Bento,EC Santo André,6967,6966,away,15180161,07/03/2026,Paulista A2,0.65,11,6.2,0,0,2006,20,True
1174638,Léo Wall,1.0,G,False,956793600.0,27/04/2000,Ferroviária,CA Linense,35285,47503,home,15180168,07/03/2026,Paulista A2,0.65,90,6.4,0,0,2000,26,False
870377,Felipe Rodrigues,22.0,D,False,815097600.0,31/10/1995,Ferroviária,CA Linense,35285,47503,home,15180168,07/03/2026,Paulista A2,0.65,90,7.5,0,1,1995,31,False
1017000,Gustavo Medina,13.0,D,False,999820800.0,07/09/2001,Ferroviária,CA Linense,35285,47503,home,15180168,07/03/2026,Paulista A2,0.65,90,6.8,0,0,2001,25,False
1174625,Zé Vitor,40.0,D,False,1023667200.0,10/06/2002,Ferroviária,CA Linense,35285,47503,home,15180168,07/03/2026,Paulista A2,0.65,90,7.0,0,0,2002,24,False
1117470,Edson Lucas,6.0,D,False,964915200.0,30/07/2000,Ferroviária,CA Linense,35285,47503,home,15180168,07/03/2026,Paulista A2,0.65,90,7.4,0,0,2000,26,False
870802,Ricardinho,5.0,M,False,606960000.0,27/03/1989,Ferroviária,CA Linense,35285,47503,home,15180168,07/03/2026,Paulista A2,0.65,86,7.2,0,0,1989,37,False
1533964,Alencar,8.0,M,False,1028678400.0,07/08/2002,Ferroviária,CA Linense,35285,47503,home,15180168,07/03/2026,Paulista A2,0.65,86,6.8,0,0,2002,24,False
1526993,Mateus Cantarelli Gall,17.0,M,False,1119312000.0,21/06/2005,Ferroviária,CA Linense,35285,47503,home,15180168,07/03/2026,Paulista A2,0.65,50,6.5,0,0,2005,21,True
1214719,Antonio David Souza,20.0,M,False,1076198400.0,08/02/2004,Ferroviária,CA Linense,35285,47503,home,15180168,07/03/2026,Paulista A2,0.65,50,6.5,0,0,2004,22,True
1465450,Vitor Barreto,11.0,M,False,954547200.0,01/04/2000,Ferroviária,CA Linense,35285,47503,home,15180168,07/03/2026,Paulista A2,0.65,62,7.3,0,0,2000,26,False
1589395,Thiago Montelo Pereira,19.0,F,False,1106956800.0,29/01/2005,Ferroviária,CA Linense,35285,47503,home,15180168,07/03/2026,Paulista A2,0.65,90,7.4,1,0,2005,21,True
2067560,Abner Eduardo Ramos dos Santos,32.0,M,True,1243296000.0,26/05/2009,Ferroviária,CA Linense,35285,47503,home,15180168,07/03/2026,Paulista A2,0.65,52,6.7,0,0,2009,17,True
866851,Rafael Carrilho,18.0,M,True,789523200.0,08/01/1995,Ferroviária,CA Linense,35285,47503,home,15180168,07/03/2026,Paulista A2,0.65,52,6.7,0,0,1995,31,False
1647596,Pedro Estevam,33.0,F,True,1104624000.0,02/01/2005,Ferroviária,CA Linense,35285,47503,home,15180168,07/03/2026,Paulista A2,0.65,40,6.5,0,0,2005,21,True
1589491,Arthur Nether Schiling,23.0,M,True,1131321600.0,07/11/2005,Ferroviária,CA Linense,35285,47503,home,15180168,07/03/2026,Paulista A2,0.65,16,7.0,0,0,2005,21,True
1631865,Raoni dos Santos Ramos,30.0,M,True,,,Ferroviária,CA Linense,35285,47503,home,15180168,07/03/2026,Paulista A2,0.65,16,6.6,0,0,0,0,False
1020283,Harrison,23.0,G,False,745632000.0,18/08/1993,CA Linense,Ferroviária,47503,35285,away,15180168,07/03/2026,Paulista A2,0.65,90,6.7,0,0,1993,33,False
1631271,Kauê Leonardo,17.0,D,False,1113177600.0,11/04/2005,CA Linense,Ferroviária,47503,35285,away,15180168,07/03/2026,Paulista A2,0.65,90,6.1,0,1,2005,21,True
1017618,Bruno Azevedo,14.0,D,False,906681600.0,25/09/1998,CA Linense,Ferroviária,47503,35285,away,15180168,07/03/2026,Paulista A2,0.65,50,6.6,0,0,1998,28,False
1016927,Joanderson,3.0,D,False,915580800.0,06/01/1999,CA Linense,Ferroviária,47503,35285,away,15180168,07/03/2026,Paulista A2,0.65,90,7.4,0,0,1999,27,False
1524156,João Vitor Gomes Lopes,4.0,D,False,1069459200.0,22/11/2003,CA Linense,Ferroviária,47503,35285,away,15180168,07/03/2026,Paulista A2,0.65,90,6.5,0,0,2003,23,True
1469527,Rafael Soares,16.0,D,False,1104105600.0,27/12/2004,CA Linense,Ferroviária,47503,35285,away,15180168,07/03/2026,Paulista A2,0.65,68,6.5,0,0,2004,22,True
878495,Vinicius Jau,11.0,M,False,891561600.0,03/04/1998,CA Linense,Ferroviária,47503,35285,away,15180168,07/03/2026,Paulista A2,0.65,68,6.2,0,0,1998,28,False
871168,Rodolfo Potiguar,5.0,M,False,569980800.0,24/01/1988,CA Linense,Ferroviária,47503,35285,away,15180168,07/03/2026,Paulista A2,0.65,50,6.6,0,0,1988,38,False
1199393,Caio Rafael,10.0,M,False,1087171200.0,14/06/2004,CA Linense,Ferroviária,47503,35285,away,15180168,07/03/2026,Paulista A2,0.65,90,6.6,0,0,2004,22,True
870882,Emerson Carioca,25.0,F,False,818294400.0,07/12/1995,CA Linense,Ferroviária,47503,35285,away,15180168,07/03/2026,Paulista A2,0.65,90,7.0,1,0,1995,31,False
1161038,Vinícius,22.0,F,False,936921600.0,10/09/1999,CA Linense,Ferroviária,47503,35285,away,15180168,07/03/2026,Paulista A2,0.65,90,6.8,0,0,1999,27,False
1189875,Pedro Henrique da Rosa,2.0,D,True,1050278400.0,14/04/2003,CA Linense,Ferroviária,47503,35285,away,15180168,07/03/2026,Paulista A2,0.65,52,6.3,0,0,2003,23,True
1046554,Figueiredo,20.0,M,True,1019692800.0,25/04/2002,CA Linense,Ferroviária,47503,35285,away,15180168,07/03/2026,Paulista A2,0.65,52,6.4,0,0,2002,24,False
1170969,Talys,6.0,D,True,801100800.0,22/05/1995,CA Linense,Ferroviária,47503,35285,away,15180168,07/03/2026,Paulista A2,0.65,34,6.6,0,0,1995,31,False
1016998,Lucas Vital,15.0,M,True,990403200.0,21/05/2001,CA Linense,Ferroviária,47503,35285,away,15180168,07/03/2026,Paulista A2,0.65,34,6.7,0,0,2001,25,False
2033845,Daniel Bolt,13.0,D,True,1125878400.0,05/09/2005,CA Linense,Ferroviária,47503,35285,away,15180168,07/03/2026,Paulista A2,0.65,1,0.0,0,0,2005,21,True
865372,Saulo,1.0,G,False,492480000.0,10/08/1985,Inter de Limeira,Juventus-SP,135526,6960,home,15180159,07/03/2026,Paulista A2,0.65,90,7.2,0,0,1985,41,False
818536,Breno Santos,2.0,D,False,821923200.0,18/01/1996,Inter de Limeira,Juventus-SP,135526,6960,home,15180159,07/03/2026,Paulista A2,0.65,90,5.8,0,0,1996,30,False
1105280,Robson,30.0,D,False,734054400.0,06/04/1993,Inter de Limeira,Juventus-SP,135526,6960,home,15180159,07/03/2026,Paulista A2,0.65,88,6.9,0,0,1993,33,False
877549,Frazan,3.0,D,False,833932800.0,05/06/1996,Inter de Limeira,Juventus-SP,135526,6960,home,15180159,07/03/2026,Paulista A2,0.65,90,6.7,0,0,1996,30,False
1018266,Mário Henrique,6.0,D,False,748915200.0,25/09/1993,Inter de Limeira,Juventus-SP,135526,6960,home,15180159,07/03/2026,Paulista A2,0.65,90,6.2,0,0,1993,33,False
244087,Emerson Santos,31.0,M,False,699148800.0,27/02/1992,Inter de Limeira,Juventus-SP,135526,6960,home,15180159,07/03/2026,Paulista A2,0.65,88,6.8,0,0,1992,34,False
1021725,Romarinho,35.0,M,False,772070400.0,20/06/1994,Inter de Limeira,Juventus-SP,135526,6960,home,15180159,07/03/2026,Paulista A2,0.65,90,6.9,0,0,1994,32,False
840279,Rafael Oller,7.0,M,False,793584000.0,24/02/1995,Inter de Limeira,Juventus-SP,135526,6960,home,15180159,07/03/2026,Paulista A2,0.65,65,6.5,0,0,1995,31,False
1016996,Claudinho,10.0,M,False,974505600.0,18/11/2000,Inter de Limeira,Juventus-SP,135526,6960,home,15180159,07/03/2026,Paulista A2,0.65,90,6.9,0,1,2000,26,False
1117079,Marquinhos Brazion,32.0,M,False,963014400.0,08/07/2000,Inter de Limeira,Juventus-SP,135526,6960,home,15180159,07/03/2026,Paulista A2,0.65,65,6.6,0,0,2000,26,False
1016911,Zé Eduardo,18.0,F,False,931392000.0,08/07/1999,Inter de Limeira,Juventus-SP,135526,6960,home,15180159,07/03/2026,Paulista A2,0.65,80,7.2,1,0,1999,27,False
1047687,Vitor Leque,19.0,M,True,979862400.0,19/01/2001,Inter de Limeira,Juventus-SP,135526,6960,home,15180159,07/03/2026,Paulista A2,0.65,36,6.2,0,0,2001,25,False
928133,Getúlio,17.0,M,True,865900800.0,10/06/1997,Inter de Limeira,Juventus-SP,135526,6960,home,15180159,07/03/2026,Paulista A2,0.65,36,6.3,0,0,1997,29,False
1067645,Luiz Guilherme,8.0,M,True,1079654400.0,19/03/2004,Inter de Limeira,Juventus-SP,135526,6960,home,15180159,07/03/2026,Paulista A2,0.65,20,6.5,0,0,2004,22,True
1104798,Eduardo Porto,4.0,D,True,983404800.0,01/03/2001,Inter de Limeira,Juventus-SP,135526,6960,home,15180159,07/03/2026,Paulista A2,0.65,12,6.4,0,0,2001,25,False
1546627,Lucas Xavier Felix,25.0,M,True,968112000.0,05/09/2000,Inter de Limeira,Juventus-SP,135526,6960,home,15180159,07/03/2026,Paulista A2,0.65,12,6.5,0,0,2000,26,False
863352,Lucas Passarelli,25.0,G,False,835833600.0,27/06/1996,Juventus-SP,Inter de Limeira,6960,135526,away,15180159,07/03/2026,Paulista A2,0.65,90,6.4,0,0,1996,30,False
931754,Marcelo,23.0,D,False,631929600.0,10/01/1990,Juventus-SP,Inter de Limeira,6960,135526,away,15180159,07/03/2026,Paulista A2,0.65,90,7.0,0,0,1990,36,False
362284,Fernando Fonseca,4.0,D,False,757123200.0,29/12/1993,Juventus-SP,Inter de Limeira,6960,135526,away,15180159,07/03/2026,Paulista A2,0.65,90,7.1,0,0,1993,33,False
1018930,Thomás Kayck,32.0,D,False,822873600.0,29/01/1996,Juventus-SP,Inter de Limeira,6960,135526,away,15180159,07/03/2026,Paulista A2,0.65,90,6.7,0,0,1996,30,False
1105032,Eduardo Soares,6.0,D,False,971654400.0,16/10/2000,Juventus-SP,Inter de Limeira,6960,135526,away,15180159,07/03/2026,Paulista A2,0.65,90,7.0,0,1,2000,26,False
1170771,Keven Vinícius,31.0,M,False,1045267200.0,15/02/2003,Juventus-SP,Inter de Limeira,6960,135526,away,15180159,07/03/2026,Paulista A2,0.65,56,6.8,0,0,2003,23,True
922553,Matheus Ferreira,33.0,M,False,730080000.0,19/02/1993,Juventus-SP,Inter de Limeira,6960,135526,away,15180159,07/03/2026,Paulista A2,0.65,90,6.7,0,0,1993,33,False
1491533,John Adams Egito da Silva,8.0,M,False,801446400.0,26/05/1995,Juventus-SP,Inter de Limeira,6960,135526,away,15180159,07/03/2026,Paulista A2,0.65,75,7.5,0,0,1995,31,False
1192303,Paulinho,7.0,M,False,1033257600.0,29/09/2002,Juventus-SP,Inter de Limeira,6960,135526,away,15180159,07/03/2026,Paulista A2,0.65,90,7.2,0,1,2002,24,False
1465219,Vinicius Spaniol,77.0,F,False,985219200.0,22/03/2001,Juventus-SP,Inter de Limeira,6960,135526,away,15180159,07/03/2026,Paulista A2,0.65,90,6.9,0,0,2001,25,False
1515292,Edinho,10.0,F,False,998524800.0,23/08/2001,Juventus-SP,Inter de Limeira,6960,135526,away,15180159,07/03/2026,Paulista A2,0.65,75,8.9,1,0,2001,25,False
1010582,Romário Simoes,19.0,F,True,928281600.0,02/06/1999,Juventus-SP,Inter de Limeira,6960,135526,away,15180159,07/03/2026,Paulista A2,0.65,44,7.4,1,0,1999,27,False
773549,Andrew,99.0,M,True,842745600.0,15/09/1996,Juventus-SP,Inter de Limeira,6960,135526,away,15180159,07/03/2026,Paulista A2,0.65,25,6.7,0,0,1996,30,False
931760,Madison,5.0,M,True,899856000.0,08/07/1998,Juventus-SP,Inter de Limeira,6960,135526,away,15180159,07/03/2026,Paulista A2,0.65,25,6.9,0,0,1998,28,False
1645851,Luiz Gustavo,28.0,F,True,1054252800.0,30/05/2003,Juventus-SP,Inter de Limeira,6960,135526,away,15180159,07/03/2026,Paulista A2,0.65,7,0.0,0,0,2003,23,True
886764,Matheus Leal,16.0,D,True,789436800.0,07/01/1995,Juventus-SP,Inter de Limeira,6960,135526,away,15180159,07/03/2026,Paulista A2,0.65,7,0.0,0,0,1995,31,False
869651,Lucas Wingert,1.0,G,False,925776000.0,04/05/1999,Ituano,Monte Azul,2025,39617,home,15180172,07/03/2026,Paulista A2,0.65,48,6.5,0,0,1999,27,False
2031365,Gabriel William,3.0,D,False,1173916800.0,15/03/2007,Ituano,Monte Azul,2025,39617,home,15180172,07/03/2026,Paulista A2,0.65,90,6.1,0,0,2007,19,True
2440869,Leandro Sergipe,4.0,D,False,925257600.0,28/04/1999,Ituano,Monte Azul,2025,39617,home,15180172,07/03/2026,Paulista A2,0.65,90,6.6,0,0,1999,27,False
1631591,Matheus Henrique Rocha,5.0,D,False,1149897600.0,10/06/2006,Ituano,Monte Azul,2025,39617,home,15180172,07/03/2026,Paulista A2,0.65,72,5.8,0,0,2006,20,True
1588628,Victor Silva dos Reis,2.0,M,False,1081209600.0,06/04/2004,Ituano,Monte Azul,2025,39617,home,15180172,07/03/2026,Paulista A2,0.65,90,7.3,1,0,2004,22,True
839773,Xavier,10.0,M,False,787276800.0,13/12/1994,Ituano,Monte Azul,2025,39617,home,15180172,07/03/2026,Paulista A2,0.65,90,7.2,0,0,1994,32,False
1587856,Lipe Gadol,8.0,M,False,1079740800.0,20/03/2004,Ituano,Monte Azul,2025,39617,home,15180172,07/03/2026,Paulista A2,0.65,59,6.7,0,0,2004,22,True
1148378,Tiago Silva,6.0,M,False,992476800.0,14/06/2001,Ituano,Monte Azul,2025,39617,home,15180172,07/03/2026,Paulista A2,0.65,90,6.8,0,0,2001,25,False
1587832,Lucas Soares Stefanello,11.0,F,False,1108512000.0,16/02/2005,Ituano,Monte Azul,2025,39617,home,15180172,07/03/2026,Paulista A2,0.65,59,7.0,0,0,2005,21,True
1587911,Gabriel Razera,9.0,F,False,1077062400.0,18/02/2004,Ituano,Monte Azul,2025,39617,home,15180172,07/03/2026,Paulista A2,0.65,90,6.7,0,1,2004,22,True
79097,Neto Berola,7.0,F,False,564192000.0,18/11/1987,Ituano,Monte Azul,2025,39617,home,15180172,07/03/2026,Paulista A2,0.65,59,8.8,2,0,1987,39,False
753660,Saulo,12.0,G,True,798336000.0,20/04/1995,Ituano,Monte Azul,2025,39617,home,15180172,07/03/2026,Paulista A2,0.65,53,6.1,0,0,1995,31,False
152510,Fernando Canesin,20.0,F,True,699148800.0,27/02/1992,Ituano,Monte Azul,2025,39617,home,15180172,07/03/2026,Paulista A2,0.65,42,6.6,0,0,1992,34,False
2026934,Leonardo Souza de Oliveira,15.0,M,True,1116547200.0,20/05/2005,Ituano,Monte Azul,2025,39617,home,15180172,07/03/2026,Paulista A2,0.65,42,6.3,0,0,2005,21,True
1510221,José Carlos,19.0,F,True,1073606400.0,09/01/2004,Ituano,Monte Azul,2025,39617,home,15180172,07/03/2026,Paulista A2,0.65,42,6.6,0,0,2004,22,True
839772,Osman Menezes,17.0,F,True,720316800.0,29/10/1992,Ituano,Monte Azul,2025,39617,home,15180172,07/03/2026,Paulista A2,0.65,29,6.7,0,0,1992,34,False
1514521,Igor Castro Dourado,1.0,G,False,607392000.0,01/04/1989,Monte Azul,Ituano,39617,2025,away,15180172,07/03/2026,Paulista A2,0.65,90,6.5,0,0,1989,37,False
2080409,Cláudio Gustavo,2.0,D,False,1097280000.0,09/10/2004,Monte Azul,Ituano,39617,2025,away,15180172,07/03/2026,Paulista A2,0.65,48,6.3,0,0,2004,22,True
1546702,Allan Passos dos Santos,3.0,D,False,1086912000.0,11/06/2004,Monte Azul,Ituano,39617,2025,away,15180172,07/03/2026,Paulista A2,0.65,90,5.8,0,0,2004,22,True
932000,Luan Silva,4.0,D,False,861494400.0,20/04/1997,Monte Azul,Ituano,39617,2025,away,15180172,07/03/2026,Paulista A2,0.65,65,7.3,1,0,1997,29,False
2166888,Didi,6.0,D,False,1136246400.0,03/01/2006,Monte Azul,Ituano,39617,2025,away,15180172,07/03/2026,Paulista A2,0.65,48,6.0,0,0,2006,20,True
1467890,Roni,5.0,M,False,1027296000.0,22/07/2002,Monte Azul,Ituano,39617,2025,away,15180172,07/03/2026,Paulista A2,0.65,89,6.4,0,0,2002,24,False
1470430,Sony Anderson Cunha da Silva,9.0,M,False,1075161600.0,27/01/2004,Monte Azul,Ituano,39617,2025,away,15180172,07/03/2026,Paulista A2,0.65,90,6.1,0,0,2004,22,True
2443188,Vitor Mariano Severo,7.0,M,False,1106956800.0,29/01/2005,Monte Azul,Ituano,39617,2025,away,15180172,07/03/2026,Paulista A2,0.65,90,7.1,0,0,2005,21,True
1631702,Clayton Cleydson da Silva Nascimento,8.0,M,False,1077580800.0,24/02/2004,Monte Azul,Ituano,39617,2025,away,15180172,07/03/2026,Paulista A2,0.65,90,6.9,0,0,2004,22,True
1472029,Wanderson Martins,11.0,M,False,1034035200.0,08/10/2002,Monte Azul,Ituano,39617,2025,away,15180172,07/03/2026,Paulista A2,0.65,90,6.4,0,0,2002,24,False
1640977,Vitinho,10.0,F,False,994118400.0,03/07/2001,Monte Azul,Ituano,39617,2025,away,15180172,07/03/2026,Paulista A2,0.65,90,7.4,1,0,2001,25,False
1640978,Luis Fernando Nascimento Marques,16.0,D,True,977875200.0,27/12/2000,Monte Azul,Ituano,39617,2025,away,15180172,07/03/2026,Paulista A2,0.65,53,6.9,0,0,2000,26,False
1019672,Wallace,22.0,F,True,976838400.0,15/12/2000,Monte Azul,Ituano,39617,2025,away,15180172,07/03/2026,Paulista A2,0.65,53,8.0,1,0,2000,26,False
1609538,Lucas Mazdiel Aruba Santos,17.0,M,True,1080259200.0,26/03/2004,Monte Azul,Ituano,39617,2025,away,15180172,07/03/2026,Paulista A2,0.65,36,6.9,0,0,2004,22,True
2420828,Fabio  Santos Nascimento,21.0,D,True,1091404800.0,02/08/2004,Monte Azul,Ituano,39617,2025,away,15180172,07/03/2026,Paulista A2,0.65,11,6.5,0,0,2004,22,True
1993357,Gustavo Alexandre Pereira Dos Santos,13.0,M,True,929404800.0,15/06/1999,Monte Azul,Ituano,39617,2025,away,15180172,07/03/2026,Paulista A2,0.65,2,6.3,0,0,1999,27,False
866436,João Lucas,22.0,G,False,748051200.0,15/09/1993,São José EC,Sertãozinho,88744,6958,home,15180173,07/03/2026,Paulista A2,0.65,90,6.1,0,0,1993,33,False
975204,Matheus Rocha,26.0,D,False,914716800.0,27/12/1998,São José EC,Sertãozinho,88744,6958,home,15180173,07/03/2026,Paulista A2,0.65,90,7.4,0,0,1998,28,False
1104718,Iran,33.0,D,False,817603200.0,29/11/1995,São José EC,Sertãozinho,88744,6958,home,15180173,07/03/2026,Paulista A2,0.65,90,6.4,0,0,1995,31,False
881474,Léo Rigo,4.0,D,False,798768000.0,25/04/1995,São José EC,Sertãozinho,88744,6958,home,15180173,07/03/2026,Paulista A2,0.65,90,7.2,0,0,1995,31,False
975356,Felippe Borges,6.0,D,False,944265600.0,04/12/1999,São José EC,Sertãozinho,88744,6958,home,15180173,07/03/2026,Paulista A2,0.65,90,7.5,0,1,1999,27,False
795301,Ruan,18.0,M,False,745545600.0,17/08/1993,São José EC,Sertãozinho,88744,6958,home,15180173,07/03/2026,Paulista A2,0.65,51,6.4,0,0,1993,33,False
1023596,Thomaz Carvalho,8.0,M,False,990316800.0,20/05/2001,São José EC,Sertãozinho,88744,6958,home,15180173,07/03/2026,Paulista A2,0.65,90,7.1,0,0,2001,25,False
2128550,Luis Otávio,25.0,M,False,965088000.0,01/08/2000,São José EC,Sertãozinho,88744,6958,home,15180173,07/03/2026,Paulista A2,0.65,89,7.2,0,0,2000,26,False
1175319,Rikelmi,27.0,M,False,997747200.0,14/08/2001,São José EC,Sertãozinho,88744,6958,home,15180173,07/03/2026,Paulista A2,0.65,51,6.3,0,0,2001,25,False
963009,Gabriel Ramos,23.0,F,False,827280000.0,20/03/1996,São José EC,Sertãozinho,88744,6958,home,15180173,07/03/2026,Paulista A2,0.65,51,6.1,0,0,1996,30,False
1177397,Lucas Reis,17.0,F,False,992476800.0,14/06/2001,São José EC,Sertãozinho,88744,6958,home,15180173,07/03/2026,Paulista A2,0.65,70,6.7,0,0,2001,25,False
1124325,Michael Paulista,10.0,F,True,768614400.0,11/05/1994,São José EC,Sertãozinho,88744,6958,home,15180173,07/03/2026,Paulista A2,0.65,54,7.0,0,0,1994,32,False
1170918,Pedro Arthur,11.0,M,True,1034121600.0,09/10/2002,São José EC,Sertãozinho,88744,6958,home,15180173,07/03/2026,Paulista A2,0.65,54,8.0,1,0,2002,24,False
962041,Rodrigo Bezerra Carioca,30.0,M,True,929923200.0,21/06/1999,São José EC,Sertãozinho,88744,6958,home,15180173,07/03/2026,Paulista A2,0.65,54,7.0,0,0,1999,27,False
1021449,Clessione,9.0,F,True,771638400.0,15/06/1994,São José EC,Sertãozinho,88744,6958,home,15180173,07/03/2026,Paulista A2,0.65,35,6.9,0,0,1994,32,False
1104116,Cristiano Robert,7.0,M,True,999216000.0,31/08/2001,São José EC,Sertãozinho,88744,6958,home,15180173,07/03/2026,Paulista A2,0.65,17,6.8,0,0,2001,25,False
1049031,João Victor,1.0,G,False,972259200.0,23/10/2000,Sertãozinho,São José EC,6958,88744,away,15180173,07/03/2026,Paulista A2,0.65,90,7.6,0,0,2000,26,False
1507656,Vinicios,2.0,D,False,978739200.0,06/01/2001,Sertãozinho,São José EC,6958,88744,away,15180173,07/03/2026,Paulista A2,0.65,90,6.4,0,0,2001,25,False
1834741,Bruno Alberto dos Santos,4.0,D,False,1125360000.0,30/08/2005,Sertãozinho,São José EC,6958,88744,away,15180173,07/03/2026,Paulista A2,0.65,90,6.3,0,0,2005,21,True
1148364,Marco Gabriel,3.0,D,False,974332800.0,16/11/2000,Sertãozinho,São José EC,6958,88744,away,15180173,07/03/2026,Paulista A2,0.65,90,6.9,0,0,2000,26,False
1113073,Helder Sá,6.0,D,False,1036886400.0,10/11/2002,Sertãozinho,São José EC,6958,88744,away,15180173,07/03/2026,Paulista A2,0.65,70,7.1,0,0,2002,24,False
1609585,Tenner Alexandre Sampaio Costa,13.0,M,False,908150400.0,12/10/1998,Sertãozinho,São José EC,6958,88744,away,15180173,07/03/2026,Paulista A2,0.65,90,6.7,0,1,1998,28,False
1654108,Matheus Prado,10.0,M,False,965520000.0,06/08/2000,Sertãozinho,São José EC,6958,88744,away,15180173,07/03/2026,Paulista A2,0.65,70,8.4,2,0,2000,26,False
1170772,Riquelme Rodrigues,5.0,M,False,1033516800.0,02/10/2002,Sertãozinho,São José EC,6958,88744,away,15180173,07/03/2026,Paulista A2,0.65,90,6.8,0,0,2002,24,False
881482,Lorran,7.0,F,False,799372800.0,02/05/1995,Sertãozinho,São José EC,6958,88744,away,15180173,07/03/2026,Paulista A2,0.65,90,6.4,0,0,1995,31,False
1118328,Adiel,9.0,F,False,1008201600.0,13/12/2001,Sertãozinho,São José EC,6958,88744,away,15180173,07/03/2026,Paulista A2,0.65,70,6.4,0,0,2001,25,False
1111131,Jefferson Souza,11.0,F,False,1002326400.0,06/10/2001,Sertãozinho,São José EC,6958,88744,away,15180173,07/03/2026,Paulista A2,0.65,90,6.7,0,0,2001,25,False
2441491,Michel Camargos Rodrigues,22.0,D,True,926553600.0,13/05/1999,Sertãozinho,São José EC,6958,88744,away,15180173,07/03/2026,Paulista A2,0.65,36,6.6,0,0,1999,27,False
1467773,Gustavo Lacerda,19.0,M,True,1097020800.0,06/10/2004,Sertãozinho,São José EC,6958,88744,away,15180173,07/03/2026,Paulista A2,0.65,36,6.2,0,0,2004,22,True
2441492,Kauan Cordeiro Silvestre,17.0,F,True,996796800.0,03/08/2001,Sertãozinho,São José EC,6958,88744,away,15180173,07/03/2026,Paulista A2,0.65,36,6.6,0,0,2001,25,False
1589813,Luiz Eduardo da Silva Rocha,15.0,F,True,1104624000.0,02/01/2005,Sertãozinho,São José EC,6958,88744,away,15180173,07/03/2026,Paulista A2,0.65,10,6.7,0,0,2005,21,True
1186618,Matheus Moreira,18.0,F,True,982886400.0,23/02/2001,Sertãozinho,São José EC,6958,88744,away,15180173,07/03/2026,Paulista A2,0.65,3,0.0,0,0,2001,25,False
344207,Adilson Junior,1.0,G,False,586224000.0,30/07/1988,Taubaté,Grêmio Prudente,135512,252408,home,15180163,07/03/2026,Paulista A2,0.65,90,6.6,0,0,1988,38,False
869533,Yago,2.0,D,False,769564800.0,22/05/1994,Taubaté,Grêmio Prudente,135512,252408,home,15180163,07/03/2026,Paulista A2,0.65,66,6.5,0,0,1994,32,False
886078,Luizão,3.0,D,False,646099200.0,23/06/1990,Taubaté,Grêmio Prudente,135512,252408,home,15180163,07/03/2026,Paulista A2,0.65,90,6.5,0,0,1990,36,False
847311,Renan Diniz,4.0,D,False,730771200.0,27/02/1993,Taubaté,Grêmio Prudente,135512,252408,home,15180163,07/03/2026,Paulista A2,0.65,90,7.2,0,0,1993,33,False
1015272,Ítalo,6.0,D,False,978307200.0,01/01/2001,Taubaté,Grêmio Prudente,135512,252408,home,15180163,07/03/2026,Paulista A2,0.65,90,7.0,0,0,2001,25,False
2002808,Zé Pagliarini,8.0,M,False,1083888000.0,07/05/2004,Taubaté,Grêmio Prudente,135512,252408,home,15180163,07/03/2026,Paulista A2,0.65,75,6.5,0,0,2004,22,True
1105334,Wesley Fraga,5.0,M,False,843523200.0,24/09/1996,Taubaté,Grêmio Prudente,135512,252408,home,15180163,07/03/2026,Paulista A2,0.65,47,6.6,0,0,1996,30,False
220709,Francinilson Meireles Maranhão,7.0,M,False,641692800.0,03/05/1990,Taubaté,Grêmio Prudente,135512,252408,home,15180163,07/03/2026,Paulista A2,0.65,90,7.1,0,0,1990,36,False
1047083,Ariel,22.0,M,False,828576000.0,04/04/1996,Taubaté,Grêmio Prudente,135512,252408,home,15180163,07/03/2026,Paulista A2,0.65,60,7.2,0,0,1996,30,False
1186942,Rodrigo Gaia,10.0,M,False,992476800.0,14/06/2001,Taubaté,Grêmio Prudente,135512,252408,home,15180163,07/03/2026,Paulista A2,0.65,66,6.4,0,0,2001,25,False
1463498,Macário,9.0,F,False,984787200.0,17/03/2001,Taubaté,Grêmio Prudente,135512,252408,home,15180163,07/03/2026,Paulista A2,0.65,90,6.7,1,0,2001,25,False
1018657,Anderson Künzel,15.0,M,True,643248000.0,21/05/1990,Taubaté,Grêmio Prudente,135512,252408,home,15180163,07/03/2026,Paulista A2,0.65,50,7.1,0,0,1990,36,False
1474553,Luan Santos,19.0,M,True,946598400.0,31/12/1999,Taubaté,Grêmio Prudente,135512,252408,home,15180163,07/03/2026,Paulista A2,0.65,37,6.6,0,0,1999,27,False
1924576,Mika,13.0,D,True,1011571200.0,21/01/2002,Taubaté,Grêmio Prudente,135512,252408,home,15180163,07/03/2026,Paulista A2,0.65,31,6.7,0,0,2002,24,False
2441490,Bernardo Ferrari Goldberg Da Rosa,20.0,M,True,,,Taubaté,Grêmio Prudente,135512,252408,home,15180163,07/03/2026,Paulista A2,0.65,31,6.5,0,0,0,0,False
1643165,Luiz Fernando Yamada,18.0,M,True,791424000.0,30/01/1995,Taubaté,Grêmio Prudente,135512,252408,home,15180163,07/03/2026,Paulista A2,0.65,22,6.5,0,0,1995,31,False
1020174,João Paulo,96.0,G,False,823046400.0,31/01/1996,Grêmio Prudente,Taubaté,252408,135512,away,15180163,07/03/2026,Paulista A2,0.65,90,6.8,0,0,1996,30,False
914491,Felipe Albuquerque,67.0,D,False,938563200.0,29/09/1999,Grêmio Prudente,Taubaté,252408,135512,away,15180163,07/03/2026,Paulista A2,0.65,90,7.0,0,0,1999,27,False
931482,Fredson,91.0,D,False,691459200.0,30/11/1991,Grêmio Prudente,Taubaté,252408,135512,away,15180163,07/03/2026,Paulista A2,0.65,50,6.4,0,0,1991,35,False
1931447,João Victor,2.0,D,False,800755200.0,18/05/1995,Grêmio Prudente,Taubaté,252408,135512,away,15180163,07/03/2026,Paulista A2,0.65,90,6.7,0,0,1995,31,False
1462653,Igor Ribeiro,24.0,D,False,989452800.0,10/05/2001,Grêmio Prudente,Taubaté,252408,135512,away,15180163,07/03/2026,Paulista A2,0.65,26,6.3,0,0,2001,25,False
987383,Luiz Fernando,99.0,M,False,884217600.0,08/01/1998,Grêmio Prudente,Taubaté,252408,135512,away,15180163,07/03/2026,Paulista A2,0.65,90,6.5,0,0,1998,28,False
1872965,Dérick,5.0,M,False,970790400.0,06/10/2000,Grêmio Prudente,Taubaté,252408,135512,away,15180163,07/03/2026,Paulista A2,0.65,90,6.3,0,0,2000,26,False
1047839,Rafinha,11.0,M,False,942364800.0,12/11/1999,Grêmio Prudente,Taubaté,252408,135512,away,15180163,07/03/2026,Paulista A2,0.65,47,6.8,0,0,1999,27,False
870722,Anderson Ligeiro,37.0,M,False,798422400.0,21/04/1995,Grêmio Prudente,Taubaté,252408,135512,away,15180163,07/03/2026,Paulista A2,0.65,74,6.8,0,0,1995,31,False
1176814,Jonatha Carlos,98.0,F,False,909964800.0,02/11/1998,Grêmio Prudente,Taubaté,252408,135512,away,15180163,07/03/2026,Paulista A2,0.65,47,6.0,0,0,1998,28,False
1191409,Everton Kanela,9.0,F,False,821404800.0,12/01/1996,Grêmio Prudente,Taubaté,252408,135512,away,15180163,07/03/2026,Paulista A2,0.65,74,7.2,1,0,1996,30,False
870949,Mateus Muller,6.0,D,True,816652800.0,18/11/1995,Grêmio Prudente,Taubaté,252408,135512,away,15180163,07/03/2026,Paulista A2,0.65,72,6.8,0,0,1995,31,False
1463988,Kevyn,15.0,M,True,1015027200.0,02/03/2002,Grêmio Prudente,Taubaté,252408,135512,away,15180163,07/03/2026,Paulista A2,0.65,50,6.9,0,0,2002,24,False
931575,Alan Uchôa,3.0,D,True,922406400.0,26/03/1999,Grêmio Prudente,Taubaté,252408,135512,away,15180163,07/03/2026,Paulista A2,0.65,47,7.0,0,0,1999,27,False
1589470,Gabriel dos Santos,33.0,D,True,1077580800.0,24/02/2004,Grêmio Prudente,Taubaté,252408,135512,away,15180163,07/03/2026,Paulista A2,0.65,23,6.6,0,0,2004,22,True
1117036,Giovani Albuquerque,16.0,F,True,982540800.0,19/02/2001,Grêmio Prudente,Taubaté,252408,135512,away,15180163,07/03/2026,Paulista A2,0.65,23,6.5,0,0,2001,25,False
34001,Victor Golas,1.0,G,False,662256000.0,27/12/1990,XV de Piracicaba,Votuporanguense,61692,135524,home,15180166,07/03/2026,Paulista A2,0.65,90,6.5,0,0,1990,36,False
1121163,Marlon,2.0,D,False,964137600.0,21/07/2000,XV de Piracicaba,Votuporanguense,61692,135524,home,15180166,07/03/2026,Paulista A2,0.65,90,6.9,0,0,2000,26,False
1588718,Luiz Gustavo Marques Santos,23.0,D,False,1101081600.0,22/11/2004,XV de Piracicaba,Votuporanguense,61692,135524,home,15180166,07/03/2026,Paulista A2,0.65,90,6.6,0,0,2004,22,True
1119493,Almir Luan,14.0,D,False,1016755200.0,22/03/2002,XV de Piracicaba,Votuporanguense,61692,135524,home,15180166,07/03/2026,Paulista A2,0.65,90,7.0,0,0,2002,24,False
1123822,João Victor,6.0,D,False,905990400.0,17/09/1998,XV de Piracicaba,Votuporanguense,61692,135524,home,15180166,07/03/2026,Paulista A2,0.65,90,7.0,0,0,1998,28,False
1482115,Carlos Manuel,8.0,M,False,966556800.0,18/08/2000,XV de Piracicaba,Votuporanguense,61692,135524,home,15180166,07/03/2026,Paulista A2,0.65,90,8.8,1,1,2000,26,False
358534,Gustavo Hebling,5.0,M,False,828662400.0,05/04/1996,XV de Piracicaba,Votuporanguense,61692,135524,home,15180166,07/03/2026,Paulista A2,0.65,90,6.9,0,0,1996,30,False
868817,Léo Santos,22.0,M,False,821232000.0,10/01/1996,XV de Piracicaba,Votuporanguense,61692,135524,home,15180166,07/03/2026,Paulista A2,0.65,90,7.7,0,2,1996,30,False
1637301,Sergio Henrique Favarin,10.0,F,False,1072742400.0,30/12/2003,XV de Piracicaba,Votuporanguense,61692,135524,home,15180166,07/03/2026,Paulista A2,0.65,90,6.8,0,0,2003,23,True
887844,Paulo Marcelo,9.0,F,False,806198400.0,20/07/1995,XV de Piracicaba,Votuporanguense,61692,135524,home,15180166,07/03/2026,Paulista A2,0.65,84,9.6,3,1,1995,31,False
984979,David Ribeiro Pereira,11.0,F,False,893289600.0,23/04/1998,XV de Piracicaba,Votuporanguense,61692,135524,home,15180166,07/03/2026,Paulista A2,0.65,90,7.1,1,0,1998,28,False
1640368,Henry Miyamoto,19.0,F,True,921801600.0,19/03/1999,XV de Piracicaba,Votuporanguense,61692,135524,home,15180166,07/03/2026,Paulista A2,0.65,16,6.7,0,0,1999,27,False
1048286,Erik Bessa,7.0,F,True,832896000.0,24/05/1996,XV de Piracicaba,Votuporanguense,61692,135524,home,15180166,07/03/2026,Paulista A2,0.65,8,6.6,0,0,1996,30,False
931548,Robson,21.0,M,True,740534400.0,20/06/1993,XV de Piracicaba,Votuporanguense,61692,135524,home,15180166,07/03/2026,Paulista A2,0.65,8,6.5,0,0,1993,33,False
870678,Djavan,25.0,M,True,817430400.0,27/11/1995,XV de Piracicaba,Votuporanguense,61692,135524,home,15180166,07/03/2026,Paulista A2,0.65,1,0.0,0,0,1995,31,False
1644831,Mauricio Nunes,17.0,M,True,1019606400.0,24/04/2002,XV de Piracicaba,Votuporanguense,61692,135524,home,15180166,07/03/2026,Paulista A2,0.65,1,0.0,0,0,2002,24,False
796978,Gabriel Félix,1.0,G,False,796953600.0,04/04/1995,Votuporanguense,XV de Piracicaba,135524,61692,away,15180166,07/03/2026,Paulista A2,0.65,90,5.5,0,0,1995,31,False
1019059,Vinicius Baracioli,2.0,D,False,955929600.0,17/04/2000,Votuporanguense,XV de Piracicaba,135524,61692,away,15180166,07/03/2026,Paulista A2,0.65,43,6.2,0,0,2000,26,False
1588237,Rychard Perucio Miranda,14.0,D,False,1010275200.0,06/01/2002,Votuporanguense,XV de Piracicaba,135524,61692,away,15180166,07/03/2026,Paulista A2,0.65,90,6.1,0,0,2002,24,False
1430098,Amorim,3.0,D,False,1019692800.0,25/04/2002,Votuporanguense,XV de Piracicaba,135524,61692,away,15180166,07/03/2026,Paulista A2,0.65,57,6.0,0,0,2002,24,False
1016179,Paulo Victor,16.0,D,False,925776000.0,04/05/1999,Votuporanguense,XV de Piracicaba,135524,61692,away,15180166,07/03/2026,Paulista A2,0.65,90,5.7,0,0,1999,27,False
1117751,Marcos Nunes,23.0,M,False,636595200.0,05/03/1990,Votuporanguense,XV de Piracicaba,135524,61692,away,15180166,07/03/2026,Paulista A2,0.65,81,7.2,0,0,1990,36,False
817540,Daniel,17.0,M,False,831945600.0,13/05/1996,Votuporanguense,XV de Piracicaba,135524,61692,away,15180166,07/03/2026,Paulista A2,0.65,90,7.2,1,0,1996,30,False
1631569,Kauê Muniz Nunes,8.0,M,False,1055203200.0,10/06/2003,Votuporanguense,XV de Piracicaba,135524,61692,away,15180166,07/03/2026,Paulista A2,0.65,81,6.3,0,0,2003,23,True
1017773,Fernandinho,10.0,M,False,701568000.0,26/03/1992,Votuporanguense,XV de Piracicaba,135524,61692,away,15180166,07/03/2026,Paulista A2,0.65,90,6.5,0,0,1992,34,False
875174,Caio Mancha,9.0,F,False,717120000.0,22/09/1992,Votuporanguense,XV de Piracicaba,135524,61692,away,15180166,07/03/2026,Paulista A2,0.65,90,7.0,0,1,1992,34,False
1491535,Luiz Thiago,7.0,F,False,799977600.0,09/05/1995,Votuporanguense,XV de Piracicaba,135524,61692,away,15180166,07/03/2026,Paulista A2,0.65,81,6.6,0,0,1995,31,False
870704,Watson,18.0,D,True,762739200.0,04/03/1994,Votuporanguense,XV de Piracicaba,135524,61692,away,15180166,07/03/2026,Paulista A2,0.65,58,5.9,0,0,1994,32,False
1018884,Pedro Vitor,4.0,D,True,863654400.0,15/05/1997,Votuporanguense,XV de Piracicaba,135524,61692,away,15180166,07/03/2026,Paulista A2,0.65,44,6.3,0,0,1997,29,False
2032549,Hugo Costa Saramella,21.0,M,True,1046390400.0,28/02/2003,Votuporanguense,XV de Piracicaba,135524,61692,away,15180166,07/03/2026,Paulista A2,0.65,19,6.0,0,0,2003,23,True
880211,Minho,11.0,M,True,692755200.0,15/12/1991,Votuporanguense,XV de Piracicaba,135524,61692,away,15180166,07/03/2026,Paulista A2,0.65,19,6.3,0,0,1991,35,False
2426302,Glaucon,20.0,M,True,1143936000.0,02/04/2006,Votuporanguense,XV de Piracicaba,135524,61692,away,15180166,07/03/2026,Paulista A2,0.65,19,6.4,0,0,2006,20,True
77526,Vanderlei,1.0,G,False,444441600.0,01/02/1984,Água Santa,Osasco Sporting,135510,32779,home,15180167,07/03/2026,Paulista A2,0.65,90,7.1,0,0,1984,42,False
927097,Léo Pereira,2.0,D,False,885340800.0,21/01/1998,Água Santa,Osasco Sporting,135510,32779,home,15180167,07/03/2026,Paulista A2,0.65,90,7.3,0,1,1998,28,False
1383927,Hiago,3.0,D,False,952128000.0,04/03/2000,Água Santa,Osasco Sporting,135510,32779,home,15180167,07/03/2026,Paulista A2,0.65,90,7.2,0,1,2000,26,False
880120,Alisson,4.0,D,False,799977600.0,09/05/1995,Água Santa,Osasco Sporting,135510,32779,home,15180167,07/03/2026,Paulista A2,0.65,90,6.7,0,0,1995,31,False
1016903,Rafael Verrone,6.0,D,False,903830400.0,23/08/1998,Água Santa,Osasco Sporting,135510,32779,home,15180167,07/03/2026,Paulista A2,0.65,90,6.5,0,0,1998,28,False
1526991,Antônio Gabriel,7.0,M,False,1023235200.0,05/06/2002,Água Santa,Osasco Sporting,135510,32779,home,15180167,07/03/2026,Paulista A2,0.65,90,6.5,0,0,2002,24,False
871128,Diogo Marzagão,5.0,M,False,549763200.0,04/06/1987,Água Santa,Osasco Sporting,135510,32779,home,15180167,07/03/2026,Paulista A2,0.65,65,6.9,0,0,1987,39,False
1010635,Netinho,8.0,M,False,882403200.0,18/12/1997,Água Santa,Osasco Sporting,135510,32779,home,15180167,07/03/2026,Paulista A2,0.65,90,8.2,0,0,1997,29,False
996574,Vitinho,11.0,M,False,954892800.0,05/04/2000,Água Santa,Osasco Sporting,135510,32779,home,15180167,07/03/2026,Paulista A2,0.65,71,6.8,0,0,2000,26,False
1609753,Cerezo,10.0,F,False,987120000.0,13/04/2001,Água Santa,Osasco Sporting,135510,32779,home,15180167,07/03/2026,Paulista A2,0.65,85,6.9,0,0,2001,25,False
995700,Vitão,9.0,F,False,947721600.0,13/01/2000,Água Santa,Osasco Sporting,135510,32779,home,15180167,07/03/2026,Paulista A2,0.65,50,6.7,0,0,2000,26,False
1116456,Gustavinho,21.0,F,True,746755200.0,31/08/1993,Água Santa,Osasco Sporting,135510,32779,home,15180167,07/03/2026,Paulista A2,0.65,52,6.5,0,0,1993,33,False
329053,Nenê Bonilha,18.0,M,True,698284800.0,17/02/1992,Água Santa,Osasco Sporting,135510,32779,home,15180167,07/03/2026,Paulista A2,0.65,7,7.5,1,0,1992,34,False
1587895,Villian Guilherme Gonçalves Vieira,17.0,M,True,1066608000.0,20/10/2003,Água Santa,Osasco Sporting,135510,32779,home,15180167,07/03/2026,Paulista A2,0.65,31,6.5,0,0,2003,23,True
1023572,Cristiano,22.0,F,True,923097600.0,03/04/1999,Água Santa,Osasco Sporting,135510,32779,home,15180167,07/03/2026,Paulista A2,0.65,31,7.0,1,0,1999,27,False
1186341,Michel Bennech,14.0,M,True,920678400.0,06/03/1999,Água Santa,Osasco Sporting,135510,32779,home,15180167,07/03/2026,Paulista A2,0.65,17,6.5,0,0,1999,27,False
242040,Andrey,1.0,G,False,742867200.0,17/07/1993,Osasco Sporting,Água Santa,32779,135510,away,15180167,07/03/2026,Paulista A2,0.65,90,6.8,0,0,1993,33,False
1122965,Caio César Hila,2.0,D,False,947980800.0,16/01/2000,Osasco Sporting,Água Santa,32779,135510,away,15180167,07/03/2026,Paulista A2,0.65,90,6.5,0,0,2000,26,False
975553,Sergio Raphael,4.0,D,False,719798400.0,23/10/1992,Osasco Sporting,Água Santa,32779,135510,away,15180167,07/03/2026,Paulista A2,0.65,90,6.2,0,0,1992,34,False
2125649,Caio Garcez,16.0,D,False,1089072000.0,06/07/2004,Osasco Sporting,Água Santa,32779,135510,away,15180167,07/03/2026,Paulista A2,0.65,90,6.6,0,0,2004,22,True
1650105,Ailton Santos,6.0,D,False,866937600.0,22/06/1997,Osasco Sporting,Água Santa,32779,135510,away,15180167,07/03/2026,Paulista A2,0.65,90,6.8,0,0,1997,29,False
1199458,Vitor Lima,5.0,M,False,1016668800.0,21/03/2002,Osasco Sporting,Água Santa,32779,135510,away,15180167,07/03/2026,Paulista A2,0.65,72,6.8,0,0,2002,24,False
871145,Diego Aragão,15.0,M,False,530928000.0,29/10/1986,Osasco Sporting,Água Santa,32779,135510,away,15180167,07/03/2026,Paulista A2,0.65,90,6.7,0,0,1986,40,False
1124166,Bryam,11.0,M,False,984441600.0,13/03/2001,Osasco Sporting,Água Santa,32779,135510,away,15180167,07/03/2026,Paulista A2,0.65,72,6.6,0,0,2001,25,False
1139684,Gabriel Motta,10.0,M,False,1001203200.0,23/09/2001,Osasco Sporting,Água Santa,32779,135510,away,15180167,07/03/2026,Paulista A2,0.65,90,6.9,0,0,2001,25,False
1589800,Lucas Alvim Vicente da Silva,18.0,M,False,1081209600.0,06/04/2004,Osasco Sporting,Água Santa,32779,135510,away,15180167,07/03/2026,Paulista A2,0.65,87,6.5,0,0,2004,22,True
1463339,Juninho,7.0,F,False,1087257600.0,15/06/2004,Osasco Sporting,Água Santa,32779,135510,away,15180167,07/03/2026,Paulista A2,0.65,90,7.2,1,0,2004,22,True
1506831,Buga,8.0,M,True,993081600.0,21/06/2001,Osasco Sporting,Água Santa,32779,135510,away,15180167,07/03/2026,Paulista A2,0.65,30,6.3,0,0,2001,25,False
1465508,Matheus Martins,19.0,M,True,891388800.0,01/04/1998,Osasco Sporting,Água Santa,32779,135510,away,15180167,07/03/2026,Paulista A2,0.65,30,6.8,0,0,1998,28,False
1386047,Jean Carlos,20.0,M,True,1076198400.0,08/02/2004,Osasco Sporting,Água Santa,32779,135510,away,15180167,07/03/2026,Paulista A2,0.65,15,6.9,0,0,2004,22,True
869507,Rubens,9.0,M,True,758332800.0,12/01/1994,Osasco Sporting,Água Santa,32779,135510,away,15180167,07/03/2026,Paulista A2,0.65,10,6.5,0,0,1994,32,False
863330,David Agudelo,12.0,G,False,855360000.0,08/02/1997,Atlético Cali,Leones FC,89372,89362,home,15415174,03/03/2026,Colombia 2 Div,0.6,90,7.6,0,0,1997,29,False
2189508,José Zamora,4.0,D,False,,,Atlético Cali,Leones FC,89372,89362,home,15415174,03/03/2026,Colombia 2 Div,0.6,90,7.0,0,0,0,0,False
1394868,Jhonier Alomía,3.0,D,False,917308800.0,26/01/1999,Atlético Cali,Leones FC,89372,89362,home,15415174,03/03/2026,Colombia 2 Div,0.6,90,7.2,0,0,1999,27,False
1808388,Fabian Villa,2.0,D,False,1119225600.0,20/06/2005,Atlético Cali,Leones FC,89372,89362,home,15415174,03/03/2026,Colombia 2 Div,0.6,90,7.1,0,0,2005,21,True
1146875,Ronaldo Royero,13.0,D,False,1097452800.0,11/10/2004,Atlético Cali,Leones FC,89372,89362,home,15415174,03/03/2026,Colombia 2 Div,0.6,45,6.9,0,0,2004,22,True
1175020,Eder Balanta,6.0,M,False,817603200.0,29/11/1995,Atlético Cali,Leones FC,89372,89362,home,15415174,03/03/2026,Colombia 2 Div,0.6,66,6.7,0,0,1995,31,False
2164876,Juan Perdomo,20.0,M,False,1131062400.0,04/11/2005,Atlético Cali,Leones FC,89372,89362,home,15415174,03/03/2026,Colombia 2 Div,0.6,90,6.8,0,0,2005,21,True
1906183,Carlos Yesid Restrepo Castillo,8.0,M,False,1079395200.0,16/03/2004,Atlético Cali,Leones FC,89372,89362,home,15415174,03/03/2026,Colombia 2 Div,0.6,66,7.1,0,0,2004,22,True
1809337,Jhonier Julio,5.0,M,False,1107475200.0,04/02/2005,Atlético Cali,Leones FC,89372,89362,home,15415174,03/03/2026,Colombia 2 Div,0.6,90,7.2,0,0,2005,21,True
2455158,Carlos Cabezas,11.0,M,False,,,Atlético Cali,Leones FC,89372,89362,home,15415174,03/03/2026,Colombia 2 Div,0.6,69,6.3,0,0,0,0,False
1465574,Juan Farías,7.0,F,False,1065225600.0,04/10/2003,Atlético Cali,Leones FC,89372,89362,home,15415174,03/03/2026,Colombia 2 Div,0.6,90,6.7,0,0,2003,23,True
2455159,Jean Aldair Rentería Vivero,21.0,M,True,,,Atlético Cali,Leones FC,89372,89362,home,15415174,03/03/2026,Colombia 2 Div,0.6,55,7.5,0,0,0,0,False
1906097,Alejandro Jose Onate Zuniga,9.0,F,True,1067385600.0,29/10/2003,Atlético Cali,Leones FC,89372,89362,home,15415174,03/03/2026,Colombia 2 Div,0.6,34,6.5,0,0,2003,23,True
2455160,Santiago Saavedra,24.0,M,True,1167609600.0,01/01/2007,Atlético Cali,Leones FC,89372,89362,home,15415174,03/03/2026,Colombia 2 Div,0.6,34,6.8,0,0,2007,19,True
2054937,Juan Arboleda,12.0,G,False,1125187200.0,28/08/2005,Leones FC,Atlético Cali,89362,89372,away,15415174,03/03/2026,Colombia 2 Div,0.6,90,7.2,0,0,2005,21,True
1175086,Rionner Fruto,6.0,D,False,1048896000.0,29/03/2003,Leones FC,Atlético Cali,89362,89372,away,15415174,03/03/2026,Colombia 2 Div,0.6,71,6.3,0,0,2003,23,True
1087539,German Meneses,5.0,D,False,1014854400.0,28/02/2002,Leones FC,Atlético Cali,89362,89372,away,15415174,03/03/2026,Colombia 2 Div,0.6,90,7.5,0,0,2002,24,False
1478279,Daniel Marmolejo,3.0,D,False,1077235200.0,20/02/2004,Leones FC,Atlético Cali,89362,89372,away,15415174,03/03/2026,Colombia 2 Div,0.6,90,7.1,0,0,2004,22,True
1839973,Juan Renteria,16.0,D,False,918000000.0,03/02/1999,Leones FC,Atlético Cali,89362,89372,away,15415174,03/03/2026,Colombia 2 Div,0.6,90,6.8,0,0,1999,27,False
2461809,Felipe Hincapié,28.0,M,False,,,Leones FC,Atlético Cali,89362,89372,away,15415174,03/03/2026,Colombia 2 Div,0.6,66,7.0,0,0,0,0,False
2468671,Rafael Granados,30.0,M,False,,,Leones FC,Atlético Cali,89362,89372,away,15415174,03/03/2026,Colombia 2 Div,0.6,86,6.4,0,0,0,0,False
1906068,Oscar David Segura Solís,21.0,M,False,1040688000.0,24/12/2002,Leones FC,Atlético Cali,89362,89372,away,15415174,03/03/2026,Colombia 2 Div,0.6,49,6.5,0,0,2002,24,False
1906152,Juan Sebastián Peña Bermúdez,15.0,M,False,931046400.0,04/07/1999,Leones FC,Atlético Cali,89362,89372,away,15415174,03/03/2026,Colombia 2 Div,0.6,66,7.2,0,0,1999,27,False
1904871,Leyner David Palacios Cordoba,11.0,M,False,1070755200.0,07/12/2003,Leones FC,Atlético Cali,89362,89372,away,15415174,03/03/2026,Colombia 2 Div,0.6,90,6.7,0,0,2003,23,True
2260253,Dayan  Moreno,13.0,F,False,,,Leones FC,Atlético Cali,89362,89372,away,15415174,03/03/2026,Colombia 2 Div,0.6,66,6.6,0,0,0,0,False
1906061,Juan David Ruiz Córdoba,20.0,M,True,1116374400.0,18/05/2005,Leones FC,Atlético Cali,89362,89372,away,15415174,03/03/2026,Colombia 2 Div,0.6,51,6.8,0,0,2005,21,True
1933586,Camilo Andrés Gómez Fuentes,9.0,F,True,1010620800.0,10/01/2002,Leones FC,Atlético Cali,89362,89372,away,15415174,03/03/2026,Colombia 2 Div,0.6,34,6.7,0,0,2002,24,False
2076799,Luis Ceballos,10.0,M,True,1093132800.0,22/08/2004,Leones FC,Atlético Cali,89362,89372,away,15415174,03/03/2026,Colombia 2 Div,0.6,34,6.5,0,0,2004,22,True
2453430,Samuel Posada,26.0,M,True,,,Leones FC,Atlético Cali,89362,89372,away,15415174,03/03/2026,Colombia 2 Div,0.6,34,6.9,0,0,0,0,False
2199734,Nicolas Restrepo,18.0,D,True,,,Leones FC,Atlético Cali,89362,89372,away,15415174,03/03/2026,Colombia 2 Div,0.6,14,6.7,0,0,0,0,False
931709,Sebastián Guerra,1.0,G,False,978912000.0,08/01/2001,Barranquilla FC,Unión Magdalena,89364,89376,home,15415177,04/03/2026,Colombia 2 Div,0.6,90,6.7,0,0,2001,25,False
1831288,Edmilson Herazo,4.0,D,False,1221782400.0,19/09/2008,Barranquilla FC,Unión Magdalena,89364,89376,home,15415177,04/03/2026,Colombia 2 Div,0.6,49,6.0,0,0,2008,18,True
2288872,Omar Cassiani,3.0,D,False,,,Barranquilla FC,Unión Magdalena,89364,89376,home,15415177,04/03/2026,Colombia 2 Div,0.6,90,6.0,0,0,0,0,False
1899906,Miguel Agamez,16.0,D,False,1242345600.0,15/05/2009,Barranquilla FC,Unión Magdalena,89364,89376,home,15415177,04/03/2026,Colombia 2 Div,0.6,49,6.9,0,0,2009,17,True
2452201,Jhon Alexander Riascos Cuero,35.0,D,False,1239926400.0,17/04/2009,Barranquilla FC,Unión Magdalena,89364,89376,home,15415177,04/03/2026,Colombia 2 Div,0.6,49,6.1,0,0,2009,17,True
1906056,Javier Arturo Ortíz Fernández,10.0,M,False,1082073600.0,16/04/2004,Barranquilla FC,Unión Magdalena,89364,89376,home,15415177,04/03/2026,Colombia 2 Div,0.6,84,6.8,0,0,2004,22,True
1899908,Philippe Oviedo,23.0,M,False,1193702400.0,30/10/2007,Barranquilla FC,Unión Magdalena,89364,89376,home,15415177,04/03/2026,Colombia 2 Div,0.6,90,6.2,0,0,2007,19,True
1916250,Y Garcia,17.0,M,False,,,Barranquilla FC,Unión Magdalena,89364,89376,home,15415177,04/03/2026,Colombia 2 Div,0.6,90,8.1,0,0,0,0,False
2196287,Alberto Orozco,21.0,M,False,,,Barranquilla FC,Unión Magdalena,89364,89376,home,15415177,04/03/2026,Colombia 2 Div,0.6,84,6.8,0,0,0,0,False
2052685,Darwin Torres,7.0,M,False,1213488000.0,15/06/2008,Barranquilla FC,Unión Magdalena,89364,89376,home,15415177,04/03/2026,Colombia 2 Div,0.6,90,6.9,0,0,2008,18,True
2196288,Cristian David Peñate Mercado,19.0,F,False,,,Barranquilla FC,Unión Magdalena,89364,89376,home,15415177,04/03/2026,Colombia 2 Div,0.6,90,7.1,1,0,0,0,False
2199647,Fabian  Correa,27.0,D,True,,,Barranquilla FC,Unión Magdalena,89364,89376,home,15415177,04/03/2026,Colombia 2 Div,0.6,51,6.3,0,0,0,0,False
1899899,Jhon Jarry Cortez Caldas,20.0,D,True,,,Barranquilla FC,Unión Magdalena,89364,89376,home,15415177,04/03/2026,Colombia 2 Div,0.6,51,6.7,0,0,0,0,False
1909790,William Mosquera Borja,14.0,D,True,1105228800.0,09/01/2005,Barranquilla FC,Unión Magdalena,89364,89376,home,15415177,04/03/2026,Colombia 2 Div,0.6,51,6.6,0,0,2005,21,True
2041204,Mohamed Bolivar,8.0,M,True,,,Barranquilla FC,Unión Magdalena,89364,89376,home,15415177,04/03/2026,Colombia 2 Div,0.6,17,6.9,0,0,0,0,False
2441833,Sebastian Borja,15.0,M,True,,,Barranquilla FC,Unión Magdalena,89364,89376,home,15415177,04/03/2026,Colombia 2 Div,0.6,17,6.8,0,0,0,0,False
829963,Victor Cabezas,1.0,G,False,878428800.0,02/11/1997,Unión Magdalena,Barranquilla FC,89376,89364,away,15415177,04/03/2026,Colombia 2 Div,0.6,90,7.2,0,0,1997,29,False
1470050,Daniel Mera,3.0,D,False,945734400.0,21/12/1999,Unión Magdalena,Barranquilla FC,89376,89364,away,15415177,04/03/2026,Colombia 2 Div,0.6,90,6.8,0,1,1999,27,False
1906181,Freddy Enrique Molina Salcedo,18.0,D,False,1072915200.0,01/01/2004,Unión Magdalena,Barranquilla FC,89376,89364,away,15415177,04/03/2026,Colombia 2 Div,0.6,90,7.1,0,0,2004,22,True
2183867,Jesus Peñaloza,5.0,D,False,1217548800.0,01/08/2008,Unión Magdalena,Barranquilla FC,89376,89364,away,15415177,04/03/2026,Colombia 2 Div,0.6,90,7.3,0,0,2008,18,True
1562436,Juan Vásquez,20.0,D,False,928281600.0,02/06/1999,Unión Magdalena,Barranquilla FC,89376,89364,away,15415177,04/03/2026,Colombia 2 Div,0.6,90,7.1,0,0,1999,27,False
1414729,Jhon Lerma,27.0,M,False,1041379200.0,01/01/2003,Unión Magdalena,Barranquilla FC,89376,89364,away,15415177,04/03/2026,Colombia 2 Div,0.6,78,6.4,0,0,2003,23,True
975077,Jimmy Congo,23.0,M,False,920160000.0,28/02/1999,Unión Magdalena,Barranquilla FC,89376,89364,away,15415177,04/03/2026,Colombia 2 Div,0.6,90,6.9,0,1,1999,27,False
1201151,José Mercado,10.0,M,False,1061424000.0,21/08/2003,Unión Magdalena,Barranquilla FC,89376,89364,away,15415177,04/03/2026,Colombia 2 Div,0.6,83,6.9,0,0,2003,23,True
1836596,Gabriel Arrieta,17.0,M,False,1137196800.0,14/01/2006,Unión Magdalena,Barranquilla FC,89376,89364,away,15415177,04/03/2026,Colombia 2 Div,0.6,78,6.6,0,0,2006,20,True
2172102,Cristian Iguarán,9.0,M,False,1118534400.0,12/06/2005,Unión Magdalena,Barranquilla FC,89376,89364,away,15415177,04/03/2026,Colombia 2 Div,0.6,49,6.5,0,0,2005,21,True
1906041,Andrés Lorenzo Carreño Zambrano,7.0,F,False,1052092800.0,05/05/2003,Unión Magdalena,Barranquilla FC,89376,89364,away,15415177,04/03/2026,Colombia 2 Div,0.6,90,9.1,3,0,2003,23,True
873789,Juan Diego Giraldo,22.0,M,True,869356800.0,20/07/1997,Unión Magdalena,Barranquilla FC,89376,89364,away,15415177,04/03/2026,Colombia 2 Div,0.6,51,6.3,0,0,1997,29,False
841082,Hugo Palacios,11.0,M,True,851644800.0,27/12/1996,Unión Magdalena,Barranquilla FC,89376,89364,away,15415177,04/03/2026,Colombia 2 Div,0.6,23,6.8,0,0,1996,30,False
1906109,Jhoan Alberto Pinto Gámez,14.0,M,True,1121990400.0,22/07/2005,Unión Magdalena,Barranquilla FC,89376,89364,away,15415177,04/03/2026,Colombia 2 Div,0.6,23,6.5,0,0,2005,21,True
2441820,Oscar Daniel Surmay Vasquez,16.0,M,True,1163030400.0,09/11/2006,Unión Magdalena,Barranquilla FC,89376,89364,away,15415177,04/03/2026,Colombia 2 Div,0.6,17,6.8,0,0,2006,20,True
2441821,David Manuel Mojica Heredia,12.0,G,True,,,Unión Magdalena,Barranquilla FC,89376,89364,away,15415177,04/03/2026,Colombia 2 Div,0.6,11,7.1,0,0,0,0,False
1139532,Jeison Méndez,22.0,G,False,966729600.0,20/08/2000,Independiente Yumbo,Bogotá FC,1166437,89352,home,15415176,05/03/2026,Colombia 2 Div,0.6,90,7.6,0,0,2000,26,False
1065364,José Ampudia,27.0,D,False,954288000.0,29/03/2000,Independiente Yumbo,Bogotá FC,1166437,89352,home,15415176,05/03/2026,Colombia 2 Div,0.6,90,6.2,0,0,2000,26,False
1904102,Jesús Rodríguez,21.0,D,False,1140912000.0,26/02/2006,Independiente Yumbo,Bogotá FC,1166437,89352,home,15415176,05/03/2026,Colombia 2 Div,0.6,48,6.7,0,0,2006,20,True
2087280,Dani Jose Ferrer,3.0,D,False,1163289600.0,12/11/2006,Independiente Yumbo,Bogotá FC,1166437,89352,home,15415176,05/03/2026,Colombia 2 Div,0.6,90,7.1,0,0,2006,20,True
2113985,Oscar Vivas,18.0,D,False,1132963200.0,26/11/2005,Independiente Yumbo,Bogotá FC,1166437,89352,home,15415176,05/03/2026,Colombia 2 Div,0.6,48,6.6,0,0,2005,21,True
2189028,Johan Murillo,31.0,D,False,1005264000.0,09/11/2001,Independiente Yumbo,Bogotá FC,1166437,89352,home,15415176,05/03/2026,Colombia 2 Div,0.6,90,6.8,0,0,2001,25,False
1174856,Jesús Díaz,5.0,M,False,1084492800.0,14/05/2004,Independiente Yumbo,Bogotá FC,1166437,89352,home,15415176,05/03/2026,Colombia 2 Div,0.6,90,6.3,0,0,2004,22,True
1904861,José Ordoñez,14.0,M,False,1080518400.0,29/03/2004,Independiente Yumbo,Bogotá FC,1166437,89352,home,15415176,05/03/2026,Colombia 2 Div,0.6,90,6.7,0,0,2004,22,True
1478287,David Villa,16.0,M,False,1014595200.0,25/02/2002,Independiente Yumbo,Bogotá FC,1166437,89352,home,15415176,05/03/2026,Colombia 2 Div,0.6,83,6.5,0,0,2002,24,False
1902547,Tomás Andrés Díaz Carabali,8.0,F,False,1127606400.0,25/09/2005,Independiente Yumbo,Bogotá FC,1166437,89352,home,15415176,05/03/2026,Colombia 2 Div,0.6,78,6.7,1,0,2005,21,True
1108985,Lucas Guillermo Farías,11.0,F,False,783734400.0,02/11/1994,Independiente Yumbo,Bogotá FC,1166437,89352,home,15415176,05/03/2026,Colombia 2 Div,0.6,69,6.5,0,0,1994,32,False
2455148,Johan Sebastian Perdomo Mallungo,15.0,D,True,,,Independiente Yumbo,Bogotá FC,1166437,89352,home,15415176,05/03/2026,Colombia 2 Div,0.6,52,6.7,0,0,0,0,False
1906084,Heyder De Arco,34.0,D,True,1120348800.0,03/07/2005,Independiente Yumbo,Bogotá FC,1166437,89352,home,15415176,05/03/2026,Colombia 2 Div,0.6,52,6.5,0,0,2005,21,True
2165058,Johan sebastian Alegria lopez,20.0,F,True,1186790400.0,11/08/2007,Independiente Yumbo,Bogotá FC,1166437,89352,home,15415176,05/03/2026,Colombia 2 Div,0.6,31,6.4,0,0,2007,19,True
1902548,Maicol  Sequeda Arroyo,19.0,F,True,1044230400.0,03/02/2003,Independiente Yumbo,Bogotá FC,1166437,89352,home,15415176,05/03/2026,Colombia 2 Div,0.6,22,6.4,0,0,2003,23,True
107237,Sebastián Hernández,7.0,M,True,528595200.0,02/10/1986,Independiente Yumbo,Bogotá FC,1166437,89352,home,15415176,05/03/2026,Colombia 2 Div,0.6,17,6.7,0,0,1986,40,False
1137867,Alejandro Aguilar,29.0,G,False,1090627200.0,24/07/2004,Bogotá FC,Independiente Yumbo,89352,1166437,away,15415176,05/03/2026,Colombia 2 Div,0.6,90,7.1,0,0,2004,22,True
2066124,Alejandro Restrepо,32.0,D,False,,,Bogotá FC,Independiente Yumbo,89352,1166437,away,15415176,05/03/2026,Colombia 2 Div,0.6,90,7.2,0,0,0,0,False
2008383,Juan Alberto Sanchez,5.0,D,False,1043107200.0,21/01/2003,Bogotá FC,Independiente Yumbo,89352,1166437,away,15415176,05/03/2026,Colombia 2 Div,0.6,90,7.1,0,0,2003,23,True
1831389,Sergio Díaz,3.0,D,False,1115942400.0,13/05/2005,Bogotá FC,Independiente Yumbo,89352,1166437,away,15415176,05/03/2026,Colombia 2 Div,0.6,59,6.5,0,0,2005,21,True
1906137,Juan Camilo Moreno Abadía,13.0,D,False,1008201600.0,13/12/2001,Bogotá FC,Independiente Yumbo,89352,1166437,away,15415176,05/03/2026,Colombia 2 Div,0.6,90,6.7,0,0,2001,25,False
1174174,Andrés Felipe Alfonso Ciprian,14.0,M,False,1107216000.0,01/02/2005,Bogotá FC,Independiente Yumbo,89352,1166437,away,15415176,05/03/2026,Colombia 2 Div,0.6,90,7.5,0,0,2005,21,True
1800730,Jafe Perez,33.0,M,False,1107043200.0,30/01/2005,Bogotá FC,Independiente Yumbo,89352,1166437,away,15415176,05/03/2026,Colombia 2 Div,0.6,90,7.0,0,0,2005,21,True
1175010,Kevin Castro,6.0,M,False,917827200.0,01/02/1999,Bogotá FC,Independiente Yumbo,89352,1166437,away,15415176,05/03/2026,Colombia 2 Div,0.6,90,6.9,0,0,1999,27,False
1174901,Cristián Mosquera,7.0,M,False,976060800.0,06/12/2000,Bogotá FC,Independiente Yumbo,89352,1166437,away,15415176,05/03/2026,Colombia 2 Div,0.6,69,6.8,0,0,2000,26,False
1900288,Brayan Castro,10.0,F,False,1011139200.0,16/01/2002,Bogotá FC,Independiente Yumbo,89352,1166437,away,15415176,05/03/2026,Colombia 2 Div,0.6,59,6.9,0,0,2002,24,False
2113396,Harold Sandoval,11.0,F,False,996969600.0,05/08/2001,Bogotá FC,Independiente Yumbo,89352,1166437,away,15415176,05/03/2026,Colombia 2 Div,0.6,90,6.5,0,0,2001,25,False
1175044,Diego Castillo,99.0,F,True,938649600.0,30/09/1999,Bogotá FC,Independiente Yumbo,89352,1166437,away,15415176,05/03/2026,Colombia 2 Div,0.6,41,6.5,0,0,1999,27,False
2456090,Stiven Canizalez,36.0,D,True,,,Bogotá FC,Independiente Yumbo,89352,1166437,away,15415176,05/03/2026,Colombia 2 Div,0.6,41,6.5,0,0,0,0,False
1980766,Brayan Johan Cuero Angulo,18.0,M,True,,,Bogotá FC,Independiente Yumbo,89352,1166437,away,15415176,05/03/2026,Colombia 2 Div,0.6,31,6.1,0,0,0,0,False
1388644,Andrés Tovar,88.0,G,False,1143244800.0,25/03/2006,Envigado FC,Boca Juniors de Cali,6114,89366,home,15415178,05/03/2026,Colombia 2 Div,0.6,90,7.1,0,0,2006,20,True
1465980,Steven Cuervo,15.0,D,False,998352000.0,21/08/2001,Envigado FC,Boca Juniors de Cali,6114,89366,home,15415178,05/03/2026,Colombia 2 Div,0.6,90,6.8,0,0,2001,25,False
1414723,Jhon Gamboa,28.0,D,False,985046400.0,20/03/2001,Envigado FC,Boca Juniors de Cali,6114,89366,home,15415178,05/03/2026,Colombia 2 Div,0.6,90,7.2,0,0,2001,25,False
1647753,Didier Palacios,2.0,D,False,1086220800.0,03/06/2004,Envigado FC,Boca Juniors de Cali,6114,89366,home,15415178,05/03/2026,Colombia 2 Div,0.6,90,7.5,0,0,2004,22,True
2063961,Emanuel Londoño,33.0,D,False,1129593600.0,18/10/2005,Envigado FC,Boca Juniors de Cali,6114,89366,home,15415178,05/03/2026,Colombia 2 Div,0.6,78,7.1,0,0,2005,21,True
941672,Edison López,21.0,M,False,940377600.0,20/10/1999,Envigado FC,Boca Juniors de Cali,6114,89366,home,15415178,05/03/2026,Colombia 2 Div,0.6,90,7.4,0,0,1999,27,False
1113527,Julián Palacios,6.0,M,False,1060214400.0,07/08/2003,Envigado FC,Boca Juniors de Cali,6114,89366,home,15415178,05/03/2026,Colombia 2 Div,0.6,90,7.1,0,0,2003,23,True
926426,Stiwart Acuña,19.0,M,False,918259200.0,06/02/1999,Envigado FC,Boca Juniors de Cali,6114,89366,home,15415178,05/03/2026,Colombia 2 Div,0.6,65,6.5,0,0,1999,27,False
1831399,Nilzo Ramírez,16.0,M,False,1115078400.0,03/05/2005,Envigado FC,Boca Juniors de Cali,6114,89366,home,15415178,05/03/2026,Colombia 2 Div,0.6,65,7.3,0,0,2005,21,True
2048967,Didier Dawson,7.0,M,False,1128902400.0,10/10/2005,Envigado FC,Boca Juniors de Cali,6114,89366,home,15415178,05/03/2026,Colombia 2 Div,0.6,87,7.2,0,1,2005,21,True
2442854,Miguel Angel Marulanda Ramirez,9.0,F,False,,,Envigado FC,Boca Juniors de Cali,6114,89366,home,15415178,05/03/2026,Colombia 2 Div,0.6,78,7.5,1,0,0,0,False
1388634,Rubio España,8.0,M,True,1073779200.0,11/01/2004,Envigado FC,Boca Juniors de Cali,6114,89366,home,15415178,05/03/2026,Colombia 2 Div,0.6,33,7.0,0,0,2004,22,True
1388637,Tomás Soto,13.0,M,True,1097539200.0,12/10/2004,Envigado FC,Boca Juniors de Cali,6114,89366,home,15415178,05/03/2026,Colombia 2 Div,0.6,33,6.3,0,0,2004,22,True
2125636,Juan Quejada,27.0,D,True,1159315200.0,27/09/2006,Envigado FC,Boca Juniors de Cali,6114,89366,home,15415178,05/03/2026,Colombia 2 Div,0.6,20,6.4,0,0,2006,20,True
825699,Jesus Hernandez,23.0,F,True,726278400.0,06/01/1993,Envigado FC,Boca Juniors de Cali,6114,89366,home,15415178,05/03/2026,Colombia 2 Div,0.6,20,6.4,0,0,1993,33,False
1175146,Leandro Angulo,25.0,M,True,999734400.0,06/09/2001,Envigado FC,Boca Juniors de Cali,6114,89366,home,15415178,05/03/2026,Colombia 2 Div,0.6,11,6.5,0,0,2001,25,False
1478215,Euler Obando,12.0,G,False,1013644800.0,14/02/2002,Boca Juniors de Cali,Envigado FC,89366,6114,away,15415178,05/03/2026,Colombia 2 Div,0.6,90,7.9,0,0,2002,24,False
2196228,Heiner Stiven Mosquera Arboleda,18.0,D,False,,,Boca Juniors de Cali,Envigado FC,89366,6114,away,15415178,05/03/2026,Colombia 2 Div,0.6,90,6.7,0,0,0,0,False
1906021,Milton Yasert Andrade Morán,20.0,D,False,1050796800.0,20/04/2003,Boca Juniors de Cali,Envigado FC,89366,6114,away,15415178,05/03/2026,Colombia 2 Div,0.6,90,7.0,0,0,2003,23,True
2494856,Juan Gabriel Montaño Rosales,2.0,D,False,738201600.0,24/05/1993,Boca Juniors de Cali,Envigado FC,89366,6114,away,15415178,05/03/2026,Colombia 2 Div,0.6,90,7.3,0,0,1993,33,False
2042121,Didier Fabián Henao Beitar,11.0,D,False,1205020800.0,09/03/2008,Boca Juniors de Cali,Envigado FC,89366,6114,away,15415178,05/03/2026,Colombia 2 Div,0.6,68,7.0,0,0,2008,18,True
1175134,Hermes Angulo,5.0,M,False,958435200.0,16/05/2000,Boca Juniors de Cali,Envigado FC,89366,6114,away,15415178,05/03/2026,Colombia 2 Div,0.6,90,6.8,0,0,2000,26,False
2223070,Camilo  Yepes,19.0,M,False,,,Boca Juniors de Cali,Envigado FC,89366,6114,away,15415178,05/03/2026,Colombia 2 Div,0.6,47,6.9,0,0,0,0,False
1906133,Luis Alberto Pérez Villar,6.0,M,False,1051228800.0,25/04/2003,Boca Juniors de Cali,Envigado FC,89366,6114,away,15415178,05/03/2026,Colombia 2 Div,0.6,90,6.6,0,0,2003,23,True
1977823,Harold Ortiz,26.0,M,False,1078963200.0,11/03/2004,Boca Juniors de Cali,Envigado FC,89366,6114,away,15415178,05/03/2026,Colombia 2 Div,0.6,90,6.5,0,0,2004,22,True
2453443,Pablo Urrutia,21.0,M,False,926380800.0,11/05/1999,Boca Juniors de Cali,Envigado FC,89366,6114,away,15415178,05/03/2026,Colombia 2 Div,0.6,90,7.1,0,0,1999,27,False
311614,Juan Fernando Caicedo,9.0,F,False,616291200.0,13/07/1989,Boca Juniors de Cali,Envigado FC,89366,6114,away,15415178,05/03/2026,Colombia 2 Div,0.6,85,6.5,0,0,1989,37,False
1478220,Jean Vallejo,8.0,M,True,1047513600.0,13/03/2003,Boca Juniors de Cali,Envigado FC,89366,6114,away,15415178,05/03/2026,Colombia 2 Div,0.6,51,6.7,0,0,2003,23,True
312306,Harold Reina,17.0,F,True,648259200.0,18/07/1990,Boca Juniors de Cali,Envigado FC,89366,6114,away,15415178,05/03/2026,Colombia 2 Div,0.6,30,6.5,0,0,1990,36,False
2297447,Julian Vasco,25.0,M,True,,,Boca Juniors de Cali,Envigado FC,89366,6114,away,15415178,05/03/2026,Colombia 2 Div,0.6,13,6.4,0,0,0,0,False
2199645,Francisco Nagles,13.0,D,True,,,Boca Juniors de Cali,Envigado FC,89366,6114,away,15415178,05/03/2026,Colombia 2 Div,0.6,2,0.0,0,0,0,0,False
1125100,Jaime Mora,1.0,G,False,866073600.0,12/06/1997,Real Santander,Deportes Quindío,89358,6110,home,15415175,05/03/2026,Colombia 2 Div,0.6,90,6.5,0,0,1997,29,False
1902433,Néstor Camilo Durán Rueda,3.0,D,False,1102723200.0,11/12/2004,Real Santander,Deportes Quindío,89358,6110,home,15415175,05/03/2026,Colombia 2 Div,0.6,90,6.5,0,0,2004,22,True
2048018,Juan Pablo García Habib,14.0,D,False,1116374400.0,18/05/2005,Real Santander,Deportes Quindío,89358,6110,home,15415175,05/03/2026,Colombia 2 Div,0.6,90,6.4,0,0,2005,21,True
1913838,Yeison Alejandro Castillo Caicedo,13.0,D,False,1148860800.0,29/05/2006,Real Santander,Deportes Quindío,89358,6110,home,15415175,05/03/2026,Colombia 2 Div,0.6,90,6.0,0,0,2006,20,True
2235280,Brandon Moreno Silva,23.0,M,False,,,Real Santander,Deportes Quindío,89358,6110,home,15415175,05/03/2026,Colombia 2 Div,0.6,9,6.5,0,0,0,0,False
1906080,Jorge Enrique Pérez Bohórquez,30.0,M,False,1160697600.0,13/10/2006,Real Santander,Deportes Quindío,89358,6110,home,15415175,05/03/2026,Colombia 2 Div,0.6,49,6.2,0,0,2006,20,True
2126508,Luis Alejandro Rangel Hernández,24.0,M,False,1044230400.0,03/02/2003,Real Santander,Deportes Quindío,89358,6110,home,15415175,05/03/2026,Colombia 2 Div,0.6,90,7.6,0,0,2003,23,True
1807595,Michell Perez,11.0,M,False,1103414400.0,19/12/2004,Real Santander,Deportes Quindío,89358,6110,home,15415175,05/03/2026,Colombia 2 Div,0.6,90,6.3,0,0,2004,22,True
1902425,Alex Santiago Segura Silva,25.0,F,False,1049932800.0,10/04/2003,Real Santander,Deportes Quindío,89358,6110,home,15415175,05/03/2026,Colombia 2 Div,0.6,49,6.8,0,0,2003,23,True
1653106,Santiago Rey Castellanos,9.0,F,False,1094774400.0,10/09/2004,Real Santander,Deportes Quindío,89358,6110,home,15415175,05/03/2026,Colombia 2 Div,0.6,74,6.4,0,0,2004,22,True
1829051,Duván Ruiz,6.0,F,False,1052870400.0,14/05/2003,Real Santander,Deportes Quindío,89358,6110,home,15415175,05/03/2026,Colombia 2 Div,0.6,63,6.9,0,0,2003,23,True
2048019,Harlem Salas,20.0,M,True,947721600.0,13/01/2000,Real Santander,Deportes Quindío,89358,6110,home,15415175,05/03/2026,Colombia 2 Div,0.6,90,7.2,0,0,2000,26,False
1175065,Faiber Mendoza,10.0,M,True,988156800.0,25/04/2001,Real Santander,Deportes Quindío,89358,6110,home,15415175,05/03/2026,Colombia 2 Div,0.6,52,7.5,1,0,2001,25,False
1906067,Juan David Guillen Sánchez,27.0,F,True,1137369600.0,16/01/2006,Real Santander,Deportes Quindío,89358,6110,home,15415175,05/03/2026,Colombia 2 Div,0.6,52,6.6,0,0,2006,20,True
1427847,Dilan Tapia,31.0,F,True,1051747200.0,01/05/2003,Real Santander,Deportes Quindío,89358,6110,home,15415175,05/03/2026,Colombia 2 Div,0.6,38,6.6,0,0,2003,23,True
1478327,Junior Garcia Yusty,8.0,F,True,1093996800.0,01/09/2004,Real Santander,Deportes Quindío,89358,6110,home,15415175,05/03/2026,Colombia 2 Div,0.6,27,6.7,0,0,2004,22,True
925369,Sergio Pabon,12.0,G,False,830131200.0,22/04/1996,Deportes Quindío,Real Santander,6110,89358,away,15415175,05/03/2026,Colombia 2 Div,0.6,90,7.2,0,0,1996,30,False
2164872,Jaminson Ricar,17.0,D,False,1000166400.0,11/09/2001,Deportes Quindío,Real Santander,6110,89358,away,15415175,05/03/2026,Colombia 2 Div,0.6,54,5.6,0,0,2001,25,False
882747,Juan Ocampo,20.0,D,False,919296000.0,18/02/1999,Deportes Quindío,Real Santander,6110,89358,away,15415175,05/03/2026,Colombia 2 Div,0.6,90,6.5,0,0,1999,27,False
2489186,Moran Mosquera    Luis Rodrigo,14.0,D,False,,,Deportes Quindío,Real Santander,6110,89358,away,15415175,05/03/2026,Colombia 2 Div,0.6,90,6.6,0,0,0,0,False
1385904,Rodrigo Marin,19.0,D,False,982627200.0,20/02/2001,Deportes Quindío,Real Santander,6110,89358,away,15415175,05/03/2026,Colombia 2 Div,0.6,90,6.5,0,0,2001,25,False
1175148,Ronald Angulo,29.0,M,False,995673600.0,21/07/2001,Deportes Quindío,Real Santander,6110,89358,away,15415175,05/03/2026,Colombia 2 Div,0.6,90,6.9,0,0,2001,25,False
2169675,Juan David Cordoba,21.0,M,False,,,Deportes Quindío,Real Santander,6110,89358,away,15415175,05/03/2026,Colombia 2 Div,0.6,71,6.7,0,0,0,0,False
870362,Santiago Roa,5.0,M,False,812764800.0,04/10/1995,Deportes Quindío,Real Santander,6110,89358,away,15415175,05/03/2026,Colombia 2 Div,0.6,90,6.2,0,0,1995,31,False
560428,Joao Rodríguez,9.0,M,False,832464000.0,19/05/1996,Deportes Quindío,Real Santander,6110,89358,away,15415175,05/03/2026,Colombia 2 Div,0.6,90,8.6,1,0,1996,30,False
543976,José Lloreda,7.0,F,False,776649600.0,12/08/1994,Deportes Quindío,Real Santander,6110,89358,away,15415175,05/03/2026,Colombia 2 Div,0.6,80,7.7,1,0,1994,32,False
1190683,Andres Felipe Carabali,25.0,F,False,878083200.0,29/10/1997,Deportes Quindío,Real Santander,6110,89358,away,15415175,05/03/2026,Colombia 2 Div,0.6,71,6.6,0,0,1997,29,False
992613,Yosimarc Torres,16.0,M,True,917827200.0,01/02/1999,Deportes Quindío,Real Santander,6110,89358,away,15415175,05/03/2026,Colombia 2 Div,0.6,30,6.6,0,0,1999,27,False
1902499,Eduardo Jose Esterilla Lino,23.0,F,True,,,Deportes Quindío,Real Santander,6110,89358,away,15415175,05/03/2026,Colombia 2 Div,0.6,30,6.9,0,0,0,0,False
2212603,Juan Pablo  Ibargüen,24.0,M,True,,,Deportes Quindío,Real Santander,6110,89358,away,15415175,05/03/2026,Colombia 2 Div,0.6,21,6.3,0,0,0,0,False
818989,Martín Payares,22.0,M,True,796176000.0,26/03/1995,Deportes Quindío,Real Santander,6110,89358,away,15415175,05/03/2026,Colombia 2 Div,0.6,11,6.5,0,0,1995,31,False
2461844,Mateo Valencia Gómez,33.0,G,False,1073692800.0,10/01/2004,Real Cundinamarca,Internacional de Palmira,484422,39866,home,15415179,05/03/2026,Colombia 2 Div,0.6,90,6.8,0,0,2004,22,True
2018803,Edwin Cabezas,5.0,D,False,1114560000.0,27/04/2005,Real Cundinamarca,Internacional de Palmira,484422,39866,home,15415179,05/03/2026,Colombia 2 Div,0.6,72,7.0,0,0,2005,21,True
1478297,Fabian Cuero,30.0,D,False,978652800.0,05/01/2001,Real Cundinamarca,Internacional de Palmira,484422,39866,home,15415179,05/03/2026,Colombia 2 Div,0.6,90,6.8,0,0,2001,25,False
1906031,John Suaza,2.0,D,False,1026345600.0,11/07/2002,Real Cundinamarca,Internacional de Palmira,484422,39866,home,15415179,05/03/2026,Colombia 2 Div,0.6,90,6.2,0,0,2002,24,False
2152412,Jhon Mario Cortes Balanta,19.0,D,False,1078099200.0,01/03/2004,Real Cundinamarca,Internacional de Palmira,484422,39866,home,15415179,05/03/2026,Colombia 2 Div,0.6,90,7.1,0,1,2004,22,True
2041502,Carlos Jhoanny Gómez García,8.0,M,False,1099526400.0,04/11/2004,Real Cundinamarca,Internacional de Palmira,484422,39866,home,15415179,05/03/2026,Colombia 2 Div,0.6,77,7.5,0,0,2004,22,True
2199543,Jorge Mendoza,24.0,M,False,,,Real Cundinamarca,Internacional de Palmira,484422,39866,home,15415179,05/03/2026,Colombia 2 Div,0.6,62,6.6,0,0,0,0,False
1654460,Jhojan Amaya,27.0,M,False,1143849600.0,01/04/2006,Real Cundinamarca,Internacional de Palmira,484422,39866,home,15415179,05/03/2026,Colombia 2 Div,0.6,90,8.4,1,0,2006,20,True
1174870,Onel Acosta,20.0,M,False,948067200.0,17/01/2000,Real Cundinamarca,Internacional de Palmira,484422,39866,home,15415179,05/03/2026,Colombia 2 Div,0.6,90,8.0,0,0,2000,26,False
1385943,Kleiton Cuellar,17.0,M,False,1077753600.0,26/02/2004,Real Cundinamarca,Internacional de Palmira,484422,39866,home,15415179,05/03/2026,Colombia 2 Div,0.6,72,7.2,0,0,2004,22,True
935691,Juan Jose Salcedo Villadiego,7.0,F,False,738460800.0,27/05/1993,Real Cundinamarca,Internacional de Palmira,484422,39866,home,15415179,05/03/2026,Colombia 2 Div,0.6,90,6.7,0,0,1993,33,False
2453287,Kaleth Zavala,14.0,M,True,,,Real Cundinamarca,Internacional de Palmira,484422,39866,home,15415179,05/03/2026,Colombia 2 Div,0.6,42,7.3,1,0,0,0,False
2464432,Juan Jeronimo Alba Quintero,21.0,M,True,1114214400.0,23/04/2005,Real Cundinamarca,Internacional de Palmira,484422,39866,home,15415179,05/03/2026,Colombia 2 Div,0.6,32,7.1,0,0,2005,21,True
1871926,Yeiler Banguero,11.0,M,True,1085702400.0,28/05/2004,Real Cundinamarca,Internacional de Palmira,484422,39866,home,15415179,05/03/2026,Colombia 2 Div,0.6,32,6.8,0,0,2004,22,True
1900297,Leonel Ancisar Obregón Barreiro,18.0,M,True,1113523200.0,15/04/2005,Real Cundinamarca,Internacional de Palmira,484422,39866,home,15415179,05/03/2026,Colombia 2 Div,0.6,26,6.6,0,0,2005,21,True
339369,William Cuesta,22.0,G,False,730080000.0,19/02/1993,Internacional de Palmira,Real Cundinamarca,39866,484422,away,15415179,05/03/2026,Colombia 2 Div,0.6,90,7.7,0,0,1993,33,False
2076899,Jhonatan David  Popo Charrupi,31.0,D,False,,,Internacional de Palmira,Real Cundinamarca,39866,484422,away,15415179,05/03/2026,Colombia 2 Div,0.6,90,6.4,0,0,0,0,False
1174007,Jaison Mina,30.0,D,False,949104000.0,29/01/2000,Internacional de Palmira,Real Cundinamarca,39866,484422,away,15415179,05/03/2026,Colombia 2 Div,0.6,90,6.9,0,0,2000,26,False
1130277,Carlos Ramirez,29.0,D,False,578448000.0,01/05/1988,Internacional de Palmira,Real Cundinamarca,39866,484422,away,15415179,05/03/2026,Colombia 2 Div,0.6,90,6.7,0,0,1988,38,False
1901823,Erik Preciado Montano,34.0,D,False,1074988800.0,25/01/2004,Internacional de Palmira,Real Cundinamarca,39866,484422,away,15415179,05/03/2026,Colombia 2 Div,0.6,84,6.9,0,0,2004,22,True
869991,Harlin Suárez,80.0,M,False,772761600.0,28/06/1994,Internacional de Palmira,Real Cundinamarca,39866,484422,away,15415179,05/03/2026,Colombia 2 Div,0.6,90,6.4,0,0,1994,32,False
1478206,David Orozco,14.0,M,False,814233600.0,21/10/1995,Internacional de Palmira,Real Cundinamarca,39866,484422,away,15415179,05/03/2026,Colombia 2 Div,0.6,90,6.5,0,0,1995,31,False
1839558,Kener González,19.0,M,False,1128470400.0,05/10/2005,Internacional de Palmira,Real Cundinamarca,39866,484422,away,15415179,05/03/2026,Colombia 2 Div,0.6,51,7.0,1,0,2005,21,True
1901095,Carlos Andres  Franco Bustillo,8.0,M,False,1074384000.0,18/01/2004,Internacional de Palmira,Real Cundinamarca,39866,484422,away,15415179,05/03/2026,Colombia 2 Div,0.6,74,6.8,0,0,2004,22,True
591682,Jhon Mosquera,18.0,M,False,644630400.0,06/06/1990,Internacional de Palmira,Real Cundinamarca,39866,484422,away,15415179,05/03/2026,Colombia 2 Div,0.6,68,7.2,0,0,1990,36,False
1173565,Ramiro Brochero,9.0,F,False,952214400.0,05/03/2000,Internacional de Palmira,Real Cundinamarca,39866,484422,away,15415179,05/03/2026,Colombia 2 Div,0.6,68,7.8,1,1,2000,26,False
1174613,Kevin Padilla Madrid,11.0,M,True,988329600.0,27/04/2001,Internacional de Palmira,Real Cundinamarca,39866,484422,away,15415179,05/03/2026,Colombia 2 Div,0.6,52,6.5,0,0,2001,25,False
931699,Jacobo Abonía,28.0,D,True,891734400.0,05/04/1998,Internacional de Palmira,Real Cundinamarca,39866,484422,away,15415179,05/03/2026,Colombia 2 Div,0.6,35,6.4,0,0,1998,28,False
829958,Jown Cardona,10.0,F,True,789609600.0,09/01/1995,Internacional de Palmira,Real Cundinamarca,39866,484422,away,15415179,05/03/2026,Colombia 2 Div,0.6,35,6.6,0,0,1995,31,False
1174853,Jhon Velez,6.0,M,True,1059091200.0,25/07/2003,Internacional de Palmira,Real Cundinamarca,39866,484422,away,15415179,05/03/2026,Colombia 2 Div,0.6,30,6.4,0,0,2003,23,True
2441835,Jaider Moreno Sinisterra,21.0,F,True,1084147200.0,10/05/2004,Internacional de Palmira,Real Cundinamarca,39866,484422,away,15415179,05/03/2026,Colombia 2 Div,0.6,20,6.5,0,0,2004,22,True
2041506,Victor Brid,12.0,G,False,972432000.0,25/10/2000,Tigres FC,Patriotas Boyacá,89354,61504,home,15415181,06/03/2026,Colombia 2 Div,0.6,90,7.0,0,0,2000,26,False
2451713,Juan Camilo Quiñones Cuellar,15.0,D,False,1126656000.0,14/09/2005,Tigres FC,Patriotas Boyacá,89354,61504,home,15415181,06/03/2026,Colombia 2 Div,0.6,79,6.4,0,0,2005,21,True
1899911,Samuel  Flórez,2.0,D,False,1139184000.0,06/02/2006,Tigres FC,Patriotas Boyacá,89354,61504,home,15415181,06/03/2026,Colombia 2 Div,0.6,90,6.8,0,0,2006,20,True
1478256,Omar Preciado,27.0,D,False,938736000.0,01/10/1999,Tigres FC,Patriotas Boyacá,89354,61504,home,15415181,06/03/2026,Colombia 2 Div,0.6,90,7.2,0,0,1999,27,False
1100612,Duván Viáfara,18.0,D,False,903571200.0,20/08/1998,Tigres FC,Patriotas Boyacá,89354,61504,home,15415181,06/03/2026,Colombia 2 Div,0.6,79,6.6,0,0,1998,28,False
1466254,Jesús Cano,3.0,D,False,897350400.0,09/06/1998,Tigres FC,Patriotas Boyacá,89354,61504,home,15415181,06/03/2026,Colombia 2 Div,0.6,79,6.7,0,0,1998,28,False
1809575,Andrés Cuadros,13.0,M,False,949881600.0,07/02/2000,Tigres FC,Patriotas Boyacá,89354,61504,home,15415181,06/03/2026,Colombia 2 Div,0.6,89,7.5,0,0,2000,26,False
2057372,Brandon Mejía,8.0,M,False,1136246400.0,03/01/2006,Tigres FC,Patriotas Boyacá,89354,61504,home,15415181,06/03/2026,Colombia 2 Div,0.6,90,6.7,0,0,2006,20,True
1906127,Kevin Estiven Mosquera Urrutia,10.0,M,False,1081296000.0,07/04/2004,Tigres FC,Patriotas Boyacá,89354,61504,home,15415181,06/03/2026,Colombia 2 Div,0.6,64,6.6,0,0,2004,22,True
1478337,Luis Palacios,11.0,F,False,1096848000.0,04/10/2004,Tigres FC,Patriotas Boyacá,89354,61504,home,15415181,06/03/2026,Colombia 2 Div,0.6,90,7.4,1,0,2004,22,True
930209,Orles Aragón,9.0,F,False,866246400.0,14/06/1997,Tigres FC,Patriotas Boyacá,89354,61504,home,15415181,06/03/2026,Colombia 2 Div,0.6,90,6.7,0,0,1997,29,False
2210473,Juan Hincapie,7.0,M,True,,,Tigres FC,Patriotas Boyacá,89354,61504,home,15415181,06/03/2026,Colombia 2 Div,0.6,38,7.0,0,0,0,0,False
1994982,Enmanuel Arrechea,19.0,D,True,1115424000.0,07/05/2005,Tigres FC,Patriotas Boyacá,89354,61504,home,15415181,06/03/2026,Colombia 2 Div,0.6,22,6.5,0,0,2005,21,True
1116341,Ricardo Rosales,30.0,D,True,980899200.0,31/01/2001,Tigres FC,Patriotas Boyacá,89354,61504,home,15415181,06/03/2026,Colombia 2 Div,0.6,22,7.2,0,0,2001,25,False
1902424,Ghilbert Mateo Parra Mosquera,26.0,M,True,1019692800.0,25/04/2002,Tigres FC,Patriotas Boyacá,89354,61504,home,15415181,06/03/2026,Colombia 2 Div,0.6,22,6.7,0,0,2002,24,False
1561287,Miguel Alvarez,17.0,M,True,1033084800.0,27/09/2002,Tigres FC,Patriotas Boyacá,89354,61504,home,15415181,06/03/2026,Colombia 2 Div,0.6,12,6.5,0,0,2002,24,False
981955,Juan Espitia,12.0,G,False,950486400.0,14/02/2000,Patriotas Boyacá,Tigres FC,61504,89354,away,15415181,06/03/2026,Colombia 2 Div,0.6,90,7.1,0,0,2000,26,False
982125,Alexander Porras,22.0,D,False,935712000.0,27/08/1999,Patriotas Boyacá,Tigres FC,61504,89354,away,15415181,06/03/2026,Colombia 2 Div,0.6,90,6.9,0,0,1999,27,False
1628438,Alexander Carabalí,2.0,D,False,1085184000.0,22/05/2004,Patriotas Boyacá,Tigres FC,61504,89354,away,15415181,06/03/2026,Colombia 2 Div,0.6,90,7.2,0,0,2004,22,True
1470051,Darwin Palomeque,3.0,D,False,747619200.0,10/09/1993,Patriotas Boyacá,Tigres FC,61504,89354,away,15415181,06/03/2026,Colombia 2 Div,0.6,90,6.5,0,0,1993,33,False
1902016,Hanser Angulo,17.0,D,False,1058400000.0,17/07/2003,Patriotas Boyacá,Tigres FC,61504,89354,away,15415181,06/03/2026,Colombia 2 Div,0.6,90,5.9,0,0,2003,23,True
1855842,Santiago Mora,27.0,M,False,1205193600.0,11/03/2008,Patriotas Boyacá,Tigres FC,61504,89354,away,15415181,06/03/2026,Colombia 2 Div,0.6,66,6.7,0,0,2008,18,True
842671,Kevin Salazar,5.0,M,False,879206400.0,11/11/1997,Patriotas Boyacá,Tigres FC,61504,89354,away,15415181,06/03/2026,Colombia 2 Div,0.6,90,7.5,0,0,1997,29,False
924951,Freyn Figueroa,19.0,M,False,894931200.0,12/05/1998,Patriotas Boyacá,Tigres FC,61504,89354,away,15415181,06/03/2026,Colombia 2 Div,0.6,90,7.3,0,0,1998,28,False
980934,Johan Campaña,7.0,M,False,1031529600.0,09/09/2002,Patriotas Boyacá,Tigres FC,61504,89354,away,15415181,06/03/2026,Colombia 2 Div,0.6,66,6.5,0,0,2002,24,False
2039649,Kevin Andres Álvarez Carvajal,10.0,F,False,1105056000.0,07/01/2005,Patriotas Boyacá,Tigres FC,61504,89354,away,15415181,06/03/2026,Colombia 2 Div,0.6,89,8.3,1,0,2005,21,True
819145,Michael Gómez,30.0,F,False,860112000.0,04/04/1997,Patriotas Boyacá,Tigres FC,61504,89354,away,15415181,06/03/2026,Colombia 2 Div,0.6,66,6.3,0,0,1997,29,False
2039648,Jean Paul Angulo Quiñonez,18.0,M,True,1128988800.0,11/10/2005,Patriotas Boyacá,Tigres FC,61504,89354,away,15415181,06/03/2026,Colombia 2 Div,0.6,36,6.4,0,0,2005,21,True
1902549,José David Montes Flórez,14.0,M,True,1102118400.0,04/12/2004,Patriotas Boyacá,Tigres FC,61504,89354,away,15415181,06/03/2026,Colombia 2 Div,0.6,36,6.5,0,0,2004,22,True
1482348,Juan Esteban Sanchez,29.0,F,True,1161216000.0,19/10/2006,Patriotas Boyacá,Tigres FC,61504,89354,away,15415181,06/03/2026,Colombia 2 Div,0.6,36,6.3,0,0,2006,20,True
934422,Juan Hurtado,4.0,M,True,895536000.0,19/05/1998,Patriotas Boyacá,Tigres FC,61504,89354,away,15415181,06/03/2026,Colombia 2 Div,0.6,12,6.2,0,0,1998,28,False
1174957,Cesar Salguero,28.0,M,True,862185600.0,28/04/1997,Patriotas Boyacá,Tigres FC,61504,89354,away,15415181,06/03/2026,Colombia 2 Div,0.6,7,0.0,0,0,1997,29,False
1174006,Guillermo Gómez,22.0,G,False,835920000.0,28/06/1996,Real Cartagena,Orsomarso SC,6119,213490,home,15415180,07/03/2026,Colombia 2 Div,0.6,90,7.9,0,0,1996,30,False
2441838,Cristian Graciano Morales,26.0,D,False,1052784000.0,13/05/2003,Real Cartagena,Orsomarso SC,6119,213490,home,15415180,07/03/2026,Colombia 2 Div,0.6,90,7.4,0,0,2003,23,True
974048,Ronaldo Lora,23.0,D,False,868665600.0,12/07/1997,Real Cartagena,Orsomarso SC,6119,213490,home,15415180,07/03/2026,Colombia 2 Div,0.6,90,7.3,0,0,1997,29,False
2451049,Samuel Barco Maturana,4.0,D,False,1110326400.0,09/03/2005,Real Cartagena,Orsomarso SC,6119,213490,home,15415180,07/03/2026,Colombia 2 Div,0.6,73,7.2,0,0,2005,21,True
1173418,Andrés Escobar,6.0,D,False,858816000.0,20/03/1997,Real Cartagena,Orsomarso SC,6119,213490,home,15415180,07/03/2026,Colombia 2 Div,0.6,90,7.3,0,0,1997,29,False
947335,Didier Jair Pino Cordoba,14.0,M,False,808790400.0,19/08/1995,Real Cartagena,Orsomarso SC,6119,213490,home,15415180,07/03/2026,Colombia 2 Div,0.6,80,6.4,0,0,1995,31,False
1478251,Luis Guevara,8.0,M,False,984268800.0,11/03/2001,Real Cartagena,Orsomarso SC,6119,213490,home,15415180,07/03/2026,Colombia 2 Div,0.6,63,6.9,0,0,2001,25,False
924906,Álvaro Meléndez,27.0,M,False,854409600.0,28/01/1997,Real Cartagena,Orsomarso SC,6119,213490,home,15415180,07/03/2026,Colombia 2 Div,0.6,73,7.4,0,1,1997,29,False
797479,Mauro Manotas,9.0,M,False,805766400.0,15/07/1995,Real Cartagena,Orsomarso SC,6119,213490,home,15415180,07/03/2026,Colombia 2 Div,0.6,63,7.1,1,0,1995,31,False
1868528,Janeth Aleman Tapias,17.0,M,False,1022198400.0,24/05/2002,Real Cartagena,Orsomarso SC,6119,213490,home,15415180,07/03/2026,Colombia 2 Div,0.6,90,7.6,0,1,2002,24,False
39981,Fredy Montero,10.0,F,False,554256000.0,26/07/1987,Real Cartagena,Orsomarso SC,6119,213490,home,15415180,07/03/2026,Colombia 2 Div,0.6,90,9.8,2,1,1987,39,False
796511,Jarlan Barrera,7.0,M,True,811209600.0,16/09/1995,Real Cartagena,Orsomarso SC,6119,213490,home,15415180,07/03/2026,Colombia 2 Div,0.6,36,8.4,1,1,1995,31,False
818908,Juan Rodríguez,21.0,M,True,717292800.0,24/09/1992,Real Cartagena,Orsomarso SC,6119,213490,home,15415180,07/03/2026,Colombia 2 Div,0.6,36,7.1,0,0,1992,34,False
602184,Cristian Florez,15.0,D,True,788745600.0,30/12/1994,Real Cartagena,Orsomarso SC,6119,213490,home,15415180,07/03/2026,Colombia 2 Div,0.6,26,6.6,0,0,1994,32,False
1175047,Jhojan Nieva,20.0,M,True,1040515200.0,22/12/2002,Real Cartagena,Orsomarso SC,6119,213490,home,15415180,07/03/2026,Colombia 2 Div,0.6,26,6.5,0,0,2002,24,False
1809647,Jheison Solarte,5.0,M,True,983577600.0,03/03/2001,Real Cartagena,Orsomarso SC,6119,213490,home,15415180,07/03/2026,Colombia 2 Div,0.6,19,6.6,0,0,2001,25,False
2452197,Johan Grisales Obando,12.0,G,False,1092355200.0,13/08/2004,Orsomarso SC,Real Cartagena,213490,6119,away,15415180,07/03/2026,Colombia 2 Div,0.6,90,6.3,0,0,2004,22,True
1906069,Edwin Alexander Martínez González,14.0,D,False,1079654400.0,19/03/2004,Orsomarso SC,Real Cartagena,213490,6119,away,15415180,07/03/2026,Colombia 2 Div,0.6,90,5.8,0,0,2004,22,True
1174884,Deivi Barrios,5.0,D,False,1080604800.0,30/03/2004,Orsomarso SC,Real Cartagena,213490,6119,away,15415180,07/03/2026,Colombia 2 Div,0.6,90,6.5,0,0,2004,22,True
1065597,Juan Salinas,3.0,D,False,984441600.0,13/03/2001,Orsomarso SC,Real Cartagena,213490,6119,away,15415180,07/03/2026,Colombia 2 Div,0.6,76,6.7,0,0,2001,25,False
1615047,Jhon Barreiro,13.0,D,False,1119571200.0,24/06/2005,Orsomarso SC,Real Cartagena,213490,6119,away,15415180,07/03/2026,Colombia 2 Div,0.6,90,6.4,0,0,2005,21,True
2452199,Dennis Matamba,22.0,M,False,,,Orsomarso SC,Real Cartagena,213490,6119,away,15415180,07/03/2026,Colombia 2 Div,0.6,29,6.0,0,0,0,0,False
2452184,Johan Parra,23.0,M,False,1095984000.0,24/09/2004,Orsomarso SC,Real Cartagena,213490,6119,away,15415180,07/03/2026,Colombia 2 Div,0.6,29,6.4,0,0,2004,22,True
1808911,Santiago Agamez,6.0,M,False,1110758400.0,14/03/2005,Orsomarso SC,Real Cartagena,213490,6119,away,15415180,07/03/2026,Colombia 2 Div,0.6,90,7.4,0,0,2005,21,True
1901814,Andres Ruíz,10.0,M,False,1102636800.0,10/12/2004,Orsomarso SC,Real Cartagena,213490,6119,away,15415180,07/03/2026,Colombia 2 Div,0.6,90,6.3,0,0,2004,22,True
1901813,Luis Gómez,20.0,M,False,1083024000.0,27/04/2004,Orsomarso SC,Real Cartagena,213490,6119,away,15415180,07/03/2026,Colombia 2 Div,0.6,76,6.4,0,0,2004,22,True
1174933,Sebastián Girado,7.0,F,False,1092182400.0,11/08/2004,Orsomarso SC,Real Cartagena,213490,6119,away,15415180,07/03/2026,Colombia 2 Div,0.6,83,6.7,0,0,2004,22,True
2057321,Victor Lasso,4.0,D,True,1131062400.0,04/11/2005,Orsomarso SC,Real Cartagena,213490,6119,away,15415180,07/03/2026,Colombia 2 Div,0.6,70,6.4,0,0,2005,21,True
2452195,Jose Carrasco Hernandez,17.0,M,True,,,Orsomarso SC,Real Cartagena,213490,6119,away,15415180,07/03/2026,Colombia 2 Div,0.6,70,6.3,0,0,0,0,False
1906108,Jhonier David Zárante Bello,8.0,M,True,1182643200.0,24/06/2007,Orsomarso SC,Real Cartagena,213490,6119,away,15415180,07/03/2026,Colombia 2 Div,0.6,24,6.2,0,0,2007,19,True
2452200,Javier Eder Torres,16.0,M,True,1256342400.0,24/10/2009,Orsomarso SC,Real Cartagena,213490,6119,away,15415180,07/03/2026,Colombia 2 Div,0.6,24,6.4,0,0,2009,17,True
2457005,Sergio Martinez,29.0,F,True,,,Orsomarso SC,Real Cartagena,213490,6119,away,15415180,07/03/2026,Colombia 2 Div,0.6,16,6.6,0,0,0,0,False
794897,Matheus Albino,12.0,G,False,791856000.0,04/02/1995,CRB,Porto SC,22032,516524,home,15592343,04/03/2026,Copa Brasil,0.75,90,0.0,0,0,1995,31,False
981295,Diogo Hereda,32.0,D,False,906249600.0,20/09/1998,CRB,Porto SC,22032,516524,home,15592343,04/03/2026,Copa Brasil,0.75,46,0.0,0,0,1998,28,False
312114,Bressan,14.0,D,False,726969600.0,14/01/1993,CRB,Porto SC,22032,516524,home,15592343,04/03/2026,Copa Brasil,0.75,90,0.0,1,0,1993,33,False
1489426,Fabio Alemão,27.0,D,False,844732800.0,08/10/1996,CRB,Porto SC,22032,516524,home,15592343,04/03/2026,Copa Brasil,0.75,90,0.0,0,0,1996,30,False
810689,Lucas Lovat,36.0,D,False,853286400.0,15/01/1997,CRB,Porto SC,22032,516524,home,15592343,04/03/2026,Copa Brasil,0.75,62,0.0,0,0,1997,29,False
243185,Pedro Castro,11.0,M,False,728870400.0,05/02/1993,CRB,Porto SC,22032,516524,home,15592343,04/03/2026,Copa Brasil,0.75,46,0.0,0,0,1993,33,False
840218,Danielzinho,10.0,M,False,821318400.0,11/01/1996,CRB,Porto SC,22032,516524,home,15592343,04/03/2026,Copa Brasil,0.75,90,0.0,0,0,1996,30,False
869676,Crystopher,21.0,M,False,897177600.0,07/06/1998,CRB,Porto SC,22032,516524,home,15592343,04/03/2026,Copa Brasil,0.75,90,0.0,0,0,1998,28,False
795035,Douglas Baggio,7.0,F,False,791683200.0,02/02/1995,CRB,Porto SC,22032,516524,home,15592343,04/03/2026,Copa Brasil,0.75,90,0.0,1,0,1995,31,False
994017,Mikael,28.0,F,False,927849600.0,28/05/1999,CRB,Porto SC,22032,516524,home,15592343,04/03/2026,Copa Brasil,0.75,74,0.0,1,0,1999,27,False
926786,Dadá Belmonte,97.0,F,False,855360000.0,08/02/1997,CRB,Porto SC,22032,516524,home,15592343,04/03/2026,Copa Brasil,0.75,62,0.0,0,0,1997,29,False
985888,Weverton,42.0,D,True,929404800.0,15/06/1999,CRB,Porto SC,22032,516524,home,15592343,04/03/2026,Copa Brasil,0.75,44,0.0,0,0,1999,27,False
1634144,Guilherme Estrella,14.0,M,True,1114128000.0,22/04/2005,CRB,Porto SC,22032,516524,home,15592343,04/03/2026,Copa Brasil,0.75,44,0.0,0,0,2005,21,True
125034,Leo Campos,77.0,D,True,710121600.0,03/07/1992,CRB,Porto SC,22032,516524,home,15592343,04/03/2026,Copa Brasil,0.75,28,0.0,0,0,1992,34,False
1018095,Guilherme Pato,11.0,M,True,982368000.0,17/02/2001,CRB,Porto SC,22032,516524,home,15592343,04/03/2026,Copa Brasil,0.75,28,0.0,0,0,2001,25,False
291707,Luiz Phellype,19.0,F,True,749088000.0,27/09/1993,CRB,Porto SC,22032,516524,home,15592343,04/03/2026,Copa Brasil,0.75,16,0.0,2,0,1993,33,False
840144,Matheus Cabral,1.0,G,False,902102400.0,03/08/1998,Porto SC,CRB,516524,22032,away,15592343,04/03/2026,Copa Brasil,0.75,90,0.0,0,0,1998,28,False
2030032,Gabriel Saulo,2.0,D,False,989452800.0,10/05/2001,Porto SC,CRB,516524,22032,away,15592343,04/03/2026,Copa Brasil,0.75,90,0.0,0,0,2001,25,False
985505,Anderson Bandeira,3.0,D,False,747878400.0,13/09/1993,Porto SC,CRB,516524,22032,away,15592343,04/03/2026,Copa Brasil,0.75,90,0.0,0,0,1993,33,False
1016737,Breno Cézar,14.0,D,False,798422400.0,21/04/1995,Porto SC,CRB,516524,22032,away,15592343,04/03/2026,Copa Brasil,0.75,90,0.0,0,0,1995,31,False
1102254,Peu,6.0,D,False,676080000.0,05/06/1991,Porto SC,CRB,516524,22032,away,15592343,04/03/2026,Copa Brasil,0.75,90,0.0,0,0,1991,35,False
1105316,Adriano Napão,18.0,F,False,960768000.0,12/06/2000,Porto SC,CRB,516524,22032,away,15592343,04/03/2026,Copa Brasil,0.75,90,0.0,0,0,2000,26,False
1148434,Ygor,5.0,M,False,1006560000.0,24/11/2001,Porto SC,CRB,516524,22032,away,15592343,04/03/2026,Copa Brasil,0.75,55,0.0,0,0,2001,25,False
2030037,Bruno Ferreira,7.0,M,False,985046400.0,20/03/2001,Porto SC,CRB,516524,22032,away,15592343,04/03/2026,Copa Brasil,0.75,38,0.0,0,0,2001,25,False
1515284,Luan Rodrigues,10.0,F,False,836611200.0,06/07/1996,Porto SC,CRB,516524,22032,away,15592343,04/03/2026,Copa Brasil,0.75,56,0.0,0,0,1996,30,False
1631906,Kauan de Jesus Santos,25.0,,False,1108944000.0,21/02/2005,Porto SC,CRB,516524,22032,away,15592343,04/03/2026,Copa Brasil,0.75,65,0.0,0,0,2005,21,True
2030033,Cleiton Diki,9.0,F,False,968284800.0,07/09/2000,Porto SC,CRB,516524,22032,away,15592343,04/03/2026,Copa Brasil,0.75,65,0.0,0,0,2000,26,False
1639122,Pedro Lima,8.0,M,True,1043020800.0,20/01/2003,Porto SC,CRB,516524,22032,away,15592343,04/03/2026,Copa Brasil,0.75,50,0.0,0,0,2003,23,True
1109161,Gabriel Jordan Santos,21.0,M,True,816739200.0,19/11/1995,Porto SC,CRB,516524,22032,away,15592343,04/03/2026,Copa Brasil,0.75,35,0.0,0,0,1995,31,False
874262,Ítalo,11.0,M,True,870134400.0,29/07/1997,Porto SC,CRB,516524,22032,away,15592343,04/03/2026,Copa Brasil,0.75,34,0.0,0,0,1997,29,False
1587776,Danillo Henrique Rufino,22.0,D,True,1032048000.0,15/09/2002,Porto SC,CRB,516524,22032,away,15592343,04/03/2026,Copa Brasil,0.75,25,0.0,0,0,2002,24,False
2490717,João Gabriel,21.0,F,True,,,Porto SC,CRB,516524,22032,away,15592343,04/03/2026,Copa Brasil,0.75,25,0.0,0,0,0,0,False
883917,Fabricio,12.0,G,False,505440000.0,07/01/1986,Figueirense,Azuriz,1985,375853,home,15566102,04/03/2026,Copa Brasil,0.75,90,0.0,0,0,1986,40,False
1199462,Leonardo Santos Maia,2.0,D,False,1055462400.0,13/06/2003,Figueirense,Azuriz,1985,375853,home,15566102,04/03/2026,Copa Brasil,0.75,90,0.0,0,0,2003,23,True
981745,Lucas Dias Costa,3.0,D,False,806198400.0,20/07/1995,Figueirense,Azuriz,1985,375853,home,15566102,04/03/2026,Copa Brasil,0.75,90,0.0,0,0,1995,31,False
1067637,Jhonnathan,25.0,D,False,983664000.0,04/03/2001,Figueirense,Azuriz,1985,375853,home,15566102,04/03/2026,Copa Brasil,0.75,90,0.0,0,0,2001,25,False
1500368,Wesley Costa,66.0,D,False,1073174400.0,04/01/2004,Figueirense,Azuriz,1985,375853,home,15566102,04/03/2026,Copa Brasil,0.75,63,0.0,0,0,2004,22,True
2467761,Pajé,79.0,,False,,,Figueirense,Azuriz,1985,375853,home,15566102,04/03/2026,Copa Brasil,0.75,46,0.0,0,0,0,0,False
870809,Jean,30.0,M,False,857952000.0,10/03/1997,Figueirense,Azuriz,1985,375853,home,15566102,04/03/2026,Copa Brasil,0.75,90,0.0,0,0,1997,29,False
817782,Arthur Henrique,6.0,D,False,769132800.0,17/05/1994,Figueirense,Azuriz,1985,375853,home,15566102,04/03/2026,Copa Brasil,0.75,83,0.0,0,0,1994,32,False
1034314,Igor Bolt,70.0,F,False,970272000.0,30/09/2000,Figueirense,Azuriz,1985,375853,home,15566102,04/03/2026,Copa Brasil,0.75,83,0.0,1,0,2000,26,False
1463328,Arthur Martins,11.0,F,False,946857600.0,03/01/2000,Figueirense,Azuriz,1985,375853,home,15566102,04/03/2026,Copa Brasil,0.75,60,0.0,0,0,2000,26,False
108193,Kayke Rodrigues,99.0,F,False,575856000.0,01/04/1988,Figueirense,Azuriz,1985,375853,home,15566102,04/03/2026,Copa Brasil,0.75,90,0.0,0,0,1988,38,False
1022483,Rafinha Potiguar,28.0,M,True,934156800.0,09/08/1999,Figueirense,Azuriz,1985,375853,home,15566102,04/03/2026,Copa Brasil,0.75,44,0.0,0,0,1999,27,False
1107010,Lucas Alves,20.0,F,True,1019347200.0,21/04/2002,Figueirense,Azuriz,1985,375853,home,15566102,04/03/2026,Copa Brasil,0.75,30,0.0,0,0,2002,24,False
1507941,Leonan,33.0,D,True,965433600.0,05/08/2000,Figueirense,Azuriz,1985,375853,home,15566102,04/03/2026,Copa Brasil,0.75,27,0.0,0,0,2000,26,False
1467342,Felipe Santiago,27.0,D,True,1034726400.0,16/10/2002,Figueirense,Azuriz,1985,375853,home,15566102,04/03/2026,Copa Brasil,0.75,7,0.0,0,0,2002,24,False
2026465,Maiky,18.0,F,True,1112227200.0,31/03/2005,Figueirense,Azuriz,1985,375853,home,15566102,04/03/2026,Copa Brasil,0.75,7,0.0,0,0,2005,21,True
979335,Enzo,12.0,G,False,956620800.0,25/04/2000,Azuriz,Figueirense,375853,1985,away,15566102,04/03/2026,Copa Brasil,0.75,90,0.0,0,0,2000,26,False
1393579,Ulises Yegros,3.0,D,False,987811200.0,21/04/2001,Azuriz,Figueirense,375853,1985,away,15566102,04/03/2026,Copa Brasil,0.75,90,0.0,0,0,2001,25,False
2447362,João Pedro Silva,19.0,D,False,1151452800.0,28/06/2006,Azuriz,Figueirense,375853,1985,away,15566102,04/03/2026,Copa Brasil,0.75,46,0.0,0,0,2006,20,True
1905722,Ary Garcia Lima,4.0,D,False,1064793600.0,29/09/2003,Azuriz,Figueirense,375853,1985,away,15566102,04/03/2026,Copa Brasil,0.75,90,0.0,0,0,2003,23,True
1469515,Hygor,2.0,D,False,1082160000.0,17/04/2004,Azuriz,Figueirense,375853,1985,away,15566102,04/03/2026,Copa Brasil,0.75,63,0.0,0,0,2004,22,True
1592343,Jorginho,21.0,M,False,1014249600.0,21/02/2002,Azuriz,Figueirense,375853,1985,away,15566102,04/03/2026,Copa Brasil,0.75,90,0.0,0,0,2002,24,False
2436637,Gabriel Zeca,20.0,M,False,1014076800.0,19/02/2002,Azuriz,Figueirense,375853,1985,away,15566102,04/03/2026,Copa Brasil,0.75,90,0.0,0,0,2002,24,False
1467125,Vinício,6.0,D,False,957225600.0,02/05/2000,Azuriz,Figueirense,375853,1985,away,15566102,04/03/2026,Copa Brasil,0.75,90,0.0,0,0,2000,26,False
1123275,Gabriel Caetano,10.0,M,False,1020470400.0,04/05/2002,Azuriz,Figueirense,375853,1985,away,15566102,04/03/2026,Copa Brasil,0.75,77,0.0,0,0,2002,24,False
1468294,Lucas Santos Balotelli,18.0,F,False,1106784000.0,27/01/2005,Azuriz,Figueirense,375853,1985,away,15566102,04/03/2026,Copa Brasil,0.75,46,0.0,0,0,2005,21,True
1166468,Zé Hugo,11.0,F,False,940118400.0,17/10/1999,Azuriz,Figueirense,375853,1985,away,15566102,04/03/2026,Copa Brasil,0.75,77,0.0,0,0,1999,27,False
2177855,Marquinhos,14.0,F,True,1114732800.0,29/04/2005,Azuriz,Figueirense,375853,1985,away,15566102,04/03/2026,Copa Brasil,0.75,44,0.0,0,0,2005,21,True
1107587,Matheus Guimarães,9.0,F,True,1011744000.0,23/01/2002,Azuriz,Figueirense,375853,1985,away,15566102,04/03/2026,Copa Brasil,0.75,44,0.0,0,0,2002,24,False
2028311,Josimar,15.0,M,True,1116460800.0,19/05/2005,Azuriz,Figueirense,375853,1985,away,15566102,04/03/2026,Copa Brasil,0.75,27,0.0,0,0,2005,21,True
1805180,Gabriel Antonio Oliveira da Silva,5.0,M,True,1154822400.0,06/08/2006,Azuriz,Figueirense,375853,1985,away,15566102,04/03/2026,Copa Brasil,0.75,13,0.0,0,0,2006,20,True
2030884,Marcão,17.0,M,True,1105574400.0,13/01/2005,Azuriz,Figueirense,375853,1985,away,15566102,04/03/2026,Copa Brasil,0.75,13,0.0,0,0,2005,21,True
981402,Paulo Vitor,1.0,G,False,664070400.0,17/01/1991,AE Velo Clube,Vila Nova FC,88736,2021,home,15592407,04/03/2026,Copa Brasil,0.75,90,0.0,0,0,1991,35,False
1631946,Thiago Fernandes,2.0,D,False,1115251200.0,05/05/2005,AE Velo Clube,Vila Nova FC,88736,2021,home,15592407,04/03/2026,Copa Brasil,0.75,86,0.0,0,0,2005,21,True
840209,Marcelo,3.0,D,False,732499200.0,19/03/1993,AE Velo Clube,Vila Nova FC,88736,2021,home,15592407,04/03/2026,Copa Brasil,0.75,90,0.0,0,0,1993,33,False
1634673,Betão,4.0,D,False,929923200.0,21/06/1999,AE Velo Clube,Vila Nova FC,88736,2021,home,15592407,04/03/2026,Copa Brasil,0.75,90,0.0,0,0,1999,27,False
979876,Jhoninha,7.0,F,False,1009584000.0,29/12/2001,AE Velo Clube,Vila Nova FC,88736,2021,home,15592407,04/03/2026,Copa Brasil,0.75,76,0.0,0,0,2001,25,False
557000,Rodrigo,5.0,M,False,760924800.0,11/02/1994,AE Velo Clube,Vila Nova FC,88736,2021,home,15592407,04/03/2026,Copa Brasil,0.75,90,0.0,0,0,1994,32,False
841926,Caique,8.0,D,False,897782400.0,14/06/1998,AE Velo Clube,Vila Nova FC,88736,2021,home,15592407,04/03/2026,Copa Brasil,0.75,90,0.0,0,0,1998,28,False
1120706,Ruan Costa Souza,6.0,D,False,912902400.0,06/12/1998,AE Velo Clube,Vila Nova FC,88736,2021,home,15592407,04/03/2026,Copa Brasil,0.75,86,0.0,0,0,1998,28,False
1117180,Thomas Luciano,20.0,D,False,1010966400.0,14/01/2002,AE Velo Clube,Vila Nova FC,88736,2021,home,15592407,04/03/2026,Copa Brasil,0.75,62,0.0,0,0,2002,24,False
1491582,Lucas Duni de Lima,9.0,F,False,842313600.0,10/09/1996,AE Velo Clube,Vila Nova FC,88736,2021,home,15592407,04/03/2026,Copa Brasil,0.75,46,0.0,0,0,1996,30,False
885691,Rodrigo Alves,10.0,M,False,810691200.0,10/09/1995,AE Velo Clube,Vila Nova FC,88736,2021,home,15592407,04/03/2026,Copa Brasil,0.75,90,0.0,0,0,1995,31,False
1117849,Roberto Baggio,20.0,M,True,821232000.0,10/01/1996,AE Velo Clube,Vila Nova FC,88736,2021,home,15592407,04/03/2026,Copa Brasil,0.75,44,0.0,0,0,1996,30,False
1016723,Adriano,16.0,M,True,935280000.0,22/08/1999,AE Velo Clube,Vila Nova FC,88736,2021,home,15592407,04/03/2026,Copa Brasil,0.75,28,0.0,0,0,1999,27,False
870660,Sillas,18.0,M,True,799632000.0,05/05/1995,AE Velo Clube,Vila Nova FC,88736,2021,home,15592407,04/03/2026,Copa Brasil,0.75,14,0.0,0,0,1995,31,False
1638631,Lucas Mingoti,13.0,D,True,952473600.0,08/03/2000,AE Velo Clube,Vila Nova FC,88736,2021,home,15592407,04/03/2026,Copa Brasil,0.75,4,0.0,0,0,2000,26,False
2463562,Breno Lopes,14.0,D,True,1165017600.0,02/12/2006,AE Velo Clube,Vila Nova FC,88736,2021,home,15592407,04/03/2026,Copa Brasil,0.75,4,0.0,0,0,2006,20,True
870638,Dalberson,29.0,G,False,853113600.0,13/01/1997,Vila Nova FC,AE Velo Clube,2021,88736,away,15592407,04/03/2026,Copa Brasil,0.75,90,0.0,0,0,1997,29,False
807767,Hayner,22.0,D,False,812592000.0,02/10/1995,Vila Nova FC,AE Velo Clube,2021,88736,away,15592407,04/03/2026,Copa Brasil,0.75,90,0.0,0,0,1995,31,False
1650429,Tiago Pagnussat,3.0,D,False,645580800.0,17/06/1990,Vila Nova FC,AE Velo Clube,2021,88736,away,15592407,04/03/2026,Copa Brasil,0.75,90,0.0,0,0,1990,36,False
1105062,Weverton,23.0,D,False,1045526400.0,18/02/2003,Vila Nova FC,AE Velo Clube,2021,88736,away,15592407,04/03/2026,Copa Brasil,0.75,90,0.0,0,0,2003,23,True
929687,Willian Formiga,13.0,D,False,790732800.0,22/01/1995,Vila Nova FC,AE Velo Clube,2021,88736,away,15592407,04/03/2026,Copa Brasil,0.75,88,0.0,0,0,1995,31,False
1046490,João Vieira,5.0,M,False,871257600.0,11/08/1997,Vila Nova FC,AE Velo Clube,2021,88736,away,15592407,04/03/2026,Copa Brasil,0.75,90,0.0,0,0,1997,29,False
1199453,Nathan Camargo,20.0,M,False,1122249600.0,25/07/2005,Vila Nova FC,AE Velo Clube,2021,88736,away,15592407,04/03/2026,Copa Brasil,0.75,90,0.0,0,0,2005,21,True
1639322,Ryan Aparecido Lima Cassiano,11.0,M,False,992822400.0,18/06/2001,Vila Nova FC,AE Velo Clube,2021,88736,away,15592407,04/03/2026,Copa Brasil,0.75,46,0.0,0,0,2001,25,False
90812,Marquinhos Gabriel,10.0,M,False,648518400.0,21/07/1990,Vila Nova FC,AE Velo Clube,2021,88736,away,15592407,04/03/2026,Copa Brasil,0.75,69,0.0,0,0,1990,36,False
876286,André Luís,7.0,F,False,861580800.0,21/04/1997,Vila Nova FC,AE Velo Clube,2021,88736,away,15592407,04/03/2026,Copa Brasil,0.75,69,0.0,0,0,1997,29,False
166503,Dellatorre,49.0,F,False,704678400.0,01/05/1992,Vila Nova FC,AE Velo Clube,2021,88736,away,15592407,04/03/2026,Copa Brasil,0.75,46,0.0,0,0,1992,34,False
870898,Janderson,99.0,M,True,919987200.0,26/02/1999,Vila Nova FC,AE Velo Clube,2021,88736,away,15592407,04/03/2026,Copa Brasil,0.75,44,0.0,0,0,1999,27,False
243963,Rafael Silva,9.0,F,True,702345600.0,04/04/1992,Vila Nova FC,AE Velo Clube,2021,88736,away,15592407,04/03/2026,Copa Brasil,0.75,44,0.0,0,0,1992,34,False
338839,Dodô,21.0,M,True,778723200.0,05/09/1994,Vila Nova FC,AE Velo Clube,2021,88736,away,15592407,04/03/2026,Copa Brasil,0.75,21,0.0,0,0,1994,32,False
1105974,Emerson Urso,70.0,M,True,989712000.0,13/05/2001,Vila Nova FC,AE Velo Clube,2021,88736,away,15592407,04/03/2026,Copa Brasil,0.75,21,0.0,0,0,2001,25,False
1991456,Higor,6.0,D,True,1104105600.0,27/12/2004,Vila Nova FC,AE Velo Clube,2021,88736,away,15592407,04/03/2026,Copa Brasil,0.75,2,0.0,0,0,2004,22,True
926826,Mota,31.0,G,False,480384000.0,23/03/1985,Nova Iguaçu,Lagarto FC,6981,144856,home,15566091,04/03/2026,Copa Brasil,0.75,90,0.0,0,0,1985,41,False
868039,Yan Silva,4.0,D,False,824688000.0,19/02/1996,Nova Iguaçu,Lagarto FC,6981,144856,home,15566091,04/03/2026,Copa Brasil,0.75,90,0.0,0,0,1996,30,False
1106777,Davi,2.0,D,False,1012435200.0,31/01/2002,Nova Iguaçu,Lagarto FC,6981,144856,home,15566091,04/03/2026,Copa Brasil,0.75,90,0.0,0,0,2002,24,False
555612,Sidney Pages,6.0,D,False,759715200.0,28/01/1994,Nova Iguaçu,Lagarto FC,6981,144856,home,15566091,04/03/2026,Copa Brasil,0.75,46,0.0,0,0,1994,32,False
1174655,Wender,3.0,D,False,899510400.0,04/07/1998,Nova Iguaçu,Lagarto FC,6981,144856,home,15566091,04/03/2026,Copa Brasil,0.75,46,0.0,0,0,1998,28,False
1046975,Léo Rafael,8.0,M,False,988156800.0,25/04/2001,Nova Iguaçu,Lagarto FC,6981,144856,home,15566091,04/03/2026,Copa Brasil,0.75,90,0.0,0,0,2001,25,False
1017011,Jorge Pedra,5.0,M,False,937267200.0,14/09/1999,Nova Iguaçu,Lagarto FC,6981,144856,home,15566091,04/03/2026,Copa Brasil,0.75,64,0.0,0,0,1999,27,False
2050675,João Pedro,11.0,M,False,1075852800.0,04/02/2004,Nova Iguaçu,Lagarto FC,6981,144856,home,15566091,04/03/2026,Copa Brasil,0.75,58,0.0,0,0,2004,22,True
1645840,Xandinho,7.0,F,False,862272000.0,29/04/1997,Nova Iguaçu,Lagarto FC,6981,144856,home,15566091,04/03/2026,Copa Brasil,0.75,90,0.0,0,0,1997,29,False
979650,Luan Capanni,9.0,F,False,958780800.0,20/05/2000,Nova Iguaçu,Lagarto FC,6981,144856,home,15566091,04/03/2026,Copa Brasil,0.75,58,0.0,0,0,2000,26,False
1499920,Lucas Cruz,10.0,M,False,1084665600.0,16/05/2004,Nova Iguaçu,Lagarto FC,6981,144856,home,15566091,04/03/2026,Copa Brasil,0.75,90,0.0,1,0,2004,22,True
2026528,Lucas Cirilo,13.0,D,True,1108512000.0,16/02/2005,Nova Iguaçu,Lagarto FC,6981,144856,home,15566091,04/03/2026,Copa Brasil,0.75,44,0.0,0,0,2005,21,True
1173236,Guilherme Kayron,22.0,D,True,1042502400.0,14/01/2003,Nova Iguaçu,Lagarto FC,6981,144856,home,15566091,04/03/2026,Copa Brasil,0.75,44,0.0,0,0,2003,23,True
1639082,Rickelme Lopes,20.0,M,True,1002499200.0,08/10/2001,Nova Iguaçu,Lagarto FC,6981,144856,home,15566091,04/03/2026,Copa Brasil,0.75,32,0.0,0,0,2001,25,False
1117595,Vinicius Charopem,19.0,F,True,898819200.0,26/06/1998,Nova Iguaçu,Lagarto FC,6981,144856,home,15566091,04/03/2026,Copa Brasil,0.75,32,0.0,0,0,1998,28,False
1034343,Pedro Thomaz Menta de Souza,15.0,M,True,951264000.0,23/02/2000,Nova Iguaçu,Lagarto FC,6981,144856,home,15566091,04/03/2026,Copa Brasil,0.75,26,0.0,0,0,2000,26,False
866905,Anderson Max,1.0,G,False,527817600.0,23/09/1986,Lagarto FC,Nova Iguaçu,144856,6981,away,15566091,04/03/2026,Copa Brasil,0.75,90,0.0,0,0,1986,40,False
2492815,Pedro Henrique de Santana Borges,2.0,D,False,,,Lagarto FC,Nova Iguaçu,144856,6981,away,15566091,04/03/2026,Copa Brasil,0.75,77,0.0,0,0,0,0,False
2492817,Davi dos Santos,3.0,D,False,,,Lagarto FC,Nova Iguaçu,144856,6981,away,15566091,04/03/2026,Copa Brasil,0.75,90,0.0,0,0,0,0,False
869449,Hitalo Rogério,4.0,D,False,587260800.0,11/08/1988,Lagarto FC,Nova Iguaçu,144856,6981,away,15566091,04/03/2026,Copa Brasil,0.75,90,0.0,0,0,1988,38,False
1199478,Emanuel Pereira,6.0,D,False,1056240000.0,22/06/2003,Lagarto FC,Nova Iguaçu,144856,6981,away,15566091,04/03/2026,Copa Brasil,0.75,90,0.0,0,0,2003,23,True
1589381,Diogo Crispim,8.0,M,False,1045094400.0,13/02/2003,Lagarto FC,Nova Iguaçu,144856,6981,away,15566091,04/03/2026,Copa Brasil,0.75,90,0.0,0,0,2003,23,True
1117774,Maxsuel,5.0,D,False,903657600.0,21/08/1998,Lagarto FC,Nova Iguaçu,144856,6981,away,15566091,04/03/2026,Copa Brasil,0.75,89,0.0,0,0,1998,28,False
981625,Junior Palmares,10.0,M,False,860976000.0,14/04/1997,Lagarto FC,Nova Iguaçu,144856,6981,away,15566091,04/03/2026,Copa Brasil,0.75,70,0.0,0,0,1997,29,False
1021656,Erik Gabriel,18.0,F,False,916531200.0,17/01/1999,Lagarto FC,Nova Iguaçu,144856,6981,away,15566091,04/03/2026,Copa Brasil,0.75,69,0.0,1,0,1999,27,False
1147005,Rodriguinho,9.0,F,False,987465600.0,17/04/2001,Lagarto FC,Nova Iguaçu,144856,6981,away,15566091,04/03/2026,Copa Brasil,0.75,90,0.0,0,0,2001,25,False
912293,Natan,7.0,M,False,952732800.0,11/03/2000,Lagarto FC,Nova Iguaçu,144856,6981,away,15566091,04/03/2026,Copa Brasil,0.75,76,0.0,0,0,2000,26,False
973909,Denis,17.0,F,True,792374400.0,10/02/1995,Lagarto FC,Nova Iguaçu,144856,6981,away,15566091,04/03/2026,Copa Brasil,0.75,21,0.0,0,0,1995,31,False
2492812,Bruno Silva Britto,12.0,F,True,,,Lagarto FC,Nova Iguaçu,144856,6981,away,15566091,04/03/2026,Copa Brasil,0.75,20,0.0,0,0,0,0,False
2492813,Adelan Santos da Silva,13.0,M,True,,,Lagarto FC,Nova Iguaçu,144856,6981,away,15566091,04/03/2026,Copa Brasil,0.75,14,0.0,0,0,0,0,False
1047659,Dadinha,15.0,D,True,860371200.0,07/04/1997,Lagarto FC,Nova Iguaçu,144856,6981,away,15566091,04/03/2026,Copa Brasil,0.75,13,0.0,0,0,1997,29,False
857143,Leozao,14.0,D,True,676166400.0,06/06/1991,Lagarto FC,Nova Iguaçu,144856,6981,away,15566091,04/03/2026,Copa Brasil,0.75,1,0.0,0,0,1991,35,False
166485,Vinicius,1.0,G,False,468806400.0,09/11/1984,Tuna Luso,Tocantinópolis,333422,215371,home,15566100,04/03/2026,Copa Brasil,0.75,90,0.0,0,0,1984,42,False
985460,Luã Niger,13.0,D,False,924912000.0,24/04/1999,Tuna Luso,Tocantinópolis,333422,215371,home,15566100,04/03/2026,Copa Brasil,0.75,68,0.0,1,0,1999,27,False
1021454,Douglas,19.0,D,False,850435200.0,13/12/1996,Tuna Luso,Tocantinópolis,333422,215371,home,15566100,04/03/2026,Copa Brasil,0.75,90,0.0,0,0,1996,30,False
2044346,Meyson Welter do Amaral,4.0,D,False,922406400.0,26/03/1999,Tuna Luso,Tocantinópolis,333422,215371,home,15566100,04/03/2026,Copa Brasil,0.75,90,0.0,0,0,1999,27,False
866524,Wesley Raizeman,6.0,D,False,706752000.0,25/05/1992,Tuna Luso,Tocantinópolis,333422,215371,home,15566100,04/03/2026,Copa Brasil,0.75,68,0.0,0,0,1992,34,False
870950,Gustavo Henrique,5.0,M,False,707356800.0,01/06/1992,Tuna Luso,Tocantinópolis,333422,215371,home,15566100,04/03/2026,Copa Brasil,0.75,64,0.0,0,0,1992,34,False
2492837,Wanderlan,8.0,M,False,,,Tuna Luso,Tocantinópolis,333422,215371,home,15566100,04/03/2026,Copa Brasil,0.75,90,0.0,0,0,0,0,False
584378,Jayme,7.0,M,False,732585600.0,20/03/1993,Tuna Luso,Tocantinópolis,333422,215371,home,15566100,04/03/2026,Copa Brasil,0.75,90,0.0,2,0,1993,33,False
2127830,Tulio Lima da Silva,10.0,M,False,943142400.0,21/11/1999,Tuna Luso,Tocantinópolis,333422,215371,home,15566100,04/03/2026,Copa Brasil,0.75,90,0.0,0,0,1999,27,False
1640980,Otávio Henrique da Silva,17.0,M,False,921974400.0,21/03/1999,Tuna Luso,Tocantinópolis,333422,215371,home,15566100,04/03/2026,Copa Brasil,0.75,74,0.0,0,0,1999,27,False
879596,Paulo Rangel,9.0,F,False,476323200.0,04/02/1985,Tuna Luso,Tocantinópolis,333422,215371,home,15566100,04/03/2026,Copa Brasil,0.75,64,0.0,1,0,1985,41,False
2025346,Janderson Iago Sa da Silva,21.0,M,True,1085097600.0,21/05/2004,Tuna Luso,Tocantinópolis,333422,215371,home,15566100,04/03/2026,Copa Brasil,0.75,26,0.0,0,0,2004,22,True
1952569,Saint  Clair Carvalho,23.0,F,True,1121644800.0,18/07/2005,Tuna Luso,Tocantinópolis,333422,215371,home,15566100,04/03/2026,Copa Brasil,0.75,26,0.0,0,0,2005,21,True
1186547,Alan Maia,22.0,D,True,787190400.0,12/12/1994,Tuna Luso,Tocantinópolis,333422,215371,home,15566100,04/03/2026,Copa Brasil,0.75,22,0.0,0,0,1994,32,False
1186544,Marcinho,2.0,D,True,793411200.0,22/02/1995,Tuna Luso,Tocantinópolis,333422,215371,home,15566100,04/03/2026,Copa Brasil,0.75,22,0.0,0,0,1995,31,False
1019556,Everson Bilau,11.0,F,True,640310400.0,17/04/1990,Tuna Luso,Tocantinópolis,333422,215371,home,15566100,04/03/2026,Copa Brasil,0.75,16,0.0,0,0,1990,36,False
1102388,Heitor Gatti Silva,23.0,G,False,988588800.0,30/04/2001,Tocantinópolis,Tuna Luso,215371,333422,away,15566100,04/03/2026,Copa Brasil,0.75,90,0.0,0,0,2001,25,False
873125,Daelson,2.0,D,False,727920000.0,25/01/1993,Tocantinópolis,Tuna Luso,215371,333422,away,15566100,04/03/2026,Copa Brasil,0.75,84,0.0,0,0,1993,33,False
2492843,João Pedro,3.0,D,False,,,Tocantinópolis,Tuna Luso,215371,333422,away,15566100,04/03/2026,Copa Brasil,0.75,90,0.0,0,0,0,0,False
1148454,Arthur Tiotônio,4.0,D,False,949104000.0,29/01/2000,Tocantinópolis,Tuna Luso,215371,333422,away,15566100,04/03/2026,Copa Brasil,0.75,90,0.0,0,0,2000,26,False
1654824,Adriel Bezerra,6.0,D,False,1001635200.0,28/09/2001,Tocantinópolis,Tuna Luso,215371,333422,away,15566100,04/03/2026,Copa Brasil,0.75,61,0.0,0,0,2001,25,False
241472,Rogério,17.0,F,False,661996800.0,24/12/1990,Tocantinópolis,Tuna Luso,215371,333422,away,15566100,04/03/2026,Copa Brasil,0.75,61,0.0,0,0,1990,36,False
1177439,Kaycky Alemão,8.0,M,False,980467200.0,26/01/2001,Tocantinópolis,Tuna Luso,215371,333422,away,15566100,04/03/2026,Copa Brasil,0.75,90,0.0,0,0,2001,25,False
1182077,Henrique,5.0,M,False,663292800.0,08/01/1991,Tocantinópolis,Tuna Luso,215371,333422,away,15566100,04/03/2026,Copa Brasil,0.75,46,0.0,0,0,1991,35,False
1121570,José Hitalo,11.0,M,False,916099200.0,12/01/1999,Tocantinópolis,Tuna Luso,215371,333422,away,15566100,04/03/2026,Copa Brasil,0.75,90,0.0,0,0,1999,27,False
1188453,Dhonata,10.0,M,False,886377600.0,02/02/1998,Tocantinópolis,Tuna Luso,215371,333422,away,15566100,04/03/2026,Copa Brasil,0.75,84,0.0,0,0,1998,28,False
835660,Rômulo Cabral,9.0,F,False,689040000.0,02/11/1991,Tocantinópolis,Tuna Luso,215371,333422,away,15566100,04/03/2026,Copa Brasil,0.75,90,0.0,0,0,1991,35,False
1545554,Emerson de Carvalho,20.0,M,True,929491200.0,16/06/1999,Tocantinópolis,Tuna Luso,215371,333422,away,15566100,04/03/2026,Copa Brasil,0.75,44,0.0,0,0,1999,27,False
1109218,Robson Negueba,16.0,D,True,952473600.0,08/03/2000,Tocantinópolis,Tuna Luso,215371,333422,away,15566100,04/03/2026,Copa Brasil,0.75,29,0.0,0,0,2000,26,False
2050297,Pedro Henrique,7.0,M,True,1114992000.0,02/05/2005,Tocantinópolis,Tuna Luso,215371,333422,away,15566100,04/03/2026,Copa Brasil,0.75,29,0.0,1,0,2005,21,True
343603,Bruno Moura,20.0,D,True,710985600.0,13/07/1992,Tocantinópolis,Tuna Luso,215371,333422,away,15566100,04/03/2026,Copa Brasil,0.75,6,0.0,0,0,1992,34,False
1641255,Samuel Barbosa Costa,18.0,F,True,1019088000.0,18/04/2002,Tocantinópolis,Tuna Luso,215371,333422,away,15566100,04/03/2026,Copa Brasil,0.75,6,0.0,0,0,2002,24,False
1488035,Léo Aragão,41.0,G,False,1019174400.0,19/04/2002,Avaí,Porto Vitória,7315,458774,home,15566108,04/03/2026,Copa Brasil,0.75,90,0.0,0,0,2002,24,False
988671,Wallison,2.0,D,False,995932800.0,24/07/2001,Avaí,Porto Vitória,7315,458774,home,15566108,04/03/2026,Copa Brasil,0.75,90,0.0,0,0,2001,25,False
809194,Allyson,3.0,D,False,656640000.0,23/10/1990,Avaí,Porto Vitória,7315,458774,home,15566108,04/03/2026,Copa Brasil,0.75,90,0.0,0,0,1990,36,False
1915491,Bruno Gonçalves Baldini,55.0,D,False,1174348800.0,20/03/2007,Avaí,Porto Vitória,7315,458774,home,15566108,04/03/2026,Copa Brasil,0.75,90,0.0,0,0,2007,19,True
1609565,Douglas da Silva Teixeira,36.0,D,False,985824000.0,29/03/2001,Avaí,Porto Vitória,7315,458774,home,15566108,04/03/2026,Copa Brasil,0.75,90,0.0,0,0,2001,25,False
840132,Zé Ricardo,77.0,M,False,826329600.0,09/03/1996,Avaí,Porto Vitória,7315,458774,home,15566108,04/03/2026,Copa Brasil,0.75,90,0.0,0,0,1996,30,False
1015283,Luiz Henrique,8.0,M,False,921715200.0,18/03/1999,Avaí,Porto Vitória,7315,458774,home,15566108,04/03/2026,Copa Brasil,0.75,83,0.0,0,0,1999,27,False
1633708,Thayllon Roberth,43.0,F,False,1155772800.0,17/08/2006,Avaí,Porto Vitória,7315,458774,home,15566108,04/03/2026,Copa Brasil,0.75,60,0.0,2,0,2006,20,True
862256,Daniel Penha,14.0,M,False,908582400.0,17/10/1998,Avaí,Porto Vitória,7315,458774,home,15566108,04/03/2026,Copa Brasil,0.75,83,0.0,0,0,1998,28,False
902684,Jean Lucas,10.0,M,False,795744000.0,21/03/1995,Avaí,Porto Vitória,7315,458774,home,15566108,04/03/2026,Copa Brasil,0.75,46,0.0,0,0,1995,31,False
308058,Felipe Avenatti,9.0,F,False,767318400.0,26/04/1994,Avaí,Porto Vitória,7315,458774,home,15566108,04/03/2026,Copa Brasil,0.75,60,0.0,0,0,1994,32,False
1488136,Paulo Vitor,26.0,M,True,1093478400.0,26/08/2004,Avaí,Porto Vitória,7315,458774,home,15566108,04/03/2026,Copa Brasil,0.75,44,0.0,0,0,2004,22,True
959005,Rafael Bilú,7.0,F,True,924652800.0,21/04/1999,Avaí,Porto Vitória,7315,458774,home,15566108,04/03/2026,Copa Brasil,0.75,30,0.0,1,0,1999,27,False
2436887,Walace dos Santos França,57.0,F,True,1124841600.0,24/08/2005,Avaí,Porto Vitória,7315,458774,home,15566108,04/03/2026,Copa Brasil,0.75,30,0.0,0,0,2005,21,True
2040065,Jamerson dos Santos Nascimento,16.0,D,True,1161475200.0,22/10/2006,Avaí,Porto Vitória,7315,458774,home,15566108,04/03/2026,Copa Brasil,0.75,7,0.0,0,0,2006,20,True
215954,Cristiano,30.0,M,True,537408000.0,12/01/1987,Avaí,Porto Vitória,7315,458774,home,15566108,04/03/2026,Copa Brasil,0.75,7,0.0,0,0,1987,39,False
986906,Rafael Mariano,1.0,G,False,656726400.0,24/10/1990,Porto Vitória,Avaí,458774,7315,away,15566108,04/03/2026,Copa Brasil,0.75,90,0.0,0,0,1990,36,False
870689,Kellyton,2.0,D,False,794620800.0,08/03/1995,Porto Vitória,Avaí,458774,7315,away,15566108,04/03/2026,Copa Brasil,0.75,90,0.0,0,0,1995,31,False
864806,João Victor Moraes Vasconcelos,3.0,M,False,1085616000.0,27/05/2004,Porto Vitória,Avaí,458774,7315,away,15566108,04/03/2026,Copa Brasil,0.75,90,0.0,0,0,2004,22,True
1047783,Lucas Peres Ferreira de Campos,4.0,D,False,1019865600.0,27/04/2002,Porto Vitória,Avaí,458774,7315,away,15566108,04/03/2026,Copa Brasil,0.75,90,0.0,0,0,2002,24,False
870343,Thallyson,6.0,D,False,691545600.0,01/12/1991,Porto Vitória,Avaí,458774,7315,away,15566108,04/03/2026,Copa Brasil,0.75,90,0.0,0,0,1991,35,False
1991505,Henrique Melo Pereira,8.0,M,False,1099612800.0,05/11/2004,Porto Vitória,Avaí,458774,7315,away,15566108,04/03/2026,Copa Brasil,0.75,63,0.0,0,0,2004,22,True
868019,Marcelo Gama,5.0,M,False,815097600.0,31/10/1995,Porto Vitória,Avaí,458774,7315,away,15566108,04/03/2026,Copa Brasil,0.75,90,0.0,0,0,1995,31,False
329141,Renato Henrique,10.0,F,False,750211200.0,10/10/1993,Porto Vitória,Avaí,458774,7315,away,15566108,04/03/2026,Copa Brasil,0.75,46,0.0,0,0,1993,33,False
1020310,Matheus Firmino,11.0,F,False,928540800.0,05/06/1999,Porto Vitória,Avaí,458774,7315,away,15566108,04/03/2026,Copa Brasil,0.75,90,0.0,0,0,1999,27,False
973842,Pedro Felipe,9.0,F,False,785548800.0,23/11/1994,Porto Vitória,Avaí,458774,7315,away,15566108,04/03/2026,Copa Brasil,0.75,63,0.0,0,0,1994,32,False
1174554,Rian Felipe,7.0,M,False,1001030400.0,21/09/2001,Porto Vitória,Avaí,458774,7315,away,15566108,04/03/2026,Copa Brasil,0.75,63,0.0,0,0,2001,25,False
1588292,Adriano Sousa Bispo,19.0,F,True,1121040000.0,11/07/2005,Porto Vitória,Avaí,458774,7315,away,15566108,04/03/2026,Copa Brasil,0.75,44,0.0,0,0,2005,21,True
1466770,Matheus Santos,15.0,M,True,971740800.0,17/10/2000,Porto Vitória,Avaí,458774,7315,away,15566108,04/03/2026,Copa Brasil,0.75,27,0.0,0,0,2000,26,False
796121,Victor Rangel,18.0,F,True,652752000.0,08/09/1990,Porto Vitória,Avaí,458774,7315,away,15566108,04/03/2026,Copa Brasil,0.75,27,0.0,0,0,1990,36,False
925247,Luiz Henrique,20.0,F,True,980380800.0,25/01/2001,Porto Vitória,Avaí,458774,7315,away,15566108,04/03/2026,Copa Brasil,0.75,27,0.0,0,0,2001,25,False
2455567,Josué,17.0,F,True,926726400.0,15/05/1999,Porto Vitória,Avaí,458774,7315,away,15566108,04/03/2026,Copa Brasil,0.75,1,0.0,0,0,1999,27,False
839762,Jory,1.0,G,False,826675200.0,13/03/1996,Betim Futebol,Operário-PR,368413,39634,home,15625739,04/03/2026,Copa Brasil,0.75,90,0.0,0,0,1996,30,False
1589436,Pedro Henrique,6.0,D,False,1070928000.0,09/12/2003,Betim Futebol,Operário-PR,368413,39634,home,15625739,04/03/2026,Copa Brasil,0.75,90,0.0,0,0,2003,23,True
995392,Talison,4.0,D,False,959904000.0,02/06/2000,Betim Futebol,Operário-PR,368413,39634,home,15625739,04/03/2026,Copa Brasil,0.75,90,0.0,0,0,2000,26,False
2440996,Jean Carlos,3.0,D,False,955324800.0,10/04/2000,Betim Futebol,Operário-PR,368413,39634,home,15625739,04/03/2026,Copa Brasil,0.75,90,0.0,0,0,2000,26,False
1105085,Danilo Belão,2.0,D,False,860198400.0,05/04/1997,Betim Futebol,Operário-PR,368413,39634,home,15625739,04/03/2026,Copa Brasil,0.75,58,0.0,0,0,1997,29,False
877472,Erick Salles,7.0,M,False,788400000.0,26/12/1994,Betim Futebol,Operário-PR,368413,39634,home,15625739,04/03/2026,Copa Brasil,0.75,90,0.0,0,0,1994,32,False
1137856,Riquelmy,13.0,M,False,1018483200.0,11/04/2002,Betim Futebol,Operário-PR,368413,39634,home,15625739,04/03/2026,Copa Brasil,0.75,70,0.0,0,0,2002,24,False
922580,Arilson,15.0,M,False,754617600.0,30/11/1993,Betim Futebol,Operário-PR,368413,39634,home,15625739,04/03/2026,Copa Brasil,0.75,70,0.0,0,0,1993,33,False
875231,Jhemerson,10.0,M,False,854323200.0,27/01/1997,Betim Futebol,Operário-PR,368413,39634,home,15625739,04/03/2026,Copa Brasil,0.75,70,0.0,0,0,1997,29,False
1046441,Vitor Mafra,8.0,M,False,1024963200.0,25/06/2002,Betim Futebol,Operário-PR,368413,39634,home,15625739,04/03/2026,Copa Brasil,0.75,90,0.0,0,0,2002,24,False
241502,Paulo Henrique,9.0,F,False,741571200.0,02/07/1993,Betim Futebol,Operário-PR,368413,39634,home,15625739,04/03/2026,Copa Brasil,0.75,83,0.0,0,0,1993,33,False
1067454,Júnior Fialho,11.0,F,True,903484800.0,19/08/1998,Betim Futebol,Operário-PR,368413,39634,home,15625739,04/03/2026,Copa Brasil,0.75,32,0.0,0,0,1998,28,False
1485308,Gabriel Caipira,23.0,D,True,1108425600.0,15/02/2005,Betim Futebol,Operário-PR,368413,39634,home,15625739,04/03/2026,Copa Brasil,0.75,20,0.0,0,0,2005,21,True
1086290,Luiz Felipe,18.0,M,True,961027200.0,15/06/2000,Betim Futebol,Operário-PR,368413,39634,home,15625739,04/03/2026,Copa Brasil,0.75,20,0.0,0,0,2000,26,False
1117837,Maycon Rangel,21.0,F,True,926380800.0,11/05/1999,Betim Futebol,Operário-PR,368413,39634,home,15625739,04/03/2026,Copa Brasil,0.75,20,0.0,0,0,1999,27,False
2040730,Cauã Marangoni dos Santos,22.0,M,True,1089763200.0,14/07/2004,Betim Futebol,Operário-PR,368413,39634,home,15625739,04/03/2026,Copa Brasil,0.75,7,0.0,0,0,2004,22,True
110843,Vágner,33.0,G,False,518400000.0,06/06/1986,Operário-PR,Betim Futebol,39634,368413,away,15625739,04/03/2026,Copa Brasil,0.75,90,0.0,0,0,1986,40,False
926868,Miranda,16.0,D,False,948240000.0,19/01/2000,Operário-PR,Betim Futebol,39634,368413,away,15625739,04/03/2026,Copa Brasil,0.75,90,0.0,0,0,2000,26,False
1098309,José Cuenú,22.0,D,False,792979200.0,17/02/1995,Operário-PR,Betim Futebol,39634,368413,away,15625739,04/03/2026,Copa Brasil,0.75,90,0.0,0,0,1995,31,False
2154297,Jhan Pool,18.0,D,False,989280000.0,08/05/2001,Operário-PR,Betim Futebol,39634,368413,away,15625739,04/03/2026,Copa Brasil,0.75,90,0.0,0,0,2001,25,False
877139,Moraes Júnior,6.0,D,False,873504000.0,06/09/1997,Operário-PR,Betim Futebol,39634,368413,away,15625739,04/03/2026,Copa Brasil,0.75,66,0.0,0,0,1997,29,False
981621,Índio,5.0,M,False,720403200.0,30/10/1992,Operário-PR,Betim Futebol,39634,368413,away,15625739,04/03/2026,Copa Brasil,0.75,70,0.0,0,0,1992,34,False
1652832,Vinicius Diniz Dall Antonia,20.0,M,False,932860800.0,25/07/1999,Operário-PR,Betim Futebol,39634,368413,away,15625739,04/03/2026,Copa Brasil,0.75,90,0.0,0,0,1999,27,False
358540,Gabriel Boschilia,10.0,M,False,825984000.0,05/03/1996,Operário-PR,Betim Futebol,39634,368413,away,15625739,04/03/2026,Copa Brasil,0.75,90,0.0,1,0,1996,30,False
855966,Edwin Torres,29.0,M,False,879033600.0,09/11/1997,Operário-PR,Betim Futebol,39634,368413,away,15625739,04/03/2026,Copa Brasil,0.75,70,0.0,0,0,1997,29,False
364528,Aylon,11.0,F,False,702604800.0,07/04/1992,Operário-PR,Betim Futebol,39634,368413,away,15625739,04/03/2026,Copa Brasil,0.75,63,0.0,0,0,1992,34,False
374486,Pablo,92.0,F,False,709257600.0,23/06/1992,Operário-PR,Betim Futebol,39634,368413,away,15625739,04/03/2026,Copa Brasil,0.75,63,0.0,0,0,1992,34,False
352880,Hildeberto Pereira,14.0,F,True,825724800.0,02/03/1996,Operário-PR,Betim Futebol,39634,368413,away,15625739,04/03/2026,Copa Brasil,0.75,27,0.0,1,0,1996,30,False
1069410,Léo Gaúcho,99.0,F,True,996796800.0,03/08/2001,Operário-PR,Betim Futebol,39634,368413,away,15625739,04/03/2026,Copa Brasil,0.75,27,0.0,0,0,2001,25,False
1463925,Gabriel Feliciano,27.0,D,True,996105600.0,26/07/2001,Operário-PR,Betim Futebol,39634,368413,away,15625739,04/03/2026,Copa Brasil,0.75,24,0.0,0,0,2001,25,False
852556,Matheus Trindade,39.0,M,True,825984000.0,05/03/1996,Operário-PR,Betim Futebol,39634,368413,away,15625739,04/03/2026,Copa Brasil,0.75,20,0.0,0,0,1996,30,False
847089,Felipe Augusto,7.0,F,True,699840000.0,06/03/1992,Operário-PR,Betim Futebol,39634,368413,away,15625739,04/03/2026,Copa Brasil,0.75,20,0.0,0,0,1992,34,False
1829773,Francisco Pablo Alves Da Silva,1.0,,False,939513600.0,10/10/1999,Capital FC,Manaus,339670,283918,home,15591979,04/03/2026,Copa Brasil,0.75,90,0.0,0,0,1999,27,False
2492845,Rogério Zuin,2.0,D,False,,,Capital FC,Manaus,339670,283918,home,15591979,04/03/2026,Copa Brasil,0.75,90,0.0,0,0,0,0,False
1589170,Lucas Luiz da Silva,3.0,D,False,1062115200.0,29/08/2003,Capital FC,Manaus,339670,283918,home,15591979,04/03/2026,Copa Brasil,0.75,69,0.0,0,0,2003,23,True
2441801,Mateus Jeferson Nascimento da Silva,4.0,D,False,1041465600.0,02/01/2003,Capital FC,Manaus,339670,283918,home,15591979,04/03/2026,Copa Brasil,0.75,90,0.0,0,0,2003,23,True
243731,Felipe Guedes,6.0,M,False,675993600.0,04/06/1991,Capital FC,Manaus,339670,283918,home,15591979,04/03/2026,Copa Brasil,0.75,90,0.0,0,0,1991,35,False
1190343,Rian Alves,5.0,M,False,1082592000.0,22/04/2004,Capital FC,Manaus,339670,283918,home,15591979,04/03/2026,Copa Brasil,0.75,90,0.0,0,0,2004,22,True
2492847,Monteiro,8.0,,False,,,Capital FC,Manaus,339670,283918,home,15591979,04/03/2026,Copa Brasil,0.75,90,0.0,0,0,0,0,False
2492849,Italo lima,10.0,,False,,,Capital FC,Manaus,339670,283918,home,15591979,04/03/2026,Copa Brasil,0.75,90,0.0,0,0,0,0,False
2492850,Rhaillam,,,False,,,Capital FC,Manaus,339670,283918,home,15591979,04/03/2026,Copa Brasil,0.75,69,0.0,1,0,0,0,False
2492848,Pedro Testa,9.0,,False,,,Capital FC,Manaus,339670,283918,home,15591979,04/03/2026,Copa Brasil,0.75,63,0.0,0,0,0,0,False
2492846,Lucas,7.0,,False,,,Capital FC,Manaus,339670,283918,home,15591979,04/03/2026,Copa Brasil,0.75,90,0.0,0,0,0,0,False
2492828,Douglas Marques dos Santos,17.0,F,True,,,Capital FC,Manaus,339670,283918,home,15591979,04/03/2026,Copa Brasil,0.75,27,0.0,0,0,0,0,False
2027084,Pedro Henrique Tiburcio Machado,16.0,D,True,,,Capital FC,Manaus,339670,283918,home,15591979,04/03/2026,Copa Brasil,0.75,21,0.0,0,0,0,0,False
1474324,Renan,20.0,F,True,1053734400.0,24/05/2003,Capital FC,Manaus,339670,283918,home,15591979,04/03/2026,Copa Brasil,0.75,21,0.0,0,0,2003,23,True
2492836,Pedro Antonio Borges Silva,19.0,G,True,,,Capital FC,Manaus,339670,283918,home,15591979,04/03/2026,Copa Brasil,0.75,1,0.0,0,0,0,0,False
2492839,Walber Pires Milhomem Junior,23.0,M,True,,,Capital FC,Manaus,339670,283918,home,15591979,04/03/2026,Copa Brasil,0.75,1,0.0,0,0,0,0,False
1609676,Eugenio Henrique Neto,1.0,G,False,900547200.0,16/07/1998,Manaus,Capital FC,283918,339670,away,15591979,04/03/2026,Copa Brasil,0.75,90,0.0,0,0,1998,28,False
1588145,Diego Mota Barbosa,14.0,D,False,1014422400.0,23/02/2002,Manaus,Capital FC,283918,339670,away,15591979,04/03/2026,Copa Brasil,0.75,90,0.0,0,0,2002,24,False
1046549,Gutierrez,3.0,D,False,836784000.0,08/07/1996,Manaus,Capital FC,283918,339670,away,15591979,04/03/2026,Copa Brasil,0.75,90,0.0,0,0,1996,30,False
870673,David Luis,6.0,D,False,803347200.0,17/06/1995,Manaus,Capital FC,283918,339670,away,15591979,04/03/2026,Copa Brasil,0.75,90,0.0,0,0,1995,31,False
1180763,Savio Araujo,7.0,M,False,978134400.0,30/12/2000,Manaus,Capital FC,283918,339670,away,15591979,04/03/2026,Copa Brasil,0.75,46,0.0,0,0,2000,26,False
1588004,Wallace,5.0,M,False,1049241600.0,02/04/2003,Manaus,Capital FC,283918,339670,away,15591979,04/03/2026,Copa Brasil,0.75,90,0.0,0,0,2003,23,True
1385761,Neko,8.0,M,False,982627200.0,20/02/2001,Manaus,Capital FC,283918,339670,away,15591979,04/03/2026,Copa Brasil,0.75,90,0.0,0,0,2001,25,False
1474375,Tico,19.0,D,False,998352000.0,21/08/2001,Manaus,Capital FC,283918,339670,away,15591979,04/03/2026,Copa Brasil,0.75,70,0.0,0,0,2001,25,False
1590311,Cauã Lucca,30.0,M,False,1085616000.0,27/05/2004,Manaus,Capital FC,283918,339670,away,15591979,04/03/2026,Copa Brasil,0.75,46,0.0,0,0,2004,22,True
988753,Anderson Cordeiro,23.0,F,False,907977600.0,10/10/1998,Manaus,Capital FC,283918,339670,away,15591979,04/03/2026,Copa Brasil,0.75,58,0.0,1,0,1998,28,False
975442,Leo Reis,9.0,F,False,929491200.0,16/06/1999,Manaus,Capital FC,283918,339670,away,15591979,04/03/2026,Copa Brasil,0.75,66,0.0,0,0,1999,27,False
827331,Caíque Valdivia,10.0,M,True,717206400.0,23/09/1992,Manaus,Capital FC,283918,339670,away,15591979,04/03/2026,Copa Brasil,0.75,44,0.0,0,0,1992,34,False
1048963,Ronald,11.0,M,True,1028937600.0,10/08/2002,Manaus,Capital FC,283918,339670,away,15591979,04/03/2026,Copa Brasil,0.75,44,0.0,0,0,2002,24,False
1818895,Luisinho,21.0,F,True,1040256000.0,19/12/2002,Manaus,Capital FC,283918,339670,away,15591979,04/03/2026,Copa Brasil,0.75,32,0.0,0,0,2002,24,False
874365,Léo Bahia,18.0,F,True,674611200.0,19/05/1991,Manaus,Capital FC,283918,339670,away,15591979,04/03/2026,Copa Brasil,0.75,24,0.0,0,0,1991,35,False
1118343,Nicolas Ferri,2.0,D,True,969667200.0,23/09/2000,Manaus,Capital FC,283918,339670,away,15591979,04/03/2026,Copa Brasil,0.75,20,0.0,0,0,2000,26,False
2492841,Allan Camillato,1.0,G,False,773884800.0,11/07/1994,Rio Branco-ES,Athletic Club,49199,342775,home,15571107,05/03/2026,Copa Brasil,0.75,90,0.0,0,0,1994,32,False
243175,Bruno Peres,33.0,D,False,636249600.0,01/03/1990,Rio Branco-ES,Athletic Club,49199,342775,home,15571107,05/03/2026,Copa Brasil,0.75,66,0.0,0,0,1990,36,False
1102569,Matheus Mega,3.0,D,False,936835200.0,09/09/1999,Rio Branco-ES,Athletic Club,49199,342775,home,15571107,05/03/2026,Copa Brasil,0.75,90,0.0,0,0,1999,27,False
1514485,Darlan Santos Rufino De Oliveira,4.0,D,False,992822400.0,18/06/2001,Rio Branco-ES,Athletic Club,49199,342775,home,15571107,05/03/2026,Copa Brasil,0.75,82,0.0,0,0,2001,25,False
975901,Matheus Anunciação Castelo,14.0,D,False,886982400.0,09/02/1998,Rio Branco-ES,Athletic Club,49199,342775,home,15571107,05/03/2026,Copa Brasil,0.75,90,0.0,0,0,1998,28,False
1065319,Murilo,22.0,M,False,817862400.0,02/12/1995,Rio Branco-ES,Athletic Club,49199,342775,home,15571107,05/03/2026,Copa Brasil,0.75,90,0.0,0,0,1995,31,False
944240,Jonathan Romarinho,5.0,M,False,721785600.0,15/11/1992,Rio Branco-ES,Athletic Club,49199,342775,home,15571107,05/03/2026,Copa Brasil,0.75,51,0.0,0,0,1992,34,False
1014251,Zé Mateus,8.0,M,False,790387200.0,18/01/1995,Rio Branco-ES,Athletic Club,49199,342775,home,15571107,05/03/2026,Copa Brasil,0.75,90,0.0,0,0,1995,31,False
1472639,Carlos Augusto,15.0,M,False,916358400.0,15/01/1999,Rio Branco-ES,Athletic Club,49199,342775,home,15571107,05/03/2026,Copa Brasil,0.75,66,0.0,1,0,1999,27,False
1907736,Breno Melo,26.0,M,False,1114560000.0,27/04/2005,Rio Branco-ES,Athletic Club,49199,342775,home,15571107,05/03/2026,Copa Brasil,0.75,90,0.0,0,0,2005,21,True
925086,Gui Mendes,11.0,F,False,965260800.0,03/08/2000,Rio Branco-ES,Athletic Club,49199,342775,home,15571107,05/03/2026,Copa Brasil,0.75,66,0.0,0,0,2000,26,False
1019548,Neto Oliveira,9.0,F,True,888796800.0,02/03/1998,Rio Branco-ES,Athletic Club,49199,342775,home,15571107,05/03/2026,Copa Brasil,0.75,39,0.0,0,0,1998,28,False
1465707,Thainler,23.0,D,True,835747200.0,26/06/1996,Rio Branco-ES,Athletic Club,49199,342775,home,15571107,05/03/2026,Copa Brasil,0.75,24,0.0,0,0,1996,30,False
789962,Alisson Farias,10.0,M,True,828835200.0,07/04/1996,Rio Branco-ES,Athletic Club,49199,342775,home,15571107,05/03/2026,Copa Brasil,0.75,24,0.0,0,0,1996,30,False
1464015,Alex Galo,88.0,M,True,800323200.0,13/05/1995,Rio Branco-ES,Athletic Club,49199,342775,home,15571107,05/03/2026,Copa Brasil,0.75,24,0.0,0,0,1995,31,False
146790,João Paulo,30.0,M,True,477878400.0,22/02/1985,Rio Branco-ES,Athletic Club,49199,342775,home,15571107,05/03/2026,Copa Brasil,0.75,8,0.0,0,0,1985,41,False
798688,Jhonatan,1.0,G,False,673660800.0,08/05/1991,Athletic Club,Rio Branco-ES,342775,49199,away,15571107,05/03/2026,Copa Brasil,0.75,90,0.0,0,0,1991,35,False
555454,Zeca,6.0,D,False,769046400.0,16/05/1994,Athletic Club,Rio Branco-ES,342775,49199,away,15571107,05/03/2026,Copa Brasil,0.75,90,0.0,0,0,1994,32,False
1130040,Lucas Belezi,4.0,D,False,1052352000.0,08/05/2003,Athletic Club,Rio Branco-ES,342775,49199,away,15571107,05/03/2026,Copa Brasil,0.75,90,0.0,1,0,2003,23,True
1467761,Jhonathan,3.0,D,False,931824000.0,13/07/1999,Athletic Club,Rio Branco-ES,342775,49199,away,15571107,05/03/2026,Copa Brasil,0.75,90,0.0,0,0,1999,27,False
1588320,Diogo Batista de Souza,2.0,D,False,1062115200.0,29/08/2003,Athletic Club,Rio Branco-ES,342775,49199,away,15571107,05/03/2026,Copa Brasil,0.75,90,0.0,0,0,2003,23,True
1197424,Dixon Vera,7.0,M,False,1049587200.0,06/04/2003,Athletic Club,Rio Branco-ES,342775,49199,away,15571107,05/03/2026,Copa Brasil,0.75,87,0.0,0,0,2003,23,True
1099301,Gian Cabezas,8.0,M,False,1041379200.0,01/01/2003,Athletic Club,Rio Branco-ES,342775,49199,away,15571107,05/03/2026,Copa Brasil,0.75,87,0.0,0,0,2003,23,True
1470709,David Braga,10.0,M,False,1008028800.0,11/12/2001,Athletic Club,Rio Branco-ES,342775,49199,away,15571107,05/03/2026,Copa Brasil,0.75,87,0.0,0,0,2001,25,False
1046496,Ian Luccas,5.0,M,False,1044921600.0,11/02/2003,Athletic Club,Rio Branco-ES,342775,49199,away,15571107,05/03/2026,Copa Brasil,0.75,60,0.0,0,0,2003,23,True
828707,Ronaldo Tavares,9.0,F,False,869529600.0,22/07/1997,Athletic Club,Rio Branco-ES,342775,49199,away,15571107,05/03/2026,Copa Brasil,0.75,90,0.0,0,0,1997,29,False
1495892,Ruan Lucas de Assis,11.0,F,False,1082419200.0,20/04/2004,Athletic Club,Rio Branco-ES,342775,49199,away,15571107,05/03/2026,Copa Brasil,0.75,75,0.0,0,0,2004,22,True
1516708,Kauan Rodrigues,17.0,M,True,1113609600.0,16/04/2005,Athletic Club,Rio Branco-ES,342775,49199,away,15571107,05/03/2026,Copa Brasil,0.75,30,0.0,0,0,2005,21,True
1650031,Kauan Lindes,16.0,M,True,1069977600.0,28/11/2003,Athletic Club,Rio Branco-ES,342775,49199,away,15571107,05/03/2026,Copa Brasil,0.75,15,0.0,0,0,2003,23,True
1901819,Deyson Copete,15.0,M,True,998438400.0,22/08/2001,Athletic Club,Rio Branco-ES,342775,49199,away,15571107,05/03/2026,Copa Brasil,0.75,3,0.0,0,0,2001,25,False
1631782,Carlito Thiago Valenca Monteiro,19.0,F,True,1108425600.0,15/02/2005,Athletic Club,Rio Branco-ES,342775,49199,away,15571107,05/03/2026,Copa Brasil,0.75,3,0.0,0,0,2005,21,True
2492844,Gabriel Carioca,18.0,F,True,1146787200.0,05/05/2006,Athletic Club,Rio Branco-ES,342775,49199,away,15571107,05/03/2026,Copa Brasil,0.75,3,0.0,0,0,2006,20,True
879526,Marcão,1.0,G,False,737596800.0,17/05/1993,Santa Catarina Clube,Cuiabá,465990,49202,home,15592404,05/03/2026,Copa Brasil,0.75,90,0.0,0,0,1993,33,False
1395893,Juninho,2.0,D,False,856569600.0,22/02/1997,Santa Catarina Clube,Cuiabá,465990,49202,home,15592404,05/03/2026,Copa Brasil,0.75,90,0.0,0,0,1997,29,False
1589104,Kauê Oliveira de Souza,15.0,M,False,1077840000.0,27/02/2004,Santa Catarina Clube,Cuiabá,465990,49202,home,15592404,05/03/2026,Copa Brasil,0.75,90,0.0,0,0,2004,22,True
1644835,Adriel,29.0,D,False,981590400.0,08/02/2001,Santa Catarina Clube,Cuiabá,465990,49202,home,15592404,05/03/2026,Copa Brasil,0.75,90,0.0,0,0,2001,25,False
2470411,Wanderson Felipe,14.0,F,False,1106697600.0,26/01/2005,Santa Catarina Clube,Cuiabá,465990,49202,home,15592404,05/03/2026,Copa Brasil,0.75,46,0.0,0,0,2005,21,True
1546643,Joao Vitor Rodrigues Galdino,16.0,M,False,1122768000.0,31/07/2005,Santa Catarina Clube,Cuiabá,465990,49202,home,15592404,05/03/2026,Copa Brasil,0.75,57,0.0,0,0,2005,21,True
2032250,Gabriel Mendes Alves,10.0,M,False,804211200.0,27/06/1995,Santa Catarina Clube,Cuiabá,465990,49202,home,15592404,05/03/2026,Copa Brasil,0.75,90,0.0,0,0,1995,31,False
2032249,Cléberson Cristiano Jahnke,8.0,M,False,1029024000.0,11/08/2002,Santa Catarina Clube,Cuiabá,465990,49202,home,15592404,05/03/2026,Copa Brasil,0.75,77,0.0,0,0,2002,24,False
2032258,Bruninho,7.0,M,False,1046044800.0,24/02/2003,Santa Catarina Clube,Cuiabá,465990,49202,home,15592404,05/03/2026,Copa Brasil,0.75,65,0.0,0,0,2003,23,True
86110,Alex Gonçalves,20.0,F,False,643161600.0,20/05/1990,Santa Catarina Clube,Cuiabá,465990,49202,home,15592404,05/03/2026,Copa Brasil,0.75,90,0.0,1,0,1990,36,False
1829877,Renan Henrique Gomes Neves,13.0,M,False,860198400.0,05/04/1997,Santa Catarina Clube,Cuiabá,465990,49202,home,15592404,05/03/2026,Copa Brasil,0.75,77,0.0,0,0,1997,29,False
2032248,Matheus Coruja,6.0,D,True,963187200.0,10/07/2000,Santa Catarina Clube,Cuiabá,465990,49202,home,15592404,05/03/2026,Copa Brasil,0.75,44,0.0,0,0,2000,26,False
1546445,Renan Nunes dos Santos,25.0,M,True,1069286400.0,20/11/2003,Santa Catarina Clube,Cuiabá,465990,49202,home,15592404,05/03/2026,Copa Brasil,0.75,33,0.0,0,0,2003,23,True
1129980,Brener,18.0,M,True,954547200.0,01/04/2000,Santa Catarina Clube,Cuiabá,465990,49202,home,15592404,05/03/2026,Copa Brasil,0.75,25,0.0,0,0,2000,26,False
1589114,Guilherme Rodrigues Nascimento,27.0,M,True,1013558400.0,13/02/2002,Santa Catarina Clube,Cuiabá,465990,49202,home,15592404,05/03/2026,Copa Brasil,0.75,13,0.0,0,0,2002,24,False
1941903,Luãn,30.0,F,True,981590400.0,08/02/2001,Santa Catarina Clube,Cuiabá,465990,49202,home,15592404,05/03/2026,Copa Brasil,0.75,13,0.0,0,0,2001,25,False
795227,João Carlos,12.0,G,False,576288000.0,06/04/1988,Cuiabá,Santa Catarina Clube,49202,465990,away,15592404,05/03/2026,Copa Brasil,0.75,90,0.0,0,0,1988,38,False
77375,Nino Paraíba,2.0,D,False,505699200.0,10/01/1986,Cuiabá,Santa Catarina Clube,49202,465990,away,15592404,05/03/2026,Copa Brasil,0.75,90,0.0,0,0,1986,40,False
2040217,Luis Henrique Fonseca Soares,91.0,D,False,1121558400.0,17/07/2005,Cuiabá,Santa Catarina Clube,49202,465990,away,15592404,05/03/2026,Copa Brasil,0.75,90,0.0,0,0,2005,21,True
988873,Vitor Mendes,4.0,D,False,918864000.0,13/02/1999,Cuiabá,Santa Catarina Clube,49202,465990,away,15592404,05/03/2026,Copa Brasil,0.75,90,0.0,0,0,1999,27,False
870933,Marlon Lopes,6.0,D,False,761097600.0,13/02/1994,Cuiabá,Santa Catarina Clube,49202,465990,away,15592404,05/03/2026,Copa Brasil,0.75,46,0.0,0,0,1994,32,False
1645786,Calebe Costa,5.0,M,False,1054944000.0,07/06/2003,Cuiabá,Santa Catarina Clube,49202,465990,away,15592404,05/03/2026,Copa Brasil,0.75,90,0.0,0,0,2003,23,True
946945,Pepê,6.0,M,False,884044800.0,06/01/1998,Cuiabá,Santa Catarina Clube,49202,465990,away,15592404,05/03/2026,Copa Brasil,0.75,69,0.0,0,0,1998,28,False
870760,Raul,30.0,M,False,837043200.0,11/07/1996,Cuiabá,Santa Catarina Clube,49202,465990,away,15592404,05/03/2026,Copa Brasil,0.75,85,0.0,0,0,1996,30,False
1631777,Kauan Cristtyan,41.0,M,False,1138060800.0,24/01/2006,Cuiabá,Santa Catarina Clube,49202,465990,away,15592404,05/03/2026,Copa Brasil,0.75,81,0.0,0,0,2006,20,True
1875994,Vinicius Peixoto,29.0,F,False,1067558400.0,31/10/2003,Cuiabá,Santa Catarina Clube,49202,465990,away,15592404,05/03/2026,Copa Brasil,0.75,69,0.0,1,0,2003,23,True
954327,Rodrigo,27.0,M,False,956275200.0,21/04/2000,Cuiabá,Santa Catarina Clube,49202,465990,away,15592404,05/03/2026,Copa Brasil,0.75,90,0.0,0,0,2000,26,False
1640518,Eric,14.0,D,True,965606400.0,07/08/2000,Cuiabá,Santa Catarina Clube,49202,465990,away,15592404,05/03/2026,Copa Brasil,0.75,44,0.0,0,0,2000,26,False
1520882,Victor Hugo,17.0,M,True,1090195200.0,19/07/2004,Cuiabá,Santa Catarina Clube,49202,465990,away,15592404,05/03/2026,Copa Brasil,0.75,21,0.0,0,0,2004,22,True
1106499,Weverson,20.0,M,True,1060560000.0,11/08/2003,Cuiabá,Santa Catarina Clube,49202,465990,away,15592404,05/03/2026,Copa Brasil,0.75,21,0.0,0,0,2003,23,True
904837,Mateus Santos,19.0,M,True,916704000.0,19/01/1999,Cuiabá,Santa Catarina Clube,49202,465990,away,15592404,05/03/2026,Copa Brasil,0.75,9,0.0,0,0,1999,27,False
870111,Luiz Otavio,7.0,M,True,858643200.0,18/03/1997,Cuiabá,Santa Catarina Clube,49202,465990,away,15592404,05/03/2026,Copa Brasil,0.75,5,0.0,0,0,1997,29,False
1179252,Neto Bonini,1.0,G,False,800409600.0,14/05/1995,Ivinhema,Volta Redonda,34000,6982,home,15592406,05/03/2026,Copa Brasil,0.75,90,0.0,0,0,1995,31,False
2428362,Santana de Souza Pedro Henrique,2.0,D,False,1198886400.0,29/12/2007,Ivinhema,Volta Redonda,34000,6982,home,15592406,05/03/2026,Copa Brasil,0.75,67,0.0,0,0,2007,19,True
985441,Paulo Selson,3.0,D,False,812937600.0,06/10/1995,Ivinhema,Volta Redonda,34000,6982,home,15592406,05/03/2026,Copa Brasil,0.75,90,0.0,0,0,1995,31,False
2198724,Bugarin,4.0,D,False,956880000.0,28/04/2000,Ivinhema,Volta Redonda,34000,6982,home,15592406,05/03/2026,Copa Brasil,0.75,52,0.0,0,0,2000,26,False
2470094,Harinson,6.0,D,False,991699200.0,05/06/2001,Ivinhema,Volta Redonda,34000,6982,home,15592406,05/03/2026,Copa Brasil,0.75,90,0.0,0,0,2001,25,False
1462343,Adson,8.0,D,False,901497600.0,27/07/1998,Ivinhema,Volta Redonda,34000,6982,home,15592406,05/03/2026,Copa Brasil,0.75,90,0.0,0,0,1998,28,False
1174166,Diogo Fogliato,5.0,M,False,691977600.0,06/12/1991,Ivinhema,Volta Redonda,34000,6982,home,15592406,05/03/2026,Copa Brasil,0.75,90,0.0,0,0,1991,35,False
2442130,Ninho,17.0,M,False,961200000.0,17/06/2000,Ivinhema,Volta Redonda,34000,6982,home,15592406,05/03/2026,Copa Brasil,0.75,77,0.0,1,0,2000,26,False
2473404,Tuninho,7.0,,False,,,Ivinhema,Volta Redonda,34000,6982,home,15592406,05/03/2026,Copa Brasil,0.75,90,0.0,0,0,0,0,False
2181822,Eliéser,9.0,F,False,668390400.0,08/03/1991,Ivinhema,Volta Redonda,34000,6982,home,15592406,05/03/2026,Copa Brasil,0.75,52,0.0,0,0,1991,35,False
1471227,Wendel,11.0,F,False,1057795200.0,10/07/2003,Ivinhema,Volta Redonda,34000,6982,home,15592406,05/03/2026,Copa Brasil,0.75,90,0.0,1,0,2003,23,True
2424181,Michel Kaique Ferreira Da Silva,15.0,D,True,998265600.0,20/08/2001,Ivinhema,Volta Redonda,34000,6982,home,15592406,05/03/2026,Copa Brasil,0.75,38,0.0,0,0,2001,25,False
2492863,Vitão,22.0,,True,,,Ivinhema,Volta Redonda,34000,6982,home,15592406,05/03/2026,Copa Brasil,0.75,38,0.0,0,0,0,0,False
1471999,Jonatas,10.0,M,True,907027200.0,29/09/1998,Ivinhema,Volta Redonda,34000,6982,home,15592406,05/03/2026,Copa Brasil,0.75,23,0.0,0,0,1998,28,False
874155,Alisson,20.0,M,True,682041600.0,13/08/1991,Ivinhema,Volta Redonda,34000,6982,home,15592406,05/03/2026,Copa Brasil,0.75,13,0.0,0,0,1991,35,False
1117659,Avelino,1.0,G,False,910742400.0,11/11/1998,Volta Redonda,Ivinhema,6982,34000,away,15592406,05/03/2026,Copa Brasil,0.75,90,0.0,0,0,1998,28,False
243469,Wellington Silva,2.0,D,False,573609600.0,06/03/1988,Volta Redonda,Ivinhema,6982,34000,away,15592406,05/03/2026,Copa Brasil,0.75,90,0.0,1,0,1988,38,False
873115,Bruno Barra,5.0,M,False,513561600.0,11/04/1986,Volta Redonda,Ivinhema,6982,34000,away,15592406,05/03/2026,Copa Brasil,0.75,90,0.0,0,0,1986,40,False
1175733,Lucas Adell,3.0,D,False,963619200.0,15/07/2000,Volta Redonda,Ivinhema,6982,34000,away,15592406,05/03/2026,Copa Brasil,0.75,90,0.0,0,0,2000,26,False
840145,Jean Victor,6.0,D,False,773020800.0,01/07/1994,Volta Redonda,Ivinhema,6982,34000,away,15592406,05/03/2026,Copa Brasil,0.75,80,0.0,0,0,1994,32,False
981591,Wagninho,17.0,M,False,956793600.0,27/04/2000,Volta Redonda,Ivinhema,6982,34000,away,15592406,05/03/2026,Copa Brasil,0.75,90,0.0,0,0,2000,26,False
987089,Luciano Naninho,18.0,M,False,710121600.0,03/07/1992,Volta Redonda,Ivinhema,6982,34000,away,15592406,05/03/2026,Copa Brasil,0.75,89,0.0,0,0,1992,34,False
243167,Dener,8.0,M,False,700444800.0,13/03/1992,Volta Redonda,Ivinhema,6982,34000,away,15592406,05/03/2026,Copa Brasil,0.75,90,0.0,1,0,1992,34,False
975400,Marcos Vinicius,7.0,F,False,,,Volta Redonda,Ivinhema,6982,34000,away,15592406,05/03/2026,Copa Brasil,0.75,81,0.0,0,0,0,0,False
924424,Ygor Catatau,9.0,F,False,804556800.0,01/07/1995,Volta Redonda,Ivinhema,6982,34000,away,15592406,05/03/2026,Copa Brasil,0.75,80,0.0,1,0,1995,31,False
1105842,Marcos Vinicius,11.0,M,False,900028800.0,10/07/1998,Volta Redonda,Ivinhema,6982,34000,away,15592406,05/03/2026,Copa Brasil,0.75,64,0.0,0,0,1998,28,False
1429887,Felipinho,20.0,M,True,1026950400.0,18/07/2002,Volta Redonda,Ivinhema,6982,34000,away,15592406,05/03/2026,Copa Brasil,0.75,26,0.0,1,0,2002,24,False
1016658,Juninho,30.0,D,True,933120000.0,28/07/1999,Volta Redonda,Ivinhema,6982,34000,away,15592406,05/03/2026,Copa Brasil,0.75,10,0.0,0,0,1999,27,False
1020469,Oswaldo Blanco,19.0,F,True,674697600.0,20/05/1991,Volta Redonda,Ivinhema,6982,34000,away,15592406,05/03/2026,Copa Brasil,0.75,10,0.0,0,0,1991,35,False
2428101,Caetano,29.0,M,True,1118707200.0,14/06/2005,Volta Redonda,Ivinhema,6982,34000,away,15592406,05/03/2026,Copa Brasil,0.75,9,0.0,0,0,2005,21,True
981380,Alan,13.0,D,True,981936000.0,12/02/2001,Volta Redonda,Ivinhema,6982,34000,away,15592406,05/03/2026,Copa Brasil,0.75,1,0.0,0,0,2001,25,False
2492893,David Becker,1.0,G,False,803260800.0,16/06/1995,Manauara EC,AO Itabaiana,393104,21853,home,15566105,05/03/2026,Copa Brasil,0.75,90,0.0,0,0,1995,31,False
1186141,Maicon Martins Rodrigues,4.0,D,False,795744000.0,21/03/1995,Manauara EC,AO Itabaiana,393104,21853,home,15566105,05/03/2026,Copa Brasil,0.75,90,0.0,0,0,1995,31,False
1047079,Paulinho,96.0,D,False,841968000.0,06/09/1996,Manauara EC,AO Itabaiana,393104,21853,home,15566105,05/03/2026,Copa Brasil,0.75,90,0.0,0,0,1996,30,False
1546653,Victor Leandro Ribeiro,2.0,D,False,871257600.0,11/08/1997,Manauara EC,AO Itabaiana,393104,21853,home,15566105,05/03/2026,Copa Brasil,0.75,77,0.0,0,0,1997,29,False
1104574,Caio Ribeiro,6.0,D,False,844214400.0,02/10/1996,Manauara EC,AO Itabaiana,393104,21853,home,15566105,05/03/2026,Copa Brasil,0.75,58,0.0,0,0,1996,30,False
1650106,Marinho,18.0,M,False,818812800.0,13/12/1995,Manauara EC,AO Itabaiana,393104,21853,home,15566105,05/03/2026,Copa Brasil,0.75,90,0.0,1,0,1995,31,False
851501,Pablo Pardal,99.0,M,False,924652800.0,21/04/1999,Manauara EC,AO Itabaiana,393104,21853,home,15566105,05/03/2026,Copa Brasil,0.75,90,0.0,1,0,1999,27,False
1017269,Juninho,5.0,M,False,941500800.0,02/11/1999,Manauara EC,AO Itabaiana,393104,21853,home,15566105,05/03/2026,Copa Brasil,0.75,90,0.0,0,0,1999,27,False
874175,João Guilherme,27.0,F,False,775267200.0,27/07/1994,Manauara EC,AO Itabaiana,393104,21853,home,15566105,05/03/2026,Copa Brasil,0.75,57,0.0,1,0,1994,32,False
1106064,Adriano Klein,11.0,F,False,970444800.0,02/10/2000,Manauara EC,AO Itabaiana,393104,21853,home,15566105,05/03/2026,Copa Brasil,0.75,62,0.0,0,0,2000,26,False
1109249,Quadrado,37.0,F,False,792892800.0,16/02/1995,Manauara EC,AO Itabaiana,393104,21853,home,15566105,05/03/2026,Copa Brasil,0.75,56,0.0,0,0,1995,31,False
1109701,Ivan,22.0,D,True,810432000.0,07/09/1995,Manauara EC,AO Itabaiana,393104,21853,home,15566105,05/03/2026,Copa Brasil,0.75,34,0.0,0,0,1995,31,False
973539,Rafael Ibiapino,9.0,F,True,704937600.0,04/05/1992,Manauara EC,AO Itabaiana,393104,21853,home,15566105,05/03/2026,Copa Brasil,0.75,33,0.0,0,0,1992,34,False
1047840,Felipe Camargo,3.0,D,True,915753600.0,08/01/1999,Manauara EC,AO Itabaiana,393104,21853,home,15566105,05/03/2026,Copa Brasil,0.75,32,0.0,0,0,1999,27,False
329221,Giva,7.0,F,True,726019200.0,03/01/1993,Manauara EC,AO Itabaiana,393104,21853,home,15566105,05/03/2026,Copa Brasil,0.75,28,0.0,0,0,1993,33,False
1186567,Fabrício Conceição,25.0,D,True,862876800.0,06/05/1997,Manauara EC,AO Itabaiana,393104,21853,home,15566105,05/03/2026,Copa Brasil,0.75,13,0.0,0,0,1997,29,False
1488517,Léo Souza,1.0,G,False,613872000.0,15/06/1989,AO Itabaiana,Manauara EC,21853,393104,away,15566105,05/03/2026,Copa Brasil,0.75,90,0.0,0,0,1989,37,False
879599,Manoel Neto,16.0,D,False,834192000.0,08/06/1996,AO Itabaiana,Manauara EC,21853,393104,away,15566105,05/03/2026,Copa Brasil,0.75,46,0.0,0,0,1996,30,False
1467004,Lucão,4.0,D,False,890784000.0,25/03/1998,AO Itabaiana,Manauara EC,21853,393104,away,15566105,05/03/2026,Copa Brasil,0.75,90,0.0,0,0,1998,28,False
973922,Betão,3.0,D,False,687398400.0,14/10/1991,AO Itabaiana,Manauara EC,21853,393104,away,15566105,05/03/2026,Copa Brasil,0.75,90,0.0,0,0,1991,35,False
1412633,Ricardo Cerqueira,2.0,D,False,1041120000.0,29/12/2002,AO Itabaiana,Manauara EC,21853,393104,away,15566105,05/03/2026,Copa Brasil,0.75,46,0.0,0,0,2002,24,False
806101,Karl Vedova Junior,8.0,M,False,734140800.0,07/04/1993,AO Itabaiana,Manauara EC,21853,393104,away,15566105,05/03/2026,Copa Brasil,0.75,90,0.0,0,0,1993,33,False
1069158,Gustavo Crecci,5.0,M,False,789350400.0,06/01/1995,AO Itabaiana,Manauara EC,21853,393104,away,15566105,05/03/2026,Copa Brasil,0.75,90,0.0,0,0,1995,31,False
1176037,Pedro Igor Martins,7.0,F,False,1021507200.0,16/05/2002,AO Itabaiana,Manauara EC,21853,393104,away,15566105,05/03/2026,Copa Brasil,0.75,78,0.0,1,0,2002,24,False
909981,Jonata,9.0,F,False,880502400.0,26/11/1997,AO Itabaiana,Manauara EC,21853,393104,away,15566105,05/03/2026,Copa Brasil,0.75,65,0.0,0,0,1997,29,False
1047664,Tarcísio,6.0,F,False,721094400.0,07/11/1992,AO Itabaiana,Manauara EC,21853,393104,away,15566105,05/03/2026,Copa Brasil,0.75,90,0.0,0,0,1992,34,False
981613,Dione,10.0,F,False,742780800.0,16/07/1993,AO Itabaiana,Manauara EC,21853,393104,away,15566105,05/03/2026,Copa Brasil,0.75,60,0.0,0,0,1993,33,False
1009925,Caio Felipe,21.0,D,True,917913600.0,02/02/1999,AO Itabaiana,Manauara EC,21853,393104,away,15566105,05/03/2026,Copa Brasil,0.75,44,0.0,0,0,1999,27,False
2120742,Elimar,11.0,F,True,898041600.0,17/06/1998,AO Itabaiana,Manauara EC,21853,393104,away,15566105,05/03/2026,Copa Brasil,0.75,44,0.0,0,0,1998,28,False
1114095,Luan Silva,19.0,F,True,711504000.0,19/07/1992,AO Itabaiana,Manauara EC,21853,393104,away,15566105,05/03/2026,Copa Brasil,0.75,30,0.0,0,0,1992,34,False
338841,Yago,17.0,M,True,805075200.0,07/07/1995,AO Itabaiana,Manauara EC,21853,393104,away,15566105,05/03/2026,Copa Brasil,0.75,25,0.0,0,0,1995,31,False
1105056,Kayan,20.0,F,True,974851200.0,22/11/2000,AO Itabaiana,Manauara EC,21853,393104,away,15566105,05/03/2026,Copa Brasil,0.75,12,0.0,0,0,2000,26,False
124766,Gustavo,1.0,G,False,731721600.0,10/03/1993,América Mineiro,Tirol/CEFAT,1973,398170,home,15592409,05/03/2026,Copa Brasil,0.75,90,0.0,0,0,1993,33,False
871209,Maguinho,26.0,D,False,694656000.0,06/01/1992,América Mineiro,Tirol/CEFAT,1973,398170,home,15592409,05/03/2026,Copa Brasil,0.75,90,0.0,0,0,1992,34,False
844015,Emerson Santos,2.0,D,False,797040000.0,05/04/1995,América Mineiro,Tirol/CEFAT,1973,398170,home,15592409,05/03/2026,Copa Brasil,0.75,90,0.0,0,0,1995,31,False
1485499,Rafael Barcelos,4.0,D,False,1106611200.0,25/01/2005,América Mineiro,Tirol/CEFAT,1973,398170,home,15592409,05/03/2026,Copa Brasil,0.75,90,0.0,0,0,2005,21,True
360160,Artur,96.0,D,False,776044800.0,05/08/1994,América Mineiro,Tirol/CEFAT,1973,398170,home,15592409,05/03/2026,Copa Brasil,0.75,79,0.0,0,0,1994,32,False
871681,Val Soares,97.0,M,False,858124800.0,12/03/1997,América Mineiro,Tirol/CEFAT,1973,398170,home,15592409,05/03/2026,Copa Brasil,0.75,46,0.0,0,0,1997,29,False
1201949,Felipe Amaral,8.0,M,False,1057622400.0,08/07/2003,América Mineiro,Tirol/CEFAT,1973,398170,home,15592409,05/03/2026,Copa Brasil,0.75,46,0.0,0,0,2003,23,True
1107995,Paulo Victor,20.0,F,False,985132800.0,21/03/2001,América Mineiro,Tirol/CEFAT,1973,398170,home,15592409,05/03/2026,Copa Brasil,0.75,68,0.0,0,0,2001,25,False
988622,Matías Segovia,77.0,M,False,1041638400.0,04/01/2003,América Mineiro,Tirol/CEFAT,1973,398170,home,15592409,05/03/2026,Copa Brasil,0.75,67,0.0,0,0,2003,23,True
146308,Willian Bigode,9.0,F,False,532742400.0,19/11/1986,América Mineiro,Tirol/CEFAT,1973,398170,home,15592409,05/03/2026,Copa Brasil,0.75,90,0.0,1,0,1986,40,False
938482,Eduardo Person,21.0,M,False,854064000.0,24/01/1997,América Mineiro,Tirol/CEFAT,1973,398170,home,15592409,05/03/2026,Copa Brasil,0.75,78,0.0,0,0,1997,29,False
1860952,Jhonatan Lima,88.0,M,True,1117670400.0,02/06/2005,América Mineiro,Tirol/CEFAT,1973,398170,home,15592409,05/03/2026,Copa Brasil,0.75,44,0.0,0,0,2005,21,True
1020259,Gabriel Barros,7.0,M,True,1003968000.0,25/10/2001,América Mineiro,Tirol/CEFAT,1973,398170,home,15592409,05/03/2026,Copa Brasil,0.75,23,0.0,0,0,2001,25,False
1807776,Yarlen,67.0,F,True,1140393600.0,20/02/2006,América Mineiro,Tirol/CEFAT,1973,398170,home,15592409,05/03/2026,Copa Brasil,0.75,22,0.0,0,0,2006,20,True
1485488,Yago Souza,10.0,M,True,1139616000.0,11/02/2006,América Mineiro,Tirol/CEFAT,1973,398170,home,15592409,05/03/2026,Copa Brasil,0.75,12,0.0,0,0,2006,20,True
1485496,Paulinho,6.0,D,True,1088467200.0,29/06/2004,América Mineiro,Tirol/CEFAT,1973,398170,home,15592409,05/03/2026,Copa Brasil,0.75,11,0.0,0,0,2004,22,True
2194443,Frank,1.0,G,False,912816000.0,05/12/1998,Tirol/CEFAT,América Mineiro,398170,1973,away,15592409,05/03/2026,Copa Brasil,0.75,90,0.0,0,0,1998,28,False
1109155,Zé Augusto,22.0,D,False,742694400.0,15/07/1993,Tirol/CEFAT,América Mineiro,398170,1973,away,15592409,05/03/2026,Copa Brasil,0.75,90,0.0,0,0,1993,33,False
1087864,Jairo,14.0,D,False,702604800.0,07/04/1992,Tirol/CEFAT,América Mineiro,398170,1973,away,15592409,05/03/2026,Copa Brasil,0.75,90,0.0,0,0,1992,34,False
981594,Diguinho,4.0,D,False,990835200.0,26/05/2001,Tirol/CEFAT,América Mineiro,398170,1973,away,15592409,05/03/2026,Copa Brasil,0.75,90,0.0,0,0,2001,25,False
2423633,Ytalo,6.0,D,False,1008201600.0,13/12/2001,Tirol/CEFAT,América Mineiro,398170,1973,away,15592409,05/03/2026,Copa Brasil,0.75,90,0.0,0,0,2001,25,False
2448092,Sidney Vieira,17.0,,False,,,Tirol/CEFAT,América Mineiro,398170,1973,away,15592409,05/03/2026,Copa Brasil,0.75,54,0.0,0,0,0,0,False
2027965,Isaias,8.0,M,False,966816000.0,21/08/2000,Tirol/CEFAT,América Mineiro,398170,1973,away,15592409,05/03/2026,Copa Brasil,0.75,69,0.0,0,0,2000,26,False
2473401,Max Alexandre dos Santos Silva,16.0,M,False,890784000.0,25/03/1998,Tirol/CEFAT,América Mineiro,398170,1973,away,15592409,05/03/2026,Copa Brasil,0.75,46,0.0,0,0,1998,28,False
1125361,Jeffinho,10.0,F,False,827366400.0,21/03/1996,Tirol/CEFAT,América Mineiro,398170,1973,away,15592409,05/03/2026,Copa Brasil,0.75,46,0.0,0,0,1996,30,False
1024144,Felipe Hulk,9.0,F,False,811296000.0,17/09/1995,Tirol/CEFAT,América Mineiro,398170,1973,away,15592409,05/03/2026,Copa Brasil,0.75,90,0.0,0,0,1995,31,False
2492916,Rafinha,11.0,,False,,,Tirol/CEFAT,América Mineiro,398170,1973,away,15592409,05/03/2026,Copa Brasil,0.75,90,0.0,0,0,0,0,False
1464094,Dieguinho,2.0,D,True,708998400.0,20/06/1992,Tirol/CEFAT,América Mineiro,398170,1973,away,15592409,05/03/2026,Copa Brasil,0.75,44,0.0,0,0,1992,34,False
931045,Janeudo,20.0,M,True,646790400.0,01/07/1990,Tirol/CEFAT,América Mineiro,398170,1973,away,15592409,05/03/2026,Copa Brasil,0.75,44,0.0,0,0,1990,36,False
1105954,Welton Santana,5.0,M,True,793238400.0,20/02/1995,Tirol/CEFAT,América Mineiro,398170,1973,away,15592409,05/03/2026,Copa Brasil,0.75,36,0.0,1,0,1995,31,False
1491117,Willian Oliveira,3.0,D,True,856656000.0,23/02/1997,Tirol/CEFAT,América Mineiro,398170,1973,away,15592409,05/03/2026,Copa Brasil,0.75,21,0.0,0,0,1997,29,False
1188012,Victor Lube,1.0,G,False,760406400.0,05/02/1994,Trem,Fluminense-PI,21865,375317,home,15573846,05/03/2026,Copa Brasil,0.75,90,0.0,0,0,1994,32,False
1474343,Foguete,2.0,F,False,796262400.0,27/03/1995,Trem,Fluminense-PI,21865,375317,home,15573846,05/03/2026,Copa Brasil,0.75,90,0.0,0,0,1995,31,False
871028,Perema,3.0,D,False,712195200.0,27/07/1992,Trem,Fluminense-PI,21865,375317,home,15573846,05/03/2026,Copa Brasil,0.75,65,0.0,0,0,1992,34,False
1464092,Matheus Paraíba,4.0,D,False,982368000.0,17/02/2001,Trem,Fluminense-PI,21865,375317,home,15573846,05/03/2026,Copa Brasil,0.75,90,0.0,0,0,2001,25,False
1173042,Rivaldo,6.0,D,False,897436800.0,10/06/1998,Trem,Fluminense-PI,21865,375317,home,15573846,05/03/2026,Copa Brasil,0.75,90,0.0,0,0,1998,28,False
2025925,Cleilton,5.0,M,False,958262400.0,14/05/2000,Trem,Fluminense-PI,21865,375317,home,15573846,05/03/2026,Copa Brasil,0.75,90,0.0,0,0,2000,26,False
1019561,Mauro Ajuruteua,7.0,F,False,772156800.0,21/06/1994,Trem,Fluminense-PI,21865,375317,home,15573846,05/03/2026,Copa Brasil,0.75,14,0.0,0,0,1994,32,False
1032933,Luiz Felipe Araujo,18.0,D,False,982972800.0,24/02/2001,Trem,Fluminense-PI,21865,375317,home,15573846,05/03/2026,Copa Brasil,0.75,68,0.0,0,0,2001,25,False
1491116,Wanderson Gotinha,9.0,M,False,841104000.0,27/08/1996,Trem,Fluminense-PI,21865,375317,home,15573846,05/03/2026,Copa Brasil,0.75,90,0.0,0,0,1996,30,False
886718,Magno,10.0,M,False,751939200.0,30/10/1993,Trem,Fluminense-PI,21865,375317,home,15573846,05/03/2026,Copa Brasil,0.75,69,0.0,0,0,1993,33,False
1474355,Jonas Moreira,11.0,F,False,660009600.0,01/12/1990,Trem,Fluminense-PI,21865,375317,home,15573846,05/03/2026,Copa Brasil,0.75,90,0.0,0,0,1990,36,False
872032,Wander Silva,23.0,M,True,724204800.0,13/12/1992,Trem,Fluminense-PI,21865,375317,home,15573846,05/03/2026,Copa Brasil,0.75,32,0.0,0,0,1992,34,False
1188454,Zé Lucas,13.0,M,True,932860800.0,25/07/1999,Trem,Fluminense-PI,21865,375317,home,15573846,05/03/2026,Copa Brasil,0.75,44,0.0,0,0,1999,27,False
1874657,Welliton Londres,22.0,D,True,1018915200.0,16/04/2002,Trem,Fluminense-PI,21865,375317,home,15573846,05/03/2026,Copa Brasil,0.75,25,0.0,0,0,2002,24,False
871508,Balão Marabá,17.0,M,True,560563200.0,07/10/1987,Trem,Fluminense-PI,21865,375317,home,15573846,05/03/2026,Copa Brasil,0.75,22,0.0,0,0,1987,39,False
1474282,Kennedy Balotelli,21.0,F,True,840758400.0,23/08/1996,Trem,Fluminense-PI,21865,375317,home,15573846,05/03/2026,Copa Brasil,0.75,21,0.0,0,0,1996,30,False
937548,Mauro Iguatu,1.0,G,False,563846400.0,14/11/1987,Fluminense-PI,Trem,375317,21865,away,15573846,05/03/2026,Copa Brasil,0.75,90,0.0,0,0,1987,39,False
1190150,Gabriel Cardoso,2.0,D,False,1025481600.0,01/07/2002,Fluminense-PI,Trem,375317,21865,away,15573846,05/03/2026,Copa Brasil,0.75,90,0.0,0,0,2002,24,False
2043647,Rafhael Vinicius Silva,3.0,D,False,802396800.0,06/06/1995,Fluminense-PI,Trem,375317,21865,away,15573846,05/03/2026,Copa Brasil,0.75,83,0.0,0,0,1995,31,False
1184391,Hebert  Andrade,4.0,D,False,1018656000.0,13/04/2002,Fluminense-PI,Trem,375317,21865,away,15573846,05/03/2026,Copa Brasil,0.75,90,0.0,0,0,2002,24,False
1474121,Rhuan,6.0,D,False,926640000.0,14/05/1999,Fluminense-PI,Trem,375317,21865,away,15573846,05/03/2026,Copa Brasil,0.75,90,0.0,0,0,1999,27,False
1171496,Ray Cardoso,7.0,D,False,971222400.0,11/10/2000,Fluminense-PI,Trem,375317,21865,away,15573846,05/03/2026,Copa Brasil,0.75,90,0.0,0,0,2000,26,False
1116680,Mauricio Gabriel,5.0,M,False,1035244800.0,22/10/2002,Fluminense-PI,Trem,375317,21865,away,15573846,05/03/2026,Copa Brasil,0.75,90,0.0,0,0,2002,24,False
1047665,Raimundinho,8.0,M,False,850867200.0,18/12/1996,Fluminense-PI,Trem,375317,21865,away,15573846,05/03/2026,Copa Brasil,0.75,90,0.0,0,0,1996,30,False
2028071,Leo Carvalho,11.0,F,False,1152921600.0,15/07/2006,Fluminense-PI,Trem,375317,21865,away,15573846,05/03/2026,Copa Brasil,0.75,67,0.0,0,0,2006,20,True
1186002,Reny Max Santos Silva,9.0,F,False,920332800.0,02/03/1999,Fluminense-PI,Trem,375317,21865,away,15573846,05/03/2026,Copa Brasil,0.75,67,0.0,0,0,1999,27,False
1015936,João Vitor,10.0,F,False,895536000.0,19/05/1998,Fluminense-PI,Trem,375317,21865,away,15573846,05/03/2026,Copa Brasil,0.75,83,0.0,0,0,1998,28,False
2494286,Kelson Silva,16.0,D,True,1009497600.0,28/12/2001,Fluminense-PI,Trem,375317,21865,away,15573846,05/03/2026,Copa Brasil,0.75,23,0.0,0,0,2001,25,False
1117819,Juan Batista,18.0,M,True,1001462400.0,26/09/2001,Fluminense-PI,Trem,375317,21865,away,15573846,05/03/2026,Copa Brasil,0.75,23,0.0,0,0,2001,25,False
1465240,Durkheim,13.0,D,True,1040688000.0,24/12/2002,Fluminense-PI,Trem,375317,21865,away,15573846,05/03/2026,Copa Brasil,0.75,7,0.0,0,0,2002,24,False
1639317,Matheus Taumaturgo,20.0,F,True,934675200.0,15/08/1999,Fluminense-PI,Trem,375317,21865,away,15573846,05/03/2026,Copa Brasil,0.75,7,0.0,0,0,1999,27,False
1639510,Gabriel Pará,15.0,D,True,1082246400.0,18/04/2004,Fluminense-PI,Trem,375317,21865,away,15573846,05/03/2026,Copa Brasil,0.75,1,0.0,0,0,2004,22,True
2455644,Pedro Zanette,32.0,G,False,937872000.0,21/09/1999,Desportiva Ferroviária,Sport Recife,34011,1959,home,15566116,05/03/2026,Copa Brasil,0.75,90,0.0,0,0,1999,27,False
1188597,Jairo Pereira,2.0,D,False,830476800.0,26/04/1996,Desportiva Ferroviária,Sport Recife,34011,1959,home,15566116,05/03/2026,Copa Brasil,0.75,90,0.0,0,0,1996,30,False
1109230,Wesley Dias,18.0,D,False,804988800.0,06/07/1995,Desportiva Ferroviária,Sport Recife,34011,1959,home,15566116,05/03/2026,Copa Brasil,0.75,85,0.0,0,0,1995,31,False
1019150,Vinicius Leandro,4.0,D,False,640310400.0,17/04/1990,Desportiva Ferroviária,Sport Recife,34011,1959,home,15566116,05/03/2026,Copa Brasil,0.75,90,0.0,0,0,1990,36,False
870855,William Simões,6.0,D,False,573609600.0,06/03/1988,Desportiva Ferroviária,Sport Recife,34011,1959,home,15566116,05/03/2026,Copa Brasil,0.75,76,0.0,0,0,1988,38,False
2052617,Jorge Mendes,14.0,M,False,972518400.0,26/10/2000,Desportiva Ferroviária,Sport Recife,34011,1959,home,15566116,05/03/2026,Copa Brasil,0.75,90,0.0,0,0,2000,26,False
2455649,Ruan,5.0,M,False,926121600.0,08/05/1999,Desportiva Ferroviária,Sport Recife,34011,1959,home,15566116,05/03/2026,Copa Brasil,0.75,85,0.0,0,0,1999,27,False
2265590,Mariano,13.0,M,False,907027200.0,29/09/1998,Desportiva Ferroviária,Sport Recife,34011,1959,home,15566116,05/03/2026,Copa Brasil,0.75,76,0.0,0,0,1998,28,False
1017609,Bahia,23.0,D,False,855878400.0,14/02/1997,Desportiva Ferroviária,Sport Recife,34011,1959,home,15566116,05/03/2026,Copa Brasil,0.75,90,0.0,0,0,1997,29,False
1170578,Tiago Moura,20.0,F,False,747014400.0,03/09/1993,Desportiva Ferroviária,Sport Recife,34011,1959,home,15566116,05/03/2026,Copa Brasil,0.75,90,0.0,0,0,1993,33,False
76489,Kieza,9.0,F,False,527904000.0,24/09/1986,Desportiva Ferroviária,Sport Recife,34011,1959,home,15566116,05/03/2026,Copa Brasil,0.75,69,0.0,0,0,1986,40,False
1938915,Guilherme Teixeira Santos,22.0,F,True,855792000.0,13/02/1997,Desportiva Ferroviária,Sport Recife,34011,1959,home,15566116,05/03/2026,Copa Brasil,0.75,21,0.0,0,0,1997,29,False
2436816,Kaka Calavort,17.0,D,True,941587200.0,03/11/1999,Desportiva Ferroviária,Sport Recife,34011,1959,home,15566116,05/03/2026,Copa Brasil,0.75,14,0.0,0,0,1999,27,False
1491467,Jhonatan Marino,19.0,M,True,902448000.0,07/08/1998,Desportiva Ferroviária,Sport Recife,34011,1959,home,15566116,05/03/2026,Copa Brasil,0.75,14,0.0,0,0,1998,28,False
1046807,Janelson,3.0,D,True,851558400.0,26/12/1996,Desportiva Ferroviária,Sport Recife,34011,1959,home,15566116,05/03/2026,Copa Brasil,0.75,5,0.0,0,0,1996,30,False
2455542,Kaiki Costela,8.0,F,True,1099440000.0,03/11/2004,Desportiva Ferroviária,Sport Recife,34011,1959,home,15566116,05/03/2026,Copa Brasil,0.75,5,0.0,0,0,2004,22,True
871291,Thiago Couto,26.0,G,False,922406400.0,26/03/1999,Sport Recife,Desportiva Ferroviária,1959,34011,away,15566116,05/03/2026,Copa Brasil,0.75,90,0.0,0,0,1999,27,False
953736,Matheus Alexandre,2.0,D,False,923443200.0,07/04/1999,Sport Recife,Desportiva Ferroviária,1959,34011,away,15566116,05/03/2026,Copa Brasil,0.75,90,0.0,0,0,1999,27,False
1634992,Marcelo Ajul,3.0,D,False,1030320000.0,26/08/2002,Sport Recife,Desportiva Ferroviária,1959,34011,away,15566116,05/03/2026,Copa Brasil,0.75,90,0.0,0,0,2002,24,False
901700,Zé Marcos,4.0,D,False,886291200.0,01/02/1998,Sport Recife,Desportiva Ferroviária,1959,34011,away,15566116,05/03/2026,Copa Brasil,0.75,90,0.0,0,0,1998,28,False
987173,Davi Gabriel,29.0,D,False,879292800.0,12/11/1997,Sport Recife,Desportiva Ferroviária,1959,34011,away,15566116,05/03/2026,Copa Brasil,0.75,55,0.0,0,0,1997,29,False
1105838,Max,8.0,M,False,989539200.0,11/05/2001,Sport Recife,Desportiva Ferroviária,1959,34011,away,15566116,05/03/2026,Copa Brasil,0.75,55,0.0,0,0,2001,25,False
2040561,Zé Lucas,58.0,M,False,1206144000.0,22/03/2008,Sport Recife,Desportiva Ferroviária,1959,34011,away,15566116,05/03/2026,Copa Brasil,0.75,90,0.0,0,0,2008,18,True
552164,Yago Felipe,7.0,M,False,791769600.0,03/02/1995,Sport Recife,Desportiva Ferroviária,1959,34011,away,15566116,05/03/2026,Copa Brasil,0.75,90,0.0,0,0,1995,31,False
311394,Carlos De Pena,10.0,M,False,700272000.0,11/03/1992,Sport Recife,Desportiva Ferroviária,1959,34011,away,15566116,05/03/2026,Copa Brasil,0.75,69,0.0,0,0,1992,34,False
1023049,Gustavo Maia,11.0,M,False,980121600.0,22/01/2001,Sport Recife,Desportiva Ferroviária,1959,34011,away,15566116,05/03/2026,Copa Brasil,0.75,86,0.0,0,0,2001,25,False
981595,Gustavo Coutinho,9.0,F,False,916704000.0,19/01/1999,Sport Recife,Desportiva Ferroviária,1959,34011,away,15566116,05/03/2026,Copa Brasil,0.75,69,0.0,0,0,1999,27,False
1048276,Felipinho,60.0,M,True,853113600.0,13/01/1997,Sport Recife,Desportiva Ferroviária,1959,34011,away,15566116,05/03/2026,Copa Brasil,0.75,35,0.0,0,0,1997,29,False
1035765,Chrystian Barletta,30.0,M,True,994291200.0,05/07/2001,Sport Recife,Desportiva Ferroviária,1959,34011,away,15566116,05/03/2026,Copa Brasil,0.75,35,0.0,0,0,2001,25,False
795020,Iury Castilho,95.0,F,True,810345600.0,06/09/1995,Sport Recife,Desportiva Ferroviária,1959,34011,away,15566116,05/03/2026,Copa Brasil,0.75,21,0.0,0,0,1995,31,False
842076,Zé Roberto,99.0,F,True,747964800.0,14/09/1993,Sport Recife,Desportiva Ferroviária,1959,34011,away,15566116,05/03/2026,Copa Brasil,0.75,21,0.0,0,0,1993,33,False
811308,Clayson,29.0,M,True,795571200.0,19/03/1995,Sport Recife,Desportiva Ferroviária,1959,34011,away,15566116,05/03/2026,Copa Brasil,0.75,4,0.0,0,0,1995,31,False
867883,Douglas Borges,1.0,G,False,638755200.0,30/03/1990,Portuguesa-RJ,Maracanã,208067,87156,home,15566110,05/03/2026,Copa Brasil,0.75,90,0.0,0,0,1990,36,False
881477,Lenon,2.0,D,False,641606400.0,02/05/1990,Portuguesa-RJ,Maracanã,208067,87156,home,15566110,05/03/2026,Copa Brasil,0.75,90,0.0,0,0,1990,36,False
866430,Carlos Henrique,93.0,D,False,756518400.0,22/12/1993,Portuguesa-RJ,Maracanã,208067,87156,home,15566110,05/03/2026,Copa Brasil,0.75,89,0.0,0,0,1993,33,False
931539,Lucas Rodrigues Costa,13.0,D,False,796780800.0,02/04/1995,Portuguesa-RJ,Maracanã,208067,87156,home,15566110,05/03/2026,Copa Brasil,0.75,58,0.0,0,0,1995,31,False
32152,Guilherme Santos,33.0,D,False,571017600.0,05/02/1988,Portuguesa-RJ,Maracanã,208067,87156,home,15566110,05/03/2026,Copa Brasil,0.75,90,0.0,0,0,1988,38,False
840256,Wellington Cézar,30.0,M,False,756432000.0,21/12/1993,Portuguesa-RJ,Maracanã,208067,87156,home,15566110,05/03/2026,Copa Brasil,0.75,90,0.0,0,0,1993,33,False
1034325,Antonio Gutemberg,17.0,M,False,967766400.0,01/09/2000,Portuguesa-RJ,Maracanã,208067,87156,home,15566110,05/03/2026,Copa Brasil,0.75,82,0.0,0,0,2000,26,False
1650402,Henrique Rocha,5.0,M,False,928454400.0,04/06/1999,Portuguesa-RJ,Maracanã,208067,87156,home,15566110,05/03/2026,Copa Brasil,0.75,61,0.0,0,0,1999,27,False
922586,Anderson Rosa,7.0,M,False,731808000.0,11/03/1993,Portuguesa-RJ,Maracanã,208067,87156,home,15566110,05/03/2026,Copa Brasil,0.75,82,0.0,0,0,1993,33,False
1018660,Guilherme Silveira,11.0,M,False,943315200.0,23/11/1999,Portuguesa-RJ,Maracanã,208067,87156,home,15566110,05/03/2026,Copa Brasil,0.75,61,0.0,0,0,1999,27,False
867919,Lohan,19.0,F,False,811555200.0,20/09/1995,Portuguesa-RJ,Maracanã,208067,87156,home,15566110,05/03/2026,Copa Brasil,0.75,90,0.0,1,0,1995,31,False
1540253,Patrick,4.0,D,True,794793600.0,10/03/1995,Portuguesa-RJ,Maracanã,208067,87156,home,15566110,05/03/2026,Copa Brasil,0.75,29,0.0,0,0,1995,31,False
1175571,Willian,21.0,M,True,850089600.0,09/12/1996,Portuguesa-RJ,Maracanã,208067,87156,home,15566110,05/03/2026,Copa Brasil,0.75,29,0.0,0,0,1996,30,False
943165,Rhuan,18.0,M,True,948758400.0,25/01/2000,Portuguesa-RJ,Maracanã,208067,87156,home,15566110,05/03/2026,Copa Brasil,0.75,8,0.0,0,0,2000,26,False
1066554,Leo Muchacho,31.0,F,True,971222400.0,11/10/2000,Portuguesa-RJ,Maracanã,208067,87156,home,15566110,05/03/2026,Copa Brasil,0.75,8,0.0,0,0,2000,26,False
1587854,Alex Moretti,6.0,M,True,1064448000.0,25/09/2003,Portuguesa-RJ,Maracanã,208067,87156,home,15566110,05/03/2026,Copa Brasil,0.75,1,0.0,0,0,2003,23,True
1175246,Redson,12.0,G,False,803174400.0,15/06/1995,Maracanã,Portuguesa-RJ,87156,208067,away,15566110,05/03/2026,Copa Brasil,0.75,90,0.0,0,0,1995,31,False
1639745,Vinícius Oliveira,2.0,D,False,989366400.0,09/05/2001,Maracanã,Portuguesa-RJ,87156,208067,away,15566110,05/03/2026,Copa Brasil,0.75,90,0.0,0,0,2001,25,False
1173117,Guilherme,13.0,D,False,928800000.0,08/06/1999,Maracanã,Portuguesa-RJ,87156,208067,away,15566110,05/03/2026,Copa Brasil,0.75,90,0.0,0,0,1999,27,False
1471236,Geilson Souza,4.0,D,False,1067904000.0,04/11/2003,Maracanã,Portuguesa-RJ,87156,208067,away,15566110,05/03/2026,Copa Brasil,0.75,90,0.0,0,0,2003,23,True
1647511,Valdo Paraíba,6.0,F,False,1056153600.0,21/06/2003,Maracanã,Portuguesa-RJ,87156,208067,away,15566110,05/03/2026,Copa Brasil,0.75,46,0.0,0,0,2003,23,True
1171509,Lincoln,15.0,M,False,717811200.0,30/09/1992,Maracanã,Portuguesa-RJ,87156,208067,away,15566110,05/03/2026,Copa Brasil,0.75,90,0.0,0,0,1992,34,False
1647506,Luan Lucas,7.0,F,False,1099958400.0,09/11/2004,Maracanã,Portuguesa-RJ,87156,208067,away,15566110,05/03/2026,Copa Brasil,0.75,61,0.0,0,0,2004,22,True
1609589,Robert,26.0,M,False,1016668800.0,21/03/2002,Maracanã,Portuguesa-RJ,87156,208067,away,15566110,05/03/2026,Copa Brasil,0.75,90,0.0,0,0,2002,24,False
874308,José Silva Patuta,10.0,M,False,750470400.0,13/10/1993,Maracanã,Portuguesa-RJ,87156,208067,away,15566110,05/03/2026,Copa Brasil,0.75,70,0.0,0,0,1993,33,False
1171513,Ivanaldo Silva Testinha,28.0,M,False,715564800.0,04/09/1992,Maracanã,Portuguesa-RJ,87156,208067,away,15566110,05/03/2026,Copa Brasil,0.75,82,0.0,0,0,1992,34,False
1645815,Vinícius Canindé,22.0,M,False,915753600.0,08/01/1999,Maracanã,Portuguesa-RJ,87156,208067,away,15566110,05/03/2026,Copa Brasil,0.75,90,0.0,0,0,1999,27,False
1634389,Alison Araçoiaba,18.0,F,True,,,Maracanã,Portuguesa-RJ,87156,208067,away,15566110,05/03/2026,Copa Brasil,0.75,44,0.0,0,0,0,0,False
1590321,João Gabriel,17.0,F,True,1088208000.0,26/06/2004,Maracanã,Portuguesa-RJ,87156,208067,away,15566110,05/03/2026,Copa Brasil,0.75,21,0.0,0,0,2004,22,True
1465435,Biel Potiguar,27.0,D,True,853459200.0,17/01/1997,Maracanã,Portuguesa-RJ,87156,208067,away,15566110,05/03/2026,Copa Brasil,0.75,20,0.0,0,0,1997,29,False
1105965,Digão,16.0,D,True,845251200.0,14/10/1996,Maracanã,Portuguesa-RJ,87156,208067,away,15566110,05/03/2026,Copa Brasil,0.75,8,0.0,0,0,1996,30,False
1019897,Mateusão,9.0,F,True,736128000.0,30/04/1993,Maracanã,Portuguesa-RJ,87156,208067,away,15566110,05/03/2026,Copa Brasil,0.75,8,0.0,0,0,1993,33,False
866736,Raúl,1.0,G,False,870048000.0,28/07/1997,Botafogo,Bangu,1958,1993,home,15651378,07/03/2026,Carioca,0.85,90,7.2,0,0,1997,29,False
1843325,Kadu Santos,42.0,D,False,1124150400.0,16/08/2005,Botafogo,Bangu,1958,1993,home,15651378,07/03/2026,Carioca,0.85,90,7.2,0,0,2005,21,True
1512551,Ythallo,3.0,D,False,1090454400.0,22/07/2004,Botafogo,Bangu,1958,1993,home,15651378,07/03/2026,Carioca,0.85,90,6.5,0,0,2004,22,True
1631268,Gabriel Justino,34.0,D,False,1145145600.0,16/04/2006,Botafogo,Bangu,1958,1993,home,15651378,07/03/2026,Carioca,0.85,90,6.8,0,0,2006,20,True
1109864,Lucas Villalba,77.0,M,False,989539200.0,11/05/2001,Botafogo,Bangu,1958,1993,home,15651378,07/03/2026,Carioca,0.85,85,6.8,0,1,2001,25,False
221636,Edenilson,88.0,M,False,629942400.0,18/12/1989,Botafogo,Bangu,1958,1993,home,15651378,07/03/2026,Carioca,0.85,68,8.0,1,0,1989,37,False
1857051,Arthur Novaes,48.0,M,False,1221523200.0,16/09/2008,Botafogo,Bangu,1958,1993,home,15651378,07/03/2026,Carioca,0.85,90,6.1,0,0,2008,18,True
1494695,Nathan Fernandes,16.0,M,False,1108512000.0,16/02/2005,Botafogo,Bangu,1958,1993,home,15651378,07/03/2026,Carioca,0.85,76,7.0,0,0,2005,21,True
2028289,Caio Valle,45.0,F,False,1192060800.0,11/10/2007,Botafogo,Bangu,1958,1993,home,15651378,07/03/2026,Carioca,0.85,76,7.4,1,0,2007,19,True
249929,Joaquín Correa,30.0,F,False,776736000.0,13/08/1994,Botafogo,Bangu,1958,1993,home,15651378,07/03/2026,Carioca,0.85,90,8.9,1,0,1994,32,False
870762,Arthur Cabral,19.0,F,False,893462400.0,25/04/1998,Botafogo,Bangu,1958,1993,home,15651378,07/03/2026,Carioca,0.85,85,6.8,0,1,1998,28,False
2185481,Marquinhos,64.0,D,True,1171497600.0,15/02/2007,Botafogo,Bangu,1958,1993,home,15651378,07/03/2026,Carioca,0.85,22,6.6,0,0,2007,19,True
1482359,Jhoan Hernandez,67.0,D,True,1140393600.0,20/02/2006,Botafogo,Bangu,1958,1993,home,15651378,07/03/2026,Carioca,0.85,14,7.0,0,0,2006,20,True
2428433,Arthur Izaque,39.0,F,True,1183075200.0,29/06/2007,Botafogo,Bangu,1958,1993,home,15651378,07/03/2026,Carioca,0.85,14,6.3,0,0,2007,19,True
1099163,Mateo Ponte,4.0,D,True,1053734400.0,24/05/2003,Botafogo,Bangu,1958,1993,home,15651378,07/03/2026,Carioca,0.85,10,6.5,0,0,2003,23,True
1463909,Newton,28.0,M,True,952819200.0,12/03/2000,Botafogo,Bangu,1958,1993,home,15651378,07/03/2026,Carioca,0.85,10,6.5,0,0,2000,26,False
868012,Bruno Rodrigues,31.0,G,False,789436800.0,07/01/1995,Bangu,Botafogo,1993,1958,away,15651378,07/03/2026,Carioca,0.85,90,6.2,0,0,1995,31,False
1167081,Dudu,2.0,D,False,976579200.0,12/12/2000,Bangu,Botafogo,1993,1958,away,15651378,07/03/2026,Carioca,0.85,90,6.0,0,0,2000,26,False
867867,Gilberto,3.0,D,False,835920000.0,28/06/1996,Bangu,Botafogo,1993,1958,away,15651378,07/03/2026,Carioca,0.85,90,5.8,0,0,1996,30,False
1107931,Kadu,4.0,D,False,855446400.0,09/02/1997,Bangu,Botafogo,1993,1958,away,15651378,07/03/2026,Carioca,0.85,67,6.5,0,0,1997,29,False
1117841,Ricardo Sena,16.0,D,False,709948800.0,01/07/1992,Bangu,Botafogo,1993,1958,away,15651378,07/03/2026,Carioca,0.85,90,6.5,0,0,1992,34,False
2447769,Dioguinho,5.0,M,False,979084800.0,10/01/2001,Bangu,Botafogo,1993,1958,away,15651378,07/03/2026,Carioca,0.85,34,6.5,0,0,2001,25,False
1023504,Pedro China,15.0,M,False,1015459200.0,07/03/2002,Bangu,Botafogo,1993,1958,away,15651378,07/03/2026,Carioca,0.85,89,6.9,0,0,2002,24,False
868055,Douglas Lima,21.0,M,False,763430400.0,12/03/1994,Bangu,Botafogo,1993,1958,away,15651378,07/03/2026,Carioca,0.85,45,6.4,0,0,1994,32,False
1187636,Walber,10.0,M,False,747273600.0,06/09/1993,Bangu,Botafogo,1993,1958,away,15651378,07/03/2026,Carioca,0.85,67,6.2,0,0,1993,33,False
367276,Luizinho,17.0,M,False,820972800.0,07/01/1996,Bangu,Botafogo,1993,1958,away,15651378,07/03/2026,Carioca,0.85,90,7.7,1,0,1996,30,False
1119890,Lucas Sibito,11.0,F,False,863395200.0,12/05/1997,Bangu,Botafogo,1993,1958,away,15651378,07/03/2026,Carioca,0.85,90,6.6,0,0,1997,29,False
1836778,Kauan Guilherme,25.0,M,True,1104883200.0,05/01/2005,Bangu,Botafogo,1993,1958,away,15651378,07/03/2026,Carioca,0.85,56,5.9,0,0,2005,21,True
1462415,Patryck Ferreira,9.0,F,True,904953600.0,05/09/1998,Bangu,Botafogo,1993,1958,away,15651378,07/03/2026,Carioca,0.85,45,6.0,0,0,1998,28,False
2036751,Welington Zarú,18.0,F,True,1098057600.0,18/10/2004,Bangu,Botafogo,1993,1958,away,15651378,07/03/2026,Carioca,0.85,23,7.5,0,1,2004,22,True
1545482,Garrinsha Estinphile,7.0,M,True,1008892800.0,21/12/2001,Bangu,Botafogo,1993,1958,away,15651378,07/03/2026,Carioca,0.85,23,6.6,0,0,2001,25,False
2447771,Marcelinho,20.0,F,True,1084320000.0,12/05/2004,Bangu,Botafogo,1993,1958,away,15651378,07/03/2026,Carioca,0.85,1,0.0,0,0,2004,22,True
867883,Douglas Borges,1.0,G,False,638755200.0,30/03/1990,Portuguesa-RJ,Sampaio Corrêa-RJ,208067,257632,home,15512222,03/03/2026,Carioca,0.85,90,7.6,0,0,1990,36,False
881477,Lenon,2.0,D,False,641606400.0,02/05/1990,Portuguesa-RJ,Sampaio Corrêa-RJ,208067,257632,home,15512222,03/03/2026,Carioca,0.85,90,7.5,0,1,1990,36,False
866430,Carlos Henrique,93.0,D,False,756518400.0,22/12/1993,Portuguesa-RJ,Sampaio Corrêa-RJ,208067,257632,home,15512222,03/03/2026,Carioca,0.85,90,7.0,0,0,1993,33,False
931539,Lucas Rodrigues Costa,13.0,D,False,796780800.0,02/04/1995,Portuguesa-RJ,Sampaio Corrêa-RJ,208067,257632,home,15512222,03/03/2026,Carioca,0.85,90,6.9,0,0,1995,31,False
32152,Guilherme Santos,33.0,D,False,571017600.0,05/02/1988,Portuguesa-RJ,Sampaio Corrêa-RJ,208067,257632,home,15512222,03/03/2026,Carioca,0.85,90,7.4,0,1,1988,38,False
840256,Wellington Cézar,30.0,M,False,756432000.0,21/12/1993,Portuguesa-RJ,Sampaio Corrêa-RJ,208067,257632,home,15512222,03/03/2026,Carioca,0.85,90,6.9,0,0,1993,33,False
1034325,Antonio Gutemberg,17.0,M,False,967766400.0,01/09/2000,Portuguesa-RJ,Sampaio Corrêa-RJ,208067,257632,home,15512222,03/03/2026,Carioca,0.85,89,6.5,0,0,2000,26,False
1650402,Henrique Rocha,5.0,M,False,928454400.0,04/06/1999,Portuguesa-RJ,Sampaio Corrêa-RJ,208067,257632,home,15512222,03/03/2026,Carioca,0.85,80,7.3,0,0,1999,27,False
922586,Anderson Rosa,7.0,M,False,731808000.0,11/03/1993,Portuguesa-RJ,Sampaio Corrêa-RJ,208067,257632,home,15512222,03/03/2026,Carioca,0.85,80,6.8,0,0,1993,33,False
1018660,Guilherme Silveira,11.0,M,False,943315200.0,23/11/1999,Portuguesa-RJ,Sampaio Corrêa-RJ,208067,257632,home,15512222,03/03/2026,Carioca,0.85,65,6.8,0,0,1999,27,False
867919,Lohan,19.0,F,False,811555200.0,20/09/1995,Portuguesa-RJ,Sampaio Corrêa-RJ,208067,257632,home,15512222,03/03/2026,Carioca,0.85,89,8.0,1,0,1995,31,False
943165,Rhuan,18.0,M,True,948758400.0,25/01/2000,Portuguesa-RJ,Sampaio Corrêa-RJ,208067,257632,home,15512222,03/03/2026,Carioca,0.85,25,7.7,1,0,2000,26,False
867960,Romarinho,10.0,F,True,748310400.0,18/09/1993,Portuguesa-RJ,Sampaio Corrêa-RJ,208067,257632,home,15512222,03/03/2026,Carioca,0.85,10,6.7,0,0,1993,33,False
1175571,Willian,21.0,F,True,850089600.0,09/12/1996,Portuguesa-RJ,Sampaio Corrêa-RJ,208067,257632,home,15512222,03/03/2026,Carioca,0.85,10,6.5,0,0,1996,30,False
1175985,Patrick,4.0,D,True,889401600.0,09/03/1998,Portuguesa-RJ,Sampaio Corrêa-RJ,208067,257632,home,15512222,03/03/2026,Carioca,0.85,1,0.0,0,0,1998,28,False
892873,Uelber,9.0,F,True,894240000.0,04/05/1998,Portuguesa-RJ,Sampaio Corrêa-RJ,208067,257632,home,15512222,03/03/2026,Carioca,0.85,1,0.0,0,0,1998,28,False
1457684,Eduardo,1.0,G,False,989884800.0,15/05/2001,Sampaio Corrêa-RJ,Portuguesa-RJ,257632,208067,away,15512222,03/03/2026,Carioca,0.85,90,6.3,0,0,2001,25,False
869531,Lucas Carvalho,2.0,D,False,828316800.0,01/04/1996,Sampaio Corrêa-RJ,Portuguesa-RJ,257632,208067,away,15512222,03/03/2026,Carioca,0.85,90,6.4,0,0,1996,30,False
1589672,Daniel Nunes,3.0,D,False,1053734400.0,24/05/2003,Sampaio Corrêa-RJ,Portuguesa-RJ,257632,208067,away,15512222,03/03/2026,Carioca,0.85,90,6.4,0,0,2003,23,True
1612382,Lucas Marreta,4.0,D,False,884131200.0,07/01/1998,Sampaio Corrêa-RJ,Portuguesa-RJ,257632,208067,away,15512222,03/03/2026,Carioca,0.85,90,6.6,0,0,1998,28,False
981383,Guilherme,6.0,D,False,728179200.0,28/01/1993,Sampaio Corrêa-RJ,Portuguesa-RJ,257632,208067,away,15512222,03/03/2026,Carioca,0.85,90,6.6,0,0,1993,33,False
867871,Pablo,5.0,M,False,877392000.0,21/10/1997,Sampaio Corrêa-RJ,Portuguesa-RJ,257632,208067,away,15512222,03/03/2026,Carioca,0.85,86,7.0,0,0,1997,29,False
943038,Luan Gama,8.0,M,False,897091200.0,06/06/1998,Sampaio Corrêa-RJ,Portuguesa-RJ,257632,208067,away,15512222,03/03/2026,Carioca,0.85,90,6.3,0,0,1998,28,False
1171655,Ewerton Potiguar,7.0,M,False,897177600.0,07/06/1998,Sampaio Corrêa-RJ,Portuguesa-RJ,257632,208067,away,15512222,03/03/2026,Carioca,0.85,64,6.7,0,0,1998,28,False
166475,Rodrigo Andrade,10.0,M,False,571017600.0,05/02/1988,Sampaio Corrêa-RJ,Portuguesa-RJ,257632,208067,away,15512222,03/03/2026,Carioca,0.85,64,6.0,0,0,1988,38,False
1645908,Octávio,11.0,M,False,855792000.0,13/02/1997,Sampaio Corrêa-RJ,Portuguesa-RJ,257632,208067,away,15512222,03/03/2026,Carioca,0.85,82,6.4,0,0,1997,29,False
243467,Elias,9.0,F,False,540172800.0,13/02/1987,Sampaio Corrêa-RJ,Portuguesa-RJ,257632,208067,away,15512222,03/03/2026,Carioca,0.85,82,6.1,0,0,1987,39,False
1172995,Alan Silva,20.0,D,True,979516800.0,15/01/2001,Sampaio Corrêa-RJ,Portuguesa-RJ,257632,208067,away,15512222,03/03/2026,Carioca,0.85,26,6.4,0,0,2001,25,False
2454208,Paulo Henrique,17.0,M,True,1098403200.0,22/10/2004,Sampaio Corrêa-RJ,Portuguesa-RJ,257632,208067,away,15512222,03/03/2026,Carioca,0.85,26,6.6,0,0,2004,22,True
2454247,Magrão,22.0,F,True,1104796800.0,04/01/2005,Sampaio Corrêa-RJ,Portuguesa-RJ,257632,208067,away,15512222,03/03/2026,Carioca,0.85,8,6.3,0,0,2005,21,True
2453656,Matheus Goiano,18.0,F,True,916963200.0,22/01/1999,Sampaio Corrêa-RJ,Portuguesa-RJ,257632,208067,away,15512222,03/03/2026,Carioca,0.85,8,6.5,0,0,1999,27,False
973865,Magno,15.0,M,True,729907200.0,17/02/1993,Sampaio Corrêa-RJ,Portuguesa-RJ,257632,208067,away,15512222,03/03/2026,Carioca,0.85,10,6.7,0,0,1993,33,False
869179,Neguete,12.0,G,False,636681600.0,06/03/1990,Madureira,Flamengo,6980,5981,home,15566225,03/03/2026,Carioca,0.85,90,5.6,0,0,1990,36,False
1799269,Cauã Coutinho,2.0,D,False,1072915200.0,01/01/2004,Madureira,Flamengo,6980,5981,home,15566225,03/03/2026,Carioca,0.85,90,4.4,0,0,2004,22,True
868855,Marcão,23.0,D,False,612921600.0,04/06/1989,Madureira,Flamengo,6980,5981,home,15566225,03/03/2026,Carioca,0.85,90,5.1,0,0,1989,37,False
1633967,Jean Vianna de Matos,4.0,D,False,1080604800.0,30/03/2004,Madureira,Flamengo,6980,5981,home,15566225,03/03/2026,Carioca,0.85,90,3.2,0,0,2004,22,True
1463563,Matheus Julião,6.0,D,False,1049932800.0,10/04/2003,Madureira,Flamengo,6980,5981,home,15566225,03/03/2026,Carioca,0.85,11,6.3,0,0,2003,23,True
2442978,Adriano,5.0,M,False,1104710400.0,03/01/2005,Madureira,Flamengo,6980,5981,home,15566225,03/03/2026,Carioca,0.85,62,5.8,0,0,2005,21,True
343683,Rodrigo Lindoso,19.0,M,False,613094400.0,06/06/1989,Madureira,Flamengo,6980,5981,home,15566225,03/03/2026,Carioca,0.85,77,5.7,0,0,1989,37,False
1463524,Jacó,7.0,M,False,1022025600.0,22/05/2002,Madureira,Flamengo,6980,5981,home,15566225,03/03/2026,Carioca,0.85,45,6.5,0,0,2002,24,False
1589937,Wallace Camilo,10.0,M,False,1090800000.0,26/07/2004,Madureira,Flamengo,6980,5981,home,15566225,03/03/2026,Carioca,0.85,30,5.0,0,0,2004,22,True
1105028,Vinicius Balotelli,11.0,M,False,890524800.0,22/03/1998,Madureira,Flamengo,6980,5981,home,15566225,03/03/2026,Carioca,0.85,90,6.3,0,0,1998,28,False
170041,Geovane Diniz Silva,9.0,F,False,602553600.0,04/02/1989,Madureira,Flamengo,6980,5981,home,15566225,03/03/2026,Carioca,0.85,45,7.0,0,0,1989,37,False
2442979,Júlio César,16.0,D,True,951523200.0,26/02/2000,Madureira,Flamengo,6980,5981,home,15566225,03/03/2026,Carioca,0.85,79,5.0,0,0,2000,26,False
1587824,Fubá,14.0,M,True,1046995200.0,07/03/2003,Madureira,Flamengo,6980,5981,home,15566225,03/03/2026,Carioca,0.85,45,6.1,0,0,2003,23,True
2159969,Michael Fashanu,24.0,F,True,1120694400.0,07/07/2005,Madureira,Flamengo,6980,5981,home,15566225,03/03/2026,Carioca,0.85,45,7.1,0,0,2005,21,True
1015940,Wendel Lessa,15.0,M,True,1012953600.0,06/02/2002,Madureira,Flamengo,6980,5981,home,15566225,03/03/2026,Carioca,0.85,28,6.7,0,0,2002,24,False
866393,Arthur Santos,17.0,M,True,685411200.0,21/09/1991,Madureira,Flamengo,6980,5981,home,15566225,03/03/2026,Carioca,0.85,13,6.4,0,0,1991,35,False
947893,Andrew,42.0,G,False,993945600.0,01/07/2001,Flamengo,Madureira,5981,6980,away,15566225,03/03/2026,Carioca,0.85,90,7.5,0,0,2001,25,False
856123,Emerson Royal,22.0,D,False,916272000.0,14/01/1999,Flamengo,Madureira,5981,6980,away,15566225,03/03/2026,Carioca,0.85,90,6.8,0,1,1999,27,False
869643,Léo Ortiz,3.0,D,False,820627200.0,03/01/1996,Flamengo,Madureira,5981,6980,away,15566225,03/03/2026,Carioca,0.85,85,7.5,0,0,1996,30,False
876625,Vitão,44.0,D,False,949449600.0,02/02/2000,Flamengo,Madureira,5981,6980,away,15566225,03/03/2026,Carioca,0.85,90,7.6,0,0,2000,26,False
84854,Alex Sandro,26.0,D,False,664848000.0,26/01/1991,Flamengo,Madureira,5981,6980,away,15566225,03/03/2026,Carioca,0.85,90,7.7,0,1,1991,35,False
1145106,Evertton Araujo,52.0,M,False,1046390400.0,28/02/2003,Flamengo,Madureira,5981,6980,away,15566225,03/03/2026,Carioca,0.85,85,6.6,0,1,2003,23,True
877513,Nicolás de la Cruz,18.0,M,False,865123200.0,01/06/1997,Flamengo,Madureira,5981,6980,away,15566225,03/03/2026,Carioca,0.85,57,7.7,0,0,1997,29,False
590392,Jorge Carrascal,15.0,M,False,896054400.0,25/05/1998,Flamengo,Madureira,5981,6980,away,15566225,03/03/2026,Carioca,0.85,57,8.0,0,2,1998,28,False
839981,Lucas Paquetá,20.0,M,False,872640000.0,27/08/1997,Flamengo,Madureira,5981,6980,away,15566225,03/03/2026,Carioca,0.85,90,8.3,2,0,1997,29,False
386198,Everton,11.0,M,False,827452800.0,22/03/1996,Flamengo,Madureira,5981,6980,away,15566225,03/03/2026,Carioca,0.85,68,7.0,0,0,1996,30,False
840219,Pedro,9.0,F,False,866764800.0,20/06/1997,Flamengo,Madureira,5981,6980,away,15566225,03/03/2026,Carioca,0.85,90,10.0,4,1,1997,29,False
840451,Luiz Araújo,7.0,F,True,833673600.0,02/06/1996,Flamengo,Madureira,5981,6980,away,15566225,03/03/2026,Carioca,0.85,33,6.2,0,0,1996,30,False
1883345,Luiz Felipe,75.0,M,True,1202428800.0,08/02/2008,Flamengo,Madureira,5981,6980,away,15566225,03/03/2026,Carioca,0.85,33,6.9,0,0,2008,18,True
874705,Samuel Lino,16.0,M,True,945907200.0,23/12/1999,Flamengo,Madureira,5981,6980,away,15566225,03/03/2026,Carioca,0.85,22,7.9,1,0,1999,27,False
2445457,Daniel Silva,87.0,D,True,1238457600.0,31/03/2009,Flamengo,Madureira,5981,6980,away,15566225,03/03/2026,Carioca,0.85,5,0.0,0,0,2009,17,True
1466084,Wallace Yan,64.0,F,True,1107820800.0,08/02/2005,Flamengo,Madureira,5981,6980,away,15566225,03/03/2026,Carioca,0.85,5,0.0,0,0,2005,21,True
867883,Douglas Borges,1.0,G,False,638755200.0,30/03/1990,Portuguesa-RJ,Maricá FC,208067,288535,home,15512233,08/03/2026,Carioca,0.85,90,6.0,0,0,1990,36,False
881477,Lenon,2.0,D,False,641606400.0,02/05/1990,Portuguesa-RJ,Maricá FC,208067,288535,home,15512233,08/03/2026,Carioca,0.85,90,8.2,1,0,1990,36,False
1175985,Patrick,93.0,D,False,889401600.0,09/03/1998,Portuguesa-RJ,Maricá FC,208067,288535,home,15512233,08/03/2026,Carioca,0.85,90,6.7,0,0,1998,28,False
931539,Lucas Rodrigues Costa,13.0,D,False,796780800.0,02/04/1995,Portuguesa-RJ,Maricá FC,208067,288535,home,15512233,08/03/2026,Carioca,0.85,90,7.3,0,0,1995,31,False
32152,Guilherme Santos,33.0,D,False,571017600.0,05/02/1988,Portuguesa-RJ,Maricá FC,208067,288535,home,15512233,08/03/2026,Carioca,0.85,90,7.0,1,0,1988,38,False
840256,Wellington Cézar,30.0,M,False,756432000.0,21/12/1993,Portuguesa-RJ,Maricá FC,208067,288535,home,15512233,08/03/2026,Carioca,0.85,90,6.7,0,0,1993,33,False
1034325,Antonio Gutemberg,17.0,M,False,967766400.0,01/09/2000,Portuguesa-RJ,Maricá FC,208067,288535,home,15512233,08/03/2026,Carioca,0.85,84,7.5,1,0,2000,26,False
1650402,Henrique Rocha,5.0,M,False,928454400.0,04/06/1999,Portuguesa-RJ,Maricá FC,208067,288535,home,15512233,08/03/2026,Carioca,0.85,45,6.3,0,0,1999,27,False
922586,Anderson Rosa,7.0,M,False,731808000.0,11/03/1993,Portuguesa-RJ,Maricá FC,208067,288535,home,15512233,08/03/2026,Carioca,0.85,84,8.3,0,3,1993,33,False
943165,Rhuan,18.0,M,False,948758400.0,25/01/2000,Portuguesa-RJ,Maricá FC,208067,288535,home,15512233,08/03/2026,Carioca,0.85,45,6.4,0,0,2000,26,False
867919,Lohan,19.0,F,False,811555200.0,20/09/1995,Portuguesa-RJ,Maricá FC,208067,288535,home,15512233,08/03/2026,Carioca,0.85,84,7.2,1,0,1995,31,False
1018660,Guilherme Silveira,11.0,M,True,943315200.0,23/11/1999,Portuguesa-RJ,Maricá FC,208067,288535,home,15512233,08/03/2026,Carioca,0.85,45,7.4,0,2,1999,27,False
1175571,Willian,21.0,F,True,850089600.0,09/12/1996,Portuguesa-RJ,Maricá FC,208067,288535,home,15512233,08/03/2026,Carioca,0.85,45,7.7,1,0,1996,30,False
1019269,Albert,20.0,M,True,841622400.0,02/09/1996,Portuguesa-RJ,Maricá FC,208067,288535,home,15512233,08/03/2026,Carioca,0.85,6,0.0,0,0,1996,30,False
867960,Romarinho,10.0,F,True,748310400.0,18/09/1993,Portuguesa-RJ,Maricá FC,208067,288535,home,15512233,08/03/2026,Carioca,0.85,6,0.0,0,0,1993,33,False
1066554,Leo Muchacho,31.0,F,True,971222400.0,11/10/2000,Portuguesa-RJ,Maricá FC,208067,288535,home,15512233,08/03/2026,Carioca,0.85,6,0.0,0,0,2000,26,False
1176197,Dida,1.0,G,False,492220800.0,07/08/1985,Maricá FC,Portuguesa-RJ,288535,208067,away,15512233,08/03/2026,Carioca,0.85,90,5.2,0,0,1985,41,False
986910,Magno Nunes,2.0,D,False,699321600.0,29/02/1992,Maricá FC,Portuguesa-RJ,288535,208067,away,15512233,08/03/2026,Carioca,0.85,50,6.4,0,0,1992,34,False
33542,Sandro,3.0,D,False,579830400.0,17/05/1988,Maricá FC,Portuguesa-RJ,288535,208067,away,15512233,08/03/2026,Carioca,0.85,90,6.0,0,0,1988,38,False
2484492,Erick Landini,4.0,D,False,833500800.0,31/05/1996,Maricá FC,Portuguesa-RJ,288535,208067,away,15512233,08/03/2026,Carioca,0.85,90,5.4,0,0,1996,30,False
2463605,Cauã Mendes,17.0,D,False,1161820800.0,26/10/2006,Maricá FC,Portuguesa-RJ,288535,208067,away,15512233,08/03/2026,Carioca,0.85,90,4.9,0,0,2006,20,True
870735,Magno Souza,8.0,M,False,648950400.0,26/07/1990,Maricá FC,Portuguesa-RJ,288535,208067,away,15512233,08/03/2026,Carioca,0.85,90,6.5,0,0,1990,36,False
931571,Matheus Lira,5.0,M,False,885168000.0,19/01/1998,Maricá FC,Portuguesa-RJ,288535,208067,away,15512233,08/03/2026,Carioca,0.85,50,6.4,0,0,1998,28,False
1640543,Almir Sóta,7.0,M,False,772934400.0,30/06/1994,Maricá FC,Portuguesa-RJ,288535,208067,away,15512233,08/03/2026,Carioca,0.85,69,6.5,0,1,1994,32,False
867872,Marcelo,10.0,M,False,583113600.0,24/06/1988,Maricá FC,Portuguesa-RJ,288535,208067,away,15512233,08/03/2026,Carioca,0.85,90,6.4,0,0,1988,38,False
2053560,Oliver,11.0,M,False,1134604800.0,15/12/2005,Maricá FC,Portuguesa-RJ,288535,208067,away,15512233,08/03/2026,Carioca,0.85,59,6.6,0,0,2005,21,True
936947,Pablo Thomaz,9.0,F,False,936662400.0,07/09/1999,Maricá FC,Portuguesa-RJ,288535,208067,away,15512233,08/03/2026,Carioca,0.85,90,6.8,1,0,1999,27,False
2443995,Bernardo,14.0,M,True,1097280000.0,09/10/2004,Maricá FC,Portuguesa-RJ,288535,208067,away,15512233,08/03/2026,Carioca,0.85,40,6.3,0,0,2004,22,True
2057112,Rafael Café,18.0,F,True,957916800.0,10/05/2000,Maricá FC,Portuguesa-RJ,288535,208067,away,15512233,08/03/2026,Carioca,0.85,40,6.5,0,0,2000,26,False
2029776,Denílson,21.0,F,True,969667200.0,23/09/2000,Maricá FC,Portuguesa-RJ,288535,208067,away,15512233,08/03/2026,Carioca,0.85,31,8.6,1,1,2000,26,False
867997,Vinicius Matheus,15.0,M,True,770860800.0,06/06/1994,Maricá FC,Portuguesa-RJ,288535,208067,away,15512233,08/03/2026,Carioca,0.85,21,6.5,0,0,1994,32,False
926826,Mota,31.0,G,False,480384000.0,23/03/1985,Nova Iguaçu,Sampaio Corrêa-RJ,6981,257632,home,15512228,08/03/2026,Carioca,0.85,90,7.6,0,0,1985,41,False
868039,Yan Silva,4.0,D,False,824688000.0,19/02/1996,Nova Iguaçu,Sampaio Corrêa-RJ,6981,257632,home,15512228,08/03/2026,Carioca,0.85,89,7.4,0,0,1996,30,False
1106777,Davi,2.0,D,False,1012435200.0,31/01/2002,Nova Iguaçu,Sampaio Corrêa-RJ,6981,257632,home,15512228,08/03/2026,Carioca,0.85,90,7.3,0,0,2002,24,False
1173236,Guilherme Kayron,6.0,D,False,1042502400.0,14/01/2003,Nova Iguaçu,Sampaio Corrêa-RJ,6981,257632,home,15512228,08/03/2026,Carioca,0.85,90,6.8,0,0,2003,23,True
1174655,Wender,3.0,D,False,899510400.0,04/07/1998,Nova Iguaçu,Sampaio Corrêa-RJ,6981,257632,home,15512228,08/03/2026,Carioca,0.85,89,7.3,0,1,1998,28,False
1034343,Pedro Thomaz Menta de Souza,5.0,M,False,951264000.0,23/02/2000,Nova Iguaçu,Sampaio Corrêa-RJ,6981,257632,home,15512228,08/03/2026,Carioca,0.85,90,6.8,0,0,2000,26,False
1046975,Léo Rafael,8.0,M,False,988156800.0,25/04/2001,Nova Iguaçu,Sampaio Corrêa-RJ,6981,257632,home,15512228,08/03/2026,Carioca,0.85,90,7.4,0,0,2001,25,False
1645840,Xandinho,7.0,M,False,862272000.0,29/04/1997,Nova Iguaçu,Sampaio Corrêa-RJ,6981,257632,home,15512228,08/03/2026,Carioca,0.85,90,7.8,1,0,1997,29,False
2044330,Iago,11.0,M,False,1149984000.0,11/06/2006,Nova Iguaçu,Sampaio Corrêa-RJ,6981,257632,home,15512228,08/03/2026,Carioca,0.85,84,7.1,1,0,2006,20,True
1499920,Lucas Cruz,10.0,M,False,1084665600.0,16/05/2004,Nova Iguaçu,Sampaio Corrêa-RJ,6981,257632,home,15512228,08/03/2026,Carioca,0.85,66,6.7,0,1,2004,22,True
1117595,Vinicius Charopem,9.0,F,False,898819200.0,26/06/1998,Nova Iguaçu,Sampaio Corrêa-RJ,6981,257632,home,15512228,08/03/2026,Carioca,0.85,84,6.6,0,0,1998,28,False
1639082,Rickelme Lopes,20.0,M,True,1002499200.0,08/10/2001,Nova Iguaçu,Sampaio Corrêa-RJ,6981,257632,home,15512228,08/03/2026,Carioca,0.85,24,6.4,0,0,2001,25,False
2025395,Daniel Zavoli,15.0,D,True,1137024000.0,12/01/2006,Nova Iguaçu,Sampaio Corrêa-RJ,6981,257632,home,15512228,08/03/2026,Carioca,0.85,11,6.9,0,0,2006,20,True
1175495,Eduardo Thomasel,18.0,F,True,1010966400.0,14/01/2002,Nova Iguaçu,Sampaio Corrêa-RJ,6981,257632,home,15512228,08/03/2026,Carioca,0.85,11,6.5,0,0,2002,24,False
2026528,Lucas Cirilo,13.0,D,True,1108512000.0,16/02/2005,Nova Iguaçu,Sampaio Corrêa-RJ,6981,257632,home,15512228,08/03/2026,Carioca,0.85,1,0.0,0,0,2005,21,True
2027622,Augusto,14.0,D,True,1006387200.0,22/11/2001,Nova Iguaçu,Sampaio Corrêa-RJ,6981,257632,home,15512228,08/03/2026,Carioca,0.85,1,0.0,0,0,2001,25,False
1018650,Zé Carlos,1.0,G,False,792460800.0,11/02/1995,Sampaio Corrêa-RJ,Nova Iguaçu,257632,6981,away,15512228,08/03/2026,Carioca,0.85,90,5.4,0,0,1995,31,False
869531,Lucas Carvalho,2.0,D,False,828316800.0,01/04/1996,Sampaio Corrêa-RJ,Nova Iguaçu,257632,6981,away,15512228,08/03/2026,Carioca,0.85,90,6.5,0,0,1996,30,False
1589672,Daniel Nunes,3.0,D,False,1053734400.0,24/05/2003,Sampaio Corrêa-RJ,Nova Iguaçu,257632,6981,away,15512228,08/03/2026,Carioca,0.85,90,7.4,0,0,2003,23,True
1612382,Lucas Marreta,4.0,D,False,884131200.0,07/01/1998,Sampaio Corrêa-RJ,Nova Iguaçu,257632,6981,away,15512228,08/03/2026,Carioca,0.85,90,7.0,0,0,1998,28,False
981383,Guilherme,6.0,D,False,728179200.0,28/01/1993,Sampaio Corrêa-RJ,Nova Iguaçu,257632,6981,away,15512228,08/03/2026,Carioca,0.85,90,6.4,0,0,1993,33,False
867871,Pablo,5.0,M,False,877392000.0,21/10/1997,Sampaio Corrêa-RJ,Nova Iguaçu,257632,6981,away,15512228,08/03/2026,Carioca,0.85,71,6.7,0,0,1997,29,False
943038,Luan Gama,8.0,M,False,897091200.0,06/06/1998,Sampaio Corrêa-RJ,Nova Iguaçu,257632,6981,away,15512228,08/03/2026,Carioca,0.85,90,6.7,0,0,1998,28,False
1645908,Octávio,11.0,M,False,855792000.0,13/02/1997,Sampaio Corrêa-RJ,Nova Iguaçu,257632,6981,away,15512228,08/03/2026,Carioca,0.85,70,6.5,0,0,1997,29,False
166475,Rodrigo Andrade,10.0,M,False,571017600.0,05/02/1988,Sampaio Corrêa-RJ,Nova Iguaçu,257632,6981,away,15512228,08/03/2026,Carioca,0.85,62,6.7,0,0,1988,38,False
846749,Alexander Lecaros,7.0,M,False,939772800.0,13/10/1999,Sampaio Corrêa-RJ,Nova Iguaçu,257632,6981,away,15512228,08/03/2026,Carioca,0.85,45,6.2,0,0,1999,27,False
243467,Elias,9.0,F,False,540172800.0,13/02/1987,Sampaio Corrêa-RJ,Nova Iguaçu,257632,6981,away,15512228,08/03/2026,Carioca,0.85,84,6.6,0,0,1987,39,False
1171655,Ewerton Potiguar,19.0,F,True,897177600.0,07/06/1998,Sampaio Corrêa-RJ,Nova Iguaçu,257632,6981,away,15512228,08/03/2026,Carioca,0.85,45,6.6,0,0,1998,28,False
973865,Magno,16.0,M,True,729907200.0,17/02/1993,Sampaio Corrêa-RJ,Nova Iguaçu,257632,6981,away,15512228,08/03/2026,Carioca,0.85,28,6.7,0,0,1993,33,False
1172995,Alan Silva,20.0,D,True,979516800.0,15/01/2001,Sampaio Corrêa-RJ,Nova Iguaçu,257632,6981,away,15512228,08/03/2026,Carioca,0.85,20,6.6,0,0,2001,25,False
2454208,Paulo Henrique,17.0,M,True,1098403200.0,22/10/2004,Sampaio Corrêa-RJ,Nova Iguaçu,257632,6981,away,15512228,08/03/2026,Carioca,0.85,19,6.7,0,0,2004,22,True
2453656,Matheus Goiano,18.0,F,True,916963200.0,22/01/1999,Sampaio Corrêa-RJ,Nova Iguaçu,257632,6981,away,15512228,08/03/2026,Carioca,0.85,11,7.0,0,0,1999,27,False
17785,Fábio,1.0,G,False,339120000.0,30/09/1980,Fluminense,Flamengo,1961,5981,home,15648858,08/03/2026,Carioca,0.85,90,8.1,0,0,1980,46,False
795773,Samuel Xavier,2.0,D,False,644630400.0,06/06/1990,Fluminense,Flamengo,1961,5981,home,15648858,08/03/2026,Carioca,0.85,76,6.5,0,0,1990,36,False
1527129,Jemmes,3.0,D,False,955238400.0,09/04/2000,Fluminense,Flamengo,1961,5981,home,15648858,08/03/2026,Carioca,0.85,90,7.8,0,0,2000,26,False
962187,Juan Freytes,22.0,D,False,947548800.0,11/01/2000,Fluminense,Flamengo,1961,5981,home,15648858,08/03/2026,Carioca,0.85,90,6.5,0,0,2000,26,False
243113,Renê,6.0,D,False,716428800.0,14/09/1992,Fluminense,Flamengo,1961,5981,home,15648858,08/03/2026,Carioca,0.85,76,6.6,0,0,1992,34,False
1104068,Hércules,35.0,M,False,972000000.0,20/10/2000,Fluminense,Flamengo,1961,5981,home,15648858,08/03/2026,Carioca,0.85,85,6.9,0,0,2000,26,False
1067671,Matheus Martinelli,8.0,M,False,1002240000.0,05/10/2001,Fluminense,Flamengo,1961,5981,home,15648858,08/03/2026,Carioca,0.85,90,6.9,0,0,2001,25,False
846413,Agustín Canobbio,17.0,M,False,907200000.0,01/10/1998,Fluminense,Flamengo,1961,5981,home,15648858,08/03/2026,Carioca,0.85,90,6.5,0,0,1998,28,False
548030,Luciano Acosta,32.0,M,False,770342400.0,31/05/1994,Fluminense,Flamengo,1961,5981,home,15648858,08/03/2026,Carioca,0.85,85,6.6,0,0,1994,32,False
981374,Kevin Serna,90.0,M,False,882748800.0,22/12/1997,Fluminense,Flamengo,1961,5981,home,15648858,08/03/2026,Carioca,0.85,76,6.8,0,0,1997,29,False
1087399,John Kennedy,9.0,F,False,1021680000.0,18/05/2002,Fluminense,Flamengo,1961,5981,home,15648858,08/03/2026,Carioca,0.85,90,6.7,0,0,2002,24,False
928134,Guga,23.0,D,True,904348800.0,29/08/1998,Fluminense,Flamengo,1961,5981,home,15648858,08/03/2026,Carioca,0.85,14,6.1,0,0,1998,28,False
1127439,Guilherme Arana,13.0,D,True,860976000.0,14/04/1997,Fluminense,Flamengo,1961,5981,home,15648858,08/03/2026,Carioca,0.85,14,7.1,0,0,1997,29,False
874739,Jefferson Savarino,11.0,F,True,847670400.0,11/11/1996,Fluminense,Flamengo,1961,5981,home,15648858,08/03/2026,Carioca,0.85,14,7.3,0,0,1996,30,False
552686,Otávio,94.0,M,True,768009600.0,04/05/1994,Fluminense,Flamengo,1961,5981,home,15648858,08/03/2026,Carioca,0.85,5,0.0,0,0,1994,32,False
116853,Ganso,10.0,M,True,624153600.0,12/10/1989,Fluminense,Flamengo,1961,5981,home,15648858,08/03/2026,Carioca,0.85,5,0.0,0,0,1989,37,False
1140986,Agustín Rossi,1.0,G,False,808963200.0,21/08/1995,Flamengo,Fluminense,5981,1961,away,15648858,08/03/2026,Carioca,0.85,90,9.0,0,0,1995,31,False
311456,Guillermo Varela,2.0,D,False,732931200.0,24/03/1993,Flamengo,Fluminense,5981,1961,away,15648858,08/03/2026,Carioca,0.85,90,6.8,0,0,1993,33,False
869643,Léo Ortiz,3.0,D,False,820627200.0,03/01/1996,Flamengo,Fluminense,5981,1961,away,15648858,08/03/2026,Carioca,0.85,90,7.7,0,0,1996,30,False
358548,Léo Pereira,4.0,D,False,823046400.0,31/01/1996,Flamengo,Fluminense,5981,1961,away,15648858,08/03/2026,Carioca,0.85,90,7.6,0,0,1996,30,False
84854,Alex Sandro,26.0,D,False,664848000.0,26/01/1991,Flamengo,Fluminense,5981,1961,away,15648858,08/03/2026,Carioca,0.85,90,7.9,0,0,1991,35,False
590262,Erick Pulgar,5.0,M,False,758592000.0,15/01/1994,Flamengo,Fluminense,5981,1961,away,15648858,08/03/2026,Carioca,0.85,90,7.2,0,0,1994,32,False
132874,Jorginho,21.0,M,False,693187200.0,20/12/1991,Flamengo,Fluminense,5981,1961,away,15648858,08/03/2026,Carioca,0.85,90,7.2,0,0,1991,35,False
590392,Jorge Carrascal,15.0,M,False,896054400.0,25/05/1998,Flamengo,Fluminense,5981,1961,away,15648858,08/03/2026,Carioca,0.85,64,6.3,0,0,1998,28,False
333587,Giorgian De Arrascaeta,10.0,M,False,770428800.0,01/06/1994,Flamengo,Fluminense,5981,1961,away,15648858,08/03/2026,Carioca,0.85,85,6.4,0,0,1994,32,False
874705,Samuel Lino,16.0,M,False,945907200.0,23/12/1999,Flamengo,Fluminense,5981,1961,away,15648858,08/03/2026,Carioca,0.85,64,6.7,0,0,1999,27,False
840219,Pedro,9.0,F,False,866764800.0,20/06/1997,Flamengo,Fluminense,5981,1961,away,15648858,08/03/2026,Carioca,0.85,73,7.0,0,0,1997,29,False
839981,Lucas Paquetá,20.0,M,True,872640000.0,27/08/1997,Flamengo,Fluminense,5981,1961,away,15648858,08/03/2026,Carioca,0.85,26,7.1,0,0,1997,29,False
386198,Everton,11.0,F,True,827452800.0,22/03/1996,Flamengo,Fluminense,5981,1961,away,15648858,08/03/2026,Carioca,0.85,26,7.2,0,0,1996,30,False
937937,Gonzalo Plata,19.0,F,True,973036800.0,01/11/2000,Flamengo,Fluminense,5981,1961,away,15648858,08/03/2026,Carioca,0.85,17,6.5,0,0,2000,26,False
840451,Luiz Araújo,7.0,F,True,833673600.0,02/06/1996,Flamengo,Fluminense,5981,1961,away,15648858,08/03/2026,Carioca,0.85,5,0.0,0,0,1996,30,False
1609720,Ariel,1.0,G,False,857692800.0,07/03/1997,União Recreativa dos Trabalhadores,North EC,35278,465989,home,15643392,04/03/2026,Mineiro,0.78,90,6.9,0,0,1997,29,False
868851,Arlen,22.0,D,False,822960000.0,30/01/1996,União Recreativa dos Trabalhadores,North EC,35278,465989,home,15643392,04/03/2026,Mineiro,0.78,90,7.3,0,0,1996,30,False
2034229,Antônio Júnior,30.0,D,False,981936000.0,12/02/2001,União Recreativa dos Trabalhadores,North EC,35278,465989,home,15643392,04/03/2026,Mineiro,0.78,90,5.7,0,0,2001,25,False
922590,Victor Sallinas,4.0,D,False,701049600.0,20/03/1992,União Recreativa dos Trabalhadores,North EC,35278,465989,home,15643392,04/03/2026,Mineiro,0.78,90,7.0,0,0,1992,34,False
1117578,Vitor Gottems,6.0,D,False,1036713600.0,08/11/2002,União Recreativa dos Trabalhadores,North EC,35278,465989,home,15643392,04/03/2026,Mineiro,0.78,85,6.3,0,0,2002,24,False
1024048,John Everson,5.0,M,False,949536000.0,03/02/2000,União Recreativa dos Trabalhadores,North EC,35278,465989,home,15643392,04/03/2026,Mineiro,0.78,85,6.3,0,0,2000,26,False
1539905,Pedro Henrique,88.0,M,False,841795200.0,04/09/1996,União Recreativa dos Trabalhadores,North EC,35278,465989,home,15643392,04/03/2026,Mineiro,0.78,90,7.1,0,0,1996,30,False
990158,Cesinha,11.0,M,False,857088000.0,28/02/1997,União Recreativa dos Trabalhadores,North EC,35278,465989,home,15643392,04/03/2026,Mineiro,0.78,85,6.6,0,0,1997,29,False
1017012,Hippólito,15.0,M,False,952992000.0,14/03/2000,União Recreativa dos Trabalhadores,North EC,35278,465989,home,15643392,04/03/2026,Mineiro,0.78,45,6.4,0,0,2000,26,False
976486,Federico Andrade,21.0,M,False,966211200.0,14/08/2000,União Recreativa dos Trabalhadores,North EC,35278,465989,home,15643392,04/03/2026,Mineiro,0.78,90,6.6,0,0,2000,26,False
1468837,Gabriel Moyses,19.0,F,False,1029369600.0,15/08/2002,União Recreativa dos Trabalhadores,North EC,35278,465989,home,15643392,04/03/2026,Mineiro,0.78,90,6.5,1,0,2002,24,False
1467132,Wesley,20.0,F,True,,,União Recreativa dos Trabalhadores,North EC,35278,465989,home,15643392,04/03/2026,Mineiro,0.78,45,7.0,0,0,0,0,False
1587938,Mateus Peloggia,33.0,M,True,1053302400.0,19/05/2003,União Recreativa dos Trabalhadores,North EC,35278,465989,home,15643392,04/03/2026,Mineiro,0.78,19,6.8,0,0,2003,23,True
1465696,Bruninho,16.0,F,True,863827200.0,17/05/1997,União Recreativa dos Trabalhadores,North EC,35278,465989,home,15643392,04/03/2026,Mineiro,0.78,19,6.6,0,0,1997,29,False
931486,Laércio,10.0,F,True,911260800.0,17/11/1998,União Recreativa dos Trabalhadores,North EC,35278,465989,home,15643392,04/03/2026,Mineiro,0.78,19,6.5,0,0,1998,28,False
1016846,Rafael Pin,92.0,G,False,713577600.0,12/08/1992,North EC,União Recreativa dos Trabalhadores,465989,35278,away,15643392,04/03/2026,Mineiro,0.78,90,7.4,0,0,1992,34,False
868060,Diego Guerra,13.0,D,False,657849600.0,06/11/1990,North EC,União Recreativa dos Trabalhadores,465989,35278,away,15643392,04/03/2026,Mineiro,0.78,90,6.9,0,0,1990,36,False
1487516,Léo Gobo,26.0,D,False,847497600.0,09/11/1996,North EC,União Recreativa dos Trabalhadores,465989,35278,away,15643392,04/03/2026,Mineiro,0.78,90,6.9,0,0,1996,30,False
849183,Bruno Bispo,4.0,D,False,834019200.0,06/06/1996,North EC,União Recreativa dos Trabalhadores,465989,35278,away,15643392,04/03/2026,Mineiro,0.78,90,5.8,0,0,1996,30,False
975444,Lucas Mota,2.0,M,False,805248000.0,09/07/1995,North EC,União Recreativa dos Trabalhadores,465989,35278,away,15643392,04/03/2026,Mineiro,0.78,88,6.5,0,0,1995,31,False
1175654,Evanderson Costa,8.0,M,False,913680000.0,15/12/1998,North EC,União Recreativa dos Trabalhadores,465989,35278,away,15643392,04/03/2026,Mineiro,0.78,81,6.9,0,0,1998,28,False
76444,Guilherme Camacho,5.0,M,False,636336000.0,02/03/1990,North EC,União Recreativa dos Trabalhadores,465989,35278,away,15643392,04/03/2026,Mineiro,0.78,90,7.3,0,0,1990,36,False
866493,Rennan,28.0,M,False,796348800.0,28/03/1995,North EC,União Recreativa dos Trabalhadores,465989,35278,away,15643392,04/03/2026,Mineiro,0.78,90,6.6,0,0,1995,31,False
342145,Bruno Lopes,19.0,F,False,800841600.0,19/05/1995,North EC,União Recreativa dos Trabalhadores,465989,35278,away,15643392,04/03/2026,Mineiro,0.78,81,7.9,1,1,1995,31,False
841391,Clayton,91.0,F,False,693100800.0,19/12/1991,North EC,União Recreativa dos Trabalhadores,465989,35278,away,15643392,04/03/2026,Mineiro,0.78,74,6.9,0,0,1991,35,False
1545702,Gabriel Barcelos Rossetto,17.0,F,False,964656000.0,27/07/2000,North EC,União Recreativa dos Trabalhadores,465989,35278,away,15643392,04/03/2026,Mineiro,0.78,88,7.4,1,1,2000,26,False
1927500,Yuri Merlim,30.0,M,True,906249600.0,20/09/1998,North EC,União Recreativa dos Trabalhadores,465989,35278,away,15643392,04/03/2026,Mineiro,0.78,16,6.7,0,0,1998,28,False
790154,Leandro Ferreira,55.0,M,True,521769600.0,15/07/1986,North EC,União Recreativa dos Trabalhadores,465989,35278,away,15643392,04/03/2026,Mineiro,0.78,9,6.4,0,0,1986,40,False
874328,Patrik,35.0,M,True,794361600.0,05/03/1995,North EC,União Recreativa dos Trabalhadores,465989,35278,away,15643392,04/03/2026,Mineiro,0.78,9,6.6,0,0,1995,31,False
1546630,Ulisses,34.0,D,True,815961600.0,10/11/1995,North EC,União Recreativa dos Trabalhadores,465989,35278,away,15643392,04/03/2026,Mineiro,0.78,16,6.6,0,0,1995,31,False
875180,Rodrigo Fumaça,95.0,F,True,794448000.0,06/03/1995,North EC,União Recreativa dos Trabalhadores,465989,35278,away,15643392,04/03/2026,Mineiro,0.78,16,6.6,0,0,1995,31,False
1016846,Rafael Pin,92.0,G,False,713577600.0,12/08/1992,North EC,União Recreativa dos Trabalhadores,465989,35278,home,15643465,07/03/2026,Mineiro,0.78,90,7.3,0,0,1992,34,False
868060,Diego Guerra,13.0,D,False,657849600.0,06/11/1990,North EC,União Recreativa dos Trabalhadores,465989,35278,home,15643465,07/03/2026,Mineiro,0.78,90,6.9,0,0,1990,36,False
1487516,Léo Gobo,26.0,D,False,847497600.0,09/11/1996,North EC,União Recreativa dos Trabalhadores,465989,35278,home,15643465,07/03/2026,Mineiro,0.78,90,7.1,0,0,1996,30,False
849183,Bruno Bispo,4.0,D,False,834019200.0,06/06/1996,North EC,União Recreativa dos Trabalhadores,465989,35278,home,15643465,07/03/2026,Mineiro,0.78,90,6.6,0,0,1996,30,False
975444,Lucas Mota,2.0,M,False,805248000.0,09/07/1995,North EC,União Recreativa dos Trabalhadores,465989,35278,home,15643465,07/03/2026,Mineiro,0.78,90,7.4,0,0,1995,31,False
76444,Guilherme Camacho,5.0,M,False,636336000.0,02/03/1990,North EC,União Recreativa dos Trabalhadores,465989,35278,home,15643465,07/03/2026,Mineiro,0.78,78,7.1,0,0,1990,36,False
1175654,Evanderson Costa,8.0,M,False,913680000.0,15/12/1998,North EC,União Recreativa dos Trabalhadores,465989,35278,home,15643465,07/03/2026,Mineiro,0.78,61,6.6,0,0,1998,28,False
866493,Rennan,28.0,M,False,796348800.0,28/03/1995,North EC,União Recreativa dos Trabalhadores,465989,35278,home,15643465,07/03/2026,Mineiro,0.78,90,7.4,0,0,1995,31,False
342145,Bruno Lopes,19.0,F,False,800841600.0,19/05/1995,North EC,União Recreativa dos Trabalhadores,465989,35278,home,15643465,07/03/2026,Mineiro,0.78,45,7.5,0,1,1995,31,False
841391,Clayton,91.0,F,False,693100800.0,19/12/1991,North EC,União Recreativa dos Trabalhadores,465989,35278,home,15643465,07/03/2026,Mineiro,0.78,61,7.3,0,0,1991,35,False
1545702,Gabriel Barcelos Rossetto,17.0,F,False,964656000.0,27/07/2000,North EC,União Recreativa dos Trabalhadores,465989,35278,home,15643465,07/03/2026,Mineiro,0.78,83,7.3,1,0,2000,26,False
1927500,Yuri Merlim,30.0,M,True,906249600.0,20/09/1998,North EC,União Recreativa dos Trabalhadores,465989,35278,home,15643465,07/03/2026,Mineiro,0.78,45,6.3,0,0,1998,28,False
1099458,Gabriel Santiago,21.0,M,True,949708800.0,05/02/2000,North EC,União Recreativa dos Trabalhadores,465989,35278,home,15643465,07/03/2026,Mineiro,0.78,29,6.8,0,0,2000,26,False
790154,Leandro Ferreira,55.0,M,True,521769600.0,15/07/1986,North EC,União Recreativa dos Trabalhadores,465989,35278,home,15643465,07/03/2026,Mineiro,0.78,29,6.6,0,0,1986,40,False
874328,Patrik,35.0,M,True,794361600.0,05/03/1995,North EC,União Recreativa dos Trabalhadores,465989,35278,home,15643465,07/03/2026,Mineiro,0.78,12,6.8,0,0,1995,31,False
875180,Rodrigo Fumaça,95.0,F,True,794448000.0,06/03/1995,North EC,União Recreativa dos Trabalhadores,465989,35278,home,15643465,07/03/2026,Mineiro,0.78,12,6.5,0,0,1995,31,False
1609720,Ariel,1.0,G,False,857692800.0,07/03/1997,União Recreativa dos Trabalhadores,North EC,35278,465989,away,15643465,07/03/2026,Mineiro,0.78,90,7.8,0,0,1997,29,False
868851,Arlen,22.0,D,False,822960000.0,30/01/1996,União Recreativa dos Trabalhadores,North EC,35278,465989,away,15643465,07/03/2026,Mineiro,0.78,90,6.6,0,0,1996,30,False
1111200,Léo Santos,3.0,D,False,891302400.0,31/03/1998,União Recreativa dos Trabalhadores,North EC,35278,465989,away,15643465,07/03/2026,Mineiro,0.78,81,7.3,0,0,1998,28,False
922590,Victor Sallinas,4.0,D,False,701049600.0,20/03/1992,União Recreativa dos Trabalhadores,North EC,35278,465989,away,15643465,07/03/2026,Mineiro,0.78,90,6.5,0,0,1992,34,False
1467132,Wesley,20.0,D,False,,,União Recreativa dos Trabalhadores,North EC,35278,465989,away,15643465,07/03/2026,Mineiro,0.78,45,6.9,0,0,0,0,False
1587938,Mateus Peloggia,33.0,M,False,1053302400.0,19/05/2003,União Recreativa dos Trabalhadores,North EC,35278,465989,away,15643465,07/03/2026,Mineiro,0.78,90,6.3,0,0,2003,23,True
1539905,Pedro Henrique,88.0,M,False,841795200.0,04/09/1996,União Recreativa dos Trabalhadores,North EC,35278,465989,away,15643465,07/03/2026,Mineiro,0.78,90,6.4,0,0,1996,30,False
990158,Cesinha,11.0,M,False,857088000.0,28/02/1997,União Recreativa dos Trabalhadores,North EC,35278,465989,away,15643465,07/03/2026,Mineiro,0.78,8,6.5,0,0,1997,29,False
1017012,Hippólito,15.0,M,False,952992000.0,14/03/2000,União Recreativa dos Trabalhadores,North EC,35278,465989,away,15643465,07/03/2026,Mineiro,0.78,45,5.8,0,0,2000,26,False
976486,Federico Andrade,21.0,M,False,966211200.0,14/08/2000,União Recreativa dos Trabalhadores,North EC,35278,465989,away,15643465,07/03/2026,Mineiro,0.78,90,6.5,0,0,2000,26,False
1468837,Gabriel Moyses,19.0,F,False,1029369600.0,15/08/2002,União Recreativa dos Trabalhadores,North EC,35278,465989,away,15643465,07/03/2026,Mineiro,0.78,90,6.4,0,0,2002,24,False
1465696,Bruninho,16.0,F,True,863827200.0,17/05/1997,União Recreativa dos Trabalhadores,North EC,35278,465989,away,15643465,07/03/2026,Mineiro,0.78,68,6.5,0,0,1997,29,False
1117578,Vitor Gottems,6.0,D,True,1036713600.0,08/11/2002,União Recreativa dos Trabalhadores,North EC,35278,465989,away,15643465,07/03/2026,Mineiro,0.78,45,6.3,0,0,2002,24,False
931486,Laércio,10.0,F,True,911260800.0,17/11/1998,União Recreativa dos Trabalhadores,North EC,35278,465989,away,15643465,07/03/2026,Mineiro,0.78,45,6.9,0,0,1998,28,False
1463996,Sandro,89.0,M,True,942364800.0,12/11/1999,União Recreativa dos Trabalhadores,North EC,35278,465989,away,15643465,07/03/2026,Mineiro,0.78,14,6.7,0,0,1999,27,False
2034229,Antônio Júnior,30.0,D,True,981936000.0,12/02/2001,União Recreativa dos Trabalhadores,North EC,35278,465989,away,15643465,07/03/2026,Mineiro,0.78,9,6.7,0,0,2001,25,False
27756,Cássio,1.0,G,False,549936000.0,06/06/1987,Cruzeiro,Atlético Mineiro,1954,1977,home,15643468,08/03/2026,Mineiro,0.78,90,6.5,0,0,1987,39,False
604274,William,12.0,D,False,796867200.0,03/04/1995,Cruzeiro,Atlético Mineiro,1954,1977,home,15643468,08/03/2026,Mineiro,0.78,90,6.7,0,0,1995,31,False
840220,Fabrício Bruno,15.0,D,False,824083200.0,12/02/1996,Cruzeiro,Atlético Mineiro,1954,1977,home,15643468,08/03/2026,Mineiro,0.78,90,7.4,0,0,1996,30,False
260077,Lucas Villalba,25.0,D,False,777254400.0,19/08/1994,Cruzeiro,Atlético Mineiro,1954,1977,home,15643468,08/03/2026,Mineiro,0.78,90,7.0,0,0,1994,32,False
1112484,Kaiki,6.0,D,False,1047081600.0,08/03/2003,Cruzeiro,Atlético Mineiro,1954,1977,home,15643468,08/03/2026,Mineiro,0.78,90,6.7,0,0,2003,23,True
263477,Lucas Romero,29.0,M,False,766627200.0,18/04/1994,Cruzeiro,Atlético Mineiro,1954,1977,home,15643468,08/03/2026,Mineiro,0.78,90,6.8,0,0,1994,32,False
245159,Lucas Silva,16.0,M,False,729820800.0,16/02/1993,Cruzeiro,Atlético Mineiro,1954,1977,home,15643468,08/03/2026,Mineiro,0.78,74,6.8,0,0,1993,33,False
981733,Christian,88.0,M,False,977184000.0,19/12/2000,Cruzeiro,Atlético Mineiro,1954,1977,home,15643468,08/03/2026,Mineiro,0.78,90,6.3,0,0,2000,26,False
377238,Matheus Pereira,10.0,M,False,831254400.0,05/05/1996,Cruzeiro,Atlético Mineiro,1954,1977,home,15643468,08/03/2026,Mineiro,0.78,90,6.8,0,0,1996,30,False
611876,Gerson,11.0,M,False,864086400.0,20/05/1997,Cruzeiro,Atlético Mineiro,1954,1977,home,15643468,08/03/2026,Mineiro,0.78,64,7.9,0,1,1997,29,False
954888,Kaio Jorge,19.0,F,False,1011830400.0,24/01/2002,Cruzeiro,Atlético Mineiro,1954,1977,home,15643468,08/03/2026,Mineiro,0.78,87,7.3,1,0,2002,24,False
817650,Bruno Rodrigues,20.0,F,True,857692800.0,07/03/1997,Cruzeiro,Atlético Mineiro,1954,1977,home,15643468,08/03/2026,Mineiro,0.78,26,6.6,0,0,1997,29,False
912786,Matheus Henrique,8.0,M,True,882489600.0,19/12/1997,Cruzeiro,Atlético Mineiro,1954,1977,home,15643468,08/03/2026,Mineiro,0.78,16,6.5,0,0,1997,29,False
247483,Wanderson,94.0,F,True,781401600.0,06/10/1994,Cruzeiro,Atlético Mineiro,1954,1977,home,15643468,08/03/2026,Mineiro,0.78,20,6.2,0,0,1994,32,False
870748,Everson,22.0,G,False,648604800.0,22/07/1990,Atlético Mineiro,Cruzeiro,1977,1954,away,15643468,08/03/2026,Mineiro,0.78,90,6.8,0,0,1990,36,False
1046805,Natanael,2.0,D,False,1010188800.0,05/01/2002,Atlético Mineiro,Cruzeiro,1977,1954,away,15643468,08/03/2026,Mineiro,0.78,76,6.5,0,0,2002,24,False
914487,Ruan,4.0,D,False,928713600.0,07/06/1999,Atlético Mineiro,Cruzeiro,1977,1954,away,15643468,08/03/2026,Mineiro,0.78,90,6.4,0,0,1999,27,False
794838,Vitor Hugo,14.0,D,False,674697600.0,20/05/1991,Atlético Mineiro,Cruzeiro,1977,1954,away,15643468,08/03/2026,Mineiro,0.78,90,6.7,0,0,1991,35,False
851150,Renan Lodi,16.0,D,False,891993600.0,08/04/1998,Atlético Mineiro,Cruzeiro,1977,1954,away,15643468,08/03/2026,Mineiro,0.78,90,6.6,0,0,1998,28,False
822729,Alan Franco,21.0,M,False,903657600.0,21/08/1998,Atlético Mineiro,Cruzeiro,1977,1954,away,15643468,08/03/2026,Mineiro,0.78,90,6.9,0,0,1998,28,False
1170954,Victor Hugo,30.0,M,False,1084233600.0,11/05/2004,Atlético Mineiro,Cruzeiro,1977,1954,away,15643468,08/03/2026,Mineiro,0.78,66,6.4,0,0,2004,22,True
2155474,Mamady Cissé,39.0,M,False,1167609600.0,01/01/2007,Atlético Mineiro,Cruzeiro,1977,1954,away,15643468,08/03/2026,Mineiro,0.78,16,6.4,0,0,2007,19,True
241488,Bernard,11.0,M,False,715910400.0,08/09/1992,Atlético Mineiro,Cruzeiro,1977,1954,away,15643468,08/03/2026,Mineiro,0.78,66,6.4,0,0,1992,34,False
147464,Dudu,92.0,M,False,694742400.0,07/01/1992,Atlético Mineiro,Cruzeiro,1977,1954,away,15643468,08/03/2026,Mineiro,0.78,90,6.6,0,0,1992,34,False
34705,Hulk,7.0,F,False,522633600.0,25/07/1986,Atlético Mineiro,Cruzeiro,1977,1954,away,15643468,08/03/2026,Mineiro,0.78,90,7.0,0,0,1986,40,False
913598,Igor Gomes,17.0,M,True,921628800.0,17/03/1999,Atlético Mineiro,Cruzeiro,1977,1954,away,15643468,08/03/2026,Mineiro,0.78,60,6.5,0,0,1999,27,False
1122552,Alan Minda,27.0,F,True,1052870400.0,14/05/2003,Atlético Mineiro,Cruzeiro,1977,1954,away,15643468,08/03/2026,Mineiro,0.78,24,6.5,0,0,2003,23,True
832708,Mateo Cassierra,9.0,F,True,860889600.0,13/04/1997,Atlético Mineiro,Cruzeiro,1977,1954,away,15643468,08/03/2026,Mineiro,0.78,24,6.8,0,0,1997,29,False
559036,Gustavo Scarpa,10.0,M,True,757728000.0,05/01/1994,Atlético Mineiro,Cruzeiro,1977,1954,away,15643468,08/03/2026,Mineiro,0.78,14,6.9,0,0,1994,32,False
881844,Ángelo Preciado,23.0,D,True,887760000.0,18/02/1998,Atlético Mineiro,Cruzeiro,1977,1954,away,15643468,08/03/2026,Mineiro,0.78,14,6.8,0,0,1998,28,False
243429,Omar,1.0,G,False,619747200.0,22/08/1989,Novo Hamburgo,São Luiz,480376,32768,home,15608566,07/03/2026,Gaúcho,0.85,90,6.2,0,0,1989,37,False
861171,Guilherme Mantuan,2.0,D,False,870480000.0,02/08/1997,Novo Hamburgo,São Luiz,480376,32768,home,15608566,07/03/2026,Gaúcho,0.85,35,6.9,0,0,1997,29,False
863278,Romercio,3.0,D,False,856828800.0,25/02/1997,Novo Hamburgo,São Luiz,480376,32768,home,15608566,07/03/2026,Gaúcho,0.85,90,7.4,0,0,1997,29,False
925869,João Marcus,4.0,D,False,709257600.0,23/06/1992,Novo Hamburgo,São Luiz,480376,32768,home,15608566,07/03/2026,Gaúcho,0.85,90,6.9,0,0,1992,34,False
1108897,Josué,6.0,D,False,978998400.0,09/01/2001,Novo Hamburgo,São Luiz,480376,32768,home,15608566,07/03/2026,Gaúcho,0.85,90,6.6,0,1,2001,25,False
1179313,Carlos Maia,8.0,M,False,988761600.0,02/05/2001,Novo Hamburgo,São Luiz,480376,32768,home,15608566,07/03/2026,Gaúcho,0.85,90,6.7,0,0,2001,25,False
866878,Amaral,5.0,M,False,616982400.0,21/07/1989,Novo Hamburgo,São Luiz,480376,32768,home,15608566,07/03/2026,Gaúcho,0.85,84,7.2,0,0,1989,37,False
1047224,Rone,7.0,M,False,808444800.0,15/08/1995,Novo Hamburgo,São Luiz,480376,32768,home,15608566,07/03/2026,Gaúcho,0.85,84,7.0,0,0,1995,31,False
151210,Leandro,10.0,M,False,737164800.0,12/05/1993,Novo Hamburgo,São Luiz,480376,32768,home,15608566,07/03/2026,Gaúcho,0.85,71,6.7,0,0,1993,33,False
1199400,Allison,11.0,M,False,1013040000.0,07/02/2002,Novo Hamburgo,São Luiz,480376,32768,home,15608566,07/03/2026,Gaúcho,0.85,85,6.9,0,0,2002,24,False
931520,Luam,9.0,F,False,816480000.0,16/11/1995,Novo Hamburgo,São Luiz,480376,32768,home,15608566,07/03/2026,Gaúcho,0.85,90,6.7,1,0,1995,31,False
867931,Muriel,22.0,D,True,572140800.0,18/02/1988,Novo Hamburgo,São Luiz,480376,32768,home,15608566,07/03/2026,Gaúcho,0.85,55,6.5,0,0,1988,38,False
832670,Matheus  Batista,19.0,F,True,803260800.0,16/06/1995,Novo Hamburgo,São Luiz,480376,32768,home,15608566,07/03/2026,Gaúcho,0.85,19,6.3,0,0,1995,31,False
258535,Henrique Ávila,20.0,D,True,693446400.0,23/12/1991,Novo Hamburgo,São Luiz,480376,32768,home,15608566,07/03/2026,Gaúcho,0.85,15,7.0,0,0,1991,35,False
1176160,Joao Vitor Castro,21.0,M,True,991008000.0,28/05/2001,Novo Hamburgo,São Luiz,480376,32768,home,15608566,07/03/2026,Gaúcho,0.85,16,6.5,0,0,2001,25,False
2035998,Marcos Vinicius,17.0,F,True,,,Novo Hamburgo,São Luiz,480376,32768,home,15608566,07/03/2026,Gaúcho,0.85,15,6.9,0,0,0,0,False
1166464,Gabriel Oliveira,1.0,G,False,795916800.0,23/03/1995,São Luiz,Novo Hamburgo,32768,480376,away,15608566,07/03/2026,Gaúcho,0.85,90,6.8,0,0,1995,31,False
1529308,Lucas Hian,2.0,D,False,979171200.0,11/01/2001,São Luiz,Novo Hamburgo,32768,480376,away,15608566,07/03/2026,Gaúcho,0.85,90,6.8,0,0,2001,25,False
844545,Heitor,3.0,D,False,626572800.0,09/11/1989,São Luiz,Novo Hamburgo,32768,480376,away,15608566,07/03/2026,Gaúcho,0.85,90,6.7,0,0,1989,37,False
1021747,Gabriel Santiago,4.0,D,False,859852800.0,01/04/1997,São Luiz,Novo Hamburgo,32768,480376,away,15608566,07/03/2026,Gaúcho,0.85,54,7.1,0,0,1997,29,False
874347,Higor,16.0,D,False,793670400.0,25/02/1995,São Luiz,Novo Hamburgo,32768,480376,away,15608566,07/03/2026,Gaúcho,0.85,90,6.8,0,0,1995,31,False
901206,Lucas Hulk,5.0,M,False,726364800.0,07/01/1993,São Luiz,Novo Hamburgo,32768,480376,away,15608566,07/03/2026,Gaúcho,0.85,90,6.7,0,0,1993,33,False
794926,Araújo,8.0,M,False,800582400.0,16/05/1995,São Luiz,Novo Hamburgo,32768,480376,away,15608566,07/03/2026,Gaúcho,0.85,90,6.2,0,0,1995,31,False
1469901,Rogério Sena,11.0,M,False,988588800.0,30/04/2001,São Luiz,Novo Hamburgo,32768,480376,away,15608566,07/03/2026,Gaúcho,0.85,64,6.3,0,0,2001,25,False
1176199,Válber Júnior,10.0,M,False,1050019200.0,11/04/2003,São Luiz,Novo Hamburgo,32768,480376,away,15608566,07/03/2026,Gaúcho,0.85,64,6.9,0,0,2003,23,True
2440905,Vidmar,25.0,M,False,1017014400.0,25/03/2002,São Luiz,Novo Hamburgo,32768,480376,away,15608566,07/03/2026,Gaúcho,0.85,77,6.1,0,0,2002,24,False
1588693,Felipe Rangel dos Santos,9.0,F,False,1033430400.0,01/10/2002,São Luiz,Novo Hamburgo,32768,480376,away,15608566,07/03/2026,Gaúcho,0.85,76,7.8,1,0,2002,24,False
915333,Eduardo Grasson,21.0,D,True,765244800.0,02/04/1994,São Luiz,Novo Hamburgo,32768,480376,away,15608566,07/03/2026,Gaúcho,0.85,36,6.7,0,0,1994,32,False
926787,Guilherme  Escuro,7.0,M,True,768182400.0,06/05/1994,São Luiz,Novo Hamburgo,32768,480376,away,15608566,07/03/2026,Gaúcho,0.85,26,6.7,0,1,1994,32,False
1215121,Victor Jesus,17.0,F,True,1030752000.0,31/08/2002,São Luiz,Novo Hamburgo,32768,480376,away,15608566,07/03/2026,Gaúcho,0.85,26,6.5,0,0,2002,24,False
1121091,Denis Germano,18.0,M,True,906681600.0,25/09/1998,São Luiz,Novo Hamburgo,32768,480376,away,15608566,07/03/2026,Gaúcho,0.85,14,6.4,0,0,1998,28,False
925770,Thiago Santos,19.0,F,True,649555200.0,02/08/1990,São Luiz,Novo Hamburgo,32768,480376,away,15608566,07/03/2026,Gaúcho,0.85,13,6.6,0,0,1990,36,False
581060,Sergio Rochet,1.0,G,False,732844800.0,23/03/1993,Internacional,Grêmio,1966,5926,home,15607733,08/03/2026,Gaúcho,0.85,90,6.2,0,0,1993,33,False
995071,Bruno Gomes,15.0,D,False,986342400.0,04/04/2001,Internacional,Grêmio,1966,5926,home,15607733,08/03/2026,Gaúcho,0.85,89,6.9,0,0,2001,25,False
128376,Gabriel Mercado,25.0,D,False,543024000.0,18/03/1987,Internacional,Grêmio,1966,5926,home,15607733,08/03/2026,Gaúcho,0.85,90,6.7,0,0,1987,39,False
1106487,Victor Gabriel,41.0,D,False,1083110400.0,28/04/2004,Internacional,Grêmio,1966,5926,home,15607733,08/03/2026,Gaúcho,0.85,90,6.9,0,0,2004,22,True
1485191,Allex,31.0,D,False,1146700800.0,04/05/2006,Internacional,Grêmio,1966,5926,home,15607733,08/03/2026,Gaúcho,0.85,89,6.5,0,0,2006,20,True
879902,Paulinho Paula,27.0,M,False,852681600.0,08/01/1997,Internacional,Grêmio,1966,5926,home,15607733,08/03/2026,Gaúcho,0.85,90,7.7,0,0,1997,29,False
824152,Ronaldo,16.0,M,False,846028800.0,23/10/1996,Internacional,Grêmio,1966,5926,home,15607733,08/03/2026,Gaúcho,0.85,54,6.7,0,0,1996,30,False
982405,Vitinho,28.0,M,False,922924800.0,01/04/1999,Internacional,Grêmio,1966,5926,home,15607733,08/03/2026,Gaúcho,0.85,54,7.0,0,0,1999,27,False
124997,Alan Patrick,10.0,M,False,674092800.0,13/05/1991,Internacional,Grêmio,1966,5926,home,15607733,08/03/2026,Gaúcho,0.85,90,8.5,1,0,1991,35,False
925125,Johan Carbonero,7.0,M,False,932428800.0,20/07/1999,Internacional,Grêmio,1966,5926,home,15607733,08/03/2026,Gaúcho,0.85,90,6.8,0,0,1999,27,False
560116,Rafael Borré,19.0,F,False,811123200.0,15/09/1995,Internacional,Grêmio,1966,5926,home,15607733,08/03/2026,Gaúcho,0.85,90,6.1,0,0,1995,31,False
845433,Bruno Tabata,17.0,F,True,859680000.0,30/03/1997,Internacional,Grêmio,1966,5926,home,15607733,08/03/2026,Gaúcho,0.85,36,6.9,0,0,1997,29,False
923948,Alerrandro,9.0,F,True,947635200.0,12/01/2000,Internacional,Grêmio,1966,5926,home,15607733,08/03/2026,Gaúcho,0.85,36,6.6,0,0,2000,26,False
799947,Juninho,18.0,D,True,791596800.0,01/02/1995,Internacional,Grêmio,1966,5926,home,15607733,08/03/2026,Gaúcho,0.85,12,6.8,0,0,1995,31,False
874576,Alan Rodríguez,14.0,M,True,948758400.0,25/01/2000,Internacional,Grêmio,1966,5926,home,15607733,08/03/2026,Gaúcho,0.85,12,6.5,0,0,2000,26,False
243529,Weverton,1.0,G,False,566352000.0,13/12/1987,Grêmio,Internacional,5926,1966,away,15607733,08/03/2026,Gaúcho,0.85,90,6.6,0,0,1987,39,False
358956,Cristian Pavón,7.0,D,False,822182400.0,21/01/1996,Grêmio,Internacional,5926,1966,away,15607733,08/03/2026,Gaúcho,0.85,90,7.0,0,0,1996,30,False
1105796,Gustavo Martins,6.0,D,False,1029024000.0,11/08/2002,Grêmio,Internacional,5926,1966,away,15607733,08/03/2026,Gaúcho,0.85,90,8.0,1,0,2002,24,False
1907760,Viery,44.0,D,False,1104537600.0,01/01/2005,Grêmio,Internacional,5926,1966,away,15607733,08/03/2026,Gaúcho,0.85,45,7.0,0,0,2005,21,True
870787,Marlon,23.0,D,False,864086400.0,20/05/1997,Grêmio,Internacional,5926,1966,away,15607733,08/03/2026,Gaúcho,0.85,90,6.0,0,0,1997,29,False
1020375,Erick Noriega,19.0,M,False,1003708800.0,22/10/2001,Grêmio,Internacional,5926,1966,away,15607733,08/03/2026,Gaúcho,0.85,90,7.1,0,1,2001,25,False
794927,Arthur,8.0,M,False,839808000.0,12/08/1996,Grêmio,Internacional,5926,1966,away,15607733,08/03/2026,Gaúcho,0.85,89,7.1,0,0,1996,30,False
974558,José Enamorado,99.0,M,False,916185600.0,13/01/1999,Grêmio,Internacional,5926,1966,away,15607733,08/03/2026,Gaúcho,0.85,81,6.6,0,0,1999,27,False
1066620,Miguel Monsalve,11.0,M,False,1077840000.0,27/02/2004,Grêmio,Internacional,5926,1966,away,15607733,08/03/2026,Gaúcho,0.85,56,6.8,0,0,2004,22,True
901889,Francis Amuzu,9.0,M,False,935366400.0,23/08/1999,Grêmio,Internacional,5926,1966,away,15607733,08/03/2026,Gaúcho,0.85,45,6.5,0,0,1999,27,False
891920,Carlos Vinícius,95.0,F,False,796089600.0,25/03/1995,Grêmio,Internacional,5926,1966,away,15607733,08/03/2026,Gaúcho,0.85,90,6.2,0,0,1995,31,False
976235,Wagner Leonardo,3.0,D,True,932688000.0,23/07/1999,Grêmio,Internacional,5926,1966,away,15607733,08/03/2026,Gaúcho,0.85,33,5.7,0,0,1999,27,False
980327,Tetê,21.0,F,True,950572800.0,15/02/2000,Grêmio,Internacional,5926,1966,away,15607733,08/03/2026,Gaúcho,0.85,45,6.6,0,0,2000,26,False
31417,Willian,10.0,M,True,587088000.0,09/08/1988,Grêmio,Internacional,5926,1966,away,15607733,08/03/2026,Gaúcho,0.85,34,6.6,0,0,1988,38,False
249647,Walter Kannemann,4.0,D,True,668908800.0,14/03/1991,Grêmio,Internacional,5926,1966,away,15607733,08/03/2026,Gaúcho,0.85,9,6.5,0,0,1991,35,False
870804,Dodi,17.0,M,True,829699200.0,17/04/1996,Grêmio,Internacional,5926,1966,away,15607733,08/03/2026,Gaúcho,0.85,1,0.0,0,0,1996,30,False
879859,Mauricio Kozlinski,30.0,G,False,677203200.0,18/06/1991,Londrina,Operário-PR,2022,39634,home,15600632,07/03/2026,Paranaense,0.9,90,7.2,0,0,1991,35,False
1177384,André Dhominique,13.0,D,False,1065484800.0,07/10/2003,Londrina,Operário-PR,2022,39634,home,15600632,07/03/2026,Paranaense,0.9,90,6.9,0,0,2003,23,True
1592238,Yago Lincoln,3.0,D,False,1043884800.0,30/01/2003,Londrina,Operário-PR,2022,39634,home,15600632,07/03/2026,Paranaense,0.9,90,7.5,0,0,2003,23,True
77244,Wallace Reis,4.0,D,False,567475200.0,26/12/1987,Londrina,Operário-PR,2022,39634,home,15600632,07/03/2026,Paranaense,0.9,90,7.6,0,0,1987,39,False
931758,Kevyn,33.0,D,False,883267200.0,28/12/1997,Londrina,Operário-PR,2022,39634,home,15600632,07/03/2026,Paranaense,0.9,90,6.8,0,0,1997,29,False
796100,Lucas Marques,8.0,M,False,801273600.0,24/05/1995,Londrina,Operário-PR,2022,39634,home,15600632,07/03/2026,Paranaense,0.9,64,7.1,0,0,1995,31,False
1016673,André Luiz,5.0,M,False,809049600.0,22/08/1995,Londrina,Operário-PR,2022,39634,home,15600632,07/03/2026,Paranaense,0.9,90,7.2,0,0,1995,31,False
2125637,Vitinho,7.0,M,False,1059264000.0,27/07/2003,Londrina,Operário-PR,2022,39634,home,15600632,07/03/2026,Paranaense,0.9,64,7.3,0,0,2003,23,True
1130151,Iago Teles,11.0,M,False,962323200.0,30/06/2000,Londrina,Operário-PR,2022,39634,home,15600632,07/03/2026,Paranaense,0.9,90,6.4,0,0,2000,26,False
341145,Paulinho Moccelin,18.0,M,False,763776000.0,16/03/1994,Londrina,Operário-PR,2022,39634,home,15600632,07/03/2026,Paranaense,0.9,85,7.4,0,0,1994,32,False
1105781,Bruno Santos,9.0,F,False,848275200.0,18/11/1996,Londrina,Operário-PR,2022,39634,home,15600632,07/03/2026,Paranaense,0.9,90,6.6,0,0,1996,30,False
1819690,Fabiano,20.0,M,True,1118448000.0,11/06/2005,Londrina,Operário-PR,2022,39634,home,15600632,07/03/2026,Paranaense,0.9,40,6.4,0,0,2005,21,True
158561,Gilberto,70.0,M,True,613008000.0,05/06/1989,Londrina,Operário-PR,2022,39634,home,15600632,07/03/2026,Paranaense,0.9,40,6.8,0,0,1989,37,False
1019652,Vítor Jacaré,29.0,M,True,940723200.0,24/10/1999,Londrina,Operário-PR,2022,39634,home,15600632,07/03/2026,Paranaense,0.9,19,6.6,0,0,1999,27,False
1485595,Willian Chumbinho,53.0,D,True,1064188800.0,22/09/2003,Londrina,Operário-PR,2022,39634,home,15600632,07/03/2026,Paranaense,0.9,10,6.2,0,0,2003,23,True
2030576,Juninho,77.0,F,True,1134777600.0,17/12/2005,Londrina,Operário-PR,2022,39634,home,15600632,07/03/2026,Paranaense,0.9,12,6.4,0,0,2005,21,True
110843,Vágner,33.0,G,False,518400000.0,06/06/1986,Operário-PR,Londrina,39634,2022,away,15600632,07/03/2026,Paranaense,0.9,90,7.3,0,0,1986,40,False
1067652,Mikael Doka,2.0,D,False,948672000.0,24/01/2000,Operário-PR,Londrina,39634,2022,away,15600632,07/03/2026,Paranaense,0.9,86,6.7,0,0,2000,26,False
1098309,José Cuenú,22.0,D,False,792979200.0,17/02/1995,Operário-PR,Londrina,39634,2022,away,15600632,07/03/2026,Paranaense,0.9,90,6.9,0,0,1995,31,False
926868,Miranda,16.0,D,False,948240000.0,19/01/2000,Operário-PR,Londrina,39634,2022,away,15600632,07/03/2026,Paranaense,0.9,90,7.2,0,0,2000,26,False
877139,Moraes Júnior,6.0,D,False,873504000.0,06/09/1997,Operário-PR,Londrina,39634,2022,away,15600632,07/03/2026,Paranaense,0.9,72,6.9,0,0,1997,29,False
1148464,Vinícius Diniz,20.0,M,False,932860800.0,25/07/1999,Operário-PR,Londrina,39634,2022,away,15600632,07/03/2026,Paranaense,0.9,90,6.7,0,0,1999,27,False
981621,Índio,5.0,M,False,720403200.0,30/10/1992,Operário-PR,Londrina,39634,2022,away,15600632,07/03/2026,Paranaense,0.9,86,6.9,0,0,1992,34,False
352880,Hildeberto Pereira,14.0,M,False,825724800.0,02/03/1996,Operário-PR,Londrina,39634,2022,away,15600632,07/03/2026,Paranaense,0.9,68,6.8,0,0,1996,30,False
358540,Gabriel Boschilia,10.0,M,False,825984000.0,05/03/1996,Operário-PR,Londrina,39634,2022,away,15600632,07/03/2026,Paranaense,0.9,90,6.5,0,0,1996,30,False
364528,Aylon,11.0,M,False,702604800.0,07/04/1992,Operário-PR,Londrina,39634,2022,away,15600632,07/03/2026,Paranaense,0.9,72,6.5,0,0,1992,34,False
1069410,Léo Gaúcho,99.0,F,False,996796800.0,03/08/2001,Operário-PR,Londrina,39634,2022,away,15600632,07/03/2026,Paranaense,0.9,90,6.7,0,0,2001,25,False
855966,Edwin Torres,29.0,M,True,879033600.0,09/11/1997,Operário-PR,Londrina,39634,2022,away,15600632,07/03/2026,Paranaense,0.9,36,6.5,0,0,1997,29,False
1463925,Gabriel Feliciano,27.0,D,True,996105600.0,26/07/2001,Operário-PR,Londrina,39634,2022,away,15600632,07/03/2026,Paranaense,0.9,32,6.7,0,0,2001,25,False
852556,Matheus Trindade,39.0,M,True,825984000.0,05/03/1996,Operário-PR,Londrina,39634,2022,away,15600632,07/03/2026,Paranaense,0.9,32,6.5,0,0,1996,30,False
355836,Juan Zuluaga,8.0,D,True,740102400.0,15/06/1993,Operário-PR,Londrina,39634,2022,away,15600632,07/03/2026,Paranaense,0.9,18,6.6,0,0,1993,33,False
1148584,Neto Paraíba,88.0,M,True,710035200.0,02/07/1992,Operário-PR,Londrina,39634,2022,away,15600632,07/03/2026,Paranaense,0.9,18,6.8,0,0,1992,34,False
