match_id,date,date_raw,time,home_team,away_team,home_score,away_score,venue,status,coverage,last_updated,tournament_id,competition,competition_id,country,continent,season,fixture_path,attendance,weather_temperature,weather_conditions
zcqrg2ihga4hqokdtma7k55g,2026-06-17,2026-06-17Z,,Estudiantes Res.,Central Córdoba SdE Res.,,,,,1,2026-01-24T08:07:53Z,3trr1fkbng6fnagct7101bpck,Torneo Proyección,2f3fydvyjz2svhlc1eo3qflwd,Argentina,South America,2026,data\south_america\argentina\torneo_proyeccion\2f3fydvyjz2svhlc1eo3qflwd\2026\fixture.json,,,
y0mibpgjrh0zmbdhukyqmbkk,2026-06-17,2026-06-17Z,,Quilmes Res.,San Martín San Juan Res.,,,,,1,2026-01-24T08:07:53Z,3trr1fkbng6fnagct7101bpck,Torneo Proyección,2f3fydvyjz2svhlc1eo3qflwd,Argentina,South America,2026,data\south_america\argentina\torneo_proyeccion\2f3fydvyjz2svhlc1eo3qflwd\2026\fixture.json,,,
wrt9mq4ryomck3neic5j8y6s,2026-06-17,2026-06-17Z,,Platense Res.,Independiente Riva. Res.,,,,,1,2026-01-24T08:07:53Z,3trr1fkbng6fnagct7101bpck,Torneo Proyección,2f3fydvyjz2svhlc1eo3qflwd,Argentina,South America,2026,data\south_america\argentina\torneo_proyeccion\2f3fydvyjz2svhlc1eo3qflwd\2026\fixture.json,,,
v8m6a1xe13momg3c3iqhx2xg,2026-06-17,2026-06-17Z,,Atlético Rafaela Res.,Deportivo Riestra Res.,,,,,1,2026-01-24T08:07:53Z,3trr1fkbng6fnagct7101bpck,Torneo Proyección,2f3fydvyjz2svhlc1eo3qflwd,Argentina,South America,2026,data\south_america\argentina\torneo_proyeccion\2f3fydvyjz2svhlc1eo3qflwd\2026\fixture.json,,,
u5a5ubi58z89nlg7rdxddwd0,2026-06-17,2026-06-17Z,,Independiente Res.,Belgrano Res.,,,,,1,2026-01-24T08:07:53Z,3trr1fkbng6fnagct7101bpck,Torneo Proyección,2f3fydvyjz2svhlc1eo3qflwd,Argentina,South America,2026,data\south_america\argentina\torneo_proyeccion\2f3fydvyjz2svhlc1eo3qflwd\2026\fixture.json,,,
t2awldkz21dt6hysvh6i9jpw,2026-06-17,2026-06-17Z,,Boca Juniors Res.,Lanús Res.,,,,,1,2026-01-24T08:07:53Z,3trr1fkbng6fnagct7101bpck,Torneo Proyección,2f3fydvyjz2svhlc1eo3qflwd,Argentina,South America,2026,data\south_america\argentina\torneo_proyeccion\2f3fydvyjz2svhlc1eo3qflwd\2026\fixture.json,,,
rzhxs7mdbkvbjlhxi1u1slqs,2026-06-17,2026-06-17Z,,Ferro Carril Oeste Res.,Newell's Old Boys Res.,,,,,1,2026-01-24T08:07:53Z,3trr1fkbng6fnagct7101bpck,Torneo Proyección,2f3fydvyjz2svhlc1eo3qflwd,Argentina,South America,2026,data\south_america\argentina\torneo_proyeccion\2f3fydvyjz2svhlc1eo3qflwd\2026\fixture.json,,,
r98e0ii4d06ew4fzr98cozkk,2026-06-17,2026-06-17Z,,Huracán Res.,Defensa y Justicia Res.,,,,,1,2026-01-24T08:07:53Z,3trr1fkbng6fnagct7101bpck,Torneo Proyección,2f3fydvyjz2svhlc1eo3qflwd,Argentina,South America,2026,data\south_america\argentina\torneo_proyeccion\2f3fydvyjz2svhlc1eo3qflwd\2026\fixture.json,,,
qhohyo910mdjo72k21wiy9ec,2026-06-17,2026-06-17Z,,Colón Res.,Estudiantes RC Res.,,,,,1,2026-01-24T08:07:52Z,3trr1fkbng6fnagct7101bpck,Torneo Proyección,2f3fydvyjz2svhlc1eo3qflwd,Argentina,South America,2026,data\south_america\argentina\torneo_proyeccion\2f3fydvyjz2svhlc1eo3qflwd\2026\fixture.json,,,
prdgihmgigxm9owlga19nnys,2026-06-17,2026-06-17Z,,Tigre Res.,San Lorenzo Res.,,,,,1,2026-01-24T08:07:52Z,3trr1fkbng6fnagct7101bpck,Torneo Proyección,2f3fydvyjz2svhlc1eo3qflwd,Argentina,South America,2026,data\south_america\argentina\torneo_proyeccion\2f3fydvyjz2svhlc1eo3qflwd\2026\fixture.json,,,
p3427hndddmsl1x20w3dht04,2026-06-17,2026-06-17Z,,Rosario Central Res.,Vélez Sársfield Res.,,,,,1,2026-01-24T08:07:52Z,3trr1fkbng6fnagct7101bpck,Torneo Proyección,2f3fydvyjz2svhlc1eo3qflwd,Argentina,South America,2026,data\south_america\argentina\torneo_proyeccion\2f3fydvyjz2svhlc1eo3qflwd\2026\fixture.json,,,
oh8zvz19jqc563hgid2i9mvo,2026-06-17,2026-06-17Z,,Banfield Res.,River Plate Res.,,,,,1,2026-01-24T08:07:52Z,3trr1fkbng6fnagct7101bpck,Torneo Proyección,2f3fydvyjz2svhlc1eo3qflwd,Argentina,South America,2026,data\south_america\argentina\torneo_proyeccion\2f3fydvyjz2svhlc1eo3qflwd\2026\fixture.json,,,
nyhtmrbg2yl2pdrqhszcgkyc,2026-06-17,2026-06-17Z,,Talleres de Córdoba Res.,Racing Club Res.,,,,,1,2026-01-24T08:07:52Z,3trr1fkbng6fnagct7101bpck,Torneo Proyección,2f3fydvyjz2svhlc1eo3qflwd,Argentina,South America,2026,data\south_america\argentina\torneo_proyeccion\2f3fydvyjz2svhlc1eo3qflwd\2026\fixture.json,,,
nihrytak8xssn82efve81ixg,2026-06-17,2026-06-17Z,,Barracas Central Res.,Sarmiento Res.,,,,,1,2026-01-24T08:07:52Z,3trr1fkbng6fnagct7101bpck,Torneo Proyección,2f3fydvyjz2svhlc1eo3qflwd,Argentina,South America,2026,data\south_america\argentina\torneo_proyeccion\2f3fydvyjz2svhlc1eo3qflwd\2026\fixture.json,,,
n2jwiho0cek0u6nyw2unntw4,2026-06-17,2026-06-17Z,,Gimnasia Mendoza Res.,Argentinos Juniors Res.,,,,,1,2026-01-24T08:07:52Z,3trr1fkbng6fnagct7101bpck,Torneo Proyección,2f3fydvyjz2svhlc1eo3qflwd,Argentina,South America,2026,data\south_america\argentina\torneo_proyeccion\2f3fydvyjz2svhlc1eo3qflwd\2026\fixture.json,,,
mmp5espkurmxq3i2901dm2ac,2026-06-17,2026-06-17Z,,Godoy Cruz Res.,Aldosivi Res.,,,,,1,2026-01-24T08:07:52Z,3trr1fkbng6fnagct7101bpck,Torneo Proyección,2f3fydvyjz2svhlc1eo3qflwd,Argentina,South America,2026,data\south_america\argentina\torneo_proyeccion\2f3fydvyjz2svhlc1eo3qflwd\2026\fixture.json,,,
m3iq440x2zo8tgle2cxv6v4k,2026-06-17,2026-06-17Z,,Atlético Tucumán Res.,Gimnasia La Plata Res.,,,,,1,2026-01-24T08:07:52Z,3trr1fkbng6fnagct7101bpck,Torneo Proyección,2f3fydvyjz2svhlc1eo3qflwd,Argentina,South America,2026,data\south_america\argentina\torneo_proyeccion\2f3fydvyjz2svhlc1eo3qflwd\2026\fixture.json,,,
lld1xkroksh58toqsyf9ptec,2026-06-17,2026-06-17Z,,Instituto Res.,Unión Res.,,,,,1,2026-01-24T08:07:52Z,3trr1fkbng6fnagct7101bpck,Torneo Proyección,2f3fydvyjz2svhlc1eo3qflwd,Argentina,South America,2026,data\south_america\argentina\torneo_proyeccion\2f3fydvyjz2svhlc1eo3qflwd\2026\fixture.json,,,
kvhr5unew8olm0s3qsnjf85w,2026-06-10,2026-06-10Z,,Estudiantes RC Res.,Huracán Res.,,,,,1,2026-01-24T08:07:52Z,3trr1fkbng6fnagct7101bpck,Torneo Proyección,2f3fydvyjz2svhlc1eo3qflwd,Argentina,South America,2026,data\south_america\argentina\torneo_proyeccion\2f3fydvyjz2svhlc1eo3qflwd\2026\fixture.json,,,
k1vprcsteb978l2bbfkcxbtg,2026-06-10,2026-06-10Z,,Defensa y Justicia Res.,Ferro Carril Oeste Res.,,,,,1,2026-01-24T08:07:52Z,3trr1fkbng6fnagct7101bpck,Torneo Proyección,2f3fydvyjz2svhlc1eo3qflwd,Argentina,South America,2026,data\south_america\argentina\torneo_proyeccion\2f3fydvyjz2svhlc1eo3qflwd\2026\fixture.json,,,
j7yh5catsr1m21hqc20udqms,2026-06-10,2026-06-10Z,,Newell's Old Boys Res.,Boca Juniors Res.,,,,,1,2026-01-24T08:07:52Z,3trr1fkbng6fnagct7101bpck,Torneo Proyección,2f3fydvyjz2svhlc1eo3qflwd,Argentina,South America,2026,data\south_america\argentina\torneo_proyeccion\2f3fydvyjz2svhlc1eo3qflwd\2026\fixture.json,,,
hujj5upv3x0q49v8ejuayivo,2026-06-10,2026-06-10Z,,Lanús Res.,Independiente Res.,,,,,1,2026-01-24T08:07:52Z,3trr1fkbng6fnagct7101bpck,Torneo Proyección,2f3fydvyjz2svhlc1eo3qflwd,Argentina,South America,2026,data\south_america\argentina\torneo_proyeccion\2f3fydvyjz2svhlc1eo3qflwd\2026\fixture.json,,,
gi8ydjobzsv5jvq91kim2oes,2026-06-10,2026-06-10Z,,Belgrano Res.,Atlético Rafaela Res.,,,,,1,2026-01-24T08:07:52Z,3trr1fkbng6fnagct7101bpck,Torneo Proyección,2f3fydvyjz2svhlc1eo3qflwd,Argentina,South America,2026,data\south_america\argentina\torneo_proyeccion\2f3fydvyjz2svhlc1eo3qflwd\2026\fixture.json,,,
f30yi9uk51163vivow7ynqxg,2026-06-10,2026-06-10Z,,Deportivo Riestra Res.,Platense Res.,,,,,1,2026-01-24T08:07:52Z,3trr1fkbng6fnagct7101bpck,Torneo Proyección,2f3fydvyjz2svhlc1eo3qflwd,Argentina,South America,2026,data\south_america\argentina\torneo_proyeccion\2f3fydvyjz2svhlc1eo3qflwd\2026\fixture.json,,,
elkzlgy0oiapp225lkipgvtg,2026-06-10,2026-06-10Z,,Independiente Riva. Res.,Quilmes Res.,,,,,1,2026-01-24T08:07:52Z,3trr1fkbng6fnagct7101bpck,Torneo Proyección,2f3fydvyjz2svhlc1eo3qflwd,Argentina,South America,2026,data\south_america\argentina\torneo_proyeccion\2f3fydvyjz2svhlc1eo3qflwd\2026\fixture.json,,,
e5grq3sza2z5xdp1lkng7oyc,2026-06-10,2026-06-10Z,,San Martín San Juan Res.,Estudiantes Res.,,,,,1,2026-01-24T08:07:52Z,3trr1fkbng6fnagct7101bpck,Torneo Proyección,2f3fydvyjz2svhlc1eo3qflwd,Argentina,South America,2026,data\south_america\argentina\torneo_proyeccion\2f3fydvyjz2svhlc1eo3qflwd\2026\fixture.json,,,
dnbx0fyhu40jeuyani1i1bf8,2026-06-10,2026-06-10Z,,Central Córdoba SdE Res.,Colón Res.,,,,,1,2026-01-24T08:07:52Z,3trr1fkbng6fnagct7101bpck,Torneo Proyección,2f3fydvyjz2svhlc1eo3qflwd,Argentina,South America,2026,data\south_america\argentina\torneo_proyeccion\2f3fydvyjz2svhlc1eo3qflwd\2026\fixture.json,,,
d28w9esc4xoefobzhz6d62ac,2026-06-10,2026-06-10Z,,Unión Res.,Atlético Tucumán Res.,,,,,1,2026-01-24T08:07:52Z,3trr1fkbng6fnagct7101bpck,Torneo Proyección,2f3fydvyjz2svhlc1eo3qflwd,Argentina,South America,2026,data\south_america\argentina\torneo_proyeccion\2f3fydvyjz2svhlc1eo3qflwd\2026\fixture.json,,,
cjstqgsqjtmt8xxwt9bldmvo,2026-06-10,2026-06-10Z,,Gimnasia La Plata Res.,Godoy Cruz Res.,,,,,1,2026-01-24T08:07:53Z,3trr1fkbng6fnagct7101bpck,Torneo Proyección,2f3fydvyjz2svhlc1eo3qflwd,Argentina,South America,2026,data\south_america\argentina\torneo_proyeccion\2f3fydvyjz2svhlc1eo3qflwd\2026\fixture.json,,,
c01sxzqriah97z35mxmskdn8,2026-06-10,2026-06-10Z,,Aldosivi Res.,Gimnasia Mendoza Res.,,,,,1,2026-01-24T08:07:52Z,3trr1fkbng6fnagct7101bpck,Torneo Proyección,2f3fydvyjz2svhlc1eo3qflwd,Argentina,South America,2026,data\south_america\argentina\torneo_proyeccion\2f3fydvyjz2svhlc1eo3qflwd\2026\fixture.json,,,
bb00pui3411o9oojf0p4bxg4,2026-06-10,2026-06-10Z,,Argentinos Juniors Res.,Barracas Central Res.,,,,,1,2026-01-24T08:07:52Z,3trr1fkbng6fnagct7101bpck,Torneo Proyección,2f3fydvyjz2svhlc1eo3qflwd,Argentina,South America,2026,data\south_america\argentina\torneo_proyeccion\2f3fydvyjz2svhlc1eo3qflwd\2026\fixture.json,,,
asdgll86wl4mioea7bqu153o,2026-06-10,2026-06-10Z,,Sarmiento Res.,Talleres de Córdoba Res.,,,,,1,2026-01-24T08:07:52Z,3trr1fkbng6fnagct7101bpck,Torneo Proyección,2f3fydvyjz2svhlc1eo3qflwd,Argentina,South America,2026,data\south_america\argentina\torneo_proyeccion\2f3fydvyjz2svhlc1eo3qflwd\2026\fixture.json,,,
aai5ompgjjrult9kdehkxyqc,2026-06-10,2026-06-10Z,,Racing Club Res.,Banfield Res.,,,,,1,2026-01-24T08:07:52Z,3trr1fkbng6fnagct7101bpck,Torneo Proyección,2f3fydvyjz2svhlc1eo3qflwd,Argentina,South America,2026,data\south_america\argentina\torneo_proyeccion\2f3fydvyjz2svhlc1eo3qflwd\2026\fixture.json,,,
9tk70gn4wtplz20n6kn7mbdg,2026-06-10,2026-06-10Z,,River Plate Res.,Rosario Central Res.,,,,,1,2026-01-24T08:07:52Z,3trr1fkbng6fnagct7101bpck,Torneo Proyección,2f3fydvyjz2svhlc1eo3qflwd,Argentina,South America,2026,data\south_america\argentina\torneo_proyeccion\2f3fydvyjz2svhlc1eo3qflwd\2026\fixture.json,,,
9drt16h63stb60mmtgl58bo4,2026-06-10,2026-06-10Z,,Vélez Sársfield Res.,Tigre Res.,,,,,1,2026-01-24T08:07:52Z,3trr1fkbng6fnagct7101bpck,Torneo Proyección,2f3fydvyjz2svhlc1eo3qflwd,Argentina,South America,2026,data\south_america\argentina\torneo_proyeccion\2f3fydvyjz2svhlc1eo3qflwd\2026\fixture.json,,,
8y0jojlqahuqedrqc4pmvuhg,2026-06-10,2026-06-10Z,,San Lorenzo Res.,Instituto Res.,,,,,1,2026-01-24T08:07:52Z,3trr1fkbng6fnagct7101bpck,Torneo Proyección,2f3fydvyjz2svhlc1eo3qflwd,Argentina,South America,2026,data\south_america\argentina\torneo_proyeccion\2f3fydvyjz2svhlc1eo3qflwd\2026\fixture.json,,,
oddpgpg3j96xxhsq9a3n28k,2026-06-03,2026-06-03Z,,Godoy Cruz Res.,Unión Res.,,,,,1,2026-01-24T08:07:52Z,3trr1fkbng6fnagct7101bpck,Torneo Proyección,2f3fydvyjz2svhlc1eo3qflwd,Argentina,South America,2026,data\south_america\argentina\torneo_proyeccion\2f3fydvyjz2svhlc1eo3qflwd\2026\fixture.json,,,
8if8zxmu02il00bgs4tutlw4,2026-06-03,2026-06-03Z,,Central Córdoba SdE Res.,San Martín San Juan Res.,,,,,1,2026-01-24T08:07:52Z,3trr1fkbng6fnagct7101bpck,Torneo Proyección,2f3fydvyjz2svhlc1eo3qflwd,Argentina,South America,2026,data\south_america\argentina\torneo_proyeccion\2f3fydvyjz2svhlc1eo3qflwd\2026\fixture.json,,,
822luvvm66h40w8ocnzplc7o,2026-06-03,2026-06-03Z,,Estudiantes Res.,Independiente Riva. Res.,,,,,1,2026-01-24T08:07:52Z,3trr1fkbng6fnagct7101bpck,Torneo Proyección,2f3fydvyjz2svhlc1eo3qflwd,Argentina,South America,2026,data\south_america\argentina\torneo_proyeccion\2f3fydvyjz2svhlc1eo3qflwd\2026\fixture.json,,,
80shz1xm8ae2xrujzn075zo,2026-06-03,2026-06-03Z,,Instituto Res.,Atlético Tucumán Res.,,,,,1,2026-01-24T08:07:52Z,3trr1fkbng6fnagct7101bpck,Torneo Proyección,2f3fydvyjz2svhlc1eo3qflwd,Argentina,South America,2026,data\south_america\argentina\torneo_proyeccion\2f3fydvyjz2svhlc1eo3qflwd\2026\fixture.json,,,
74unghkw10wdny28t879fa50,2026-06-03,2026-06-03Z,,Quilmes Res.,Deportivo Riestra Res.,,,,,1,2026-01-24T08:07:52Z,3trr1fkbng6fnagct7101bpck,Torneo Proyección,2f3fydvyjz2svhlc1eo3qflwd,Argentina,South America,2026,data\south_america\argentina\torneo_proyeccion\2f3fydvyjz2svhlc1eo3qflwd\2026\fixture.json,,,
6nuior28q9rgoc1hzhsn3lec,2026-06-03,2026-06-03Z,,Platense Res.,Belgrano Res.,,,,,1,2026-01-24T08:07:52Z,3trr1fkbng6fnagct7101bpck,Torneo Proyección,2f3fydvyjz2svhlc1eo3qflwd,Argentina,South America,2026,data\south_america\argentina\torneo_proyeccion\2f3fydvyjz2svhlc1eo3qflwd\2026\fixture.json,,,
681fk55hkmcv90rr4ghj6xhw,2026-06-03,2026-06-03Z,,Atlético Rafaela Res.,Lanús Res.,,,,,1,2026-01-24T08:07:52Z,3trr1fkbng6fnagct7101bpck,Torneo Proyección,2f3fydvyjz2svhlc1eo3qflwd,Argentina,South America,2026,data\south_america\argentina\torneo_proyeccion\2f3fydvyjz2svhlc1eo3qflwd\2026\fixture.json,,,
5qnuotn1s6ie6zo1r6es4b9w,2026-06-03,2026-06-03Z,,Independiente Res.,Newell's Old Boys Res.,,,,,1,2026-01-24T08:07:52Z,3trr1fkbng6fnagct7101bpck,Torneo Proyección,2f3fydvyjz2svhlc1eo3qflwd,Argentina,South America,2026,data\south_america\argentina\torneo_proyeccion\2f3fydvyjz2svhlc1eo3qflwd\2026\fixture.json,,,
5b5r07vpk7c7d24reyq4s26s,2026-06-03,2026-06-03Z,,Boca Juniors Res.,Defensa y Justicia Res.,,,,,1,2026-01-24T08:07:52Z,3trr1fkbng6fnagct7101bpck,Torneo Proyección,2f3fydvyjz2svhlc1eo3qflwd,Argentina,South America,2026,data\south_america\argentina\torneo_proyeccion\2f3fydvyjz2svhlc1eo3qflwd\2026\fixture.json,,,
4pex9okyqrtaq9dxqkre9q1g,2026-06-03,2026-06-03Z,,Ferro Carril Oeste Res.,Estudiantes RC Res.,,,,,1,2026-01-24T08:07:52Z,3trr1fkbng6fnagct7101bpck,Torneo Proyección,2f3fydvyjz2svhlc1eo3qflwd,Argentina,South America,2026,data\south_america\argentina\torneo_proyeccion\2f3fydvyjz2svhlc1eo3qflwd\2026\fixture.json,,,
483xnilmeahh0i0ighf1py50,2026-06-03,2026-06-03Z,,Colón Res.,Huracán Res.,,,,,1,2026-01-24T08:07:52Z,3trr1fkbng6fnagct7101bpck,Torneo Proyección,2f3fydvyjz2svhlc1eo3qflwd,Argentina,South America,2026,data\south_america\argentina\torneo_proyeccion\2f3fydvyjz2svhlc1eo3qflwd\2026\fixture.json,,,
3sp5ykpbkiavxweoit4p1nh0,2026-06-03,2026-06-03Z,,San Lorenzo Res.,Vélez Sársfield Res.,,,,,1,2026-01-24T08:07:52Z,3trr1fkbng6fnagct7101bpck,Torneo Proyección,2f3fydvyjz2svhlc1eo3qflwd,Argentina,South America,2026,data\south_america\argentina\torneo_proyeccion\2f3fydvyjz2svhlc1eo3qflwd\2026\fixture.json,,,
3cpk7ybogt3u9e0vhm218rh0,2026-06-03,2026-06-03Z,,Tigre Res.,River Plate Res.,,,,,1,2026-01-24T08:07:52Z,3trr1fkbng6fnagct7101bpck,Torneo Proyección,2f3fydvyjz2svhlc1eo3qflwd,Argentina,South America,2026,data\south_america\argentina\torneo_proyeccion\2f3fydvyjz2svhlc1eo3qflwd\2026\fixture.json,,,
2wqrqitttmmn3jn4pelyrtw4,2026-06-03,2026-06-03Z,,Rosario Central Res.,Racing Club Res.,,,,,1,2026-01-24T08:07:52Z,3trr1fkbng6fnagct7101bpck,Torneo Proyección,2f3fydvyjz2svhlc1eo3qflwd,Argentina,South America,2026,data\south_america\argentina\torneo_proyeccion\2f3fydvyjz2svhlc1eo3qflwd\2026\fixture.json,,,
2gz6sbnmy7ij0n70ut7vn5ec,2026-06-03,2026-06-03Z,,Banfield Res.,Sarmiento Res.,,,,,1,2026-01-24T08:07:52Z,3trr1fkbng6fnagct7101bpck,Torneo Proyección,2f3fydvyjz2svhlc1eo3qflwd,Argentina,South America,2026,data\south_america\argentina\torneo_proyeccion\2f3fydvyjz2svhlc1eo3qflwd\2026\fixture.json,,,
1zcxiqbwhndcj700xww4kdn8,2026-06-03,2026-06-03Z,,Talleres de Córdoba Res.,Argentinos Juniors Res.,,,,,1,2026-01-24T08:07:52Z,3trr1fkbng6fnagct7101bpck,Torneo Proyección,2f3fydvyjz2svhlc1eo3qflwd,Argentina,South America,2026,data\south_america\argentina\torneo_proyeccion\2f3fydvyjz2svhlc1eo3qflwd\2026\fixture.json,,,
1jl3ii4wwt6nqsk8zyba2710,2026-06-03,2026-06-03Z,,Barracas Central Res.,Aldosivi Res.,,,,,1,2026-01-24T08:07:52Z,3trr1fkbng6fnagct7101bpck,Torneo Proyección,2f3fydvyjz2svhlc1eo3qflwd,Argentina,South America,2026,data\south_america\argentina\torneo_proyeccion\2f3fydvyjz2svhlc1eo3qflwd\2026\fixture.json,,,
1419x1jo1npshfbssfl4qi38,2026-06-03,2026-06-03Z,,Gimnasia Mendoza Res.,Gimnasia La Plata Res.,,,,,1,2026-01-24T08:07:52Z,3trr1fkbng6fnagct7101bpck,Torneo Proyección,2f3fydvyjz2svhlc1eo3qflwd,Argentina,South America,2026,data\south_america\argentina\torneo_proyeccion\2f3fydvyjz2svhlc1eo3qflwd\2026\fixture.json,,,
f5e0cb45drm03v438bg7dbqxg,2026-05-27,2026-05-27Z,,Huracán Res.,Ferro Carril Oeste Res.,,,,,1,2026-01-24T08:07:52Z,3trr1fkbng6fnagct7101bpck,Torneo Proyección,2f3fydvyjz2svhlc1eo3qflwd,Argentina,South America,2026,data\south_america\argentina\torneo_proyeccion\2f3fydvyjz2svhlc1eo3qflwd\2026\fixture.json,,,
f4x7gchfmw9mikliyzb6s2n84,2026-05-27,2026-05-27Z,,Estudiantes RC Res.,Boca Juniors Res.,,,,,1,2026-01-24T08:07:52Z,3trr1fkbng6fnagct7101bpck,Torneo Proyección,2f3fydvyjz2svhlc1eo3qflwd,Argentina,South America,2026,data\south_america\argentina\torneo_proyeccion\2f3fydvyjz2svhlc1eo3qflwd\2026\fixture.json,,,
f4hkb16bkunrucr0is8r6lct0,2026-05-27,2026-05-27Z,,Defensa y Justicia Res.,Independiente Res.,,,,,1,2026-01-24T08:07:52Z,3trr1fkbng6fnagct7101bpck,Torneo Proyección,2f3fydvyjz2svhlc1eo3qflwd,Argentina,South America,2026,data\south_america\argentina\torneo_proyeccion\2f3fydvyjz2svhlc1eo3qflwd\2026\fixture.json,,,
f41ynjwfjcb3n5zab5ugeq49g,2026-05-27,2026-05-27Z,,Newell's Old Boys Res.,Atlético Rafaela Res.,,,,,1,2026-01-24T08:07:52Z,3trr1fkbng6fnagct7101bpck,Torneo Proyección,2f3fydvyjz2svhlc1eo3qflwd,Argentina,South America,2026,data\south_america\argentina\torneo_proyeccion\2f3fydvyjz2svhlc1eo3qflwd\2026\fixture.json,,,
f3lxej5pud6bn1wjb27s95yc4,2026-05-27,2026-05-27Z,,Lanús Res.,Platense Res.,,,,,1,2026-01-24T08:07:52Z,3trr1fkbng6fnagct7101bpck,Torneo Proyección,2f3fydvyjz2svhlc1eo3qflwd,Argentina,South America,2026,data\south_america\argentina\torneo_proyeccion\2f3fydvyjz2svhlc1eo3qflwd\2026\fixture.json,,,
f35f2st9h1jnb3y9ffyt6etck,2026-05-27,2026-05-27Z,,Belgrano Res.,Quilmes Res.,,,,,1,2026-01-24T08:07:52Z,3trr1fkbng6fnagct7101bpck,Torneo Proyección,2f3fydvyjz2svhlc1eo3qflwd,Argentina,South America,2026,data\south_america\argentina\torneo_proyeccion\2f3fydvyjz2svhlc1eo3qflwd\2026\fixture.json,,,
f2n6xip2cw3t93rc4iynynx90,2026-05-27,2026-05-27Z,,Deportivo Riestra Res.,Estudiantes Res.,,,,,1,2026-01-24T08:07:52Z,3trr1fkbng6fnagct7101bpck,Torneo Proyección,2f3fydvyjz2svhlc1eo3qflwd,Argentina,South America,2026,data\south_america\argentina\torneo_proyeccion\2f3fydvyjz2svhlc1eo3qflwd\2026\fixture.json,,,
f27zs71s1pg5sacdmvo6nwlxw,2026-05-27,2026-05-27Z,,Independiente Riva. Res.,Central Córdoba SdE Res.,,,,,1,2026-01-24T08:07:52Z,3trr1fkbng6fnagct7101bpck,Torneo Proyección,2f3fydvyjz2svhlc1eo3qflwd,Argentina,South America,2026,data\south_america\argentina\torneo_proyeccion\2f3fydvyjz2svhlc1eo3qflwd\2026\fixture.json,,,
f1s09sjyxr9113zr31358tn2s,2026-05-27,2026-05-27Z,,San Martín San Juan Res.,Colón Res.,,,,,1,2026-01-24T08:07:52Z,3trr1fkbng6fnagct7101bpck,Torneo Proyección,2f3fydvyjz2svhlc1eo3qflwd,Argentina,South America,2026,data\south_america\argentina\torneo_proyeccion\2f3fydvyjz2svhlc1eo3qflwd\2026\fixture.json,,,
f1azd1pq9m8a0uepacescyal0,2026-05-27,2026-05-27Z,,Atlético Tucumán Res.,Godoy Cruz Res.,,,,,1,2026-01-24T08:07:52Z,3trr1fkbng6fnagct7101bpck,Torneo Proyección,2f3fydvyjz2svhlc1eo3qflwd,Argentina,South America,2026,data\south_america\argentina\torneo_proyeccion\2f3fydvyjz2svhlc1eo3qflwd\2026\fixture.json,,,
f0v79v6vy3wuetpalls75zbis,2026-05-27,2026-05-27Z,,Unión Res.,Gimnasia Mendoza Res.,,,,,1,2026-01-24T08:07:52Z,3trr1fkbng6fnagct7101bpck,Torneo Proyección,2f3fydvyjz2svhlc1eo3qflwd,Argentina,South America,2026,data\south_america\argentina\torneo_proyeccion\2f3fydvyjz2svhlc1eo3qflwd\2026\fixture.json,,,
f0eyrhi0dbadysac1cif09vys,2026-05-27,2026-05-27Z,,Gimnasia La Plata Res.,Barracas Central Res.,,,,,1,2026-01-24T08:07:53Z,3trr1fkbng6fnagct7101bpck,Torneo Proyección,2f3fydvyjz2svhlc1eo3qflwd,Argentina,South America,2026,data\south_america\argentina\torneo_proyeccion\2f3fydvyjz2svhlc1eo3qflwd\2026\fixture.json,,,
ezwz4iqm5n9lrt7vq4ek8jqqc,2026-05-27,2026-05-27Z,,Aldosivi Res.,Talleres de Córdoba Res.,,,,,1,2026-01-24T08:07:52Z,3trr1fkbng6fnagct7101bpck,Torneo Proyección,2f3fydvyjz2svhlc1eo3qflwd,Argentina,South America,2026,data\south_america\argentina\torneo_proyeccion\2f3fydvyjz2svhlc1eo3qflwd\2026\fixture.json,,,
ezf6mosmags44cajelkmc2al0,2026-05-27,2026-05-27Z,,Argentinos Juniors Res.,Banfield Res.,,,,,1,2026-01-24T08:07:52Z,3trr1fkbng6fnagct7101bpck,Torneo Proyección,2f3fydvyjz2svhlc1eo3qflwd,Argentina,South America,2026,data\south_america\argentina\torneo_proyeccion\2f3fydvyjz2svhlc1eo3qflwd\2026\fixture.json,,,
eyyhctu24sdysyrt4ewwikavo,2026-05-27,2026-05-27Z,,Sarmiento Res.,Rosario Central Res.,,,,,1,2026-01-24T08:07:52Z,3trr1fkbng6fnagct7101bpck,Torneo Proyección,2f3fydvyjz2svhlc1eo3qflwd,Argentina,South America,2026,data\south_america\argentina\torneo_proyeccion\2f3fydvyjz2svhlc1eo3qflwd\2026\fixture.json,,,
eya7qiknh2m1ze9alpo5aomj8,2026-05-27,2026-05-27Z,,Racing Club Res.,Tigre Res.,,,,,1,2026-01-24T08:07:52Z,3trr1fkbng6fnagct7101bpck,Torneo Proyección,2f3fydvyjz2svhlc1eo3qflwd,Argentina,South America,2026,data\south_america\argentina\torneo_proyeccion\2f3fydvyjz2svhlc1eo3qflwd\2026\fixture.json,,,
exu4rbst84di1xijgtxrmsjys,2026-05-27,2026-05-27Z,,River Plate Res.,San Lorenzo Res.,,,,,1,2026-01-24T08:07:51Z,3trr1fkbng6fnagct7101bpck,Torneo Proyección,2f3fydvyjz2svhlc1eo3qflwd,Argentina,South America,2026,data\south_america\argentina\torneo_proyeccion\2f3fydvyjz2svhlc1eo3qflwd\2026\fixture.json,,,
exai3k4d40q0rncmw0gm5kf10,2026-05-27,2026-05-27Z,,Vélez Sársfield Res.,Instituto Res.,,,,,1,2026-01-24T08:07:52Z,3trr1fkbng6fnagct7101bpck,Torneo Proyección,2f3fydvyjz2svhlc1eo3qflwd,Argentina,South America,2026,data\south_america\argentina\torneo_proyeccion\2f3fydvyjz2svhlc1eo3qflwd\2026\fixture.json,,,
ewuznhkoywff88asu8c1s6pec,2026-05-20,2026-05-20Z,,San Martín San Juan Res.,Independiente Riva. Res.,,,,,1,2026-01-24T08:07:52Z,3trr1fkbng6fnagct7101bpck,Torneo Proyección,2f3fydvyjz2svhlc1eo3qflwd,Argentina,South America,2026,data\south_america\argentina\torneo_proyeccion\2f3fydvyjz2svhlc1eo3qflwd\2026\fixture.json,,,
ewfij6sa10hvvbnh7ocoilj4k,2026-05-20,2026-05-20Z,,Central Córdoba SdE Res.,Deportivo Riestra Res.,,,,,1,2026-01-24T08:07:51Z,3trr1fkbng6fnagct7101bpck,Torneo Proyección,2f3fydvyjz2svhlc1eo3qflwd,Argentina,South America,2026,data\south_america\argentina\torneo_proyeccion\2f3fydvyjz2svhlc1eo3qflwd\2026\fixture.json,,,
evztfqodj5blw91ks9s41g9p0,2026-05-20,2026-05-20Z,,Estudiantes Res.,Belgrano Res.,,,,,1,2026-01-24T08:07:51Z,3trr1fkbng6fnagct7101bpck,Torneo Proyección,2f3fydvyjz2svhlc1eo3qflwd,Argentina,South America,2026,data\south_america\argentina\torneo_proyeccion\2f3fydvyjz2svhlc1eo3qflwd\2026\fixture.json,,,
evkbqyhebdcefhaozh1xjacr8,2026-05-20,2026-05-20Z,,Quilmes Res.,Lanús Res.,,,,,1,2026-01-24T08:07:51Z,3trr1fkbng6fnagct7101bpck,Torneo Proyección,2f3fydvyjz2svhlc1eo3qflwd,Argentina,South America,2026,data\south_america\argentina\torneo_proyeccion\2f3fydvyjz2svhlc1eo3qflwd\2026\fixture.json,,,
ev4r777k7sg7sj9t2yhml436c,2026-05-20,2026-05-20Z,,Platense Res.,Newell's Old Boys Res.,,,,,1,2026-01-24T08:07:51Z,3trr1fkbng6fnagct7101bpck,Torneo Proyección,2f3fydvyjz2svhlc1eo3qflwd,Argentina,South America,2026,data\south_america\argentina\torneo_proyeccion\2f3fydvyjz2svhlc1eo3qflwd\2026\fixture.json,,,
euo410jsyng8jfn8bu4ysapzo,2026-05-20,2026-05-20Z,,Atlético Rafaela Res.,Defensa y Justicia Res.,,,,,1,2026-01-24T08:07:51Z,3trr1fkbng6fnagct7101bpck,Torneo Proyección,2f3fydvyjz2svhlc1eo3qflwd,Argentina,South America,2026,data\south_america\argentina\torneo_proyeccion\2f3fydvyjz2svhlc1eo3qflwd\2026\fixture.json,,,
eu4ay6gaxecu7bcom9e0rt15g,2026-05-20,2026-05-20Z,,Independiente Res.,Estudiantes RC Res.,,,,,1,2026-01-24T08:07:51Z,3trr1fkbng6fnagct7101bpck,Torneo Proyección,2f3fydvyjz2svhlc1eo3qflwd,Argentina,South America,2026,data\south_america\argentina\torneo_proyeccion\2f3fydvyjz2svhlc1eo3qflwd\2026\fixture.json,,,
etnn65ba9am5ucdaetc3hv4lw,2026-05-20,2026-05-20Z,,Boca Juniors Res.,Huracán Res.,,,,,1,2026-01-24T08:07:51Z,3trr1fkbng6fnagct7101bpck,Torneo Proyección,2f3fydvyjz2svhlc1eo3qflwd,Argentina,South America,2026,data\south_america\argentina\torneo_proyeccion\2f3fydvyjz2svhlc1eo3qflwd\2026\fixture.json,,,
et0to3jev9bfsg636yhb3d15g,2026-05-20,2026-05-20Z,,Colón Res.,Ferro Carril Oeste Res.,,,,,1,2026-01-24T08:07:51Z,3trr1fkbng6fnagct7101bpck,Torneo Proyección,2f3fydvyjz2svhlc1eo3qflwd,Argentina,South America,2026,data\south_america\argentina\torneo_proyeccion\2f3fydvyjz2svhlc1eo3qflwd\2026\fixture.json,,,
esiljye0vnnp2npd0dyni3aj8,2026-05-20,2026-05-20Z,,Vélez Sársfield Res.,River Plate Res.,,,,,1,2026-01-24T08:07:51Z,3trr1fkbng6fnagct7101bpck,Torneo Proyección,2f3fydvyjz2svhlc1eo3qflwd,Argentina,South America,2026,data\south_america\argentina\torneo_proyeccion\2f3fydvyjz2svhlc1eo3qflwd\2026\fixture.json,,,
erz01ij9fyvskaoynzxxjcglw,2026-05-20,2026-05-20Z,,San Lorenzo Res.,Racing Club Res.,,,,,1,2026-01-24T08:07:51Z,3trr1fkbng6fnagct7101bpck,Torneo Proyección,2f3fydvyjz2svhlc1eo3qflwd,Argentina,South America,2026,data\south_america\argentina\torneo_proyeccion\2f3fydvyjz2svhlc1eo3qflwd\2026\fixture.json,,,
eriptifxrmmrsibavsjtkbuac,2026-05-20,2026-05-20Z,,Tigre Res.,Sarmiento Res.,,,,,1,2026-01-24T08:07:51Z,3trr1fkbng6fnagct7101bpck,Torneo Proyección,2f3fydvyjz2svhlc1eo3qflwd,Argentina,South America,2026,data\south_america\argentina\torneo_proyeccion\2f3fydvyjz2svhlc1eo3qflwd\2026\fixture.json,,,
er35t8q7ggh6c8mjx7t0xkb2s,2026-05-20,2026-05-20Z,,Rosario Central Res.,Argentinos Juniors Res.,,,,,1,2026-01-24T08:07:51Z,3trr1fkbng6fnagct7101bpck,Torneo Proyección,2f3fydvyjz2svhlc1eo3qflwd,Argentina,South America,2026,data\south_america\argentina\torneo_proyeccion\2f3fydvyjz2svhlc1eo3qflwd\2026\fixture.json,,,
eqnn9ged2o35e8u88swlfyyhg,2026-05-20,2026-05-20Z,,Banfield Res.,Aldosivi Res.,,,,,1,2026-01-24T08:07:51Z,3trr1fkbng6fnagct7101bpck,Torneo Proyección,2f3fydvyjz2svhlc1eo3qflwd,Argentina,South America,2026,data\south_america\argentina\torneo_proyeccion\2f3fydvyjz2svhlc1eo3qflwd\2026\fixture.json,,,
eq80skdvjpjbw9ctr7tstcowk,2026-05-20,2026-05-20Z,,Talleres de Córdoba Res.,Gimnasia La Plata Res.,,,,,1,2026-01-24T08:07:51Z,3trr1fkbng6fnagct7101bpck,Torneo Proyección,2f3fydvyjz2svhlc1eo3qflwd,Argentina,South America,2026,data\south_america\argentina\torneo_proyeccion\2f3fydvyjz2svhlc1eo3qflwd\2026\fixture.json,,,
epsgzanr9pjuhfpa7xvu111ck,2026-05-20,2026-05-20Z,,Barracas Central Res.,Unión Res.,,,,,1,2026-01-24T08:07:51Z,3trr1fkbng6fnagct7101bpck,Torneo Proyección,2f3fydvyjz2svhlc1eo3qflwd,Argentina,South America,2026,data\south_america\argentina\torneo_proyeccion\2f3fydvyjz2svhlc1eo3qflwd\2026\fixture.json,,,
epbz3ow41squz5rldqkywquqc,2026-05-20,2026-05-20Z,,Gimnasia Mendoza Res.,Atlético Tucumán Res.,,,,,1,2026-01-24T08:07:51Z,3trr1fkbng6fnagct7101bpck,Torneo Proyección,2f3fydvyjz2svhlc1eo3qflwd,Argentina,South America,2026,data\south_america\argentina\torneo_proyeccion\2f3fydvyjz2svhlc1eo3qflwd\2026\fixture.json,,,
eouzkc9sw9bdwym2f3v9nm9sk,2026-05-20,2026-05-20Z,,Instituto Res.,Godoy Cruz Res.,,,,,1,2026-01-24T08:07:51Z,3trr1fkbng6fnagct7101bpck,Torneo Proyección,2f3fydvyjz2svhlc1eo3qflwd,Argentina,South America,2026,data\south_america\argentina\torneo_proyeccion\2f3fydvyjz2svhlc1eo3qflwd\2026\fixture.json,,,
eof565q2o69oqs9lv2k18ir6c,2026-05-13,2026-05-13Z,,Ferro Carril Oeste Res.,Boca Juniors Res.,,,,,1,2026-01-24T08:07:51Z,3trr1fkbng6fnagct7101bpck,Torneo Proyección,2f3fydvyjz2svhlc1eo3qflwd,Argentina,South America,2026,data\south_america\argentina\torneo_proyeccion\2f3fydvyjz2svhlc1eo3qflwd\2026\fixture.json,,,
enzl195khcjsow3s5eyi7340k,2026-05-13,2026-05-13Z,,Huracán Res.,Independiente Res.,,,,,1,2026-01-24T08:07:51Z,3trr1fkbng6fnagct7101bpck,Torneo Proyección,2f3fydvyjz2svhlc1eo3qflwd,Argentina,South America,2026,data\south_america\argentina\torneo_proyeccion\2f3fydvyjz2svhlc1eo3qflwd\2026\fixture.json,,,
enk33uame2kjwhr8cnjp1h4ic,2026-05-13,2026-05-13Z,,Estudiantes RC Res.,Atlético Rafaela Res.,,,,,1,2026-01-24T08:07:51Z,3trr1fkbng6fnagct7101bpck,Torneo Proyección,2f3fydvyjz2svhlc1eo3qflwd,Argentina,South America,2026,data\south_america\argentina\torneo_proyeccion\2f3fydvyjz2svhlc1eo3qflwd\2026\fixture.json,,,
en27hujr98hf4d60oy2xseluc,2026-05-13,2026-05-13Z,,Defensa y Justicia Res.,Platense Res.,,,,,1,2026-01-24T08:07:51Z,3trr1fkbng6fnagct7101bpck,Torneo Proyección,2f3fydvyjz2svhlc1eo3qflwd,Argentina,South America,2026,data\south_america\argentina\torneo_proyeccion\2f3fydvyjz2svhlc1eo3qflwd\2026\fixture.json,,,
emmrn7rqjcub9p4ty55oh8mqc,2026-05-13,2026-05-13Z,,Newell's Old Boys Res.,Quilmes Res.,,,,,1,2026-01-24T08:07:51Z,3trr1fkbng6fnagct7101bpck,Torneo Proyección,2f3fydvyjz2svhlc1eo3qflwd,Argentina,South America,2026,data\south_america\argentina\torneo_proyeccion\2f3fydvyjz2svhlc1eo3qflwd\2026\fixture.json,,,
em5slwuz6nm6o11cjiglo9g5w,2026-05-13,2026-05-13Z,,Lanús Res.,Estudiantes Res.,,,,,1,2026-01-24T08:07:51Z,3trr1fkbng6fnagct7101bpck,Torneo Proyección,2f3fydvyjz2svhlc1eo3qflwd,Argentina,South America,2026,data\south_america\argentina\torneo_proyeccion\2f3fydvyjz2svhlc1eo3qflwd\2026\fixture.json,,,
elq479hmefhlgmtuabz5reyok,2026-05-13,2026-05-13Z,,Belgrano Res.,Central Córdoba SdE Res.,,,,,1,2026-01-24T08:07:51Z,3trr1fkbng6fnagct7101bpck,Torneo Proyección,2f3fydvyjz2svhlc1eo3qflwd,Argentina,South America,2026,data\south_america\argentina\torneo_proyeccion\2f3fydvyjz2svhlc1eo3qflwd\2026\fixture.json,,,
elaemhhlu12qmsj7wz98mpzis,2026-05-13,2026-05-13Z,,Deportivo Riestra Res.,San Martín San Juan Res.,,,,,1,2026-01-24T08:07:51Z,3trr1fkbng6fnagct7101bpck,Torneo Proyección,2f3fydvyjz2svhlc1eo3qflwd,Argentina,South America,2026,data\south_america\argentina\torneo_proyeccion\2f3fydvyjz2svhlc1eo3qflwd\2026\fixture.json,,,
ekoqmcqsaz9gdp7rr3oltm8lw,2026-05-13,2026-05-13Z,,Independiente Riva. Res.,Colón Res.,,,,,1,2026-01-24T08:07:51Z,3trr1fkbng6fnagct7101bpck,Torneo Proyección,2f3fydvyjz2svhlc1eo3qflwd,Argentina,South America,2026,data\south_america\argentina\torneo_proyeccion\2f3fydvyjz2svhlc1eo3qflwd\2026\fixture.json,,,
ek1u2hg5oyk2kgr17xvqe2zh0,2026-05-13,2026-05-13Z,,Godoy Cruz Res.,Gimnasia Mendoza Res.,,,,,1,2026-01-24T08:07:51Z,3trr1fkbng6fnagct7101bpck,Torneo Proyección,2f3fydvyjz2svhlc1eo3qflwd,Argentina,South America,2026,data\south_america\argentina\torneo_proyeccion\2f3fydvyjz2svhlc1eo3qflwd\2026\fixture.json,,,
ejlf9ks3naene71bon5fmwoic,2026-05-13,2026-05-13Z,,Atlético Tucumán Res.,Barracas Central Res.,,,,,1,2026-01-24T08:07:51Z,3trr1fkbng6fnagct7101bpck,Torneo Proyección,2f3fydvyjz2svhlc1eo3qflwd,Argentina,South America,2026,data\south_america\argentina\torneo_proyeccion\2f3fydvyjz2svhlc1eo3qflwd\2026\fixture.json,,,
ej5pqmhxaxq3x74z8igkj0pw4,2026-05-13,2026-05-13Z,,Unión Res.,Talleres de Córdoba Res.,,,,,1,2026-01-24T08:07:51Z,3trr1fkbng6fnagct7101bpck,Torneo Proyección,2f3fydvyjz2svhlc1eo3qflwd,Argentina,South America,2026,data\south_america\argentina\torneo_proyeccion\2f3fydvyjz2svhlc1eo3qflwd\2026\fixture.json,,,
eipv5pk8qxn6zr2ijr9utxpuc,2026-05-13,2026-05-13Z,,Gimnasia La Plata Res.,Banfield Res.,,,,,1,2026-01-24T08:07:53Z,3trr1fkbng6fnagct7101bpck,Torneo Proyección,2f3fydvyjz2svhlc1eo3qflwd,Argentina,South America,2026,data\south_america\argentina\torneo_proyeccion\2f3fydvyjz2svhlc1eo3qflwd\2026\fixture.json,,,
ei90n42gcylhu9virdsf6vg9g,2026-05-13,2026-05-13Z,,Aldosivi Res.,Rosario Central Res.,,,,,1,2026-01-24T08:07:51Z,3trr1fkbng6fnagct7101bpck,Torneo Proyección,2f3fydvyjz2svhlc1eo3qflwd,Argentina,South America,2026,data\south_america\argentina\torneo_proyeccion\2f3fydvyjz2svhlc1eo3qflwd\2026\fixture.json,,,
ehrbavrvr08w1lw55ze6i8ems,2026-05-13,2026-05-13Z,,Argentinos Juniors Res.,Tigre Res.,,,,,1,2026-01-24T08:07:51Z,3trr1fkbng6fnagct7101bpck,Torneo Proyección,2f3fydvyjz2svhlc1eo3qflwd,Argentina,South America,2026,data\south_america\argentina\torneo_proyeccion\2f3fydvyjz2svhlc1eo3qflwd\2026\fixture.json,,,
ehbvtl2s3tembpf348sdlu6ms,2026-05-13,2026-05-13Z,,Sarmiento Res.,San Lorenzo Res.,,,,,1,2026-01-24T08:07:51Z,3trr1fkbng6fnagct7101bpck,Torneo Proyección,2f3fydvyjz2svhlc1eo3qflwd,Argentina,South America,2026,data\south_america\argentina\torneo_proyeccion\2f3fydvyjz2svhlc1eo3qflwd\2026\fixture.json,,,
egweqqryqdtg8to7d4sx1o8ic,2026-05-13,2026-05-13Z,,Racing Club Res.,Vélez Sársfield Res.,,,,,1,2026-01-24T08:07:51Z,3trr1fkbng6fnagct7101bpck,Torneo Proyección,2f3fydvyjz2svhlc1eo3qflwd,Argentina,South America,2026,data\south_america\argentina\torneo_proyeccion\2f3fydvyjz2svhlc1eo3qflwd\2026\fixture.json,,,
eggv8fcvso7uz2ebd71ae6o7o,2026-05-13,2026-05-13Z,,River Plate Res.,Instituto Res.,,,,,1,2026-01-24T08:07:51Z,3trr1fkbng6fnagct7101bpck,Torneo Proyección,2f3fydvyjz2svhlc1eo3qflwd,Argentina,South America,2026,data\south_america\argentina\torneo_proyeccion\2f3fydvyjz2svhlc1eo3qflwd\2026\fixture.json,,,
eg14kzjrkeae7227p84ffkc9g,2026-05-07,2026-05-07Z,18:00:00Z,Independiente Riva. Res.,Deportivo Riestra Res.,,,,,1,2026-04-01T09:39:41Z,3trr1fkbng6fnagct7101bpck,Torneo Proyección,2f3fydvyjz2svhlc1eo3qflwd,Argentina,South America,2026,data\south_america\argentina\torneo_proyeccion\2f3fydvyjz2svhlc1eo3qflwd\2026\fixture.json,,,
efluaazzle7x33up4p28d75sk,2026-05-07,2026-05-07Z,18:00:00Z,San Martín San Juan Res.,Belgrano Res.,,,,,1,2026-04-01T09:39:41Z,3trr1fkbng6fnagct7101bpck,Torneo Proyección,2f3fydvyjz2svhlc1eo3qflwd,Argentina,South America,2026,data\south_america\argentina\torneo_proyeccion\2f3fydvyjz2svhlc1eo3qflwd\2026\fixture.json,,,
eej4r13azuk9lncmn52980ufo,2026-05-07,2026-05-07Z,18:00:00Z,Estudiantes Res.,Newell's Old Boys Res.,,,,,1,2026-04-01T09:39:41Z,3trr1fkbng6fnagct7101bpck,Torneo Proyección,2f3fydvyjz2svhlc1eo3qflwd,Argentina,South America,2026,data\south_america\argentina\torneo_proyeccion\2f3fydvyjz2svhlc1eo3qflwd\2026\fixture.json,,,
ec7m9h3c1bmlj7umul2rlchsk,2026-05-07,2026-05-07Z,18:00:00Z,Colón Res.,Boca Juniors Res.,,,,,1,2026-04-01T09:39:40Z,3trr1fkbng6fnagct7101bpck,Torneo Proyección,2f3fydvyjz2svhlc1eo3qflwd,Argentina,South America,2026,data\south_america\argentina\torneo_proyeccion\2f3fydvyjz2svhlc1eo3qflwd\2026\fixture.json,,,
eag7dv5cxxj29x3mihfspcjdg,2026-05-07,2026-05-07Z,18:00:00Z,Tigre Res.,Aldosivi Res.,,,,,1,2026-04-01T09:39:39Z,3trr1fkbng6fnagct7101bpck,Torneo Proyección,2f3fydvyjz2svhlc1eo3qflwd,Argentina,South America,2026,data\south_america\argentina\torneo_proyeccion\2f3fydvyjz2svhlc1eo3qflwd\2026\fixture.json,,,
e8pcvff7oajjgo68ou6iz4pp0,2026-05-07,2026-05-07Z,18:00:00Z,Barracas Central Res.,Godoy Cruz Res.,,,,,1,2026-04-01T09:39:38Z,3trr1fkbng6fnagct7101bpck,Torneo Proyección,2f3fydvyjz2svhlc1eo3qflwd,Argentina,South America,2026,data\south_america\argentina\torneo_proyeccion\2f3fydvyjz2svhlc1eo3qflwd\2026\fixture.json,,,
ef2397056g4hl9plmf84hftw4,2026-05-06,2026-05-06Z,22:00:00Z,Central Córdoba SdE Res.,Lanús Res.,,,,,1,2026-04-01T09:40:29Z,3trr1fkbng6fnagct7101bpck,Torneo Proyección,2f3fydvyjz2svhlc1eo3qflwd,Argentina,South America,2026,data\south_america\argentina\torneo_proyeccion\2f3fydvyjz2svhlc1eo3qflwd\2026\fixture.json,,,
e95ixua9z13qrv7xjy9tuzhn8,2026-05-06,2026-05-06Z,22:00:00Z,Talleres de Córdoba Res.,Atlético Tucumán Res.,,,,,1,2026-04-01T09:40:26Z,3trr1fkbng6fnagct7101bpck,Torneo Proyección,2f3fydvyjz2svhlc1eo3qflwd,Argentina,South America,2026,data\south_america\argentina\torneo_proyeccion\2f3fydvyjz2svhlc1eo3qflwd\2026\fixture.json,,,
ebborg9y3qyxa2nzx2ze9iwic,2026-05-06,2026-05-06Z,18:00:00Z,Vélez Sársfield Res.,Sarmiento Res.,,,,,1,2026-04-01T09:39:39Z,3trr1fkbng6fnagct7101bpck,Torneo Proyección,2f3fydvyjz2svhlc1eo3qflwd,Argentina,South America,2026,data\south_america\argentina\torneo_proyeccion\2f3fydvyjz2svhlc1eo3qflwd\2026\fixture.json,,,
eavvzsr11grsct9vz1ufv96vo,2026-05-06,2026-05-06Z,18:00:00Z,San Lorenzo Res.,Argentinos Juniors Res.,,,,,1,2026-04-01T09:39:39Z,3trr1fkbng6fnagct7101bpck,Torneo Proyección,2f3fydvyjz2svhlc1eo3qflwd,Argentina,South America,2026,data\south_america\argentina\torneo_proyeccion\2f3fydvyjz2svhlc1eo3qflwd\2026\fixture.json,,,
ea0fg131pf4zcnp611gvfle6s,2026-05-06,2026-05-06Z,18:00:00Z,Rosario Central Res.,Gimnasia La Plata Res.,,,,,1,2026-04-01T09:39:39Z,3trr1fkbng6fnagct7101bpck,Torneo Proyección,2f3fydvyjz2svhlc1eo3qflwd,Argentina,South America,2026,data\south_america\argentina\torneo_proyeccion\2f3fydvyjz2svhlc1eo3qflwd\2026\fixture.json,,,
e9l416j4aeduvi84zrp3lfx1w,2026-05-06,2026-05-06Z,18:00:00Z,Banfield Res.,Unión Res.,,,,,1,2026-04-01T09:39:39Z,3trr1fkbng6fnagct7101bpck,Torneo Proyección,2f3fydvyjz2svhlc1eo3qflwd,Argentina,South America,2026,data\south_america\argentina\torneo_proyeccion\2f3fydvyjz2svhlc1eo3qflwd\2026\fixture.json,,,
ebrfxku70o8ae8emn8xpu6s5w,2026-05-05,2026-05-05Z,22:00:00Z,River Plate Res.,Racing Club Res.,,,,,1,2026-04-01T09:39:53Z,3trr1fkbng6fnagct7101bpck,Torneo Proyección,2f3fydvyjz2svhlc1eo3qflwd,Argentina,South America,2026,data\south_america\argentina\torneo_proyeccion\2f3fydvyjz2svhlc1eo3qflwd\2026\fixture.json,,,
ee3nlsdkb4r0z6sx8sqnjrcb8,2026-05-05,2026-05-05Z,18:00:00Z,Quilmes Res.,Defensa y Justicia Res.,,,,,1,2026-04-01T09:39:40Z,3trr1fkbng6fnagct7101bpck,Torneo Proyección,2f3fydvyjz2svhlc1eo3qflwd,Argentina,South America,2026,data\south_america\argentina\torneo_proyeccion\2f3fydvyjz2svhlc1eo3qflwd\2026\fixture.json,,,
edo4e33oox5xct43jlfx3zwgk,2026-05-05,2026-05-05Z,18:00:00Z,Platense Res.,Estudiantes RC Res.,,,,,1,2026-04-01T09:39:40Z,3trr1fkbng6fnagct7101bpck,Torneo Proyección,2f3fydvyjz2svhlc1eo3qflwd,Argentina,South America,2026,data\south_america\argentina\torneo_proyeccion\2f3fydvyjz2svhlc1eo3qflwd\2026\fixture.json,,,
ed7o5i2ecl9c1ez0rppn72k9g,2026-05-05,2026-05-05Z,18:00:00Z,Atlético Rafaela Res.,Huracán Res.,,,,,1,2026-04-01T09:39:40Z,3trr1fkbng6fnagct7101bpck,Torneo Proyección,2f3fydvyjz2svhlc1eo3qflwd,Argentina,South America,2026,data\south_america\argentina\torneo_proyeccion\2f3fydvyjz2svhlc1eo3qflwd\2026\fixture.json,,,
ecnjxddb1pb3mq2mmbyf25nv8,2026-05-05,2026-05-05Z,18:00:00Z,Independiente Res.,Ferro Carril Oeste Res.,,,,,1,2026-04-01T09:39:40Z,3trr1fkbng6fnagct7101bpck,Torneo Proyección,2f3fydvyjz2svhlc1eo3qflwd,Argentina,South America,2026,data\south_america\argentina\torneo_proyeccion\2f3fydvyjz2svhlc1eo3qflwd\2026\fixture.json,,,
e82l5wlmgscp9bnq45b78obv8,2026-05-05,2026-05-05Z,18:00:00Z,Instituto Res.,Gimnasia Mendoza Res.,,,,,1,2026-04-01T09:39:38Z,3trr1fkbng6fnagct7101bpck,Torneo Proyección,2f3fydvyjz2svhlc1eo3qflwd,Argentina,South America,2026,data\south_america\argentina\torneo_proyeccion\2f3fydvyjz2svhlc1eo3qflwd\2026\fixture.json,,,
e2ecv14a77a17vgt79cpka32s,2026-04-30,2026-04-30Z,22:00:00Z,Atlético Tucumán Res.,Banfield Res.,,,,,1,2026-04-01T09:41:38Z,3trr1fkbng6fnagct7101bpck,Torneo Proyección,2f3fydvyjz2svhlc1eo3qflwd,Argentina,South America,2026,data\south_america\argentina\torneo_proyeccion\2f3fydvyjz2svhlc1eo3qflwd\2026\fixture.json,,,
e6k409a99ojthilgmb3yz9w5w,2026-04-30,2026-04-30Z,18:00:00Z,Huracán Res.,Platense Res.,,,,,1,2026-04-01T09:34:03Z,3trr1fkbng6fnagct7101bpck,Torneo Proyección,2f3fydvyjz2svhlc1eo3qflwd,Argentina,South America,2026,data\south_america\argentina\torneo_proyeccion\2f3fydvyjz2svhlc1eo3qflwd\2026\fixture.json,,,
e61vkst9t5py2gsp0gg67u8lw,2026-04-30,2026-04-30Z,18:00:00Z,Estudiantes RC Res.,Quilmes Res.,,,,,1,2026-04-01T09:34:03Z,3trr1fkbng6fnagct7101bpck,Torneo Proyección,2f3fydvyjz2svhlc1eo3qflwd,Argentina,South America,2026,data\south_america\argentina\torneo_proyeccion\2f3fydvyjz2svhlc1eo3qflwd\2026\fixture.json,,,
e3snjir4gns27g8ofwfe3wa38,2026-04-30,2026-04-30Z,18:00:00Z,Deportivo Riestra Res.,Colón Res.,,,,,1,2026-04-01T09:34:02Z,3trr1fkbng6fnagct7101bpck,Torneo Proyección,2f3fydvyjz2svhlc1eo3qflwd,Argentina,South America,2026,data\south_america\argentina\torneo_proyeccion\2f3fydvyjz2svhlc1eo3qflwd\2026\fixture.json,,,
e2voal8yd5w2tuhun2dl7lx5g,2026-04-30,2026-04-30Z,18:00:00Z,Godoy Cruz Res.,Talleres de Córdoba Res.,,,,,1,2026-04-01T09:34:02Z,3trr1fkbng6fnagct7101bpck,Torneo Proyección,2f3fydvyjz2svhlc1eo3qflwd,Argentina,South America,2026,data\south_america\argentina\torneo_proyeccion\2f3fydvyjz2svhlc1eo3qflwd\2026\fixture.json,,,
e13evtqq96mtoc472gsv2i4no,2026-04-30,2026-04-30Z,18:00:00Z,Aldosivi Res.,San Lorenzo Res.,,,,,1,2026-04-01T09:34:01Z,3trr1fkbng6fnagct7101bpck,Torneo Proyección,2f3fydvyjz2svhlc1eo3qflwd,Argentina,South America,2026,data\south_america\argentina\torneo_proyeccion\2f3fydvyjz2svhlc1eo3qflwd\2026\fixture.json,,,
dzs7pcxsj0g5kfqhpvn2l1jis,2026-04-30,2026-04-30Z,18:00:00Z,Racing Club Res.,Instituto Res.,,,,,1,2026-04-01T09:34:00Z,3trr1fkbng6fnagct7101bpck,Torneo Proyección,2f3fydvyjz2svhlc1eo3qflwd,Argentina,South America,2026,data\south_america\argentina\torneo_proyeccion\2f3fydvyjz2svhlc1eo3qflwd\2026\fixture.json,,,
e7jna4dd3nsyxx9z6cpalao7o,2026-04-29,2026-04-29Z,22:00:00Z,Boca Juniors Res.,Independiente Res.,,,,,1,2026-04-01T09:41:25Z,3trr1fkbng6fnagct7101bpck,Torneo Proyección,2f3fydvyjz2svhlc1eo3qflwd,Argentina,South America,2026,data\south_america\argentina\torneo_proyeccion\2f3fydvyjz2svhlc1eo3qflwd\2026\fixture.json,,,
e3axy2vtd0bydspmyoz3egnpw,2026-04-29,2026-04-29Z,22:00:00Z,Gimnasia Mendoza Res.,Barracas Central Res.,,,,,1,2026-04-01T09:41:22Z,3trr1fkbng6fnagct7101bpck,Torneo Proyección,2f3fydvyjz2svhlc1eo3qflwd,Argentina,South America,2026,data\south_america\argentina\torneo_proyeccion\2f3fydvyjz2svhlc1eo3qflwd\2026\fixture.json,,,
e4pbuo7l5bfzkeexbvxf0y7f8,2026-04-29,2026-04-29Z,18:00:00Z,Lanús Res.,San Martín San Juan Res.,,,,,1,2026-04-01T09:34:02Z,3trr1fkbng6fnagct7101bpck,Torneo Proyección,2f3fydvyjz2svhlc1eo3qflwd,Argentina,South America,2026,data\south_america\argentina\torneo_proyeccion\2f3fydvyjz2svhlc1eo3qflwd\2026\fixture.json,,,
e48b619d03cwcnw19o7o7q2hg,2026-04-29,2026-04-29Z,18:00:00Z,Belgrano Res.,Independiente Riva. Res.,,,,,1,2026-04-01T09:34:02Z,3trr1fkbng6fnagct7101bpck,Torneo Proyección,2f3fydvyjz2svhlc1eo3qflwd,Argentina,South America,2026,data\south_america\argentina\torneo_proyeccion\2f3fydvyjz2svhlc1eo3qflwd\2026\fixture.json,,,
e1yyfv0ytdokvsetuz35cwff8,2026-04-29,2026-04-29Z,18:00:00Z,Unión Res.,Rosario Central Res.,,,,,1,2026-04-01T09:34:01Z,3trr1fkbng6fnagct7101bpck,Torneo Proyección,2f3fydvyjz2svhlc1eo3qflwd,Argentina,South America,2026,data\south_america\argentina\torneo_proyeccion\2f3fydvyjz2svhlc1eo3qflwd\2026\fixture.json,,,
e0nl69j3xwjjr1yntlmiu2gic,2026-04-29,2026-04-29Z,18:00:00Z,Argentinos Juniors Res.,Vélez Sársfield Res.,,,,,1,2026-04-01T09:34:01Z,3trr1fkbng6fnagct7101bpck,Torneo Proyección,2f3fydvyjz2svhlc1eo3qflwd,Argentina,South America,2026,data\south_america\argentina\torneo_proyeccion\2f3fydvyjz2svhlc1eo3qflwd\2026\fixture.json,,,
e70tje61pmo9irlskhjhw62hg,2026-04-28,2026-04-28Z,18:00:00Z,Ferro Carril Oeste Res.,Atlético Rafaela Res.,,,,,1,2026-04-01T09:34:03Z,3trr1fkbng6fnagct7101bpck,Torneo Proyección,2f3fydvyjz2svhlc1eo3qflwd,Argentina,South America,2026,data\south_america\argentina\torneo_proyeccion\2f3fydvyjz2svhlc1eo3qflwd\2026\fixture.json,,,
e5l425ey7fix6h5dbhd1ckefo,2026-04-28,2026-04-28Z,18:00:00Z,Defensa y Justicia Res.,Estudiantes Res.,,,,,1,2026-04-01T09:34:03Z,3trr1fkbng6fnagct7101bpck,Torneo Proyección,2f3fydvyjz2svhlc1eo3qflwd,Argentina,South America,2026,data\south_america\argentina\torneo_proyeccion\2f3fydvyjz2svhlc1eo3qflwd\2026\fixture.json,,,
e559s5xkvvf2blariq3ao3ms4,2026-04-28,2026-04-28Z,18:00:00Z,Newell's Old Boys Res.,Central Córdoba SdE Res.,,,,,1,2026-04-01T09:34:02Z,3trr1fkbng6fnagct7101bpck,Torneo Proyección,2f3fydvyjz2svhlc1eo3qflwd,Argentina,South America,2026,data\south_america\argentina\torneo_proyeccion\2f3fydvyjz2svhlc1eo3qflwd\2026\fixture.json,,,
e1j95x2d21lfuhovs98qry978,2026-04-28,2026-04-28Z,18:00:00Z,Gimnasia La Plata Res.,Tigre Res.,,,,,1,2026-04-01T09:34:01Z,3trr1fkbng6fnagct7101bpck,Torneo Proyección,2f3fydvyjz2svhlc1eo3qflwd,Argentina,South America,2026,data\south_america\argentina\torneo_proyeccion\2f3fydvyjz2svhlc1eo3qflwd\2026\fixture.json,,,
e07tcjbxpi1odoybnwpz44ljo,2026-04-28,2026-04-28Z,18:00:00Z,Sarmiento Res.,River Plate Res.,,,,,1,2026-04-01T09:34:00Z,3trr1fkbng6fnagct7101bpck,Torneo Proyección,2f3fydvyjz2svhlc1eo3qflwd,Argentina,South America,2026,data\south_america\argentina\torneo_proyeccion\2f3fydvyjz2svhlc1eo3qflwd\2026\fixture.json,,,
dwsyzs7t3w279s6k1a3795jbo,2026-04-23,2026-04-23Z,21:00:00Z,Talleres de Córdoba Res.,Belgrano Res.,,,,,1,2026-04-01T09:25:59Z,3trr1fkbng6fnagct7101bpck,Torneo Proyección,2f3fydvyjz2svhlc1eo3qflwd,Argentina,South America,2026,data\south_america\argentina\torneo_proyeccion\2f3fydvyjz2svhlc1eo3qflwd\2026\fixture.json,,,
dtb0hloc18f93nkqfmqkejpjo,2026-04-23,2026-04-23Z,21:00:00Z,Gimnasia Mendoza Res.,Independiente Riva. Res.,,,,,1,2026-04-01T09:25:57Z,3trr1fkbng6fnagct7101bpck,Torneo Proyección,2f3fydvyjz2svhlc1eo3qflwd,Argentina,South America,2026,data\south_america\argentina\torneo_proyeccion\2f3fydvyjz2svhlc1eo3qflwd\2026\fixture.json,,,
dw363yemzz91coa91vuwh9rtg,2026-04-23,2026-04-23Z,18:00:00Z,Huracán Res.,San Lorenzo Res.,,,,,1,2026-04-01T09:25:58Z,3trr1fkbng6fnagct7101bpck,Torneo Proyección,2f3fydvyjz2svhlc1eo3qflwd,Argentina,South America,2026,data\south_america\argentina\torneo_proyeccion\2f3fydvyjz2svhlc1eo3qflwd\2026\fixture.json,,,
dvmmp2buq1g7lyws9hyc409w4,2026-04-23,2026-04-23Z,18:00:00Z,Platense Res.,Argentinos Juniors Res.,,,,,1,2026-04-01T09:25:58Z,3trr1fkbng6fnagct7101bpck,Torneo Proyección,2f3fydvyjz2svhlc1eo3qflwd,Argentina,South America,2026,data\south_america\argentina\torneo_proyeccion\2f3fydvyjz2svhlc1eo3qflwd\2026\fixture.json,,,
du6d51lx80w4bu86svggabx1w,2026-04-23,2026-04-23Z,18:00:00Z,Estudiantes RC Res.,Instituto Res.,,,,,1,2026-04-01T09:25:58Z,3trr1fkbng6fnagct7101bpck,Torneo Proyección,2f3fydvyjz2svhlc1eo3qflwd,Argentina,South America,2026,data\south_america\argentina\torneo_proyeccion\2f3fydvyjz2svhlc1eo3qflwd\2026\fixture.json,,,
dsf7zskgxr9uo96rxdyf9togk,2026-04-23,2026-04-23Z,18:00:00Z,Barracas Central Res.,Deportivo Riestra Res.,,,,,1,2026-04-01T09:25:57Z,3trr1fkbng6fnagct7101bpck,Torneo Proyección,2f3fydvyjz2svhlc1eo3qflwd,Argentina,South America,2026,data\south_america\argentina\torneo_proyeccion\2f3fydvyjz2svhlc1eo3qflwd\2026\fixture.json,,,
dr1dynhg588gxlyrfkxxpywic,2026-04-22,2026-04-22Z,23:00:00Z,Boca Juniors Res.,River Plate Res.,,,,,1,2026-04-01T09:25:56Z,3trr1fkbng6fnagct7101bpck,Torneo Proyección,2f3fydvyjz2svhlc1eo3qflwd,Argentina,South America,2026,data\south_america\argentina\torneo_proyeccion\2f3fydvyjz2svhlc1eo3qflwd\2026\fixture.json,,,
dzcl51t73fycj6j1pf1gsxus4,2026-04-22,2026-04-22Z,18:00:00Z,Quilmes Res.,Aldosivi Res.,,,,,1,2026-04-01T09:26:00Z,3trr1fkbng6fnagct7101bpck,Torneo Proyección,2f3fydvyjz2svhlc1eo3qflwd,Argentina,South America,2026,data\south_america\argentina\torneo_proyeccion\2f3fydvyjz2svhlc1eo3qflwd\2026\fixture.json,,,
dywqutkw6h4fgmj19f3qo8jro,2026-04-22,2026-04-22Z,18:00:00Z,Atlético Rafaela Res.,Sarmiento Res.,,,,,1,2026-04-01T09:25:59Z,3trr1fkbng6fnagct7101bpck,Torneo Proyección,2f3fydvyjz2svhlc1eo3qflwd,Argentina,South America,2026,data\south_america\argentina\torneo_proyeccion\2f3fydvyjz2svhlc1eo3qflwd\2026\fixture.json,,,
dyh7oxt69cnxogp1blrpz85qs,2026-04-22,2026-04-22Z,18:00:00Z,Godoy Cruz Res.,San Martín San Juan Res.,,,,,1,2026-04-01T09:25:59Z,3trr1fkbng6fnagct7101bpck,Torneo Proyección,2f3fydvyjz2svhlc1eo3qflwd,Argentina,South America,2026,data\south_america\argentina\torneo_proyeccion\2f3fydvyjz2svhlc1eo3qflwd\2026\fixture.json,,,
dy1ak0qpqpv29sckjz48t4sgk,2026-04-22,2026-04-22Z,18:00:00Z,Ferro Carril Oeste Res.,Vélez Sársfield Res.,,,,,1,2026-04-01T09:25:59Z,3trr1fkbng6fnagct7101bpck,Torneo Proyección,2f3fydvyjz2svhlc1eo3qflwd,Argentina,South America,2026,data\south_america\argentina\torneo_proyeccion\2f3fydvyjz2svhlc1eo3qflwd\2026\fixture.json,,,
dxjgr4fjcorv0bb53lvp1ck5w,2026-04-22,2026-04-22Z,18:00:00Z,Unión Res.,Colón Res.,,,,,1,2026-04-01T09:25:59Z,3trr1fkbng6fnagct7101bpck,Torneo Proyección,2f3fydvyjz2svhlc1eo3qflwd,Argentina,South America,2026,data\south_america\argentina\torneo_proyeccion\2f3fydvyjz2svhlc1eo3qflwd\2026\fixture.json,,,
dumd7xxnnscc84r9umwzi3k0k,2026-04-22,2026-04-22Z,18:00:00Z,Banfield Res.,Lanús Res.,,,,,1,2026-04-01T09:25:58Z,3trr1fkbng6fnagct7101bpck,Torneo Proyección,2f3fydvyjz2svhlc1eo3qflwd,Argentina,South America,2026,data\south_america\argentina\torneo_proyeccion\2f3fydvyjz2svhlc1eo3qflwd\2026\fixture.json,,,
dtqhvraqvl6jvsnnm0v64vklw,2026-04-21,2026-04-21Z,23:00:00Z,Independiente Res.,Racing Club Res.,,,,,1,2026-04-01T09:25:57Z,3trr1fkbng6fnagct7101bpck,Torneo Proyección,2f3fydvyjz2svhlc1eo3qflwd,Argentina,South America,2026,data\south_america\argentina\torneo_proyeccion\2f3fydvyjz2svhlc1eo3qflwd\2026\fixture.json,,,
drh8dt0wqy6eygwukkx3y0kk4,2026-04-21,2026-04-21Z,21:00:00Z,Atlético Tucumán Res.,Central Córdoba SdE Res.,,,,,1,2026-04-01T09:25:56Z,3trr1fkbng6fnagct7101bpck,Torneo Proyección,2f3fydvyjz2svhlc1eo3qflwd,Argentina,South America,2026,data\south_america\argentina\torneo_proyeccion\2f3fydvyjz2svhlc1eo3qflwd\2026\fixture.json,,,
dv1uyjf41oug0htj8zjjgyk2c,2026-04-21,2026-04-21Z,18:00:00Z,Rosario Central Res.,Newell's Old Boys Res.,,,,,1,2026-04-01T09:25:58Z,3trr1fkbng6fnagct7101bpck,Torneo Proyección,2f3fydvyjz2svhlc1eo3qflwd,Argentina,South America,2026,data\south_america\argentina\torneo_proyeccion\2f3fydvyjz2svhlc1eo3qflwd\2026\fixture.json,,,
dsuyup0ca6epujp3nsqpv53x0,2026-04-21,2026-04-21Z,18:00:00Z,Estudiantes Res.,Gimnasia La Plata Res.,,,,,1,2026-04-01T09:25:57Z,3trr1fkbng6fnagct7101bpck,Torneo Proyección,2f3fydvyjz2svhlc1eo3qflwd,Argentina,South America,2026,data\south_america\argentina\torneo_proyeccion\2f3fydvyjz2svhlc1eo3qflwd\2026\fixture.json,,,
drwvv7e6qvcjlcbriml10r504,2026-04-21,2026-04-21Z,18:00:00Z,Tigre Res.,Defensa y Justicia Res.,,,,,1,2026-04-01T09:25:57Z,3trr1fkbng6fnagct7101bpck,Torneo Proyección,2f3fydvyjz2svhlc1eo3qflwd,Argentina,South America,2026,data\south_america\argentina\torneo_proyeccion\2f3fydvyjz2svhlc1eo3qflwd\2026\fixture.json,,,
dlj4mmy27l3y1yr5qnuovk1zo,2026-04-16,2026-04-16Z,18:00:00Z,River Plate Res.,Argentinos Juniors Res.,,,,,1,2026-04-01T09:21:41Z,3trr1fkbng6fnagct7101bpck,Torneo Proyección,2f3fydvyjz2svhlc1eo3qflwd,Argentina,South America,2026,data\south_america\argentina\torneo_proyeccion\2f3fydvyjz2svhlc1eo3qflwd\2026\fixture.json,,,
dibnda2d37rpe96v1zh8nllas,2026-04-16,2026-04-16Z,18:00:00Z,Instituto Res.,Barracas Central Res.,,,,,1,2026-04-01T09:21:40Z,3trr1fkbng6fnagct7101bpck,Torneo Proyección,2f3fydvyjz2svhlc1eo3qflwd,Argentina,South America,2026,data\south_america\argentina\torneo_proyeccion\2f3fydvyjz2svhlc1eo3qflwd\2026\fixture.json,,,
dorvyanl7ornduzqyx4gw9ous,2026-04-16,2026-04-16Z,16:30:00Z,Estudiantes Res.,Estudiantes RC Res.,,,,,1,2026-04-01T09:21:43Z,3trr1fkbng6fnagct7101bpck,Torneo Proyección,2f3fydvyjz2svhlc1eo3qflwd,Argentina,South America,2026,data\south_america\argentina\torneo_proyeccion\2f3fydvyjz2svhlc1eo3qflwd\2026\fixture.json,,,
dp8ao8fbdssycg1jat9vq3v2s,2026-04-15,2026-04-15Z,22:00:00Z,Central Córdoba SdE Res.,Defensa y Justicia Res.,,,,,1,2026-04-01T09:46:26Z,3trr1fkbng6fnagct7101bpck,Torneo Proyección,2f3fydvyjz2svhlc1eo3qflwd,Argentina,South America,2026,data\south_america\argentina\torneo_proyeccion\2f3fydvyjz2svhlc1eo3qflwd\2026\fixture.json,,,
diu0l46734wsnbkst1hcdzyfo,2026-04-15,2026-04-15Z,22:00:00Z,Talleres de Córdoba Res.,Gimnasia Mendoza Res.,,,,,1,2026-04-01T09:46:23Z,3trr1fkbng6fnagct7101bpck,Torneo Proyección,2f3fydvyjz2svhlc1eo3qflwd,Argentina,South America,2026,data\south_america\argentina\torneo_proyeccion\2f3fydvyjz2svhlc1eo3qflwd\2026\fixture.json,,,
dqlknhc0nqa78jj9qfnrm0mxg,2026-04-15,2026-04-15Z,18:00:00Z,Deportivo Riestra Res.,Belgrano Res.,,,,,1,2026-04-01T09:21:43Z,3trr1fkbng6fnagct7101bpck,Torneo Proyección,2f3fydvyjz2svhlc1eo3qflwd,Argentina,South America,2026,data\south_america\argentina\torneo_proyeccion\2f3fydvyjz2svhlc1eo3qflwd\2026\fixture.json,,,
dobxylk5jkgw5r4wherpctj4k,2026-04-15,2026-04-15Z,18:00:00Z,Quilmes Res.,Huracán Res.,,,,,1,2026-04-01T09:21:42Z,3trr1fkbng6fnagct7101bpck,Torneo Proyección,2f3fydvyjz2svhlc1eo3qflwd,Argentina,South America,2026,data\south_america\argentina\torneo_proyeccion\2f3fydvyjz2svhlc1eo3qflwd\2026\fixture.json,,,
dnt2ow54hhp7eq4acsdxxjrbo,2026-04-15,2026-04-15Z,18:00:00Z,Platense Res.,Ferro Carril Oeste Res.,,,,,1,2026-04-01T09:21:42Z,3trr1fkbng6fnagct7101bpck,Torneo Proyección,2f3fydvyjz2svhlc1eo3qflwd,Argentina,South America,2026,data\south_america\argentina\torneo_proyeccion\2f3fydvyjz2svhlc1eo3qflwd\2026\fixture.json,,,
dn7hyfugkywgz7foflzohtvkk,2026-04-15,2026-04-15Z,18:00:00Z,Atlético Rafaela Res.,Boca Juniors Res.,,,,,1,2026-04-01T09:21:42Z,3trr1fkbng6fnagct7101bpck,Torneo Proyección,2f3fydvyjz2svhlc1eo3qflwd,Argentina,South America,2026,data\south_america\argentina\torneo_proyeccion\2f3fydvyjz2svhlc1eo3qflwd\2026\fixture.json,,,
dl3g28e601g3glyq3k81rq784,2026-04-15,2026-04-15Z,18:00:00Z,Vélez Sársfield Res.,Aldosivi Res.,,,,,1,2026-04-01T09:21:41Z,3trr1fkbng6fnagct7101bpck,Torneo Proyección,2f3fydvyjz2svhlc1eo3qflwd,Argentina,South America,2026,data\south_america\argentina\torneo_proyeccion\2f3fydvyjz2svhlc1eo3qflwd\2026\fixture.json,,,
djcrbvfbl2rzqhjio5zh749w4,2026-04-15,2026-04-15Z,18:00:00Z,Banfield Res.,Godoy Cruz Res.,,,,,1,2026-04-01T09:21:40Z,3trr1fkbng6fnagct7101bpck,Torneo Proyección,2f3fydvyjz2svhlc1eo3qflwd,Argentina,South America,2026,data\south_america\argentina\torneo_proyeccion\2f3fydvyjz2svhlc1eo3qflwd\2026\fixture.json,,,
dq5wuuud3azknsw1smttjxmac,2026-04-14,2026-04-14Z,18:00:00Z,Independiente Riva. Res.,Lanús Res.,,,,,1,2026-04-01T09:21:43Z,3trr1fkbng6fnagct7101bpck,Torneo Proyección,2f3fydvyjz2svhlc1eo3qflwd,Argentina,South America,2026,data\south_america\argentina\torneo_proyeccion\2f3fydvyjz2svhlc1eo3qflwd\2026\fixture.json,,,
dpp5l6hiwtrp3r6fi273j9s7o,2026-04-14,2026-04-14Z,18:00:00Z,San Martín San Juan Res.,Newell's Old Boys Res.,,,,,1,2026-04-01T09:21:43Z,3trr1fkbng6fnagct7101bpck,Torneo Proyección,2f3fydvyjz2svhlc1eo3qflwd,Argentina,South America,2026,data\south_america\argentina\torneo_proyeccion\2f3fydvyjz2svhlc1eo3qflwd\2026\fixture.json,,,
dmku8vz9fuqhqw3j4art2t5as,2026-04-14,2026-04-14Z,18:00:00Z,Colón Res.,Independiente Res.,,,,,1,2026-04-01T09:21:42Z,3trr1fkbng6fnagct7101bpck,Torneo Proyección,2f3fydvyjz2svhlc1eo3qflwd,Argentina,South America,2026,data\south_america\argentina\torneo_proyeccion\2f3fydvyjz2svhlc1eo3qflwd\2026\fixture.json,,,
dlyr70f5fq8js3wjjb61q9clw,2026-04-14,2026-04-14Z,18:00:00Z,Racing Club Res.,Sarmiento Res.,,,,,1,2026-04-01T09:21:42Z,3trr1fkbng6fnagct7101bpck,Torneo Proyección,2f3fydvyjz2svhlc1eo3qflwd,Argentina,South America,2026,data\south_america\argentina\torneo_proyeccion\2f3fydvyjz2svhlc1eo3qflwd\2026\fixture.json,,,
dk7s8oeyuywkrg5gx9it7zpck,2026-04-14,2026-04-14Z,18:00:00Z,Tigre Res.,Unión Res.,,,,,1,2026-04-01T09:21:41Z,3trr1fkbng6fnagct7101bpck,Torneo Proyección,2f3fydvyjz2svhlc1eo3qflwd,Argentina,South America,2026,data\south_america\argentina\torneo_proyeccion\2f3fydvyjz2svhlc1eo3qflwd\2026\fixture.json,,,
djs99xr7m337frbgasjt2qc5w,2026-04-14,2026-04-14Z,18:00:00Z,Rosario Central Res.,Atlético Tucumán Res.,,,,,1,2026-04-01T09:21:41Z,3trr1fkbng6fnagct7101bpck,Torneo Proyección,2f3fydvyjz2svhlc1eo3qflwd,Argentina,South America,2026,data\south_america\argentina\torneo_proyeccion\2f3fydvyjz2svhlc1eo3qflwd\2026\fixture.json,,,
dkn6am1y4fy8retybokprj02c,2026-04-14,2026-04-14Z,16:30:00Z,San Lorenzo Res.,Gimnasia La Plata Res.,,,,,1,2026-04-01T09:21:41Z,3trr1fkbng6fnagct7101bpck,Torneo Proyección,2f3fydvyjz2svhlc1eo3qflwd,Argentina,South America,2026,data\south_america\argentina\torneo_proyeccion\2f3fydvyjz2svhlc1eo3qflwd\2026\fixture.json,,,
dc9qfw996ggf4v59wu970msk4,2026-04-09,2026-04-09Z,21:00:00Z,Atlético Tucumán Res.,Tigre Res.,,,,,1,2026-04-10T01:42:34Z,3trr1fkbng6fnagct7101bpck,Torneo Proyección,2f3fydvyjz2svhlc1eo3qflwd,Argentina,South America,2026,data\south_america\argentina\torneo_proyeccion\2f3fydvyjz2svhlc1eo3qflwd\2026\fixture.json,,,
dghxqpwjsomt3wibksr98lh5g,2026-04-09,2026-04-09Z,18:00:00Z,Huracán Res.,Estudiantes Res.,,,,,1,2026-04-09T21:12:51Z,3trr1fkbng6fnagct7101bpck,Torneo Proyección,2f3fydvyjz2svhlc1eo3qflwd,Argentina,South America,2026,data\south_america\argentina\torneo_proyeccion\2f3fydvyjz2svhlc1eo3qflwd\2026\fixture.json,,,
dfupkvl5s85za76ehqy9r3dhw,2026-04-09,2026-04-09Z,18:00:00Z,Estudiantes RC Res.,Central Córdoba SdE Res.,,,,,1,2026-04-09T21:12:51Z,3trr1fkbng6fnagct7101bpck,Torneo Proyección,2f3fydvyjz2svhlc1eo3qflwd,Argentina,South America,2026,data\south_america\argentina\torneo_proyeccion\2f3fydvyjz2svhlc1eo3qflwd\2026\fixture.json,,,
ddmspkv4kns3189dn17fb7t3o,2026-04-09,2026-04-09Z,18:00:00Z,Barracas Central Res.,Talleres de Córdoba Res.,,,,,1,2026-04-09T21:12:51Z,3trr1fkbng6fnagct7101bpck,Torneo Proyección,2f3fydvyjz2svhlc1eo3qflwd,Argentina,South America,2026,data\south_america\argentina\torneo_proyeccion\2f3fydvyjz2svhlc1eo3qflwd\2026\fixture.json,,,
dawx07ccaai6czg2hkb7dk9hw,2026-04-09,2026-04-09Z,18:00:00Z,Aldosivi Res.,River Plate Res.,,,,,1,2026-04-09T21:12:51Z,3trr1fkbng6fnagct7101bpck,Torneo Proyección,2f3fydvyjz2svhlc1eo3qflwd,Argentina,South America,2026,data\south_america\argentina\torneo_proyeccion\2f3fydvyjz2svhlc1eo3qflwd\2026\fixture.json,,,
da0jsdna05hraqim8487utdzo,2026-04-09,2026-04-09Z,18:00:00Z,Sarmiento Res.,Instituto Res.,,,,,1,2026-04-09T21:12:51Z,3trr1fkbng6fnagct7101bpck,Torneo Proyección,2f3fydvyjz2svhlc1eo3qflwd,Argentina,South America,2026,data\south_america\argentina\torneo_proyeccion\2f3fydvyjz2svhlc1eo3qflwd\2026\fixture.json,,,
dag81ok3pdoztdf6a01zug1lg,2026-04-09,2026-04-09Z,16:30:00Z,Argentinos Juniors Res.,Racing Club Res.,,,,,1,2026-04-09T18:40:22Z,3trr1fkbng6fnagct7101bpck,Torneo Proyección,2f3fydvyjz2svhlc1eo3qflwd,Argentina,South America,2026,data\south_america\argentina\torneo_proyeccion\2f3fydvyjz2svhlc1eo3qflwd\2026\fixture.json,,,
dhe215uyazcd3j02tmmwcm9lg,2026-04-08,2026-04-08Z,22:00:00Z,Boca Juniors Res.,Platense Res.,,,,,1,2026-04-09T00:58:54Z,3trr1fkbng6fnagct7101bpck,Torneo Proyección,2f3fydvyjz2svhlc1eo3qflwd,Argentina,South America,2026,data\south_america\argentina\torneo_proyeccion\2f3fydvyjz2svhlc1eo3qflwd\2026\fixture.json,,,
dfets3xk6cbj63t6isltka9ec,2026-04-08,2026-04-08Z,18:00:00Z,Defensa y Justicia Res.,San Martín San Juan Res.,,,,,1,2026-04-08T22:55:39Z,3trr1fkbng6fnagct7101bpck,Torneo Proyección,2f3fydvyjz2svhlc1eo3qflwd,Argentina,South America,2026,data\south_america\argentina\torneo_proyeccion\2f3fydvyjz2svhlc1eo3qflwd\2026\fixture.json,,,
dexkyobkj4b79igv6ubtdi0wk,2026-04-08,2026-04-08Z,18:00:00Z,Newell's Old Boys Res.,Independiente Riva. Res.,,,,,1,2026-04-08T22:55:39Z,3trr1fkbng6fnagct7101bpck,Torneo Proyección,2f3fydvyjz2svhlc1eo3qflwd,Argentina,South America,2026,data\south_america\argentina\torneo_proyeccion\2f3fydvyjz2svhlc1eo3qflwd\2026\fixture.json,,,
dd7bvj7ctn2sri8qf9q580xlg,2026-04-08,2026-04-08Z,18:00:00Z,Gimnasia Mendoza Res.,Banfield Res.,,,,,1,2026-04-08T22:55:39Z,3trr1fkbng6fnagct7101bpck,Torneo Proyección,2f3fydvyjz2svhlc1eo3qflwd,Argentina,South America,2026,data\south_america\argentina\torneo_proyeccion\2f3fydvyjz2svhlc1eo3qflwd\2026\fixture.json,,,
dbcfrou6uo7yeb0kptopo1a8k,2026-04-08,2026-04-08Z,18:00:00Z,Gimnasia La Plata Res.,Vélez Sársfield Res.,,,,,1,2026-04-08T22:55:38Z,3trr1fkbng6fnagct7101bpck,Torneo Proyección,2f3fydvyjz2svhlc1eo3qflwd,Argentina,South America,2026,data\south_america\argentina\torneo_proyeccion\2f3fydvyjz2svhlc1eo3qflwd\2026\fixture.json,,,
dhvj6cu8bltsmnybvlvy32p04,2026-04-07,2026-04-07Z,18:00:00Z,Independiente Res.,Atlético Rafaela Res.,,,,,1,2026-04-08T00:27:41Z,3trr1fkbng6fnagct7101bpck,Torneo Proyección,2f3fydvyjz2svhlc1eo3qflwd,Argentina,South America,2026,data\south_america\argentina\torneo_proyeccion\2f3fydvyjz2svhlc1eo3qflwd\2026\fixture.json,,,
dgyfyrylm2e0nni8ymor5iq6s,2026-04-07,2026-04-07Z,18:00:00Z,Ferro Carril Oeste Res.,Quilmes Res.,,,,,1,2026-04-08T00:27:41Z,3trr1fkbng6fnagct7101bpck,Torneo Proyección,2f3fydvyjz2svhlc1eo3qflwd,Argentina,South America,2026,data\south_america\argentina\torneo_proyeccion\2f3fydvyjz2svhlc1eo3qflwd\2026\fixture.json,,,
dei0c8lsd2umrk920udc6nvo4,2026-04-07,2026-04-07Z,18:00:00Z,Lanús Res.,Deportivo Riestra Res.,,,,,1,2026-04-08T00:27:41Z,3trr1fkbng6fnagct7101bpck,Torneo Proyección,2f3fydvyjz2svhlc1eo3qflwd,Argentina,South America,2026,data\south_america\argentina\torneo_proyeccion\2f3fydvyjz2svhlc1eo3qflwd\2026\fixture.json,,,
de2ebs1uujvnh6c4u9k1raqz8,2026-04-07,2026-04-07Z,18:00:00Z,Belgrano Res.,Colón Res.,,,,,1,2026-04-08T00:27:40Z,3trr1fkbng6fnagct7101bpck,Torneo Proyección,2f3fydvyjz2svhlc1eo3qflwd,Argentina,South America,2026,data\south_america\argentina\torneo_proyeccion\2f3fydvyjz2svhlc1eo3qflwd\2026\fixture.json,,,
dcrm6w34ujhslfpedeltzr7kk,2026-04-07,2026-04-07Z,18:00:00Z,Godoy Cruz Res.,Rosario Central Res.,,,,,1,2026-04-08T00:27:40Z,3trr1fkbng6fnagct7101bpck,Torneo Proyección,2f3fydvyjz2svhlc1eo3qflwd,Argentina,South America,2026,data\south_america\argentina\torneo_proyeccion\2f3fydvyjz2svhlc1eo3qflwd\2026\fixture.json,,,
dbs0pph86vzjvovmlopolhqms,2026-04-07,2026-04-07Z,18:00:00Z,Unión Res.,San Lorenzo Res.,,,,,1,2026-04-08T00:27:40Z,3trr1fkbng6fnagct7101bpck,Torneo Proyección,2f3fydvyjz2svhlc1eo3qflwd,Argentina,South America,2026,data\south_america\argentina\torneo_proyeccion\2f3fydvyjz2svhlc1eo3qflwd\2026\fixture.json,,,
d543x8fovgwyzjmt0pbsoqexg,2026-04-03,2026-04-03Z,18:00:00Z,Sarmiento Res.,Argentinos Juniors Res.,,,,,1,2026-04-03T22:02:55Z,3trr1fkbng6fnagct7101bpck,Torneo Proyección,2f3fydvyjz2svhlc1eo3qflwd,Argentina,South America,2026,data\south_america\argentina\torneo_proyeccion\2f3fydvyjz2svhlc1eo3qflwd\2026\fixture.json,,,
d0r1ridu8de9jyf0yd3l29b10,2026-04-03,2026-04-03Z,17:30:00Z,Instituto Res.,Talleres de Córdoba Res.,,,,,1,2026-04-03T22:00:51Z,3trr1fkbng6fnagct7101bpck,Torneo Proyección,2f3fydvyjz2svhlc1eo3qflwd,Argentina,South America,2026,data\south_america\argentina\torneo_proyeccion\2f3fydvyjz2svhlc1eo3qflwd\2026\fixture.json,,,
d7gjsgnb6dhra5fvo62wibp5g,2026-04-02,2026-04-02Z,23:00:00Z,Central Córdoba SdE Res.,Huracán Res.,,,,,1,2026-04-03T02:40:32Z,3trr1fkbng6fnagct7101bpck,Torneo Proyección,2f3fydvyjz2svhlc1eo3qflwd,Argentina,South America,2026,data\south_america\argentina\torneo_proyeccion\2f3fydvyjz2svhlc1eo3qflwd\2026\fixture.json,,,
d419i2d5ejcrus6c9pf8y8jdg,2026-04-02,2026-04-02Z,21:00:00Z,River Plate Res.,Gimnasia La Plata Res.,,,,,1,2026-04-03T01:49:47Z,3trr1fkbng6fnagct7101bpck,Torneo Proyección,2f3fydvyjz2svhlc1eo3qflwd,Argentina,South America,2026,data\south_america\argentina\torneo_proyeccion\2f3fydvyjz2svhlc1eo3qflwd\2026\fixture.json,,,
d1um3a4hxckqcdza4livmj8yc,2026-04-02,2026-04-02Z,18:00:00Z,Rosario Central Res.,Gimnasia Mendoza Res.,,,,,1,2026-04-02T21:10:52Z,3trr1fkbng6fnagct7101bpck,Torneo Proyección,2f3fydvyjz2svhlc1eo3qflwd,Argentina,South America,2026,data\south_america\argentina\torneo_proyeccion\2f3fydvyjz2svhlc1eo3qflwd\2026\fixture.json,,,
d6hpwk6n3hcna9s7ruhlch5hw,2026-04-01,2026-04-01Z,22:00:00Z,Quilmes Res.,Boca Juniors Res.,,,,,1,2026-04-02T03:32:23Z,3trr1fkbng6fnagct7101bpck,Torneo Proyección,2f3fydvyjz2svhlc1eo3qflwd,Argentina,South America,2026,data\south_america\argentina\torneo_proyeccion\2f3fydvyjz2svhlc1eo3qflwd\2026\fixture.json,,,
d7wf8fuo600kv2y9uw39zds0k,2026-04-01,2026-04-01Z,18:00:00Z,San Martín San Juan Res.,Estudiantes RC Res.,,,,,1,2026-04-01T21:55:16Z,3trr1fkbng6fnagct7101bpck,Torneo Proyección,2f3fydvyjz2svhlc1eo3qflwd,Argentina,South America,2026,data\south_america\argentina\torneo_proyeccion\2f3fydvyjz2svhlc1eo3qflwd\2026\fixture.json,,,
d6yekfr9q34sldisvhy79lfdg,2026-04-01,2026-04-01Z,18:00:00Z,Estudiantes Res.,Ferro Carril Oeste Res.,,,,,1,2026-04-01T21:49:22Z,3trr1fkbng6fnagct7101bpck,Torneo Proyección,2f3fydvyjz2svhlc1eo3qflwd,Argentina,South America,2026,data\south_america\argentina\torneo_proyeccion\2f3fydvyjz2svhlc1eo3qflwd\2026\fixture.json,,,
d3ld7p03hwj5349qwdxr9dclw,2026-04-01,2026-04-01Z,18:00:00Z,Vélez Sársfield Res.,Unión Res.,,,,,1,2026-04-01T21:48:19Z,3trr1fkbng6fnagct7101bpck,Torneo Proyección,2f3fydvyjz2svhlc1eo3qflwd,Argentina,South America,2026,data\south_america\argentina\torneo_proyeccion\2f3fydvyjz2svhlc1eo3qflwd\2026\fixture.json,,,
d3264ksa137fzudisrxt9nhn8,2026-04-01,2026-04-01Z,18:00:00Z,San Lorenzo Res.,Atlético Tucumán Res.,,,,,1,2026-04-01T21:35:14Z,3trr1fkbng6fnagct7101bpck,Torneo Proyección,2f3fydvyjz2svhlc1eo3qflwd,Argentina,South America,2026,data\south_america\argentina\torneo_proyeccion\2f3fydvyjz2svhlc1eo3qflwd\2026\fixture.json,,,
d2kj4wf3bjktbdktjh9kzfn6c,2026-04-01,2026-04-01Z,18:00:00Z,Tigre Res.,Godoy Cruz Res.,,,,,1,2026-04-01T21:33:50Z,3trr1fkbng6fnagct7101bpck,Torneo Proyección,2f3fydvyjz2svhlc1eo3qflwd,Argentina,South America,2026,data\south_america\argentina\torneo_proyeccion\2f3fydvyjz2svhlc1eo3qflwd\2026\fixture.json,,,
d17rv0m8xy3wv69dzx1fwowes,2026-04-01,2026-04-01Z,18:00:00Z,Banfield Res.,Barracas Central Res.,,,,,1,2026-04-01T21:32:24Z,3trr1fkbng6fnagct7101bpck,Torneo Proyección,2f3fydvyjz2svhlc1eo3qflwd,Argentina,South America,2026,data\south_america\argentina\torneo_proyeccion\2f3fydvyjz2svhlc1eo3qflwd\2026\fixture.json,,,
d9ky7l10k2b6h6h9ftaflnztg,2026-03-31,2026-03-31Z,18:00:00Z,Belgrano Res.,Lanús Res.,,,,,1,2026-03-31T23:03:28Z,3trr1fkbng6fnagct7101bpck,Torneo Proyección,2f3fydvyjz2svhlc1eo3qflwd,Argentina,South America,2026,data\south_america\argentina\torneo_proyeccion\2f3fydvyjz2svhlc1eo3qflwd\2026\fixture.json,,,
d95dl6t02r2klm1lenscd7llg,2026-03-31,2026-03-31Z,18:00:00Z,Deportivo Riestra Res.,Newell's Old Boys Res.,,,,,1,2026-03-31T23:00:29Z,3trr1fkbng6fnagct7101bpck,Torneo Proyección,2f3fydvyjz2svhlc1eo3qflwd,Argentina,South America,2026,data\south_america\argentina\torneo_proyeccion\2f3fydvyjz2svhlc1eo3qflwd\2026\fixture.json,,,
d8ls9kbqcfrt3abhgojvl7r4k,2026-03-31,2026-03-31Z,18:00:00Z,Independiente Riva. Res.,Defensa y Justicia Res.,,,,,1,2026-03-31T22:57:46Z,3trr1fkbng6fnagct7101bpck,Torneo Proyección,2f3fydvyjz2svhlc1eo3qflwd,Argentina,South America,2026,data\south_america\argentina\torneo_proyeccion\2f3fydvyjz2svhlc1eo3qflwd\2026\fixture.json,,,
d60utf5h6086uo366vlxoai38,2026-03-31,2026-03-31Z,18:00:00Z,Platense Res.,Independiente Res.,,,,,1,2026-03-31T22:59:13Z,3trr1fkbng6fnagct7101bpck,Torneo Proyección,2f3fydvyjz2svhlc1eo3qflwd,Argentina,South America,2026,data\south_america\argentina\torneo_proyeccion\2f3fydvyjz2svhlc1eo3qflwd\2026\fixture.json,,,
d5lby8ihxu83yneithnl3rqj8,2026-03-31,2026-03-31Z,18:00:00Z,Colón Res.,Atlético Rafaela Res.,,,,,1,2026-03-31T22:52:14Z,3trr1fkbng6fnagct7101bpck,Torneo Proyección,2f3fydvyjz2svhlc1eo3qflwd,Argentina,South America,2026,data\south_america\argentina\torneo_proyeccion\2f3fydvyjz2svhlc1eo3qflwd\2026\fixture.json,,,
d4hl32lfu1eafbbw6uhi4e9zo,2026-03-30,2026-03-30Z,18:00:00Z,Racing Club Res.,Aldosivi Res.,,,,,1,2026-03-30T21:37:51Z,3trr1fkbng6fnagct7101bpck,Torneo Proyección,2f3fydvyjz2svhlc1eo3qflwd,Argentina,South America,2026,data\south_america\argentina\torneo_proyeccion\2f3fydvyjz2svhlc1eo3qflwd\2026\fixture.json,,,
cu8pernx4xok8k74aet6pfaxg,2026-03-26,2026-03-26Z,23:30:00Z,Atlético Tucumán Res.,Vélez Sársfield Res.,,,,,1,2026-03-27T01:56:34Z,3trr1fkbng6fnagct7101bpck,Torneo Proyección,2f3fydvyjz2svhlc1eo3qflwd,Argentina,South America,2026,data\south_america\argentina\torneo_proyeccion\2f3fydvyjz2svhlc1eo3qflwd\2026\fixture.json,,,
ctt969dzewd465fy3jnfkitjo,2026-03-26,2026-03-26Z,23:30:00Z,Unión Res.,River Plate Res.,,,,,1,2026-03-27T01:55:31Z,3trr1fkbng6fnagct7101bpck,Torneo Proyección,2f3fydvyjz2svhlc1eo3qflwd,Argentina,South America,2026,data\south_america\argentina\torneo_proyeccion\2f3fydvyjz2svhlc1eo3qflwd\2026\fixture.json,,,
cvzgbu6e4khqxj4c8gnganlec,2026-03-26,2026-03-26Z,22:30:00Z,Talleres de Córdoba Res.,Banfield Res.,,,,,1,2026-03-27T01:54:11Z,3trr1fkbng6fnagct7101bpck,Torneo Proyección,2f3fydvyjz2svhlc1eo3qflwd,Argentina,South America,2026,data\south_america\argentina\torneo_proyeccion\2f3fydvyjz2svhlc1eo3qflwd\2026\fixture.json,,,
czgg426otznuoi0igbfljt1xw,2026-03-26,2026-03-26Z,21:30:00Z,Boca Juniors Res.,Estudiantes Res.,,,,,1,2026-03-27T00:11:32Z,3trr1fkbng6fnagct7101bpck,Torneo Proyección,2f3fydvyjz2svhlc1eo3qflwd,Argentina,South America,2026,data\south_america\argentina\torneo_proyeccion\2f3fydvyjz2svhlc1eo3qflwd\2026\fixture.json,,,
d0blsavuwg7y9xb92tz04yv4k,2026-03-26,2026-03-26Z,18:00:00Z,Atlético Rafaela Res.,Platense Res.,,,,,1,2026-03-26T20:24:59Z,3trr1fkbng6fnagct7101bpck,Torneo Proyección,2f3fydvyjz2svhlc1eo3qflwd,Argentina,South America,2026,data\south_america\argentina\torneo_proyeccion\2f3fydvyjz2svhlc1eo3qflwd\2026\fixture.json,,,
czw1lz3uaxry1rhogqrm2fs44,2026-03-26,2026-03-26Z,18:00:00Z,Independiente Res.,Quilmes Res.,,,,,1,2026-03-26T20:24:17Z,3trr1fkbng6fnagct7101bpck,Torneo Proyección,2f3fydvyjz2svhlc1eo3qflwd,Argentina,South America,2026,data\south_america\argentina\torneo_proyeccion\2f3fydvyjz2svhlc1eo3qflwd\2026\fixture.json,,,
cz0ohrc6jyr4lnxpe20fs8i6s,2026-03-26,2026-03-26Z,18:00:00Z,Ferro Carril Oeste Res.,Central Córdoba SdE Res.,,,,,1,2026-03-26T20:22:31Z,3trr1fkbng6fnagct7101bpck,Torneo Proyección,2f3fydvyjz2svhlc1eo3qflwd,Argentina,South America,2026,data\south_america\argentina\torneo_proyeccion\2f3fydvyjz2svhlc1eo3qflwd\2026\fixture.json,,,
cykflt14u17hbtcnnbtk1kqvo,2026-03-26,2026-03-26Z,18:00:00Z,Huracán Res.,San Martín San Juan Res.,,,,,1,2026-03-26T20:21:07Z,3trr1fkbng6fnagct7101bpck,Torneo Proyección,2f3fydvyjz2svhlc1eo3qflwd,Argentina,South America,2026,data\south_america\argentina\torneo_proyeccion\2f3fydvyjz2svhlc1eo3qflwd\2026\fixture.json,,,
cy4tz3ht9h8ye0tai9vlksvf8,2026-03-26,2026-03-26Z,18:00:00Z,Estudiantes RC Res.,Independiente Riva. Res.,,,,,1,2026-03-26T20:20:06Z,3trr1fkbng6fnagct7101bpck,Torneo Proyección,2f3fydvyjz2svhlc1eo3qflwd,Argentina,South America,2026,data\south_america\argentina\torneo_proyeccion\2f3fydvyjz2svhlc1eo3qflwd\2026\fixture.json,,,
cxo1g9wj7kt0uu11lfws6ip78,2026-03-26,2026-03-26Z,18:00:00Z,Defensa y Justicia Res.,Deportivo Riestra Res.,,,,,1,2026-03-26T20:17:34Z,3trr1fkbng6fnagct7101bpck,Torneo Proyección,2f3fydvyjz2svhlc1eo3qflwd,Argentina,South America,2026,data\south_america\argentina\torneo_proyeccion\2f3fydvyjz2svhlc1eo3qflwd\2026\fixture.json,,,
cuofhrck936m0gocr5da3soic,2026-03-26,2026-03-26Z,18:00:00Z,Godoy Cruz Res.,San Lorenzo Res.,,,,,1,2026-03-26T20:28:05Z,3trr1fkbng6fnagct7101bpck,Torneo Proyección,2f3fydvyjz2svhlc1eo3qflwd,Argentina,South America,2026,data\south_america\argentina\torneo_proyeccion\2f3fydvyjz2svhlc1eo3qflwd\2026\fixture.json,,,
cv3yfznq7b50ub1rfsqy8d444,2026-03-26,2026-03-26Z,00:00:00Z,Gimnasia Mendoza Res.,Tigre Res.,,,,,1,2026-03-26T03:52:50Z,3trr1fkbng6fnagct7101bpck,Torneo Proyección,2f3fydvyjz2svhlc1eo3qflwd,Argentina,South America,2026,data\south_america\argentina\torneo_proyeccion\2f3fydvyjz2svhlc1eo3qflwd\2026\fixture.json,,,
cx8cqdce81je4fvzjbxlw1xxw,2026-03-25,2026-03-25Z,18:00:00Z,Newell's Old Boys Res.,Belgrano Res.,,,,,1,2026-03-25T22:27:17Z,3trr1fkbng6fnagct7101bpck,Torneo Proyección,2f3fydvyjz2svhlc1eo3qflwd,Argentina,South America,2026,data\south_america\argentina\torneo_proyeccion\2f3fydvyjz2svhlc1eo3qflwd\2026\fixture.json,,,
cwm6jhwcoqev2putreixt83ro,2026-03-25,2026-03-25Z,18:00:00Z,Lanús Res.,Colón Res.,,,,,1,2026-03-25T22:27:17Z,3trr1fkbng6fnagct7101bpck,Torneo Proyección,2f3fydvyjz2svhlc1eo3qflwd,Argentina,South America,2026,data\south_america\argentina\torneo_proyeccion\2f3fydvyjz2svhlc1eo3qflwd\2026\fixture.json,,,
cvjq04u8rgjql8h5i2hyc2n84,2026-03-25,2026-03-25Z,18:00:00Z,Barracas Central Res.,Rosario Central Res.,,,,,1,2026-03-25T22:27:16Z,3trr1fkbng6fnagct7101bpck,Torneo Proyección,2f3fydvyjz2svhlc1eo3qflwd,Argentina,South America,2026,data\south_america\argentina\torneo_proyeccion\2f3fydvyjz2svhlc1eo3qflwd\2026\fixture.json,,,
ctdt2zxztipyzut3cs1jlwrv8,2026-03-25,2026-03-25Z,18:00:00Z,Gimnasia La Plata Res.,Racing Club Res.,,,,,1,2026-03-25T22:27:16Z,3trr1fkbng6fnagct7101bpck,Torneo Proyección,2f3fydvyjz2svhlc1eo3qflwd,Argentina,South America,2026,data\south_america\argentina\torneo_proyeccion\2f3fydvyjz2svhlc1eo3qflwd\2026\fixture.json,,,
csyc6s6vapb9cz24tcrfaqyac,2026-03-25,2026-03-25Z,18:00:00Z,Aldosivi Res.,Sarmiento Res.,,,,,1,2026-03-25T22:27:16Z,3trr1fkbng6fnagct7101bpck,Torneo Proyección,2f3fydvyjz2svhlc1eo3qflwd,Argentina,South America,2026,data\south_america\argentina\torneo_proyeccion\2f3fydvyjz2svhlc1eo3qflwd\2026\fixture.json,,,
csit6efe5kgjpukrajrxsdgr8,2026-03-25,2026-03-25Z,18:00:00Z,Argentinos Juniors Res.,Instituto Res.,,,,,1,2026-03-25T22:27:16Z,3trr1fkbng6fnagct7101bpck,Torneo Proyección,2f3fydvyjz2svhlc1eo3qflwd,Argentina,South America,2026,data\south_america\argentina\torneo_proyeccion\2f3fydvyjz2svhlc1eo3qflwd\2026\fixture.json,,,
cm300yfxamzxio1sy3vlog7is,2026-03-19,2026-03-19Z,23:00:00Z,River Plate Res.,Atlético Tucumán Res.,,,,,1,2026-03-20T01:59:46Z,3trr1fkbng6fnagct7101bpck,Torneo Proyección,2f3fydvyjz2svhlc1eo3qflwd,Argentina,South America,2026,data\south_america\argentina\torneo_proyeccion\2f3fydvyjz2svhlc1eo3qflwd\2026\fixture.json,,,
cql63owo1hdgd2o9rvxhzpd78,2026-03-19,2026-03-19Z,20:00:00Z,Independiente Riva. Res.,Huracán Res.,,,,,1,2026-03-19T22:11:45Z,3trr1fkbng6fnagct7101bpck,Torneo Proyección,2f3fydvyjz2svhlc1eo3qflwd,Argentina,South America,2026,data\south_america\argentina\torneo_proyeccion\2f3fydvyjz2svhlc1eo3qflwd\2026\fixture.json,,,
cq4y8ei4hi4joe2epc0lykzdg,2026-03-19,2026-03-19Z,20:00:00Z,San Martín San Juan Res.,Ferro Carril Oeste Res.,,,,,1,2026-03-19T22:11:45Z,3trr1fkbng6fnagct7101bpck,Torneo Proyección,2f3fydvyjz2svhlc1eo3qflwd,Argentina,South America,2026,data\south_america\argentina\torneo_proyeccion\2f3fydvyjz2svhlc1eo3qflwd\2026\fixture.json,,,
co9e0dd6grauo65m4y7extno4,2026-03-19,2026-03-19Z,19:00:00Z,Colón Res.,Platense Res.,,,,,1,2026-03-19T21:04:51Z,3trr1fkbng6fnagct7101bpck,Torneo Proyección,2f3fydvyjz2svhlc1eo3qflwd,Argentina,South America,2026,data\south_america\argentina\torneo_proyeccion\2f3fydvyjz2svhlc1eo3qflwd\2026\fixture.json,,,
cp5mbyy8don141vj26qq86yvo,2026-03-19,2026-03-19Z,18:00:00Z,Estudiantes Res.,Independiente Res.,,,,,1,2026-03-19T20:23:44Z,3trr1fkbng6fnagct7101bpck,Torneo Proyección,2f3fydvyjz2svhlc1eo3qflwd,Argentina,South America,2026,data\south_america\argentina\torneo_proyeccion\2f3fydvyjz2svhlc1eo3qflwd\2026\fixture.json,,,
clll6uor30aeb2uc6yabcxses,2026-03-19,2026-03-19Z,18:00:00Z,Vélez Sársfield Res.,Godoy Cruz Res.,,,,,1,2026-03-19T20:23:44Z,3trr1fkbng6fnagct7101bpck,Torneo Proyección,2f3fydvyjz2svhlc1eo3qflwd,Argentina,South America,2026,data\south_america\argentina\torneo_proyeccion\2f3fydvyjz2svhlc1eo3qflwd\2026\fixture.json,,,
cplgmb0srybphvlmf7uldvms4,2026-03-18,2026-03-18Z,23:00:00Z,Central Córdoba SdE Res.,Boca Juniors Res.,,,,,1,2026-03-19T02:04:43Z,3trr1fkbng6fnagct7101bpck,Torneo Proyección,2f3fydvyjz2svhlc1eo3qflwd,Argentina,South America,2026,data\south_america\argentina\torneo_proyeccion\2f3fydvyjz2svhlc1eo3qflwd\2026\fixture.json,,,
cr3x390iosq8s0woc705jupzo,2026-03-18,2026-03-18Z,19:00:00Z,Deportivo Riestra Res.,Estudiantes RC Res.,,,,,1,2026-03-18T23:42:57Z,3trr1fkbng6fnagct7101bpck,Torneo Proyección,2f3fydvyjz2svhlc1eo3qflwd,Argentina,South America,2026,data\south_america\argentina\torneo_proyeccion\2f3fydvyjz2svhlc1eo3qflwd\2026\fixture.json,,,
cl5za3pba6t4wn4gh66jrqbys,2026-03-18,2026-03-18Z,19:00:00Z,San Lorenzo Res.,Gimnasia Mendoza Res.,,,,,1,2026-03-18T22:36:50Z,3trr1fkbng6fnagct7101bpck,Torneo Proyección,2f3fydvyjz2svhlc1eo3qflwd,Argentina,South America,2026,data\south_america\argentina\torneo_proyeccion\2f3fydvyjz2svhlc1eo3qflwd\2026\fixture.json,,,
cs3gdzw4zzu0bq331oaas06qc,2026-03-18,2026-03-18Z,18:00:00Z,Lanús Res.,Newell's Old Boys Res.,,,,,1,2026-03-18T23:42:57Z,3trr1fkbng6fnagct7101bpck,Torneo Proyección,2f3fydvyjz2svhlc1eo3qflwd,Argentina,South America,2026,data\south_america\argentina\torneo_proyeccion\2f3fydvyjz2svhlc1eo3qflwd\2026\fixture.json,,,
cmilrrmpcc8yhqfu92tlezehg,2026-03-18,2026-03-18Z,18:00:00Z,Racing Club Res.,Unión Res.,,,,,1,2026-03-18T23:42:57Z,3trr1fkbng6fnagct7101bpck,Torneo Proyección,2f3fydvyjz2svhlc1eo3qflwd,Argentina,South America,2026,data\south_america\argentina\torneo_proyeccion\2f3fydvyjz2svhlc1eo3qflwd\2026\fixture.json,,,
cko5lj5hdtxdc8grcgezvs2dw,2026-03-18,2026-03-18Z,18:00:00Z,Tigre Res.,Barracas Central Res.,,,,,1,2026-03-18T22:36:50Z,3trr1fkbng6fnagct7101bpck,Torneo Proyección,2f3fydvyjz2svhlc1eo3qflwd,Argentina,South America,2026,data\south_america\argentina\torneo_proyeccion\2f3fydvyjz2svhlc1eo3qflwd\2026\fixture.json,,,
crlxkv3wgszbenlmsxdsjqfx0,2026-03-17,2026-03-17Z,19:00:00Z,Belgrano Res.,Defensa y Justicia Res.,,,,,1,2026-03-17T23:33:29Z,3trr1fkbng6fnagct7101bpck,Torneo Proyección,2f3fydvyjz2svhlc1eo3qflwd,Argentina,South America,2026,data\south_america\argentina\torneo_proyeccion\2f3fydvyjz2svhlc1eo3qflwd\2026\fixture.json,,,
cjyjzx0l05fyd7pb9h6xbwfmc,2026-03-17,2026-03-17Z,19:00:00Z,Rosario Central Res.,Talleres de Córdoba Res.,,,,,1,2026-03-17T23:33:28Z,3trr1fkbng6fnagct7101bpck,Torneo Proyección,2f3fydvyjz2svhlc1eo3qflwd,Argentina,South America,2026,data\south_america\argentina\torneo_proyeccion\2f3fydvyjz2svhlc1eo3qflwd\2026\fixture.json,,,
cjhmlkhoqghf9jgi4zconohlg,2026-03-17,2026-03-17Z,19:00:00Z,Instituto Res.,Banfield Res.,,,,,1,2026-03-17T23:33:27Z,3trr1fkbng6fnagct7101bpck,Torneo Proyección,2f3fydvyjz2svhlc1eo3qflwd,Argentina,South America,2026,data\south_america\argentina\torneo_proyeccion\2f3fydvyjz2svhlc1eo3qflwd\2026\fixture.json,,,
coq3g4mmotp9sj81p3kinm5uc,2026-03-17,2026-03-17Z,18:00:00Z,Quilmes Res.,Atlético Rafaela Res.,,,,,1,2026-03-17T23:33:28Z,3trr1fkbng6fnagct7101bpck,Torneo Proyección,2f3fydvyjz2svhlc1eo3qflwd,Argentina,South America,2026,data\south_america\argentina\torneo_proyeccion\2f3fydvyjz2svhlc1eo3qflwd\2026\fixture.json,,,
cnor7278452p3mhvj47969jpw,2026-03-17,2026-03-17Z,18:00:00Z,Argentinos Juniors Res.,Aldosivi Res.,,,,,1,2026-03-17T23:33:28Z,3trr1fkbng6fnagct7101bpck,Torneo Proyección,2f3fydvyjz2svhlc1eo3qflwd,Argentina,South America,2026,data\south_america\argentina\torneo_proyeccion\2f3fydvyjz2svhlc1eo3qflwd\2026\fixture.json,,,
cmy3727xb8scm38yjtforsf10,2026-03-17,2026-03-17Z,18:00:00Z,Sarmiento Res.,Gimnasia La Plata Res.,,,,,1,2026-03-17T23:33:28Z,3trr1fkbng6fnagct7101bpck,Torneo Proyección,2f3fydvyjz2svhlc1eo3qflwd,Argentina,South America,2026,data\south_america\argentina\torneo_proyeccion\2f3fydvyjz2svhlc1eo3qflwd\2026\fixture.json,,,
cbciy8pwv225p001vhuoigsgk,2026-03-04,2026-03-04Z,22:00:00Z,Atlético Tucumán Res.,Racing Club Res.,,,,,1,2026-03-05T01:21:55Z,3trr1fkbng6fnagct7101bpck,Torneo Proyección,2f3fydvyjz2svhlc1eo3qflwd,Argentina,South America,2026,data\south_america\argentina\torneo_proyeccion\2f3fydvyjz2svhlc1eo3qflwd\2026\fixture.json,,,
ciljii6p55ap2h1l7jfhp0nx0,2026-03-04,2026-03-04Z,20:00:00Z,Atlético Rafaela Res.,Estudiantes Res.,,,,,1,2026-03-05T01:21:56Z,3trr1fkbng6fnagct7101bpck,Torneo Proyección,2f3fydvyjz2svhlc1eo3qflwd,Argentina,South America,2026,data\south_america\argentina\torneo_proyeccion\2f3fydvyjz2svhlc1eo3qflwd\2026\fixture.json,,,
cgv1ijljp51rnbpetosvo03kk,2026-03-04,2026-03-04Z,20:00:00Z,Huracán Res.,Deportivo Riestra Res.,,,,,1,2026-03-05T01:21:56Z,3trr1fkbng6fnagct7101bpck,Torneo Proyección,2f3fydvyjz2svhlc1eo3qflwd,Argentina,South America,2026,data\south_america\argentina\torneo_proyeccion\2f3fydvyjz2svhlc1eo3qflwd\2026\fixture.json,,,
cgbs4pt84ujjckn4spb04ty50,2026-03-04,2026-03-04Z,20:00:00Z,Estudiantes RC Res.,Belgrano Res.,,,,,1,2026-03-05T01:21:56Z,3trr1fkbng6fnagct7101bpck,Torneo Proyección,2f3fydvyjz2svhlc1eo3qflwd,Argentina,South America,2026,data\south_america\argentina\torneo_proyeccion\2f3fydvyjz2svhlc1eo3qflwd\2026\fixture.json,,,
ces69et8dqgupalp2tvxy740k,2026-03-04,2026-03-04Z,20:00:00Z,Banfield Res.,Rosario Central Res.,,,,,1,2026-03-05T01:21:55Z,3trr1fkbng6fnagct7101bpck,Torneo Proyección,2f3fydvyjz2svhlc1eo3qflwd,Argentina,South America,2026,data\south_america\argentina\torneo_proyeccion\2f3fydvyjz2svhlc1eo3qflwd\2026\fixture.json,,,
ccsfc7qburnowyiz9z3dvxq8k,2026-03-04,2026-03-04Z,20:00:00Z,Barracas Central Res.,San Lorenzo Res.,,,,,1,2026-03-05T01:21:55Z,3trr1fkbng6fnagct7101bpck,Torneo Proyección,2f3fydvyjz2svhlc1eo3qflwd,Argentina,South America,2026,data\south_america\argentina\torneo_proyeccion\2f3fydvyjz2svhlc1eo3qflwd\2026\fixture.json,,,
cbs6bctm218t96tdmqhznr578,2026-03-04,2026-03-04Z,20:00:00Z,Godoy Cruz Res.,River Plate Res.,,,,,1,2026-03-05T01:21:55Z,3trr1fkbng6fnagct7101bpck,Torneo Proyección,2f3fydvyjz2svhlc1eo3qflwd,Argentina,South America,2026,data\south_america\argentina\torneo_proyeccion\2f3fydvyjz2svhlc1eo3qflwd\2026\fixture.json,,,
chq6e5q1t10a8llqkh8t9m68k,2026-03-03,2026-03-03Z,22:00:00Z,Boca Juniors Res.,San Martín San Juan Res.,,,,,1,2026-03-04T02:21:35Z,3trr1fkbng6fnagct7101bpck,Torneo Proyección,2f3fydvyjz2svhlc1eo3qflwd,Argentina,South America,2026,data\south_america\argentina\torneo_proyeccion\2f3fydvyjz2svhlc1eo3qflwd\2026\fixture.json,,,
ce6w7wfgkwsbuvzaeb2w2cu8k,2026-03-03,2026-03-03Z,22:00:00Z,Talleres de Córdoba Res.,Tigre Res.,,,,,1,2026-03-04T16:18:59Z,3trr1fkbng6fnagct7101bpck,Torneo Proyección,2f3fydvyjz2svhlc1eo3qflwd,Argentina,South America,2026,data\south_america\argentina\torneo_proyeccion\2f3fydvyjz2svhlc1eo3qflwd\2026\fixture.json,,,
cj1byedx8f3jhikzknjpz14wk,2026-03-03,2026-03-03Z,20:00:00Z,Platense Res.,Quilmes Res.,,,,,1,2026-03-03T23:21:13Z,3trr1fkbng6fnagct7101bpck,Torneo Proyección,2f3fydvyjz2svhlc1eo3qflwd,Argentina,South America,2026,data\south_america\argentina\torneo_proyeccion\2f3fydvyjz2svhlc1eo3qflwd\2026\fixture.json,,,
chalb7rus24nswslzm6e8tct0,2026-03-03,2026-03-03Z,20:00:00Z,Ferro Carril Oeste Res.,Independiente Riva. Res.,,,,,1,2026-03-03T23:16:58Z,3trr1fkbng6fnagct7101bpck,Torneo Proyección,2f3fydvyjz2svhlc1eo3qflwd,Argentina,South America,2026,data\south_america\argentina\torneo_proyeccion\2f3fydvyjz2svhlc1eo3qflwd\2026\fixture.json,,,
cca8tmm0nby9leez4g32ijn6c,2026-03-03,2026-03-03Z,20:00:00Z,Gimnasia Mendoza Res.,Vélez Sársfield Res.,,,,,1,2026-03-03T23:15:57Z,3trr1fkbng6fnagct7101bpck,Torneo Proyección,2f3fydvyjz2svhlc1eo3qflwd,Argentina,South America,2026,data\south_america\argentina\torneo_proyeccion\2f3fydvyjz2svhlc1eo3qflwd\2026\fixture.json,,,
c9yezffnbaetw0efwigcfsb2s,2026-03-03,2026-03-03Z,20:00:00Z,Aldosivi Res.,Instituto Res.,,,,,1,2026-03-03T23:14:57Z,3trr1fkbng6fnagct7101bpck,Torneo Proyección,2f3fydvyjz2svhlc1eo3qflwd,Argentina,South America,2026,data\south_america\argentina\torneo_proyeccion\2f3fydvyjz2svhlc1eo3qflwd\2026\fixture.json,,,
ci5u8qmj6natjyj3zvjbhpf6c,2026-03-02,2026-03-02Z,20:00:00Z,Independiente Res.,Central Córdoba SdE Res.,,,,,1,2026-03-03T04:44:23Z,3trr1fkbng6fnagct7101bpck,Torneo Proyección,2f3fydvyjz2svhlc1eo3qflwd,Argentina,South America,2026,data\south_america\argentina\torneo_proyeccion\2f3fydvyjz2svhlc1eo3qflwd\2026\fixture.json,,,
cfv1ogu10pbxn79j9ljst3190,2026-03-02,2026-03-02Z,20:00:00Z,Defensa y Justicia Res.,Lanús Res.,,,,,1,2026-03-03T04:44:22Z,3trr1fkbng6fnagct7101bpck,Torneo Proyección,2f3fydvyjz2svhlc1eo3qflwd,Argentina,South America,2026,data\south_america\argentina\torneo_proyeccion\2f3fydvyjz2svhlc1eo3qflwd\2026\fixture.json,,,
cfbq6bx070wox6i2d6sdde2ok,2026-03-02,2026-03-02Z,20:00:00Z,Newell's Old Boys Res.,Colón Res.,,,,,1,2026-03-03T04:44:22Z,3trr1fkbng6fnagct7101bpck,Torneo Proyección,2f3fydvyjz2svhlc1eo3qflwd,Argentina,South America,2026,data\south_america\argentina\torneo_proyeccion\2f3fydvyjz2svhlc1eo3qflwd\2026\fixture.json,,,
cax15m1rtgpxfvmsvox4qw0t0,2026-03-02,2026-03-02Z,20:00:00Z,Unión Res.,Sarmiento Res.,,,,,1,2026-03-03T04:44:22Z,3trr1fkbng6fnagct7101bpck,Torneo Proyección,2f3fydvyjz2svhlc1eo3qflwd,Argentina,South America,2026,data\south_america\argentina\torneo_proyeccion\2f3fydvyjz2svhlc1eo3qflwd\2026\fixture.json,,,
cag6n9ax0weai2l7qk3ok2al0,2026-03-02,2026-03-02Z,20:00:00Z,Gimnasia La Plata Res.,Argentinos Juniors Res.,,,,,1,2026-03-03T04:44:21Z,3trr1fkbng6fnagct7101bpck,Torneo Proyección,2f3fydvyjz2svhlc1eo3qflwd,Argentina,South America,2026,data\south_america\argentina\torneo_proyeccion\2f3fydvyjz2svhlc1eo3qflwd\2026\fixture.json,,,
c3r1vxes6svrtlhqthl7z3tas,2026-02-18,2026-02-18Z,23:00:00Z,River Plate Res.,Gimnasia Mendoza Res.,,,,,1,2026-02-19T03:21:15Z,3trr1fkbng6fnagct7101bpck,Torneo Proyección,2f3fydvyjz2svhlc1eo3qflwd,Argentina,South America,2026,data\south_america\argentina\torneo_proyeccion\2f3fydvyjz2svhlc1eo3qflwd\2026\fixture.json,,,
c91mszl0nl40anuhswobuejv8,2026-02-18,2026-02-18Z,20:00:00Z,Lanús Res.,Estudiantes RC Res.,,,,,1,2026-02-18T22:59:48Z,3trr1fkbng6fnagct7101bpck,Torneo Proyección,2f3fydvyjz2svhlc1eo3qflwd,Argentina,South America,2026,data\south_america\argentina\torneo_proyeccion\2f3fydvyjz2svhlc1eo3qflwd\2026\fixture.json,,,
c8lxg2iehqb1j1x6cy6p22a6s,2026-02-18,2026-02-18Z,20:00:00Z,Belgrano Res.,Huracán Res.,,,,,1,2026-02-18T22:58:35Z,3trr1fkbng6fnagct7101bpck,Torneo Proyección,2f3fydvyjz2svhlc1eo3qflwd,Argentina,South America,2026,data\south_america\argentina\torneo_proyeccion\2f3fydvyjz2svhlc1eo3qflwd\2026\fixture.json,,,
c79oiu518pd2ppy212mnpg2l0,2026-02-18,2026-02-18Z,20:00:00Z,San Martín San Juan Res.,Independiente Res.,,,,,1,2026-02-18T22:58:01Z,3trr1fkbng6fnagct7101bpck,Torneo Proyección,2f3fydvyjz2svhlc1eo3qflwd,Argentina,South America,2026,data\south_america\argentina\torneo_proyeccion\2f3fydvyjz2svhlc1eo3qflwd\2026\fixture.json,,,
c6e5h0ysa6lxhkwxnmb88u3o4,2026-02-18,2026-02-18Z,20:00:00Z,Estudiantes Res.,Platense Res.,,,,,1,2026-02-18T22:57:00Z,3trr1fkbng6fnagct7101bpck,Torneo Proyección,2f3fydvyjz2svhlc1eo3qflwd,Argentina,South America,2026,data\south_america\argentina\torneo_proyeccion\2f3fydvyjz2svhlc1eo3qflwd\2026\fixture.json,,,
c5yp2yjsijnm3venfe5j4r2ms,2026-02-18,2026-02-18Z,20:00:00Z,Colón Res.,Quilmes Res.,,,,,1,2026-02-18T22:56:33Z,3trr1fkbng6fnagct7101bpck,Torneo Proyección,2f3fydvyjz2svhlc1eo3qflwd,Argentina,South America,2026,data\south_america\argentina\torneo_proyeccion\2f3fydvyjz2svhlc1eo3qflwd\2026\fixture.json,,,
c4lwh3b5z444um8jmjfww92qc,2026-02-18,2026-02-18Z,20:00:00Z,Sarmiento Res.,Atlético Tucumán Res.,,,,,1,2026-02-18T22:50:50Z,3trr1fkbng6fnagct7101bpck,Torneo Proyección,2f3fydvyjz2svhlc1eo3qflwd,Argentina,South America,2026,data\south_america\argentina\torneo_proyeccion\2f3fydvyjz2svhlc1eo3qflwd\2026\fixture.json,,,
c6tq03288cch2n6ufl7a8kkr8,2026-02-18,2026-02-18Z,00:05:00Z,Central Córdoba SdE Res.,Atlético Rafaela Res.,,,,,1,2026-02-18T02:58:04Z,3trr1fkbng6fnagct7101bpck,Torneo Proyección,2f3fydvyjz2svhlc1eo3qflwd,Argentina,South America,2026,data\south_america\argentina\torneo_proyeccion\2f3fydvyjz2svhlc1eo3qflwd\2026\fixture.json,,,
c7pjnwj4krpyryuxtax301t78,2026-02-17,2026-02-17Z,22:10:00Z,Independiente Riva. Res.,Boca Juniors Res.,,,,,1,2026-02-18T01:34:13Z,3trr1fkbng6fnagct7101bpck,Torneo Proyección,2f3fydvyjz2svhlc1eo3qflwd,Argentina,South America,2026,data\south_america\argentina\torneo_proyeccion\2f3fydvyjz2svhlc1eo3qflwd\2026\fixture.json,,,
c9iw2x7qmrxomd8odvzxl3huc,2026-02-17,2026-02-17Z,20:00:00Z,Newell's Old Boys Res.,Defensa y Justicia Res.,,,,,1,2026-02-18T01:50:46Z,3trr1fkbng6fnagct7101bpck,Torneo Proyección,2f3fydvyjz2svhlc1eo3qflwd,Argentina,South America,2026,data\south_america\argentina\torneo_proyeccion\2f3fydvyjz2svhlc1eo3qflwd\2026\fixture.json,,,
c85getu1k0sbmdofw618rbdw4,2026-02-17,2026-02-17Z,20:00:00Z,Deportivo Riestra Res.,Ferro Carril Oeste Res.,,,,,1,2026-02-18T01:48:27Z,3trr1fkbng6fnagct7101bpck,Torneo Proyección,2f3fydvyjz2svhlc1eo3qflwd,Argentina,South America,2026,data\south_america\argentina\torneo_proyeccion\2f3fydvyjz2svhlc1eo3qflwd\2026\fixture.json,,,
c46dltwbwg9u8gj25an4p0rv8,2026-02-17,2026-02-17Z,20:00:00Z,Racing Club Res.,Godoy Cruz Res.,,,,,1,2026-02-18T01:47:16Z,3trr1fkbng6fnagct7101bpck,Torneo Proyección,2f3fydvyjz2svhlc1eo3qflwd,Argentina,South America,2026,data\south_america\argentina\torneo_proyeccion\2f3fydvyjz2svhlc1eo3qflwd\2026\fixture.json,,,
c3bomo9lmjv2hf2prb7uxlxjo,2026-02-17,2026-02-17Z,20:00:00Z,Vélez Sársfield Res.,Barracas Central Res.,,,,,1,2026-02-18T01:46:16Z,3trr1fkbng6fnagct7101bpck,Torneo Proyección,2f3fydvyjz2svhlc1eo3qflwd,Argentina,South America,2026,data\south_america\argentina\torneo_proyeccion\2f3fydvyjz2svhlc1eo3qflwd\2026\fixture.json,,,
c2w5sep81dbusg4nidcdnjmz8,2026-02-17,2026-02-17Z,20:00:00Z,San Lorenzo Res.,Talleres de Córdoba Res.,,,,,1,2026-02-18T01:43:52Z,3trr1fkbng6fnagct7101bpck,Torneo Proyección,2f3fydvyjz2svhlc1eo3qflwd,Argentina,South America,2026,data\south_america\argentina\torneo_proyeccion\2f3fydvyjz2svhlc1eo3qflwd\2026\fixture.json,,,
c5j4vqjwdw5kr60ac74mvzdhw,2026-02-16,2026-02-16Z,20:00:00Z,Aldosivi Res.,Gimnasia La Plata Res.,,,,,1,2026-02-16T23:32:13Z,3trr1fkbng6fnagct7101bpck,Torneo Proyección,2f3fydvyjz2svhlc1eo3qflwd,Argentina,South America,2026,data\south_america\argentina\torneo_proyeccion\2f3fydvyjz2svhlc1eo3qflwd\2026\fixture.json,,,
c51plut43k768unq3wfd37w9g,2026-02-16,2026-02-16Z,20:00:00Z,Argentinos Juniors Res.,Unión Res.,,,,,1,2026-02-16T23:32:13Z,3trr1fkbng6fnagct7101bpck,Torneo Proyección,2f3fydvyjz2svhlc1eo3qflwd,Argentina,South America,2026,data\south_america\argentina\torneo_proyeccion\2f3fydvyjz2svhlc1eo3qflwd\2026\fixture.json,,,
c2fv3hfsmtg5v3c8yuagaquc4,2026-02-16,2026-02-16Z,20:00:00Z,Tigre Res.,Banfield Res.,,,,,1,2026-02-16T23:32:13Z,3trr1fkbng6fnagct7101bpck,Torneo Proyección,2f3fydvyjz2svhlc1eo3qflwd,Argentina,South America,2026,data\south_america\argentina\torneo_proyeccion\2f3fydvyjz2svhlc1eo3qflwd\2026\fixture.json,,,
c1whki7mo1vke2x80kb0cg7is,2026-02-16,2026-02-16Z,20:00:00Z,Instituto Res.,Rosario Central Res.,,,,,1,2026-02-16T23:21:44Z,3trr1fkbng6fnagct7101bpck,Torneo Proyección,2f3fydvyjz2svhlc1eo3qflwd,Argentina,South America,2026,data\south_america\argentina\torneo_proyeccion\2f3fydvyjz2svhlc1eo3qflwd\2026\fixture.json,,,
c0uwqa82wgzf08aj7uw2mxxjo,2026-02-12,2026-02-12Z,20:00:00Z,Platense Res.,Central Córdoba SdE Res.,,,,,1,2026-02-13T01:21:34Z,3trr1fkbng6fnagct7101bpck,Torneo Proyección,2f3fydvyjz2svhlc1eo3qflwd,Argentina,South America,2026,data\south_america\argentina\torneo_proyeccion\2f3fydvyjz2svhlc1eo3qflwd\2026\fixture.json,,,
bzvzz0dwndiu685scv3sbff9w,2026-02-12,2026-02-12Z,20:00:00Z,Independiente Res.,Independiente Riva. Res.,,,,,1,2026-02-13T01:20:38Z,3trr1fkbng6fnagct7101bpck,Torneo Proyección,2f3fydvyjz2svhlc1eo3qflwd,Argentina,South America,2026,data\south_america\argentina\torneo_proyeccion\2f3fydvyjz2svhlc1eo3qflwd\2026\fixture.json,,,
by4wcfgqn66oxydgkpfzi87is,2026-02-12,2026-02-12Z,20:00:00Z,Estudiantes RC Res.,Newell's Old Boys Res.,,,,,1,2026-02-13T01:18:38Z,3trr1fkbng6fnagct7101bpck,Torneo Proyección,2f3fydvyjz2svhlc1eo3qflwd,Argentina,South America,2026,data\south_america\argentina\torneo_proyeccion\2f3fydvyjz2svhlc1eo3qflwd\2026\fixture.json,,,
bxp5oq1ypn4bvrq5m5lrz5hck,2026-02-12,2026-02-12Z,20:00:00Z,Defensa y Justicia Res.,Colón Res.,,,,,1,2026-02-13T01:14:51Z,3trr1fkbng6fnagct7101bpck,Torneo Proyección,2f3fydvyjz2svhlc1eo3qflwd,Argentina,South America,2026,data\south_america\argentina\torneo_proyeccion\2f3fydvyjz2svhlc1eo3qflwd\2026\fixture.json,,,
bwdzsg9230w6bu1jknagayx3o,2026-02-12,2026-02-12Z,20:00:00Z,Talleres de Córdoba Res.,Vélez Sársfield Res.,,,,,1,2026-02-13T01:10:47Z,3trr1fkbng6fnagct7101bpck,Torneo Proyección,2f3fydvyjz2svhlc1eo3qflwd,Argentina,South America,2026,data\south_america\argentina\torneo_proyeccion\2f3fydvyjz2svhlc1eo3qflwd\2026\fixture.json,,,
bv0ctv62iv2r2byck99i4mcr8,2026-02-12,2026-02-12Z,20:00:00Z,Godoy Cruz Res.,Sarmiento Res.,,,,,1,2026-02-13T01:06:49Z,3trr1fkbng6fnagct7101bpck,Torneo Proyección,2f3fydvyjz2svhlc1eo3qflwd,Argentina,South America,2026,data\south_america\argentina\torneo_proyeccion\2f3fydvyjz2svhlc1eo3qflwd\2026\fixture.json,,,
bukwcpssvejun1im1rafs5vdg,2026-02-12,2026-02-12Z,00:00:00Z,Atlético Tucumán Res.,Argentinos Juniors Res.,,,,,1,2026-02-12T03:09:56Z,3trr1fkbng6fnagct7101bpck,Torneo Proyección,2f3fydvyjz2svhlc1eo3qflwd,Argentina,South America,2026,data\south_america\argentina\torneo_proyeccion\2f3fydvyjz2svhlc1eo3qflwd\2026\fixture.json,,,
c1cokrx4mgrl61px8lmsojtw4,2026-02-11,2026-02-11Z,20:00:00Z,Quilmes Res.,Estudiantes Res.,,,,,1,2026-02-12T01:52:28Z,3trr1fkbng6fnagct7101bpck,Torneo Proyección,2f3fydvyjz2svhlc1eo3qflwd,Argentina,South America,2026,data\south_america\argentina\torneo_proyeccion\2f3fydvyjz2svhlc1eo3qflwd\2026\fixture.json,,,
c0f1cz8zgcf9rofm4s7j4hrmc,2026-02-11,2026-02-11Z,20:00:00Z,Atlético Rafaela Res.,San Martín San Juan Res.,,,,,1,2026-02-12T01:50:17Z,3trr1fkbng6fnagct7101bpck,Torneo Proyección,2f3fydvyjz2svhlc1eo3qflwd,Argentina,South America,2026,data\south_america\argentina\torneo_proyeccion\2f3fydvyjz2svhlc1eo3qflwd\2026\fixture.json,,,
byki8gmqpop6qmq0ofohatzbo,2026-02-11,2026-02-11Z,20:00:00Z,Huracán Res.,Lanús Res.,,,,,1,2026-02-12T01:49:30Z,3trr1fkbng6fnagct7101bpck,Torneo Proyección,2f3fydvyjz2svhlc1eo3qflwd,Argentina,South America,2026,data\south_america\argentina\torneo_proyeccion\2f3fydvyjz2svhlc1eo3qflwd\2026\fixture.json,,,
bvyl9ygj7z02qhwpaujjez9qs,2026-02-11,2026-02-11Z,20:00:00Z,Barracas Central Res.,River Plate Res.,,,,,1,2026-02-12T01:47:46Z,3trr1fkbng6fnagct7101bpck,Torneo Proyección,2f3fydvyjz2svhlc1eo3qflwd,Argentina,South America,2026,data\south_america\argentina\torneo_proyeccion\2f3fydvyjz2svhlc1eo3qflwd\2026\fixture.json,,,
bzg7tp1spu48asyrbh2ektafo,2026-02-11,2026-02-11Z,00:00:00Z,Boca Juniors Res.,Deportivo Riestra Res.,,,,,1,2026-02-11T03:27:43Z,3trr1fkbng6fnagct7101bpck,Torneo Proyección,2f3fydvyjz2svhlc1eo3qflwd,Argentina,South America,2026,data\south_america\argentina\torneo_proyeccion\2f3fydvyjz2svhlc1eo3qflwd\2026\fixture.json,,,
bvj2vvls1tbn1gdppo9kvxkpg,2026-02-10,2026-02-10Z,22:00:00Z,Gimnasia Mendoza Res.,Racing Club Res.,,,,,1,2026-02-11T01:00:48Z,3trr1fkbng6fnagct7101bpck,Torneo Proyección,2f3fydvyjz2svhlc1eo3qflwd,Argentina,South America,2026,data\south_america\argentina\torneo_proyeccion\2f3fydvyjz2svhlc1eo3qflwd\2026\fixture.json,,,
bz02kwe6c6uzebjgejxjbmal0,2026-02-10,2026-02-10Z,20:00:00Z,Ferro Carril Oeste Res.,Belgrano Res.,,,,,1,2026-02-10T23:21:14Z,3trr1fkbng6fnagct7101bpck,Torneo Proyección,2f3fydvyjz2svhlc1eo3qflwd,Argentina,South America,2026,data\south_america\argentina\torneo_proyeccion\2f3fydvyjz2svhlc1eo3qflwd\2026\fixture.json,,,
bx8yvhp13hvqde1zb191ae39w,2026-02-10,2026-02-10Z,20:00:00Z,Rosario Central Res.,Tigre Res.,,,,,1,2026-02-10T23:21:14Z,3trr1fkbng6fnagct7101bpck,Torneo Proyección,2f3fydvyjz2svhlc1eo3qflwd,Argentina,South America,2026,data\south_america\argentina\torneo_proyeccion\2f3fydvyjz2svhlc1eo3qflwd\2026\fixture.json,,,
bwtjf1q1apvj5ndklk0cluqdw,2026-02-10,2026-02-10Z,20:00:00Z,Banfield Res.,San Lorenzo Res.,,,,,1,2026-02-10T23:21:14Z,3trr1fkbng6fnagct7101bpck,Torneo Proyección,2f3fydvyjz2svhlc1eo3qflwd,Argentina,South America,2026,data\south_america\argentina\torneo_proyeccion\2f3fydvyjz2svhlc1eo3qflwd\2026\fixture.json,,,
bu5m833mns62scwgywmhvi9zo,2026-02-10,2026-02-10Z,20:00:00Z,Unión Res.,Aldosivi Res.,,,,,1,2026-02-10T23:21:14Z,3trr1fkbng6fnagct7101bpck,Torneo Proyección,2f3fydvyjz2svhlc1eo3qflwd,Argentina,South America,2026,data\south_america\argentina\torneo_proyeccion\2f3fydvyjz2svhlc1eo3qflwd\2026\fixture.json,,,
btpw6pnzc1aj9dwsr5tiq15w4,2026-02-10,2026-02-10Z,20:00:00Z,Gimnasia La Plata Res.,Instituto Res.,,,,,1,2026-02-10T23:21:13Z,3trr1fkbng6fnagct7101bpck,Torneo Proyección,2f3fydvyjz2svhlc1eo3qflwd,Argentina,South America,2026,data\south_america\argentina\torneo_proyeccion\2f3fydvyjz2svhlc1eo3qflwd\2026\fixture.json,,,
bpln013hma3mrap19bongm39w,2026-02-06,2026-02-06Z,00:00:00Z,Central Córdoba SdE Res.,Quilmes Res.,,,,,1,2026-02-06T03:59:34Z,3trr1fkbng6fnagct7101bpck,Torneo Proyección,2f3fydvyjz2svhlc1eo3qflwd,Argentina,South America,2026,data\south_america\argentina\torneo_proyeccion\2f3fydvyjz2svhlc1eo3qflwd\2026\fixture.json,,,
bm1sjlc4jtam7q2offza54m50,2026-02-05,2026-02-05Z,23:00:00Z,River Plate Res.,Talleres de Córdoba Res.,,,,,1,2026-02-06T01:45:27Z,3trr1fkbng6fnagct7101bpck,Torneo Proyección,2f3fydvyjz2svhlc1eo3qflwd,Argentina,South America,2026,data\south_america\argentina\torneo_proyeccion\2f3fydvyjz2svhlc1eo3qflwd\2026\fixture.json,,,
btahk52q3oirpa32ysbxoi1w4,2026-02-05,2026-02-05Z,20:00:00Z,Defensa y Justicia Res.,Estudiantes RC Res.,,,,,1,2026-02-05T22:41:29Z,3trr1fkbng6fnagct7101bpck,Torneo Proyección,2f3fydvyjz2svhlc1eo3qflwd,Argentina,South America,2026,data\south_america\argentina\torneo_proyeccion\2f3fydvyjz2svhlc1eo3qflwd\2026\fixture.json,,,
bqpj8ws2ds4eqo91joayvdv6c,2026-02-05,2026-02-05Z,20:00:00Z,Independiente Riva. Res.,Atlético Rafaela Res.,,,,,1,2026-02-05T22:41:29Z,3trr1fkbng6fnagct7101bpck,Torneo Proyección,2f3fydvyjz2svhlc1eo3qflwd,Argentina,South America,2026,data\south_america\argentina\torneo_proyeccion\2f3fydvyjz2svhlc1eo3qflwd\2026\fixture.json,,,
bq45zw9696qgyh9k3y6q46n10,2026-02-05,2026-02-05Z,20:00:00Z,San Martín San Juan Res.,Platense Res.,,,,,1,2026-02-05T22:41:29Z,3trr1fkbng6fnagct7101bpck,Torneo Proyección,2f3fydvyjz2svhlc1eo3qflwd,Argentina,South America,2026,data\south_america\argentina\torneo_proyeccion\2f3fydvyjz2svhlc1eo3qflwd\2026\fixture.json,,,
bnk1x9xqjwpug7yhkmepp3qj8,2026-02-05,2026-02-05Z,20:00:00Z,Argentinos Juniors Res.,Godoy Cruz Res.,,,,,1,2026-02-05T22:41:28Z,3trr1fkbng6fnagct7101bpck,Torneo Proyección,2f3fydvyjz2svhlc1eo3qflwd,Argentina,South America,2026,data\south_america\argentina\torneo_proyeccion\2f3fydvyjz2svhlc1eo3qflwd\2026\fixture.json,,,
bsa8dngrxt8iip4zc5yi4hclw,2026-02-04,2026-02-04Z,20:00:00Z,Lanús Res.,Ferro Carril Oeste Res.,,,,,1,2026-02-04T23:32:34Z,3trr1fkbng6fnagct7101bpck,Torneo Proyección,2f3fydvyjz2svhlc1eo3qflwd,Argentina,South America,2026,data\south_america\argentina\torneo_proyeccion\2f3fydvyjz2svhlc1eo3qflwd\2026\fixture.json,,,
brqsooaqlpvw5z1tbg6ao42l0,2026-02-04,2026-02-04Z,20:00:00Z,Belgrano Res.,Boca Juniors Res.,,,,,1,2026-02-04T23:31:32Z,3trr1fkbng6fnagct7101bpck,Torneo Proyección,2f3fydvyjz2svhlc1eo3qflwd,Argentina,South America,2026,data\south_america\argentina\torneo_proyeccion\2f3fydvyjz2svhlc1eo3qflwd\2026\fixture.json,,,
bn1ty3l9xse3b47z7wdw5k3ys,2026-02-04,2026-02-04Z,20:00:00Z,Sarmiento Res.,Gimnasia Mendoza Res.,,,,,1,2026-02-04T23:30:22Z,3trr1fkbng6fnagct7101bpck,Torneo Proyección,2f3fydvyjz2svhlc1eo3qflwd,Argentina,South America,2026,data\south_america\argentina\torneo_proyeccion\2f3fydvyjz2svhlc1eo3qflwd\2026\fixture.json,,,
bmjmhbyx951x6qhwb4ci3hpg4,2026-02-04,2026-02-04Z,20:00:00Z,Racing Club Res.,Barracas Central Res.,,,,,1,2026-02-04T23:28:51Z,3trr1fkbng6fnagct7101bpck,Torneo Proyección,2f3fydvyjz2svhlc1eo3qflwd,Argentina,South America,2026,data\south_america\argentina\torneo_proyeccion\2f3fydvyjz2svhlc1eo3qflwd\2026\fixture.json,,,
bkxwjmcjezm6veifrb3mid8gk,2026-02-04,2026-02-04Z,20:00:00Z,Vélez Sársfield Res.,Banfield Res.,,,,,1,2026-02-04T23:26:44Z,3trr1fkbng6fnagct7101bpck,Torneo Proyección,2f3fydvyjz2svhlc1eo3qflwd,Argentina,South America,2026,data\south_america\argentina\torneo_proyeccion\2f3fydvyjz2svhlc1eo3qflwd\2026\fixture.json,,,
bka69sjqb88pu7okfjp7migic,2026-02-04,2026-02-04Z,20:00:00Z,Instituto Res.,Tigre Res.,,,,,1,2026-02-04T23:33:42Z,3trr1fkbng6fnagct7101bpck,Torneo Proyección,2f3fydvyjz2svhlc1eo3qflwd,Argentina,South America,2026,data\south_america\argentina\torneo_proyeccion\2f3fydvyjz2svhlc1eo3qflwd\2026\fixture.json,,,
bssg7kzaf9vyror68sfghqjh0,2026-02-03,2026-02-03Z,20:00:00Z,Newell's Old Boys Res.,Huracán Res.,,,,,1,2026-02-03T23:29:16Z,3trr1fkbng6fnagct7101bpck,Torneo Proyección,2f3fydvyjz2svhlc1eo3qflwd,Argentina,South America,2026,data\south_america\argentina\torneo_proyeccion\2f3fydvyjz2svhlc1eo3qflwd\2026\fixture.json,,,
br8wk3uoshxbvlbloewk41btg,2026-02-03,2026-02-03Z,20:00:00Z,Deportivo Riestra Res.,Independiente Res.,,,,,1,2026-02-03T23:32:20Z,3trr1fkbng6fnagct7101bpck,Torneo Proyección,2f3fydvyjz2svhlc1eo3qflwd,Argentina,South America,2026,data\south_america\argentina\torneo_proyeccion\2f3fydvyjz2svhlc1eo3qflwd\2026\fixture.json,,,
bp2va86uqsk7bw8oz0nn6untg,2026-02-03,2026-02-03Z,20:00:00Z,Colón Res.,Estudiantes Res.,,,,,1,2026-02-03T23:25:47Z,3trr1fkbng6fnagct7101bpck,Torneo Proyección,2f3fydvyjz2svhlc1eo3qflwd,Argentina,South America,2026,data\south_america\argentina\torneo_proyeccion\2f3fydvyjz2svhlc1eo3qflwd\2026\fixture.json,,,
boknlv12tw5bwtx29l8z2tzbo,2026-02-03,2026-02-03Z,20:00:00Z,Gimnasia La Plata Res.,Unión Res.,,,,,1,2026-02-03T23:33:01Z,3trr1fkbng6fnagct7101bpck,Torneo Proyección,2f3fydvyjz2svhlc1eo3qflwd,Argentina,South America,2026,data\south_america\argentina\torneo_proyeccion\2f3fydvyjz2svhlc1eo3qflwd\2026\fixture.json,,,
bo2a9sd48pufq394meqznf47o,2026-02-03,2026-02-03Z,20:00:00Z,Aldosivi Res.,Atlético Tucumán Res.,,,,,1,2026-02-03T23:30:31Z,3trr1fkbng6fnagct7101bpck,Torneo Proyección,2f3fydvyjz2svhlc1eo3qflwd,Argentina,South America,2026,data\south_america\argentina\torneo_proyeccion\2f3fydvyjz2svhlc1eo3qflwd\2026\fixture.json,,,
bljavrr1ccrfzurbggm3fuyok,2026-02-03,2026-02-03Z,20:00:00Z,San Lorenzo Res.,Rosario Central Res.,,,,,1,2026-02-03T23:31:06Z,3trr1fkbng6fnagct7101bpck,Torneo Proyección,2f3fydvyjz2svhlc1eo3qflwd,Argentina,South America,2026,data\south_america\argentina\torneo_proyeccion\2f3fydvyjz2svhlc1eo3qflwd\2026\fixture.json,,,
