match_id,date,date_raw,time,home_team,away_team,home_score,away_score,venue,status,coverage,last_updated,tournament_id,competition,competition_id,country,continent,season,fixture_path,attendance,weather_temperature,weather_conditions
bw1b6e5j4x3eqvuog00fxso44,2026-07-19,2026-07-19Z,17:00:00Z,Sarmiento Resistencia,Sol de América,,,Estadio Centenario del Club Atlético Sarmiento,,7,2026-04-11T17:45:49Z,1q9caek968o8ubc43inhg6uxg,Torneo Federal A,a08z7wsz0uqx90wsj33g65fcd,Argentina,South America,2026,data\south_america\argentina\torneo_federal_a\a08z7wsz0uqx90wsj33g65fcd\2026\fixture.json,,,
bvjiv7ly8777lx31zi57ej7dg,2026-07-19,2026-07-19Z,17:00:00Z,Boca Unidos,Juventud Antoniana,,,Estadio José Antonio Romero Feris,,7,2026-04-11T17:45:49Z,1q9caek968o8ubc43inhg6uxg,Torneo Federal A,a08z7wsz0uqx90wsj33g65fcd,Argentina,South America,2026,data\south_america\argentina\torneo_federal_a\a08z7wsz0uqx90wsj33g65fcd\2026\fixture.json,,,
bv1h40a12ohx76ssqvjw2xtlg,2026-07-19,2026-07-19Z,17:00:00Z,Tucumán Central,Sarmiento de La Banda,,,Cancha Club Tucumán Central,,7,2026-04-11T17:45:49Z,1q9caek968o8ubc43inhg6uxg,Torneo Federal A,a08z7wsz0uqx90wsj33g65fcd,Argentina,South America,2026,data\south_america\argentina\torneo_federal_a\a08z7wsz0uqx90wsj33g65fcd\2026\fixture.json,,,
bujnc5qfws56ijdtzbtpqta1g,2026-07-19,2026-07-19Z,17:00:00Z,San Martín Formosa,Bartolomé Mitre,,,Estadio 17 de Octubre,,7,2026-04-11T17:45:49Z,1q9caek968o8ubc43inhg6uxg,Torneo Federal A,a08z7wsz0uqx90wsj33g65fcd,Argentina,South America,2026,data\south_america\argentina\torneo_federal_a\a08z7wsz0uqx90wsj33g65fcd\2026\fixture.json,,,
6o78a729cpwbw271oopmfhtec,2026-07-19,2026-07-19Z,17:00:00Z,Kimberley Mar del Plata,Circulo Deportivo,,,Estadio José Antonio Valle,,7,2026-04-11T17:45:48Z,1q9caek968o8ubc43inhg6uxg,Torneo Federal A,a08z7wsz0uqx90wsj33g65fcd,Argentina,South America,2026,data\south_america\argentina\torneo_federal_a\a08z7wsz0uqx90wsj33g65fcd\2026\fixture.json,,,
6np1o0n2ysrd12ozb2alt1ces,2026-07-19,2026-07-19Z,17:00:00Z,Sol de Mayo,Villa Mitre,,,Estadio Sol De Mayo,,7,2026-04-11T17:45:47Z,1q9caek968o8ubc43inhg6uxg,Torneo Federal A,a08z7wsz0uqx90wsj33g65fcd,Argentina,South America,2026,data\south_america\argentina\torneo_federal_a\a08z7wsz0uqx90wsj33g65fcd\2026\fixture.json,,,
6n7bhfgwllq75fk3i2takwz6c,2026-07-19,2026-07-19Z,17:00:00Z,Guillermo Brown,Germinal de Rawson,,,Estadio Raúl Conti,,7,2026-04-11T17:45:47Z,1q9caek968o8ubc43inhg6uxg,Torneo Federal A,a08z7wsz0uqx90wsj33g65fcd,Argentina,South America,2026,data\south_america\argentina\torneo_federal_a\a08z7wsz0uqx90wsj33g65fcd\2026\fixture.json,,,
6mp3125012161yk6xm4yt2tck,2026-07-19,2026-07-19Z,17:00:00Z,Olimpo,Deportivo Santamarina,,,Estadio Roberto Natalio Carminatti,,7,2026-04-11T17:45:47Z,1q9caek968o8ubc43inhg6uxg,Torneo Federal A,a08z7wsz0uqx90wsj33g65fcd,Argentina,South America,2026,data\south_america\argentina\torneo_federal_a\a08z7wsz0uqx90wsj33g65fcd\2026\fixture.json,,,
6cbo0f4xuoj4uc6fxabk6pa8k,2026-07-19,2026-07-19Z,17:00:00Z,Independiente Chivilcoy,Sportivo Las Parejas,,,Estadio Raúl Orlando Lungarzo,,7,2026-04-11T17:45:46Z,1q9caek968o8ubc43inhg6uxg,Torneo Federal A,a08z7wsz0uqx90wsj33g65fcd,Argentina,South America,2026,data\south_america\argentina\torneo_federal_a\a08z7wsz0uqx90wsj33g65fcd\2026\fixture.json,,,
6bpq1353oej11d3kgrl2sp15g,2026-07-19,2026-07-19Z,17:00:00Z,Sportivo Belgrano,Atlético Escobar,,,Estadio Juan Pablo Francia,,7,2026-04-11T17:45:46Z,1q9caek968o8ubc43inhg6uxg,Torneo Federal A,a08z7wsz0uqx90wsj33g65fcd,Argentina,South America,2026,data\south_america\argentina\torneo_federal_a\a08z7wsz0uqx90wsj33g65fcd\2026\fixture.json,,,
6b5gvctxtb03z1nhdf71mquc4,2026-07-19,2026-07-19Z,17:00:00Z,Douglas Haig,9 de Julio Rafaela,,,Estadio Miguel Morales,,7,2026-04-11T17:45:46Z,1q9caek968o8ubc43inhg6uxg,Torneo Federal A,a08z7wsz0uqx90wsj33g65fcd,Argentina,South America,2026,data\south_america\argentina\torneo_federal_a\a08z7wsz0uqx90wsj33g65fcd\2026\fixture.json,,,
6anavnxlq5qe3jupybi4nb21g,2026-07-19,2026-07-19Z,17:00:00Z,Defensores Belgrano VR,Gimnasia Chivilcoy,,,Estadio Salomón Boeseldín,,7,2026-04-11T17:45:47Z,1q9caek968o8ubc43inhg6uxg,Torneo Federal A,a08z7wsz0uqx90wsj33g65fcd,Argentina,South America,2026,data\south_america\argentina\torneo_federal_a\a08z7wsz0uqx90wsj33g65fcd\2026\fixture.json,,,
6a51zrsdq8pyy9y0vmihekavo,2026-07-19,2026-07-19Z,17:00:00Z,Gimnasia Concepción,El Linqueño,,,Estadio Manuel y Ramón Núñez,,7,2026-04-11T17:45:46Z,1q9caek968o8ubc43inhg6uxg,Torneo Federal A,a08z7wsz0uqx90wsj33g65fcd,Argentina,South America,2026,data\south_america\argentina\torneo_federal_a\a08z7wsz0uqx90wsj33g65fcd\2026\fixture.json,,,
1w48zkzzna765aqizqhp60lck,2026-07-19,2026-07-19Z,17:00:00Z,Costa Brava,Deportivo Rincón,,,Estadio Nuevo Pacaembú,,7,2026-04-11T17:45:48Z,1q9caek968o8ubc43inhg6uxg,Torneo Federal A,a08z7wsz0uqx90wsj33g65fcd,Argentina,South America,2026,data\south_america\argentina\torneo_federal_a\a08z7wsz0uqx90wsj33g65fcd\2026\fixture.json,,,
1vn21tfdc0web3eu7knxo75zo,2026-07-19,2026-07-19Z,17:00:00Z,Huracán Las Heras,FADEP,,,Estadio General San Martín,,7,2026-04-11T17:45:48Z,1q9caek968o8ubc43inhg6uxg,Torneo Federal A,a08z7wsz0uqx90wsj33g65fcd,Argentina,South America,2026,data\south_america\argentina\torneo_federal_a\a08z7wsz0uqx90wsj33g65fcd\2026\fixture.json,,,
1v61she94ltgzzt4nouvzuxw4,2026-07-19,2026-07-19Z,17:00:00Z,San Martín Mendoza,Argentino Monte Maíz,,,Estadio General José de San Martín,,7,2026-04-11T17:45:48Z,1q9caek968o8ubc43inhg6uxg,Torneo Federal A,a08z7wsz0uqx90wsj33g65fcd,Argentina,South America,2026,data\south_america\argentina\torneo_federal_a\a08z7wsz0uqx90wsj33g65fcd\2026\fixture.json,,,
1uo3fs72c0zpkhx5lkdle2e50,2026-07-19,2026-07-19Z,17:00:00Z,Atenas,Juventud Unida Univ.,,,Estadio 9 de Julio,,7,2026-04-11T17:45:48Z,1q9caek968o8ubc43inhg6uxg,Torneo Federal A,a08z7wsz0uqx90wsj33g65fcd,Argentina,South America,2026,data\south_america\argentina\torneo_federal_a\a08z7wsz0uqx90wsj33g65fcd\2026\fixture.json,,,
bu0vrp2nlbxe99ozqhe147pqs,2026-07-12,2026-07-12Z,17:00:00Z,Bartolomé Mitre,Defensores Vilelas,,,Estadio Tito Cucchiaroni,,7,2026-04-11T17:45:04Z,1q9caek968o8ubc43inhg6uxg,Torneo Federal A,a08z7wsz0uqx90wsj33g65fcd,Argentina,South America,2026,data\south_america\argentina\torneo_federal_a\a08z7wsz0uqx90wsj33g65fcd\2026\fixture.json,,,
bthyqrn886prhfugmfbugwduc,2026-07-12,2026-07-12Z,17:00:00Z,Sarmiento de La Banda,San Martín Formosa,,,Estadio Ciudad de La Banda,,7,2026-04-11T17:45:05Z,1q9caek968o8ubc43inhg6uxg,Torneo Federal A,a08z7wsz0uqx90wsj33g65fcd,Argentina,South America,2026,data\south_america\argentina\torneo_federal_a\a08z7wsz0uqx90wsj33g65fcd\2026\fixture.json,,,
bsxo4i8q80llru6cy8kpxcaok,2026-07-12,2026-07-12Z,17:00:00Z,Juventud Antoniana,Tucumán Central,,,Estadio Fray Honorato Pistoia,,7,2026-04-11T17:45:05Z,1q9caek968o8ubc43inhg6uxg,Torneo Federal A,a08z7wsz0uqx90wsj33g65fcd,Argentina,South America,2026,data\south_america\argentina\torneo_federal_a\a08z7wsz0uqx90wsj33g65fcd\2026\fixture.json,,,
bs8rlx29u0ngo5ogh5dciyp78,2026-07-12,2026-07-12Z,17:00:00Z,Sol de América,Boca Unidos,,,Estadio Club Sol de América Formosa,,7,2026-04-11T17:45:05Z,1q9caek968o8ubc43inhg6uxg,Torneo Federal A,a08z7wsz0uqx90wsj33g65fcd,Argentina,South America,2026,data\south_america\argentina\torneo_federal_a\a08z7wsz0uqx90wsj33g65fcd\2026\fixture.json,,,
6m2u95uzxsgrjbbt762v7uqs4,2026-07-12,2026-07-12Z,17:00:00Z,Deportivo Santamarina,Alvarado,,,Estadio Municipal General San Martín de Tandil,,7,2026-04-11T17:45:03Z,1q9caek968o8ubc43inhg6uxg,Torneo Federal A,a08z7wsz0uqx90wsj33g65fcd,Argentina,South America,2026,data\south_america\argentina\torneo_federal_a\a08z7wsz0uqx90wsj33g65fcd\2026\fixture.json,,,
6ldldyzpopdgs0mlwwouwcjkk,2026-07-12,2026-07-12Z,17:00:00Z,Germinal de Rawson,Olimpo,,,Estadio El Fortín,,7,2026-04-11T17:45:03Z,1q9caek968o8ubc43inhg6uxg,Torneo Federal A,a08z7wsz0uqx90wsj33g65fcd,Argentina,South America,2026,data\south_america\argentina\torneo_federal_a\a08z7wsz0uqx90wsj33g65fcd\2026\fixture.json,,,
6kohh4mccxu5v8jnzu4msr504,2026-07-12,2026-07-12Z,17:00:00Z,Villa Mitre,Guillermo Brown,,,Estadio El Fortín,,7,2026-04-11T17:45:03Z,1q9caek968o8ubc43inhg6uxg,Torneo Federal A,a08z7wsz0uqx90wsj33g65fcd,Argentina,South America,2026,data\south_america\argentina\torneo_federal_a\a08z7wsz0uqx90wsj33g65fcd\2026\fixture.json,,,
6k174ezxjuy43s4m0kyqr5mvo,2026-07-12,2026-07-12Z,17:00:00Z,Circulo Deportivo,Sol de Mayo,,,Estadio Guillermo Trama,,7,2026-04-11T17:45:03Z,1q9caek968o8ubc43inhg6uxg,Torneo Federal A,a08z7wsz0uqx90wsj33g65fcd,Argentina,South America,2026,data\south_america\argentina\torneo_federal_a\a08z7wsz0uqx90wsj33g65fcd\2026\fixture.json,,,
69lier4nj15fnmv5286ysxq1g,2026-07-12,2026-07-12Z,17:00:00Z,Gimnasia Chivilcoy,Gimnasia Concepción,,,Estadio José María Paz,,7,2026-04-11T17:45:02Z,1q9caek968o8ubc43inhg6uxg,Torneo Federal A,a08z7wsz0uqx90wsj33g65fcd,Argentina,South America,2026,data\south_america\argentina\torneo_federal_a\a08z7wsz0uqx90wsj33g65fcd\2026\fixture.json,,,
693586om8t214k39zw3uu7q50,2026-07-12,2026-07-12Z,17:00:00Z,9 de Julio Rafaela,Defensores Belgrano VR,,,Estadio Germán Malacho Soltermam,,7,2026-04-11T17:45:02Z,1q9caek968o8ubc43inhg6uxg,Torneo Federal A,a08z7wsz0uqx90wsj33g65fcd,Argentina,South America,2026,data\south_america\argentina\torneo_federal_a\a08z7wsz0uqx90wsj33g65fcd\2026\fixture.json,,,
68kswiyjp7q3sopo7t5je1qfo,2026-07-12,2026-07-12Z,17:00:00Z,Atlético Escobar,Douglas Haig,,,Estadio Armenia,,7,2026-04-11T17:45:02Z,1q9caek968o8ubc43inhg6uxg,Torneo Federal A,a08z7wsz0uqx90wsj33g65fcd,Argentina,South America,2026,data\south_america\argentina\torneo_federal_a\a08z7wsz0uqx90wsj33g65fcd\2026\fixture.json,,,
681exwv4atdnfz4bofmant6ok,2026-07-12,2026-07-12Z,17:00:00Z,Sportivo Las Parejas,Sportivo Belgrano,,,Estadio La Perrera,,7,2026-04-11T17:45:02Z,1q9caek968o8ubc43inhg6uxg,Torneo Federal A,a08z7wsz0uqx90wsj33g65fcd,Argentina,South America,2026,data\south_america\argentina\torneo_federal_a\a08z7wsz0uqx90wsj33g65fcd\2026\fixture.json,,,
67itsxk2rstegddjwt0a4aoes,2026-07-12,2026-07-12Z,17:00:00Z,El Linqueño,Independiente Chivilcoy,,,Estadio Leonardo Costa,,7,2026-04-11T17:45:01Z,1q9caek968o8ubc43inhg6uxg,Torneo Federal A,a08z7wsz0uqx90wsj33g65fcd,Argentina,South America,2026,data\south_america\argentina\torneo_federal_a\a08z7wsz0uqx90wsj33g65fcd\2026\fixture.json,,,
1u6syd2nyjsg4yq1s5xeh14ic,2026-07-12,2026-07-12Z,17:00:00Z,Juventud Unida Univ.,Cipolletti,,,Estadio Mario Sebastián Diez,,7,2026-04-11T17:45:04Z,1q9caek968o8ubc43inhg6uxg,Torneo Federal A,a08z7wsz0uqx90wsj33g65fcd,Argentina,South America,2026,data\south_america\argentina\torneo_federal_a\a08z7wsz0uqx90wsj33g65fcd\2026\fixture.json,,,
1tprl0dfh53lebd1tf1b09pn8,2026-07-12,2026-07-12Z,17:00:00Z,Argentino Monte Maíz,Atenas,,,Estadio Modesto Marrone,,7,2026-04-11T17:45:04Z,1q9caek968o8ubc43inhg6uxg,Torneo Federal A,a08z7wsz0uqx90wsj33g65fcd,Argentina,South America,2026,data\south_america\argentina\torneo_federal_a\a08z7wsz0uqx90wsj33g65fcd\2026\fixture.json,,,
1t7tueefoxqlaczauux9bu8lw,2026-07-12,2026-07-12Z,17:00:00Z,FADEP,San Martín Mendoza,,,Predio Social y Deportivo FADEP,,7,2026-04-11T17:45:04Z,1q9caek968o8ubc43inhg6uxg,Torneo Federal A,a08z7wsz0uqx90wsj33g65fcd,Argentina,South America,2026,data\south_america\argentina\torneo_federal_a\a08z7wsz0uqx90wsj33g65fcd\2026\fixture.json,,,
1spo4sfzis7khw575bujf7sb8,2026-07-12,2026-07-12Z,17:00:00Z,Deportivo Rincón,Huracán Las Heras,,,Estadio Gremio de Los Petroleros,,7,2026-04-11T17:45:04Z,1q9caek968o8ubc43inhg6uxg,Torneo Federal A,a08z7wsz0uqx90wsj33g65fcd,Argentina,South America,2026,data\south_america\argentina\torneo_federal_a\a08z7wsz0uqx90wsj33g65fcd\2026\fixture.json,,,
brq01ep1avm09vo0xmexnxf6c,2026-07-05,2026-07-05Z,17:00:00Z,Boca Unidos,Sarmiento Resistencia,,,Estadio José Antonio Romero Feris,,7,2026-04-11T17:44:21Z,1q9caek968o8ubc43inhg6uxg,Torneo Federal A,a08z7wsz0uqx90wsj33g65fcd,Argentina,South America,2026,data\south_america\argentina\torneo_federal_a\a08z7wsz0uqx90wsj33g65fcd\2026\fixture.json,,,
br47mgi6bn79zbulhcaewpd04,2026-07-05,2026-07-05Z,17:00:00Z,Tucumán Central,Sol de América,,,Cancha Club Tucumán Central,,7,2026-04-11T17:44:21Z,1q9caek968o8ubc43inhg6uxg,Torneo Federal A,a08z7wsz0uqx90wsj33g65fcd,Argentina,South America,2026,data\south_america\argentina\torneo_federal_a\a08z7wsz0uqx90wsj33g65fcd\2026\fixture.json,,,
bqiizf353kpf0agyundgmpgk4,2026-07-05,2026-07-05Z,17:00:00Z,San Martín Formosa,Juventud Antoniana,,,Estadio 17 de Octubre,,7,2026-04-11T17:44:22Z,1q9caek968o8ubc43inhg6uxg,Torneo Federal A,a08z7wsz0uqx90wsj33g65fcd,Argentina,South America,2026,data\south_america\argentina\torneo_federal_a\a08z7wsz0uqx90wsj33g65fcd\2026\fixture.json,,,
bpxy8icieu819ejuxbp0u3n6c,2026-07-05,2026-07-05Z,17:00:00Z,Defensores Vilelas,Sarmiento de La Banda,,,Estadio del Club Defensores De Vilelas,,7,2026-04-11T17:44:22Z,1q9caek968o8ubc43inhg6uxg,Torneo Federal A,a08z7wsz0uqx90wsj33g65fcd,Argentina,South America,2026,data\south_america\argentina\torneo_federal_a\a08z7wsz0uqx90wsj33g65fcd\2026\fixture.json,,,
6jdijdatr5kjxfjow6g80v40k,2026-07-05,2026-07-05Z,17:00:00Z,Sol de Mayo,Kimberley Mar del Plata,,,Estadio Sol De Mayo,,7,2026-04-11T17:44:20Z,1q9caek968o8ubc43inhg6uxg,Torneo Federal A,a08z7wsz0uqx90wsj33g65fcd,Argentina,South America,2026,data\south_america\argentina\torneo_federal_a\a08z7wsz0uqx90wsj33g65fcd\2026\fixture.json,,,
6ip6qp2zlh8dnyenf3fw9kys4,2026-07-05,2026-07-05Z,17:00:00Z,Guillermo Brown,Circulo Deportivo,,,Estadio Raúl Conti,,7,2026-04-11T17:44:19Z,1q9caek968o8ubc43inhg6uxg,Torneo Federal A,a08z7wsz0uqx90wsj33g65fcd,Argentina,South America,2026,data\south_america\argentina\torneo_federal_a\a08z7wsz0uqx90wsj33g65fcd\2026\fixture.json,,,
6i158vta3p89nxp42dicgj66s,2026-07-05,2026-07-05Z,17:00:00Z,Olimpo,Villa Mitre,,,Estadio Roberto Natalio Carminatti,,7,2026-04-11T17:44:20Z,1q9caek968o8ubc43inhg6uxg,Torneo Federal A,a08z7wsz0uqx90wsj33g65fcd,Argentina,South America,2026,data\south_america\argentina\torneo_federal_a\a08z7wsz0uqx90wsj33g65fcd\2026\fixture.json,,,
6hhwcc7me94y2xzyonn3ch0r8,2026-07-05,2026-07-05Z,17:00:00Z,Alvarado,Germinal de Rawson,,,Estadio José María Minella,,7,2026-04-11T17:44:20Z,1q9caek968o8ubc43inhg6uxg,Torneo Federal A,a08z7wsz0uqx90wsj33g65fcd,Argentina,South America,2026,data\south_america\argentina\torneo_federal_a\a08z7wsz0uqx90wsj33g65fcd\2026\fixture.json,,,
66zus9ajpe0jndtiqdr6mh2qc,2026-07-05,2026-07-05Z,17:00:00Z,Sportivo Belgrano,Independiente Chivilcoy,,,Estadio Juan Pablo Francia,,7,2026-04-11T17:44:18Z,1q9caek968o8ubc43inhg6uxg,Torneo Federal A,a08z7wsz0uqx90wsj33g65fcd,Argentina,South America,2026,data\south_america\argentina\torneo_federal_a\a08z7wsz0uqx90wsj33g65fcd\2026\fixture.json,,,
66i344r7npvn60maskusjgvf8,2026-07-05,2026-07-05Z,17:00:00Z,Douglas Haig,Sportivo Las Parejas,,,Estadio Miguel Morales,,7,2026-04-11T17:44:19Z,1q9caek968o8ubc43inhg6uxg,Torneo Federal A,a08z7wsz0uqx90wsj33g65fcd,Argentina,South America,2026,data\south_america\argentina\torneo_federal_a\a08z7wsz0uqx90wsj33g65fcd\2026\fixture.json,,,
65y7buni5ghldw3m7gxynvk0k,2026-07-05,2026-07-05Z,17:00:00Z,Defensores Belgrano VR,Atlético Escobar,,,Estadio Salomón Boeseldín,,7,2026-04-11T17:44:19Z,1q9caek968o8ubc43inhg6uxg,Torneo Federal A,a08z7wsz0uqx90wsj33g65fcd,Argentina,South America,2026,data\south_america\argentina\torneo_federal_a\a08z7wsz0uqx90wsj33g65fcd\2026\fixture.json,,,
65d7s2q5zincz8lho2ncpk9hw,2026-07-05,2026-07-05Z,17:00:00Z,Gimnasia Concepción,9 de Julio Rafaela,,,Estadio Manuel y Ramón Núñez,,7,2026-04-11T17:44:19Z,1q9caek968o8ubc43inhg6uxg,Torneo Federal A,a08z7wsz0uqx90wsj33g65fcd,Argentina,South America,2026,data\south_america\argentina\torneo_federal_a\a08z7wsz0uqx90wsj33g65fcd\2026\fixture.json,,,
64uu650iywwzumyib7xsjcqvo,2026-07-05,2026-07-05Z,17:00:00Z,Gimnasia Chivilcoy,El Linqueño,,,Estadio José María Paz,,7,2026-04-11T17:44:18Z,1q9caek968o8ubc43inhg6uxg,Torneo Federal A,a08z7wsz0uqx90wsj33g65fcd,Argentina,South America,2026,data\south_america\argentina\torneo_federal_a\a08z7wsz0uqx90wsj33g65fcd\2026\fixture.json,,,
1s6yaxe27h4axok4v89goxixg,2026-07-05,2026-07-05Z,17:00:00Z,Huracán Las Heras,Costa Brava,,,Estadio General San Martín,,7,2026-04-11T17:44:20Z,1q9caek968o8ubc43inhg6uxg,Torneo Federal A,a08z7wsz0uqx90wsj33g65fcd,Argentina,South America,2026,data\south_america\argentina\torneo_federal_a\a08z7wsz0uqx90wsj33g65fcd\2026\fixture.json,,,
1rpf9t747jzu38cyajri95tlg,2026-07-05,2026-07-05Z,17:00:00Z,San Martín Mendoza,Deportivo Rincón,,,Estadio General José de San Martín,,7,2026-04-11T17:44:20Z,1q9caek968o8ubc43inhg6uxg,Torneo Federal A,a08z7wsz0uqx90wsj33g65fcd,Argentina,South America,2026,data\south_america\argentina\torneo_federal_a\a08z7wsz0uqx90wsj33g65fcd\2026\fixture.json,,,
1r5ltjlso8g9cbv3ajnnd0y6s,2026-07-05,2026-07-05Z,17:00:00Z,Atenas,FADEP,,,Estadio 9 de Julio,,7,2026-04-11T17:44:21Z,1q9caek968o8ubc43inhg6uxg,Torneo Federal A,a08z7wsz0uqx90wsj33g65fcd,Argentina,South America,2026,data\south_america\argentina\torneo_federal_a\a08z7wsz0uqx90wsj33g65fcd\2026\fixture.json,,,
1qnmd1udm6xi52qvzak9kvuvo,2026-07-05,2026-07-05Z,17:00:00Z,Cipolletti,Argentino Monte Maíz,,,Estadio La Visera de Cemento,,7,2026-04-11T17:44:21Z,1q9caek968o8ubc43inhg6uxg,Torneo Federal A,a08z7wsz0uqx90wsj33g65fcd,Argentina,South America,2026,data\south_america\argentina\torneo_federal_a\a08z7wsz0uqx90wsj33g65fcd\2026\fixture.json,,,
bpe9kankg1tow2xh5lcpjxfys,2026-06-28,2026-06-28Z,17:00:00Z,Sarmiento de La Banda,Bartolomé Mitre,,,Estadio Ciudad de La Banda,,7,2026-04-11T17:43:37Z,1q9caek968o8ubc43inhg6uxg,Torneo Federal A,a08z7wsz0uqx90wsj33g65fcd,Argentina,South America,2026,data\south_america\argentina\torneo_federal_a\a08z7wsz0uqx90wsj33g65fcd\2026\fixture.json,,,
bow7wbtmvcdez7mcey9mq4l5g,2026-06-28,2026-06-28Z,17:00:00Z,Juventud Antoniana,Defensores Vilelas,,,Estadio Fray Honorato Pistoia,,7,2026-04-11T17:43:37Z,1q9caek968o8ubc43inhg6uxg,Torneo Federal A,a08z7wsz0uqx90wsj33g65fcd,Argentina,South America,2026,data\south_america\argentina\torneo_federal_a\a08z7wsz0uqx90wsj33g65fcd\2026\fixture.json,,,
boaj9mzspzgdj447cj6sxckyc,2026-06-28,2026-06-28Z,17:00:00Z,Sol de América,San Martín Formosa,,,Estadio Club Sol de América Formosa,,7,2026-04-11T17:43:38Z,1q9caek968o8ubc43inhg6uxg,Torneo Federal A,a08z7wsz0uqx90wsj33g65fcd,Argentina,South America,2026,data\south_america\argentina\torneo_federal_a\a08z7wsz0uqx90wsj33g65fcd\2026\fixture.json,,,
bnquyqbd72ubpfcpgou8nob9w,2026-06-28,2026-06-28Z,17:00:00Z,Sarmiento Resistencia,Tucumán Central,,,Estadio Centenario del Club Atlético Sarmiento,,7,2026-04-11T17:43:38Z,1q9caek968o8ubc43inhg6uxg,Torneo Federal A,a08z7wsz0uqx90wsj33g65fcd,Argentina,South America,2026,data\south_america\argentina\torneo_federal_a\a08z7wsz0uqx90wsj33g65fcd\2026\fixture.json,,,
6gyqf7xh4gtx8caz4ug4fefpw,2026-06-28,2026-06-28Z,17:00:00Z,Germinal de Rawson,Deportivo Santamarina,,,Estadio El Fortín,,7,2026-04-11T17:43:36Z,1q9caek968o8ubc43inhg6uxg,Torneo Federal A,a08z7wsz0uqx90wsj33g65fcd,Argentina,South America,2026,data\south_america\argentina\torneo_federal_a\a08z7wsz0uqx90wsj33g65fcd\2026\fixture.json,,,
6gdfo5a9o0b9vhl9dd5xy7zmc,2026-06-28,2026-06-28Z,17:00:00Z,Villa Mitre,Alvarado,,,Estadio El Fortín,,7,2026-04-11T17:43:35Z,1q9caek968o8ubc43inhg6uxg,Torneo Federal A,a08z7wsz0uqx90wsj33g65fcd,Argentina,South America,2026,data\south_america\argentina\torneo_federal_a\a08z7wsz0uqx90wsj33g65fcd\2026\fixture.json,,,
6fp4pc0t0u048e80hps19u5uc,2026-06-28,2026-06-28Z,17:00:00Z,Circulo Deportivo,Olimpo,,,Estadio Guillermo Trama,,7,2026-04-11T17:43:35Z,1q9caek968o8ubc43inhg6uxg,Torneo Federal A,a08z7wsz0uqx90wsj33g65fcd,Argentina,South America,2026,data\south_america\argentina\torneo_federal_a\a08z7wsz0uqx90wsj33g65fcd\2026\fixture.json,,,
6f394ctgv61gtykan6j96u9lg,2026-06-28,2026-06-28Z,17:00:00Z,Kimberley Mar del Plata,Guillermo Brown,,,Estadio José Antonio Valle,,7,2026-04-11T17:43:36Z,1q9caek968o8ubc43inhg6uxg,Torneo Federal A,a08z7wsz0uqx90wsj33g65fcd,Argentina,South America,2026,data\south_america\argentina\torneo_federal_a\a08z7wsz0uqx90wsj33g65fcd\2026\fixture.json,,,
6497zf86mknx20d33s3sahd04,2026-06-28,2026-06-28Z,17:00:00Z,9 de Julio Rafaela,Gimnasia Chivilcoy,,,Estadio Germán Malacho Soltermam,,7,2026-04-11T17:43:34Z,1q9caek968o8ubc43inhg6uxg,Torneo Federal A,a08z7wsz0uqx90wsj33g65fcd,Argentina,South America,2026,data\south_america\argentina\torneo_federal_a\a08z7wsz0uqx90wsj33g65fcd\2026\fixture.json,,,
63qxe1sv66hy00ggp6jzxqk9g,2026-06-28,2026-06-28Z,17:00:00Z,Atlético Escobar,Gimnasia Concepción,,,Estadio Armenia,,7,2026-04-11T17:43:35Z,1q9caek968o8ubc43inhg6uxg,Torneo Federal A,a08z7wsz0uqx90wsj33g65fcd,Argentina,South America,2026,data\south_america\argentina\torneo_federal_a\a08z7wsz0uqx90wsj33g65fcd\2026\fixture.json,,,
638ytdmbysltodxnmslxojzf8,2026-06-28,2026-06-28Z,17:00:00Z,Sportivo Las Parejas,Defensores Belgrano VR,,,Estadio La Perrera,,7,2026-04-11T17:43:35Z,1q9caek968o8ubc43inhg6uxg,Torneo Federal A,a08z7wsz0uqx90wsj33g65fcd,Argentina,South America,2026,data\south_america\argentina\torneo_federal_a\a08z7wsz0uqx90wsj33g65fcd\2026\fixture.json,,,
62oltoxamx4hsjnvsqknojxuc,2026-06-28,2026-06-28Z,17:00:00Z,Independiente Chivilcoy,Douglas Haig,,,Estadio Raúl Orlando Lungarzo,,7,2026-04-11T17:43:35Z,1q9caek968o8ubc43inhg6uxg,Torneo Federal A,a08z7wsz0uqx90wsj33g65fcd,Argentina,South America,2026,data\south_america\argentina\torneo_federal_a\a08z7wsz0uqx90wsj33g65fcd\2026\fixture.json,,,
626pomzdmvpt2tmuv7yy804d0,2026-06-28,2026-06-28Z,17:00:00Z,El Linqueño,Sportivo Belgrano,,,Estadio Leonardo Costa,,7,2026-04-11T17:43:34Z,1q9caek968o8ubc43inhg6uxg,Torneo Federal A,a08z7wsz0uqx90wsj33g65fcd,Argentina,South America,2026,data\south_america\argentina\torneo_federal_a\a08z7wsz0uqx90wsj33g65fcd\2026\fixture.json,,,
1q5yytvadvhfs46gykazwrj84,2026-06-28,2026-06-28Z,17:00:00Z,Argentino Monte Maíz,Juventud Unida Univ.,,,Estadio Modesto Marrone,,7,2026-04-11T17:43:36Z,1q9caek968o8ubc43inhg6uxg,Torneo Federal A,a08z7wsz0uqx90wsj33g65fcd,Argentina,South America,2026,data\south_america\argentina\torneo_federal_a\a08z7wsz0uqx90wsj33g65fcd\2026\fixture.json,,,
1pott16wqslx5lr9l2cmtv66s,2026-06-28,2026-06-28Z,17:00:00Z,FADEP,Cipolletti,,,Predio Social y Deportivo FADEP,,7,2026-04-11T17:43:36Z,1q9caek968o8ubc43inhg6uxg,Torneo Federal A,a08z7wsz0uqx90wsj33g65fcd,Argentina,South America,2026,data\south_america\argentina\torneo_federal_a\a08z7wsz0uqx90wsj33g65fcd\2026\fixture.json,,,
1p7medawt63b8c6mox4f2hfdg,2026-06-28,2026-06-28Z,17:00:00Z,Deportivo Rincón,Atenas,,,Estadio Gremio de Los Petroleros,,7,2026-04-11T17:43:37Z,1q9caek968o8ubc43inhg6uxg,Torneo Federal A,a08z7wsz0uqx90wsj33g65fcd,Argentina,South America,2026,data\south_america\argentina\torneo_federal_a\a08z7wsz0uqx90wsj33g65fcd\2026\fixture.json,,,
1oqcoyzoo7zc13a5824wnfj84,2026-06-28,2026-06-28Z,17:00:00Z,Costa Brava,San Martín Mendoza,,,Estadio Nuevo Pacaembú,,7,2026-04-11T17:43:37Z,1q9caek968o8ubc43inhg6uxg,Torneo Federal A,a08z7wsz0uqx90wsj33g65fcd,Argentina,South America,2026,data\south_america\argentina\torneo_federal_a\a08z7wsz0uqx90wsj33g65fcd\2026\fixture.json,,,
bn92yu8nnfpf77rbs4us6cwlw,2026-06-21,2026-06-21Z,17:00:00Z,Tucumán Central,Boca Unidos,,,Cancha Club Tucumán Central,,7,2026-04-11T17:42:55Z,1q9caek968o8ubc43inhg6uxg,Torneo Federal A,a08z7wsz0uqx90wsj33g65fcd,Argentina,South America,2026,data\south_america\argentina\torneo_federal_a\a08z7wsz0uqx90wsj33g65fcd\2026\fixture.json,,,
bmr8hc0qeiv7q3lvc9m0s0r9w,2026-06-21,2026-06-21Z,17:00:00Z,San Martín Formosa,Sarmiento Resistencia,,,Estadio 17 de Octubre,,7,2026-04-11T17:42:55Z,1q9caek968o8ubc43inhg6uxg,Torneo Federal A,a08z7wsz0uqx90wsj33g65fcd,Argentina,South America,2026,data\south_america\argentina\torneo_federal_a\a08z7wsz0uqx90wsj33g65fcd\2026\fixture.json,,,
bm9d0bi5p3bhjwtru2rs4sa38,2026-06-21,2026-06-21Z,17:00:00Z,Defensores Vilelas,Sol de América,,,Estadio del Club Defensores De Vilelas,,7,2026-04-11T17:42:55Z,1q9caek968o8ubc43inhg6uxg,Torneo Federal A,a08z7wsz0uqx90wsj33g65fcd,Argentina,South America,2026,data\south_america\argentina\torneo_federal_a\a08z7wsz0uqx90wsj33g65fcd\2026\fixture.json,,,
blrngsjwpwnbuhsqpmbnmz504,2026-06-21,2026-06-21Z,17:00:00Z,Bartolomé Mitre,Juventud Antoniana,,,Estadio Tito Cucchiaroni,,7,2026-04-11T17:42:55Z,1q9caek968o8ubc43inhg6uxg,Torneo Federal A,a08z7wsz0uqx90wsj33g65fcd,Argentina,South America,2026,data\south_america\argentina\torneo_federal_a\a08z7wsz0uqx90wsj33g65fcd\2026\fixture.json,,,
6ef1ee4s3ybmks71bb7ys7aqc,2026-06-21,2026-06-21Z,17:00:00Z,Guillermo Brown,Sol de Mayo,,,Estadio Raúl Conti,,7,2026-04-11T17:42:53Z,1q9caek968o8ubc43inhg6uxg,Torneo Federal A,a08z7wsz0uqx90wsj33g65fcd,Argentina,South America,2026,data\south_america\argentina\torneo_federal_a\a08z7wsz0uqx90wsj33g65fcd\2026\fixture.json,,,
6dx0z14ah77wk2sofxjxx20wk,2026-06-21,2026-06-21Z,17:00:00Z,Olimpo,Kimberley Mar del Plata,,,Estadio Roberto Natalio Carminatti,,7,2026-04-11T17:42:53Z,1q9caek968o8ubc43inhg6uxg,Torneo Federal A,a08z7wsz0uqx90wsj33g65fcd,Argentina,South America,2026,data\south_america\argentina\torneo_federal_a\a08z7wsz0uqx90wsj33g65fcd\2026\fixture.json,,,
6dfoc5wdpsbjd266mrcph0sno,2026-06-21,2026-06-21Z,17:00:00Z,Alvarado,Circulo Deportivo,,,Estadio José María Minella,,7,2026-04-11T17:42:53Z,1q9caek968o8ubc43inhg6uxg,Torneo Federal A,a08z7wsz0uqx90wsj33g65fcd,Argentina,South America,2026,data\south_america\argentina\torneo_federal_a\a08z7wsz0uqx90wsj33g65fcd\2026\fixture.json,,,
6cy68cubrs6m9e62zkbonwnis,2026-06-21,2026-06-21Z,17:00:00Z,Deportivo Santamarina,Villa Mitre,,,Estadio Municipal General San Martín de Tandil,,7,2026-04-11T17:42:53Z,1q9caek968o8ubc43inhg6uxg,Torneo Federal A,a08z7wsz0uqx90wsj33g65fcd,Argentina,South America,2026,data\south_america\argentina\torneo_federal_a\a08z7wsz0uqx90wsj33g65fcd\2026\fixture.json,,,
61o53tzgzrudaiwaueq0e87is,2026-06-21,2026-06-21Z,17:00:00Z,Douglas Haig,Sportivo Belgrano,,,Estadio Miguel Morales,,7,2026-04-11T17:42:52Z,1q9caek968o8ubc43inhg6uxg,Torneo Federal A,a08z7wsz0uqx90wsj33g65fcd,Argentina,South America,2026,data\south_america\argentina\torneo_federal_a\a08z7wsz0uqx90wsj33g65fcd\2026\fixture.json,,,
616bxf74wimf0jk6ck7k9gnx0,2026-06-21,2026-06-21Z,17:00:00Z,Defensores Belgrano VR,Independiente Chivilcoy,,,Estadio Salomón Boeseldín,,7,2026-04-11T17:42:52Z,1q9caek968o8ubc43inhg6uxg,Torneo Federal A,a08z7wsz0uqx90wsj33g65fcd,Argentina,South America,2026,data\south_america\argentina\torneo_federal_a\a08z7wsz0uqx90wsj33g65fcd\2026\fixture.json,,,
60okkbqp1mpmedrg1ybxy036c,2026-06-21,2026-06-21Z,17:00:00Z,Gimnasia Concepción,Sportivo Las Parejas,,,Estadio Manuel y Ramón Núñez,,7,2026-04-11T17:42:52Z,1q9caek968o8ubc43inhg6uxg,Torneo Federal A,a08z7wsz0uqx90wsj33g65fcd,Argentina,South America,2026,data\south_america\argentina\torneo_federal_a\a08z7wsz0uqx90wsj33g65fcd\2026\fixture.json,,,
6066g4mz9l2e6pm9b19h9oges,2026-06-21,2026-06-21Z,17:00:00Z,Gimnasia Chivilcoy,Atlético Escobar,,,Estadio José María Paz,,7,2026-04-11T17:42:52Z,1q9caek968o8ubc43inhg6uxg,Torneo Federal A,a08z7wsz0uqx90wsj33g65fcd,Argentina,South America,2026,data\south_america\argentina\torneo_federal_a\a08z7wsz0uqx90wsj33g65fcd\2026\fixture.json,,,
5zk13x5yvhza4ity64bm9632s,2026-06-21,2026-06-21Z,17:00:00Z,9 de Julio Rafaela,El Linqueño,,,Estadio Germán Malacho Soltermam,,7,2026-04-11T17:42:51Z,1q9caek968o8ubc43inhg6uxg,Torneo Federal A,a08z7wsz0uqx90wsj33g65fcd,Argentina,South America,2026,data\south_america\argentina\torneo_federal_a\a08z7wsz0uqx90wsj33g65fcd\2026\fixture.json,,,
1o54c5xrbygibdvun1dbafz84,2026-06-21,2026-06-21Z,17:00:00Z,San Martín Mendoza,Huracán Las Heras,,,Estadio General José de San Martín,,7,2026-04-11T17:42:54Z,1q9caek968o8ubc43inhg6uxg,Torneo Federal A,a08z7wsz0uqx90wsj33g65fcd,Argentina,South America,2026,data\south_america\argentina\torneo_federal_a\a08z7wsz0uqx90wsj33g65fcd\2026\fixture.json,,,
1nkstcpkowjj3564s9gwv7ris,2026-06-21,2026-06-21Z,17:00:00Z,Atenas,Costa Brava,,,Estadio 9 de Julio,,7,2026-04-11T17:42:54Z,1q9caek968o8ubc43inhg6uxg,Torneo Federal A,a08z7wsz0uqx90wsj33g65fcd,Argentina,South America,2026,data\south_america\argentina\torneo_federal_a\a08z7wsz0uqx90wsj33g65fcd\2026\fixture.json,,,
1mxrhoh6mq0ommirtwmtk0c9g,2026-06-21,2026-06-21Z,17:00:00Z,Cipolletti,Deportivo Rincón,,,Estadio La Visera de Cemento,,7,2026-04-11T17:42:54Z,1q9caek968o8ubc43inhg6uxg,Torneo Federal A,a08z7wsz0uqx90wsj33g65fcd,Argentina,South America,2026,data\south_america\argentina\torneo_federal_a\a08z7wsz0uqx90wsj33g65fcd\2026\fixture.json,,,
1mdl5i91rpac2u8e3oje310yc,2026-06-21,2026-06-21Z,17:00:00Z,Juventud Unida Univ.,FADEP,,,Estadio Mario Sebastián Diez,,7,2026-04-11T17:42:54Z,1q9caek968o8ubc43inhg6uxg,Torneo Federal A,a08z7wsz0uqx90wsj33g65fcd,Argentina,South America,2026,data\south_america\argentina\torneo_federal_a\a08z7wsz0uqx90wsj33g65fcd\2026\fixture.json,,,
bl7rnerh8v3ftwsjz6bdt8ges,2026-06-14,2026-06-14Z,17:00:00Z,Juventud Antoniana,Sarmiento de La Banda,,,Estadio Fray Honorato Pistoia,,7,2026-04-11T17:41:53Z,1q9caek968o8ubc43inhg6uxg,Torneo Federal A,a08z7wsz0uqx90wsj33g65fcd,Argentina,South America,2026,data\south_america\argentina\torneo_federal_a\a08z7wsz0uqx90wsj33g65fcd\2026\fixture.json,,,
bkpuziy2x3vud0e83f411by1g,2026-06-14,2026-06-14Z,17:00:00Z,Sol de América,Bartolomé Mitre,,,Estadio Club Sol de América Formosa,,7,2026-04-11T17:41:53Z,1q9caek968o8ubc43inhg6uxg,Torneo Federal A,a08z7wsz0uqx90wsj33g65fcd,Argentina,South America,2026,data\south_america\argentina\torneo_federal_a\a08z7wsz0uqx90wsj33g65fcd\2026\fixture.json,,,
bk86jeh3fy3wa0xsiyzha9p90,2026-06-14,2026-06-14Z,17:00:00Z,Sarmiento Resistencia,Defensores Vilelas,,,Estadio Centenario del Club Atlético Sarmiento,,7,2026-04-11T17:41:53Z,1q9caek968o8ubc43inhg6uxg,Torneo Federal A,a08z7wsz0uqx90wsj33g65fcd,Argentina,South America,2026,data\south_america\argentina\torneo_federal_a\a08z7wsz0uqx90wsj33g65fcd\2026\fixture.json,,,
bjqemr4202tpsauzi8klkss9g,2026-06-14,2026-06-14Z,17:00:00Z,Boca Unidos,San Martín Formosa,,,Estadio José Antonio Romero Feris,,7,2026-04-11T17:41:53Z,1q9caek968o8ubc43inhg6uxg,Torneo Federal A,a08z7wsz0uqx90wsj33g65fcd,Argentina,South America,2026,data\south_america\argentina\torneo_federal_a\a08z7wsz0uqx90wsj33g65fcd\2026\fixture.json,,,
6cdxr4dyray8ktkhsupdth250,2026-06-14,2026-06-14Z,17:00:00Z,Villa Mitre,Germinal de Rawson,,,Estadio El Fortín,,7,2026-04-11T17:41:51Z,1q9caek968o8ubc43inhg6uxg,Torneo Federal A,a08z7wsz0uqx90wsj33g65fcd,Argentina,South America,2026,data\south_america\argentina\torneo_federal_a\a08z7wsz0uqx90wsj33g65fcd\2026\fixture.json,,,
6bvgxtfvj1dretzrf06h75rmc,2026-06-14,2026-06-14Z,17:00:00Z,Circulo Deportivo,Deportivo Santamarina,,,Estadio Guillermo Trama,,7,2026-04-11T17:41:51Z,1q9caek968o8ubc43inhg6uxg,Torneo Federal A,a08z7wsz0uqx90wsj33g65fcd,Argentina,South America,2026,data\south_america\argentina\torneo_federal_a\a08z7wsz0uqx90wsj33g65fcd\2026\fixture.json,,,
6bdo9xuyffta0q0hrn0mf0p3o,2026-06-14,2026-06-14Z,17:00:00Z,Kimberley Mar del Plata,Alvarado,,,Estadio José Antonio Valle,,7,2026-04-11T17:41:51Z,1q9caek968o8ubc43inhg6uxg,Torneo Federal A,a08z7wsz0uqx90wsj33g65fcd,Argentina,South America,2026,data\south_america\argentina\torneo_federal_a\a08z7wsz0uqx90wsj33g65fcd\2026\fixture.json,,,
6aw5ubrraqge9tu38ug597llg,2026-06-14,2026-06-14Z,17:00:00Z,Sol de Mayo,Olimpo,,,Estadio Sol De Mayo,,7,2026-04-11T17:41:51Z,1q9caek968o8ubc43inhg6uxg,Torneo Federal A,a08z7wsz0uqx90wsj33g65fcd,Argentina,South America,2026,data\south_america\argentina\torneo_federal_a\a08z7wsz0uqx90wsj33g65fcd\2026\fixture.json,,,
5yx6et1shf4ap96p84ygi74t0,2026-06-14,2026-06-14Z,17:00:00Z,Atlético Escobar,9 de Julio Rafaela,,,Estadio Armenia,,7,2026-04-11T17:41:50Z,1q9caek968o8ubc43inhg6uxg,Torneo Federal A,a08z7wsz0uqx90wsj33g65fcd,Argentina,South America,2026,data\south_america\argentina\torneo_federal_a\a08z7wsz0uqx90wsj33g65fcd\2026\fixture.json,,,
5yem13geav2b8f4j7zjszqj2s,2026-06-14,2026-06-14Z,17:00:00Z,Sportivo Las Parejas,Gimnasia Chivilcoy,,,Estadio La Perrera,,7,2026-04-11T17:41:50Z,1q9caek968o8ubc43inhg6uxg,Torneo Federal A,a08z7wsz0uqx90wsj33g65fcd,Argentina,South America,2026,data\south_america\argentina\torneo_federal_a\a08z7wsz0uqx90wsj33g65fcd\2026\fixture.json,,,
5xwg47woea8a4by0skqwo7swk,2026-06-14,2026-06-14Z,17:00:00Z,Independiente Chivilcoy,Gimnasia Concepción,,,Estadio Raúl Orlando Lungarzo,,7,2026-04-11T17:41:50Z,1q9caek968o8ubc43inhg6uxg,Torneo Federal A,a08z7wsz0uqx90wsj33g65fcd,Argentina,South America,2026,data\south_america\argentina\torneo_federal_a\a08z7wsz0uqx90wsj33g65fcd\2026\fixture.json,,,
5xcs728utcmon8k2y99od4sgk,2026-06-14,2026-06-14Z,17:00:00Z,Sportivo Belgrano,Defensores Belgrano VR,,,Estadio Juan Pablo Francia,,7,2026-04-11T17:41:50Z,1q9caek968o8ubc43inhg6uxg,Torneo Federal A,a08z7wsz0uqx90wsj33g65fcd,Argentina,South America,2026,data\south_america\argentina\torneo_federal_a\a08z7wsz0uqx90wsj33g65fcd\2026\fixture.json,,,
5wnnhvjit5ftkd09xjqcolxqs,2026-06-14,2026-06-14Z,17:00:00Z,El Linqueño,Douglas Haig,,,Estadio Leonardo Costa,,7,2026-04-11T17:41:49Z,1q9caek968o8ubc43inhg6uxg,Torneo Federal A,a08z7wsz0uqx90wsj33g65fcd,Argentina,South America,2026,data\south_america\argentina\torneo_federal_a\a08z7wsz0uqx90wsj33g65fcd\2026\fixture.json,,,
1ldqkp0e73w4yjjqh3wdwj28k,2026-06-14,2026-06-14Z,17:00:00Z,FADEP,Argentino Monte Maíz,,,Predio Social y Deportivo FADEP,,7,2026-04-11T17:41:52Z,1q9caek968o8ubc43inhg6uxg,Torneo Federal A,a08z7wsz0uqx90wsj33g65fcd,Argentina,South America,2026,data\south_america\argentina\torneo_federal_a\a08z7wsz0uqx90wsj33g65fcd\2026\fixture.json,,,
1kuyowdytup3g4wibh4j9lous,2026-06-14,2026-06-14Z,17:00:00Z,Deportivo Rincón,Juventud Unida Univ.,,,Estadio Gremio de Los Petroleros,,7,2026-04-11T17:41:52Z,1q9caek968o8ubc43inhg6uxg,Torneo Federal A,a08z7wsz0uqx90wsj33g65fcd,Argentina,South America,2026,data\south_america\argentina\torneo_federal_a\a08z7wsz0uqx90wsj33g65fcd\2026\fixture.json,,,
1k5v5khydm1w6wl5yitzyeyvo,2026-06-14,2026-06-14Z,17:00:00Z,Costa Brava,Cipolletti,,,Estadio Nuevo Pacaembú,,7,2026-04-11T17:41:52Z,1q9caek968o8ubc43inhg6uxg,Torneo Federal A,a08z7wsz0uqx90wsj33g65fcd,Argentina,South America,2026,data\south_america\argentina\torneo_federal_a\a08z7wsz0uqx90wsj33g65fcd\2026\fixture.json,,,
1jkyvuodjptkpwam19vl8z9ck,2026-06-14,2026-06-14Z,17:00:00Z,Huracán Las Heras,Atenas,,,Estadio General San Martín,,7,2026-04-11T17:41:52Z,1q9caek968o8ubc43inhg6uxg,Torneo Federal A,a08z7wsz0uqx90wsj33g65fcd,Argentina,South America,2026,data\south_america\argentina\torneo_federal_a\a08z7wsz0uqx90wsj33g65fcd\2026\fixture.json,,,
bj8ltsvy1p2hi8ff3zqrpy8t0,2026-06-07,2026-06-07Z,17:00:00Z,San Martín Formosa,Tucumán Central,,,Estadio 17 de Octubre,,7,2026-04-11T17:41:09Z,1q9caek968o8ubc43inhg6uxg,Torneo Federal A,a08z7wsz0uqx90wsj33g65fcd,Argentina,South America,2026,data\south_america\argentina\torneo_federal_a\a08z7wsz0uqx90wsj33g65fcd\2026\fixture.json,,,
bir119ffu0zz1p121hcska710,2026-06-07,2026-06-07Z,17:00:00Z,Defensores Vilelas,Boca Unidos,,,Estadio del Club Defensores De Vilelas,,7,2026-04-11T17:41:09Z,1q9caek968o8ubc43inhg6uxg,Torneo Federal A,a08z7wsz0uqx90wsj33g65fcd,Argentina,South America,2026,data\south_america\argentina\torneo_federal_a\a08z7wsz0uqx90wsj33g65fcd\2026\fixture.json,,,
bi9fju160au5234kd7wknhwk4,2026-06-07,2026-06-07Z,17:00:00Z,Bartolomé Mitre,Sarmiento Resistencia,,,Estadio Tito Cucchiaroni,,7,2026-04-11T17:41:09Z,1q9caek968o8ubc43inhg6uxg,Torneo Federal A,a08z7wsz0uqx90wsj33g65fcd,Argentina,South America,2026,data\south_america\argentina\torneo_federal_a\a08z7wsz0uqx90wsj33g65fcd\2026\fixture.json,,,
bhrr7fk1arrbway2l8m8ap9g4,2026-06-07,2026-06-07Z,17:00:00Z,Sarmiento de La Banda,Sol de América,,,Estadio Ciudad de La Banda,,7,2026-04-11T17:41:10Z,1q9caek968o8ubc43inhg6uxg,Torneo Federal A,a08z7wsz0uqx90wsj33g65fcd,Argentina,South America,2026,data\south_america\argentina\torneo_federal_a\a08z7wsz0uqx90wsj33g65fcd\2026\fixture.json,,,
6adhl85m6sigry7l9vnpbhrtg,2026-06-07,2026-06-07Z,17:00:00Z,Olimpo,Guillermo Brown,,,Estadio Roberto Natalio Carminatti,,7,2026-04-11T17:41:08Z,1q9caek968o8ubc43inhg6uxg,Torneo Federal A,a08z7wsz0uqx90wsj33g65fcd,Argentina,South America,2026,data\south_america\argentina\torneo_federal_a\a08z7wsz0uqx90wsj33g65fcd\2026\fixture.json,,,
69vo5604mpkk6nckwf9yhwahg,2026-06-07,2026-06-07Z,17:00:00Z,Alvarado,Sol de Mayo,,,Estadio José María Minella,,7,2026-04-11T17:41:07Z,1q9caek968o8ubc43inhg6uxg,Torneo Federal A,a08z7wsz0uqx90wsj33g65fcd,Argentina,South America,2026,data\south_america\argentina\torneo_federal_a\a08z7wsz0uqx90wsj33g65fcd\2026\fixture.json,,,
69eez44nn3q5r1tghgjroxzis,2026-06-07,2026-06-07Z,17:00:00Z,Deportivo Santamarina,Kimberley Mar del Plata,,,Estadio Municipal General San Martín de Tandil,,7,2026-04-11T17:41:07Z,1q9caek968o8ubc43inhg6uxg,Torneo Federal A,a08z7wsz0uqx90wsj33g65fcd,Argentina,South America,2026,data\south_america\argentina\torneo_federal_a\a08z7wsz0uqx90wsj33g65fcd\2026\fixture.json,,,
68wipjdwro7n9lkvvqbt4rdp0,2026-06-07,2026-06-07Z,17:00:00Z,Germinal de Rawson,Circulo Deportivo,,,Estadio El Fortín,,7,2026-04-11T17:41:08Z,1q9caek968o8ubc43inhg6uxg,Torneo Federal A,a08z7wsz0uqx90wsj33g65fcd,Argentina,South America,2026,data\south_america\argentina\torneo_federal_a\a08z7wsz0uqx90wsj33g65fcd\2026\fixture.json,,,
5vuqokfmj5mpenqyc1zlg9kwk,2026-06-07,2026-06-07Z,17:00:00Z,Defensores Belgrano VR,Douglas Haig,,,Estadio Salomón Boeseldín,,7,2026-04-11T17:41:06Z,1q9caek968o8ubc43inhg6uxg,Torneo Federal A,a08z7wsz0uqx90wsj33g65fcd,Argentina,South America,2026,data\south_america\argentina\torneo_federal_a\a08z7wsz0uqx90wsj33g65fcd\2026\fixture.json,,,
5vbe7sss77quk8bacx963r0gk,2026-06-07,2026-06-07Z,17:00:00Z,Gimnasia Concepción,Sportivo Belgrano,,,Estadio Manuel y Ramón Núñez,,7,2026-04-11T17:41:06Z,1q9caek968o8ubc43inhg6uxg,Torneo Federal A,a08z7wsz0uqx90wsj33g65fcd,Argentina,South America,2026,data\south_america\argentina\torneo_federal_a\a08z7wsz0uqx90wsj33g65fcd\2026\fixture.json,,,
5utaaa078gp9bz6narco74wt0,2026-06-07,2026-06-07Z,17:00:00Z,Gimnasia Chivilcoy,Independiente Chivilcoy,,,Estadio José María Paz,,7,2026-04-11T17:41:07Z,1q9caek968o8ubc43inhg6uxg,Torneo Federal A,a08z7wsz0uqx90wsj33g65fcd,Argentina,South America,2026,data\south_america\argentina\torneo_federal_a\a08z7wsz0uqx90wsj33g65fcd\2026\fixture.json,,,
5ubj0g45l720st2abbazrqolw,2026-06-07,2026-06-07Z,17:00:00Z,9 de Julio Rafaela,Sportivo Las Parejas,,,Estadio Germán Malacho Soltermam,,7,2026-04-11T17:41:07Z,1q9caek968o8ubc43inhg6uxg,Torneo Federal A,a08z7wsz0uqx90wsj33g65fcd,Argentina,South America,2026,data\south_america\argentina\torneo_federal_a\a08z7wsz0uqx90wsj33g65fcd\2026\fixture.json,,,
5ttid3h9yr2tc3eqy5z6f1hjo,2026-06-07,2026-06-07Z,17:00:00Z,Atlético Escobar,El Linqueño,,,Estadio Armenia,,7,2026-04-11T17:41:06Z,1q9caek968o8ubc43inhg6uxg,Torneo Federal A,a08z7wsz0uqx90wsj33g65fcd,Argentina,South America,2026,data\south_america\argentina\torneo_federal_a\a08z7wsz0uqx90wsj33g65fcd\2026\fixture.json,,,
1iyn4nzj4wc6d9he74n1w0sus,2026-06-07,2026-06-07Z,17:00:00Z,Atenas,San Martín Mendoza,,,Estadio 9 de Julio,,7,2026-04-11T17:41:08Z,1q9caek968o8ubc43inhg6uxg,Torneo Federal A,a08z7wsz0uqx90wsj33g65fcd,Argentina,South America,2026,data\south_america\argentina\torneo_federal_a\a08z7wsz0uqx90wsj33g65fcd\2026\fixture.json,,,
1iglshrdoywg2d9o0eyqusyz8,2026-06-07,2026-06-07Z,17:00:00Z,Cipolletti,Huracán Las Heras,,,Estadio La Visera de Cemento,,7,2026-04-11T17:41:08Z,1q9caek968o8ubc43inhg6uxg,Torneo Federal A,a08z7wsz0uqx90wsj33g65fcd,Argentina,South America,2026,data\south_america\argentina\torneo_federal_a\a08z7wsz0uqx90wsj33g65fcd\2026\fixture.json,,,
1hwzb1qvkgo9u5jsdovjdss2c,2026-06-07,2026-06-07Z,17:00:00Z,Juventud Unida Univ.,Costa Brava,,,Estadio Mario Sebastián Diez,,7,2026-04-11T17:41:09Z,1q9caek968o8ubc43inhg6uxg,Torneo Federal A,a08z7wsz0uqx90wsj33g65fcd,Argentina,South America,2026,data\south_america\argentina\torneo_federal_a\a08z7wsz0uqx90wsj33g65fcd\2026\fixture.json,,,
1hf4klrk22h64upbifket6exg,2026-06-07,2026-06-07Z,17:00:00Z,Argentino Monte Maíz,Deportivo Rincón,,,Estadio Modesto Marrone,,7,2026-04-11T17:41:09Z,1q9caek968o8ubc43inhg6uxg,Torneo Federal A,a08z7wsz0uqx90wsj33g65fcd,Argentina,South America,2026,data\south_america\argentina\torneo_federal_a\a08z7wsz0uqx90wsj33g65fcd\2026\fixture.json,,,
bh4uqohrqc8s8enhbd0rrv8yc,2026-05-31,2026-05-31Z,17:00:00Z,Sol de América,Juventud Antoniana,,,Estadio Club Sol de América Formosa,,7,2026-04-11T17:40:20Z,1q9caek968o8ubc43inhg6uxg,Torneo Federal A,a08z7wsz0uqx90wsj33g65fcd,Argentina,South America,2026,data\south_america\argentina\torneo_federal_a\a08z7wsz0uqx90wsj33g65fcd\2026\fixture.json,,,
bgiplg5n9kwy55qkyemdhkwes,2026-05-31,2026-05-31Z,17:00:00Z,Sarmiento Resistencia,Sarmiento de La Banda,,,Estadio Centenario del Club Atlético Sarmiento,,7,2026-04-11T17:40:20Z,1q9caek968o8ubc43inhg6uxg,Torneo Federal A,a08z7wsz0uqx90wsj33g65fcd,Argentina,South America,2026,data\south_america\argentina\torneo_federal_a\a08z7wsz0uqx90wsj33g65fcd\2026\fixture.json,,,
bfthujk4zqkh3l3vdl8riya6s,2026-05-31,2026-05-31Z,17:00:00Z,Boca Unidos,Bartolomé Mitre,,,Estadio José Antonio Romero Feris,,7,2026-04-11T17:40:20Z,1q9caek968o8ubc43inhg6uxg,Torneo Federal A,a08z7wsz0uqx90wsj33g65fcd,Argentina,South America,2026,data\south_america\argentina\torneo_federal_a\a08z7wsz0uqx90wsj33g65fcd\2026\fixture.json,,,
bfbgx9j35aj004jcikzmcutqs,2026-05-31,2026-05-31Z,17:00:00Z,Tucumán Central,Defensores Vilelas,,,Cancha Club Tucumán Central,,7,2026-04-11T17:40:20Z,1q9caek968o8ubc43inhg6uxg,Torneo Federal A,a08z7wsz0uqx90wsj33g65fcd,Argentina,South America,2026,data\south_america\argentina\torneo_federal_a\a08z7wsz0uqx90wsj33g65fcd\2026\fixture.json,,,
68f7l7sz84ximqv1rcln0vx90,2026-05-31,2026-05-31Z,17:00:00Z,Circulo Deportivo,Villa Mitre,,,Estadio Guillermo Trama,,7,2026-04-11T17:40:19Z,1q9caek968o8ubc43inhg6uxg,Torneo Federal A,a08z7wsz0uqx90wsj33g65fcd,Argentina,South America,2026,data\south_america\argentina\torneo_federal_a\a08z7wsz0uqx90wsj33g65fcd\2026\fixture.json,,,
67xako0ncb26htybhwfdedmok,2026-05-31,2026-05-31Z,17:00:00Z,Kimberley Mar del Plata,Germinal de Rawson,,,Estadio José Antonio Valle,,7,2026-04-11T17:40:18Z,1q9caek968o8ubc43inhg6uxg,Torneo Federal A,a08z7wsz0uqx90wsj33g65fcd,Argentina,South America,2026,data\south_america\argentina\torneo_federal_a\a08z7wsz0uqx90wsj33g65fcd\2026\fixture.json,,,
67cv6ef7zamgjnqbw4ffhal1w,2026-05-31,2026-05-31Z,17:00:00Z,Sol de Mayo,Deportivo Santamarina,,,Estadio Sol De Mayo,,7,2026-04-11T17:40:18Z,1q9caek968o8ubc43inhg6uxg,Torneo Federal A,a08z7wsz0uqx90wsj33g65fcd,Argentina,South America,2026,data\south_america\argentina\torneo_federal_a\a08z7wsz0uqx90wsj33g65fcd\2026\fixture.json,,,
66vcmvxqa4h6cs2ipt2ijkydw,2026-05-31,2026-05-31Z,17:00:00Z,Guillermo Brown,Alvarado,,,Estadio Raúl Conti,,7,2026-04-11T17:40:19Z,1q9caek968o8ubc43inhg6uxg,Torneo Federal A,a08z7wsz0uqx90wsj33g65fcd,Argentina,South America,2026,data\south_america\argentina\torneo_federal_a\a08z7wsz0uqx90wsj33g65fcd\2026\fixture.json,,,
5tauylho7gji4v35u0xsh1iqc,2026-05-31,2026-05-31Z,17:00:00Z,Sportivo Las Parejas,Atlético Escobar,,,Estadio La Perrera,,7,2026-04-11T17:40:17Z,1q9caek968o8ubc43inhg6uxg,Torneo Federal A,a08z7wsz0uqx90wsj33g65fcd,Argentina,South America,2026,data\south_america\argentina\torneo_federal_a\a08z7wsz0uqx90wsj33g65fcd\2026\fixture.json,,,
5sstoq1v4h2skwhmjchtszuok,2026-05-31,2026-05-31Z,17:00:00Z,Independiente Chivilcoy,9 de Julio Rafaela,,,Estadio Raúl Orlando Lungarzo,,7,2026-04-11T17:40:17Z,1q9caek968o8ubc43inhg6uxg,Torneo Federal A,a08z7wsz0uqx90wsj33g65fcd,Argentina,South America,2026,data\south_america\argentina\torneo_federal_a\a08z7wsz0uqx90wsj33g65fcd\2026\fixture.json,,,
5sat30qdx8qmy90w8d8u3gqok,2026-05-31,2026-05-31Z,17:00:00Z,Sportivo Belgrano,Gimnasia Chivilcoy,,,Estadio Juan Pablo Francia,,7,2026-04-11T17:40:18Z,1q9caek968o8ubc43inhg6uxg,Torneo Federal A,a08z7wsz0uqx90wsj33g65fcd,Argentina,South America,2026,data\south_america\argentina\torneo_federal_a\a08z7wsz0uqx90wsj33g65fcd\2026\fixture.json,,,
5rnrj1zv0cl5nskginfk1x7o4,2026-05-31,2026-05-31Z,17:00:00Z,Douglas Haig,Gimnasia Concepción,,,Estadio Miguel Morales,,7,2026-04-11T17:40:18Z,1q9caek968o8ubc43inhg6uxg,Torneo Federal A,a08z7wsz0uqx90wsj33g65fcd,Argentina,South America,2026,data\south_america\argentina\torneo_federal_a\a08z7wsz0uqx90wsj33g65fcd\2026\fixture.json,,,
5r5tv70zm511mcv0rlhryt6vo,2026-05-31,2026-05-31Z,17:00:00Z,El Linqueño,Defensores Belgrano VR,,,Estadio Leonardo Costa,,7,2026-04-11T17:40:17Z,1q9caek968o8ubc43inhg6uxg,Torneo Federal A,a08z7wsz0uqx90wsj33g65fcd,Argentina,South America,2026,data\south_america\argentina\torneo_federal_a\a08z7wsz0uqx90wsj33g65fcd\2026\fixture.json,,,
1gxmgca1k1wo6z3ndxj4hv0no,2026-05-31,2026-05-31Z,17:00:00Z,Deportivo Rincón,FADEP,,,Estadio Gremio de Los Petroleros,,7,2026-04-11T17:40:19Z,1q9caek968o8ubc43inhg6uxg,Torneo Federal A,a08z7wsz0uqx90wsj33g65fcd,Argentina,South America,2026,data\south_america\argentina\torneo_federal_a\a08z7wsz0uqx90wsj33g65fcd\2026\fixture.json,,,
1ggcvlgmvn6458al5nldbn4lw,2026-05-31,2026-05-31Z,17:00:00Z,Costa Brava,Argentino Monte Maíz,,,Estadio Nuevo Pacaembú,,7,2026-04-11T17:40:19Z,1q9caek968o8ubc43inhg6uxg,Torneo Federal A,a08z7wsz0uqx90wsj33g65fcd,Argentina,South America,2026,data\south_america\argentina\torneo_federal_a\a08z7wsz0uqx90wsj33g65fcd\2026\fixture.json,,,
1fx4pguio8qzkuhe75kd0s0lw,2026-05-31,2026-05-31Z,17:00:00Z,Huracán Las Heras,Juventud Unida Univ.,,,Estadio General San Martín,,7,2026-04-11T17:40:19Z,1q9caek968o8ubc43inhg6uxg,Torneo Federal A,a08z7wsz0uqx90wsj33g65fcd,Argentina,South America,2026,data\south_america\argentina\torneo_federal_a\a08z7wsz0uqx90wsj33g65fcd\2026\fixture.json,,,
1fesoascdyro17cfb9prx6wb8,2026-05-31,2026-05-31Z,17:00:00Z,San Martín Mendoza,Cipolletti,,,Estadio General José de San Martín,,7,2026-04-11T17:40:20Z,1q9caek968o8ubc43inhg6uxg,Torneo Federal A,a08z7wsz0uqx90wsj33g65fcd,Argentina,South America,2026,data\south_america\argentina\torneo_federal_a\a08z7wsz0uqx90wsj33g65fcd\2026\fixture.json,,,
betq2h669jcqm1kewpzmry2vo,2026-05-24,2026-05-24Z,17:00:00Z,Defensores Vilelas,San Martín Formosa,,,Estadio del Club Defensores De Vilelas,,7,2026-04-11T17:39:29Z,1q9caek968o8ubc43inhg6uxg,Torneo Federal A,a08z7wsz0uqx90wsj33g65fcd,Argentina,South America,2026,data\south_america\argentina\torneo_federal_a\a08z7wsz0uqx90wsj33g65fcd\2026\fixture.json,,,
bebkst6ewzyfltzz7pug63or8,2026-05-24,2026-05-24Z,17:00:00Z,Bartolomé Mitre,Tucumán Central,,,Estadio Tito Cucchiaroni,,7,2026-04-11T17:39:30Z,1q9caek968o8ubc43inhg6uxg,Torneo Federal A,a08z7wsz0uqx90wsj33g65fcd,Argentina,South America,2026,data\south_america\argentina\torneo_federal_a\a08z7wsz0uqx90wsj33g65fcd\2026\fixture.json,,,
bdspuug191rwt57q6iae0x9g4,2026-05-24,2026-05-24Z,17:00:00Z,Sarmiento de La Banda,Boca Unidos,,,Estadio Ciudad de La Banda,,7,2026-04-11T17:39:30Z,1q9caek968o8ubc43inhg6uxg,Torneo Federal A,a08z7wsz0uqx90wsj33g65fcd,Argentina,South America,2026,data\south_america\argentina\torneo_federal_a\a08z7wsz0uqx90wsj33g65fcd\2026\fixture.json,,,
bda1mf5k6oksan6eoqwtxfdas,2026-05-24,2026-05-24Z,17:00:00Z,Juventud Antoniana,Sarmiento Resistencia,,,Estadio Fray Honorato Pistoia,,7,2026-04-11T17:39:30Z,1q9caek968o8ubc43inhg6uxg,Torneo Federal A,a08z7wsz0uqx90wsj33g65fcd,Argentina,South America,2026,data\south_america\argentina\torneo_federal_a\a08z7wsz0uqx90wsj33g65fcd\2026\fixture.json,,,
66cxnnf26asvk4n749fr7i3o4,2026-05-24,2026-05-24Z,17:00:00Z,Alvarado,Olimpo,,,Estadio José María Minella,,7,2026-04-11T17:39:28Z,1q9caek968o8ubc43inhg6uxg,Torneo Federal A,a08z7wsz0uqx90wsj33g65fcd,Argentina,South America,2026,data\south_america\argentina\torneo_federal_a\a08z7wsz0uqx90wsj33g65fcd\2026\fixture.json,,,
65tuysdk4csactxawptampxxw,2026-05-24,2026-05-24Z,17:00:00Z,Deportivo Santamarina,Guillermo Brown,,,Estadio Municipal General San Martín de Tandil,,7,2026-04-11T17:39:28Z,1q9caek968o8ubc43inhg6uxg,Torneo Federal A,a08z7wsz0uqx90wsj33g65fcd,Argentina,South America,2026,data\south_america\argentina\torneo_federal_a\a08z7wsz0uqx90wsj33g65fcd\2026\fixture.json,,,
657dd0o829wn2830421rz2o7o,2026-05-24,2026-05-24Z,17:00:00Z,Germinal de Rawson,Sol de Mayo,,,Estadio El Fortín,,7,2026-04-11T17:39:28Z,1q9caek968o8ubc43inhg6uxg,Torneo Federal A,a08z7wsz0uqx90wsj33g65fcd,Argentina,South America,2026,data\south_america\argentina\torneo_federal_a\a08z7wsz0uqx90wsj33g65fcd\2026\fixture.json,,,
64mebfd3ta520i28uv9mw5yj8,2026-05-24,2026-05-24Z,17:00:00Z,Villa Mitre,Kimberley Mar del Plata,,,Estadio El Fortín,,7,2026-04-11T17:39:28Z,1q9caek968o8ubc43inhg6uxg,Torneo Federal A,a08z7wsz0uqx90wsj33g65fcd,Argentina,South America,2026,data\south_america\argentina\torneo_federal_a\a08z7wsz0uqx90wsj33g65fcd\2026\fixture.json,,,
5qna11jvjiy5jpmdneoq4ew44,2026-05-24,2026-05-24Z,17:00:00Z,Gimnasia Concepción,Defensores Belgrano VR,,,Estadio Manuel y Ramón Núñez,,7,2026-04-11T17:39:27Z,1q9caek968o8ubc43inhg6uxg,Torneo Federal A,a08z7wsz0uqx90wsj33g65fcd,Argentina,South America,2026,data\south_america\argentina\torneo_federal_a\a08z7wsz0uqx90wsj33g65fcd\2026\fixture.json,,,
5q4wbe22a94d0j8wnx7atzqj8,2026-05-24,2026-05-24Z,17:00:00Z,Gimnasia Chivilcoy,Douglas Haig,,,Estadio José María Paz,,7,2026-04-11T17:39:27Z,1q9caek968o8ubc43inhg6uxg,Torneo Federal A,a08z7wsz0uqx90wsj33g65fcd,Argentina,South America,2026,data\south_america\argentina\torneo_federal_a\a08z7wsz0uqx90wsj33g65fcd\2026\fixture.json,,,
5pmul2y0nvh3qcjfwefhomyvo,2026-05-24,2026-05-24Z,17:00:00Z,9 de Julio Rafaela,Sportivo Belgrano,,,Estadio Germán Malacho Soltermam,,7,2026-04-11T17:39:27Z,1q9caek968o8ubc43inhg6uxg,Torneo Federal A,a08z7wsz0uqx90wsj33g65fcd,Argentina,South America,2026,data\south_america\argentina\torneo_federal_a\a08z7wsz0uqx90wsj33g65fcd\2026\fixture.json,,,
5p46sxcpdzkogjhhc3k88x6ac,2026-05-24,2026-05-24Z,17:00:00Z,Sportivo Las Parejas,El Linqueño,,,Estadio La Perrera,,7,2026-04-11T17:39:27Z,1q9caek968o8ubc43inhg6uxg,Torneo Federal A,a08z7wsz0uqx90wsj33g65fcd,Argentina,South America,2026,data\south_america\argentina\torneo_federal_a\a08z7wsz0uqx90wsj33g65fcd\2026\fixture.json,,,
5omdd6xosrsrboc5vkr8sbqc4,2026-05-24,2026-05-24Z,17:00:00Z,Atlético Escobar,Independiente Chivilcoy,,,Estadio Armenia,,7,2026-04-11T17:39:26Z,1q9caek968o8ubc43inhg6uxg,Torneo Federal A,a08z7wsz0uqx90wsj33g65fcd,Argentina,South America,2026,data\south_america\argentina\torneo_federal_a\a08z7wsz0uqx90wsj33g65fcd\2026\fixture.json,,,
1ewjs6qwwhg0qrg48obicfgno,2026-05-24,2026-05-24Z,17:00:00Z,Cipolletti,Atenas,,,Estadio La Visera de Cemento,,7,2026-04-11T17:39:29Z,1q9caek968o8ubc43inhg6uxg,Torneo Federal A,a08z7wsz0uqx90wsj33g65fcd,Argentina,South America,2026,data\south_america\argentina\torneo_federal_a\a08z7wsz0uqx90wsj33g65fcd\2026\fixture.json,,,
1e2hftfh3zrnxf1eb0qrm5n2s,2026-05-24,2026-05-24Z,17:00:00Z,Juventud Unida Univ.,San Martín Mendoza,,,Estadio Mario Sebastián Diez,,7,2026-04-11T17:39:29Z,1q9caek968o8ubc43inhg6uxg,Torneo Federal A,a08z7wsz0uqx90wsj33g65fcd,Argentina,South America,2026,data\south_america\argentina\torneo_federal_a\a08z7wsz0uqx90wsj33g65fcd\2026\fixture.json,,,
1djksm5xkz5nfoeml5ajt7pjo,2026-05-24,2026-05-24Z,17:00:00Z,Argentino Monte Maíz,Huracán Las Heras,,,Estadio Modesto Marrone,,7,2026-04-11T17:39:29Z,1q9caek968o8ubc43inhg6uxg,Torneo Federal A,a08z7wsz0uqx90wsj33g65fcd,Argentina,South America,2026,data\south_america\argentina\torneo_federal_a\a08z7wsz0uqx90wsj33g65fcd\2026\fixture.json,,,
1d1aq8suq6a550jbu08avekgk,2026-05-24,2026-05-24Z,17:00:00Z,FADEP,Costa Brava,,,Predio Social y Deportivo FADEP,,7,2026-04-11T17:39:29Z,1q9caek968o8ubc43inhg6uxg,Torneo Federal A,a08z7wsz0uqx90wsj33g65fcd,Argentina,South America,2026,data\south_america\argentina\torneo_federal_a\a08z7wsz0uqx90wsj33g65fcd\2026\fixture.json,,,
bcs0q4bx8u19khqykjdyuc104,2026-05-17,2026-05-17Z,17:00:00Z,Sol de América,Sarmiento Resistencia,,,Estadio Club Sol de América Formosa,,7,2026-04-11T17:38:22Z,1q9caek968o8ubc43inhg6uxg,Torneo Federal A,a08z7wsz0uqx90wsj33g65fcd,Argentina,South America,2026,data\south_america\argentina\torneo_federal_a\a08z7wsz0uqx90wsj33g65fcd\2026\fixture.json,,,
bca8llm4chxrza7yaqm48eh3o,2026-05-17,2026-05-17Z,17:00:00Z,Juventud Antoniana,Boca Unidos,,,Estadio Fray Honorato Pistoia,,7,2026-04-11T17:38:23Z,1q9caek968o8ubc43inhg6uxg,Torneo Federal A,a08z7wsz0uqx90wsj33g65fcd,Argentina,South America,2026,data\south_america\argentina\torneo_federal_a\a08z7wsz0uqx90wsj33g65fcd\2026\fixture.json,,,
bbrd9gi2tdbrkx5tjvi60pd04,2026-05-17,2026-05-17Z,17:00:00Z,Sarmiento de La Banda,Tucumán Central,,,Estadio Ciudad de La Banda,,7,2026-04-11T17:38:23Z,1q9caek968o8ubc43inhg6uxg,Torneo Federal A,a08z7wsz0uqx90wsj33g65fcd,Argentina,South America,2026,data\south_america\argentina\torneo_federal_a\a08z7wsz0uqx90wsj33g65fcd\2026\fixture.json,,,
bb9i1omn8fw30ummqo1osja50,2026-05-17,2026-05-17Z,17:00:00Z,Bartolomé Mitre,San Martín Formosa,,,Estadio Tito Cucchiaroni,,7,2026-04-11T17:38:23Z,1q9caek968o8ubc43inhg6uxg,Torneo Federal A,a08z7wsz0uqx90wsj33g65fcd,Argentina,South America,2026,data\south_america\argentina\torneo_federal_a\a08z7wsz0uqx90wsj33g65fcd\2026\fixture.json,,,
644csn8b3mbzthgxxz30g3w9g,2026-05-17,2026-05-17Z,17:00:00Z,Circulo Deportivo,Kimberley Mar del Plata,,,Estadio Guillermo Trama,,7,2026-04-11T17:38:21Z,1q9caek968o8ubc43inhg6uxg,Torneo Federal A,a08z7wsz0uqx90wsj33g65fcd,Argentina,South America,2026,data\south_america\argentina\torneo_federal_a\a08z7wsz0uqx90wsj33g65fcd\2026\fixture.json,,,
63lovymhfdq19bnzjmj5mpclw,2026-05-17,2026-05-17Z,17:00:00Z,Villa Mitre,Sol de Mayo,,,Estadio El Fortín,,7,2026-04-11T17:38:21Z,1q9caek968o8ubc43inhg6uxg,Torneo Federal A,a08z7wsz0uqx90wsj33g65fcd,Argentina,South America,2026,data\south_america\argentina\torneo_federal_a\a08z7wsz0uqx90wsj33g65fcd\2026\fixture.json,,,
633rxdw0xmnqewnr9a0h0d6hg,2026-05-17,2026-05-17Z,17:00:00Z,Germinal de Rawson,Guillermo Brown,,,Estadio El Fortín,,7,2026-04-11T17:38:21Z,1q9caek968o8ubc43inhg6uxg,Torneo Federal A,a08z7wsz0uqx90wsj33g65fcd,Argentina,South America,2026,data\south_america\argentina\torneo_federal_a\a08z7wsz0uqx90wsj33g65fcd\2026\fixture.json,,,
62lrx90se6pykp5qsdepnea6s,2026-05-17,2026-05-17Z,17:00:00Z,Deportivo Santamarina,Olimpo,,,Estadio Municipal General San Martín de Tandil,,7,2026-04-11T17:38:21Z,1q9caek968o8ubc43inhg6uxg,Torneo Federal A,a08z7wsz0uqx90wsj33g65fcd,Argentina,South America,2026,data\south_america\argentina\torneo_federal_a\a08z7wsz0uqx90wsj33g65fcd\2026\fixture.json,,,
5o4rpwxz4cgbo37k814d7on4k,2026-05-17,2026-05-17Z,17:00:00Z,Sportivo Las Parejas,Independiente Chivilcoy,,,Estadio La Perrera,,7,2026-04-11T17:38:20Z,1q9caek968o8ubc43inhg6uxg,Torneo Federal A,a08z7wsz0uqx90wsj33g65fcd,Argentina,South America,2026,data\south_america\argentina\torneo_federal_a\a08z7wsz0uqx90wsj33g65fcd\2026\fixture.json,,,
5nn3j0orprl05yx50w8wbkv84,2026-05-17,2026-05-17Z,17:00:00Z,Atlético Escobar,Sportivo Belgrano,,,Estadio Armenia,,7,2026-04-11T17:38:20Z,1q9caek968o8ubc43inhg6uxg,Torneo Federal A,a08z7wsz0uqx90wsj33g65fcd,Argentina,South America,2026,data\south_america\argentina\torneo_federal_a\a08z7wsz0uqx90wsj33g65fcd\2026\fixture.json,,,
5n3jjcsk1fxze6vwov8jl4f10,2026-05-17,2026-05-17Z,17:00:00Z,9 de Julio Rafaela,Douglas Haig,,,Estadio Germán Malacho Soltermam,,7,2026-04-11T17:38:20Z,1q9caek968o8ubc43inhg6uxg,Torneo Federal A,a08z7wsz0uqx90wsj33g65fcd,Argentina,South America,2026,data\south_america\argentina\torneo_federal_a\a08z7wsz0uqx90wsj33g65fcd\2026\fixture.json,,,
5mjx1i21km3wgrw1vinsucopg,2026-05-17,2026-05-17Z,17:00:00Z,Gimnasia Chivilcoy,Defensores Belgrano VR,,,Estadio José María Paz,,7,2026-04-11T17:38:20Z,1q9caek968o8ubc43inhg6uxg,Torneo Federal A,a08z7wsz0uqx90wsj33g65fcd,Argentina,South America,2026,data\south_america\argentina\torneo_federal_a\a08z7wsz0uqx90wsj33g65fcd\2026\fixture.json,,,
5lzn8rvg42urx4a1vtyc0ovmc,2026-05-17,2026-05-17Z,17:00:00Z,El Linqueño,Gimnasia Concepción,,,Estadio Leonardo Costa,,7,2026-04-11T17:38:19Z,1q9caek968o8ubc43inhg6uxg,Torneo Federal A,a08z7wsz0uqx90wsj33g65fcd,Argentina,South America,2026,data\south_america\argentina\torneo_federal_a\a08z7wsz0uqx90wsj33g65fcd\2026\fixture.json,,,
1cbzc9ytjfam03e20qu4w6m8k,2026-05-17,2026-05-17Z,17:00:00Z,Deportivo Rincón,Costa Brava,,,Estadio Gremio de Los Petroleros,,7,2026-04-11T17:38:22Z,1q9caek968o8ubc43inhg6uxg,Torneo Federal A,a08z7wsz0uqx90wsj33g65fcd,Argentina,South America,2026,data\south_america\argentina\torneo_federal_a\a08z7wsz0uqx90wsj33g65fcd\2026\fixture.json,,,
1buqj50w89fpyt26sjt6o4ljo,2026-05-17,2026-05-17Z,17:00:00Z,FADEP,Huracán Las Heras,,,Predio Social y Deportivo FADEP,,7,2026-04-11T17:38:22Z,1q9caek968o8ubc43inhg6uxg,Torneo Federal A,a08z7wsz0uqx90wsj33g65fcd,Argentina,South America,2026,data\south_america\argentina\torneo_federal_a\a08z7wsz0uqx90wsj33g65fcd\2026\fixture.json,,,
1b8mend4ry8u6v5b7mj7q35sk,2026-05-17,2026-05-17Z,17:00:00Z,Argentino Monte Maíz,San Martín Mendoza,,,Estadio Modesto Marrone,,7,2026-04-11T17:38:22Z,1q9caek968o8ubc43inhg6uxg,Torneo Federal A,a08z7wsz0uqx90wsj33g65fcd,Argentina,South America,2026,data\south_america\argentina\torneo_federal_a\a08z7wsz0uqx90wsj33g65fcd\2026\fixture.json,,,
1ajqh3fln8fab9zpzg4djczkk,2026-05-17,2026-05-17Z,17:00:00Z,Juventud Unida Univ.,Atenas,,,Estadio Mario Sebastián Diez,,7,2026-04-11T17:38:22Z,1q9caek968o8ubc43inhg6uxg,Torneo Federal A,a08z7wsz0uqx90wsj33g65fcd,Argentina,South America,2026,data\south_america\argentina\torneo_federal_a\a08z7wsz0uqx90wsj33g65fcd\2026\fixture.json,,,
bam4p5tfr80nwb38e7zceej2s,2026-05-10,2026-05-10Z,17:00:00Z,Defensores Vilelas,Bartolomé Mitre,,,Estadio del Club Defensores De Vilelas,,7,2026-04-09T20:47:37Z,1q9caek968o8ubc43inhg6uxg,Torneo Federal A,a08z7wsz0uqx90wsj33g65fcd,Argentina,South America,2026,data\south_america\argentina\torneo_federal_a\a08z7wsz0uqx90wsj33g65fcd\2026\fixture.json,,,
ba3q9n6fzallgr2k26pe9v0no,2026-05-10,2026-05-10Z,17:00:00Z,San Martín Formosa,Sarmiento de La Banda,,,Estadio 17 de Octubre,,7,2026-04-09T20:47:37Z,1q9caek968o8ubc43inhg6uxg,Torneo Federal A,a08z7wsz0uqx90wsj33g65fcd,Argentina,South America,2026,data\south_america\argentina\torneo_federal_a\a08z7wsz0uqx90wsj33g65fcd\2026\fixture.json,,,
b9m0493w09dm3l2czwczgrg2c,2026-05-10,2026-05-10Z,17:00:00Z,Tucumán Central,Juventud Antoniana,,,Cancha Club Tucumán Central,,7,2026-04-09T20:47:37Z,1q9caek968o8ubc43inhg6uxg,Torneo Federal A,a08z7wsz0uqx90wsj33g65fcd,Argentina,South America,2026,data\south_america\argentina\torneo_federal_a\a08z7wsz0uqx90wsj33g65fcd\2026\fixture.json,,,
b9367fcin5qja5h7loa7dhjis,2026-05-10,2026-05-10Z,17:00:00Z,Boca Unidos,Sol de América,,,Estadio José Antonio Romero Feris,,7,2026-04-09T20:47:37Z,1q9caek968o8ubc43inhg6uxg,Torneo Federal A,a08z7wsz0uqx90wsj33g65fcd,Argentina,South America,2026,data\south_america\argentina\torneo_federal_a\a08z7wsz0uqx90wsj33g65fcd\2026\fixture.json,,,
6220d0wrddvlhmpsjrul1nz10,2026-05-10,2026-05-10Z,17:00:00Z,Alvarado,Deportivo Santamarina,,,Estadio José María Minella,,7,2026-04-09T20:47:35Z,1q9caek968o8ubc43inhg6uxg,Torneo Federal A,a08z7wsz0uqx90wsj33g65fcd,Argentina,South America,2026,data\south_america\argentina\torneo_federal_a\a08z7wsz0uqx90wsj33g65fcd\2026\fixture.json,,,
61k9ubtoygvbktupllif82gwk,2026-05-10,2026-05-10Z,17:00:00Z,Olimpo,Germinal de Rawson,,,Estadio Roberto Natalio Carminatti,,7,2026-04-09T20:47:35Z,1q9caek968o8ubc43inhg6uxg,Torneo Federal A,a08z7wsz0uqx90wsj33g65fcd,Argentina,South America,2026,data\south_america\argentina\torneo_federal_a\a08z7wsz0uqx90wsj33g65fcd\2026\fixture.json,,,
612f0034ghoxzf56kblvppgr8,2026-05-10,2026-05-10Z,17:00:00Z,Guillermo Brown,Villa Mitre,,,Estadio Raúl Conti,,7,2026-04-09T20:47:35Z,1q9caek968o8ubc43inhg6uxg,Torneo Federal A,a08z7wsz0uqx90wsj33g65fcd,Argentina,South America,2026,data\south_america\argentina\torneo_federal_a\a08z7wsz0uqx90wsj33g65fcd\2026\fixture.json,,,
60jyfab8ezwjiodz1lb7sghsk,2026-05-10,2026-05-10Z,17:00:00Z,Sol de Mayo,Circulo Deportivo,,,Estadio Sol De Mayo,,7,2026-04-09T20:47:35Z,1q9caek968o8ubc43inhg6uxg,Torneo Federal A,a08z7wsz0uqx90wsj33g65fcd,Argentina,South America,2026,data\south_america\argentina\torneo_federal_a\a08z7wsz0uqx90wsj33g65fcd\2026\fixture.json,,,
5lhpzv0t204aqr2ux00sb6wpg,2026-05-10,2026-05-10Z,17:00:00Z,Gimnasia Concepción,Gimnasia Chivilcoy,,,Estadio Manuel y Ramón Núñez,,7,2026-04-09T20:47:34Z,1q9caek968o8ubc43inhg6uxg,Torneo Federal A,a08z7wsz0uqx90wsj33g65fcd,Argentina,South America,2026,data\south_america\argentina\torneo_federal_a\a08z7wsz0uqx90wsj33g65fcd\2026\fixture.json,,,
5kzq9bt9rp2t2us510rlem8es,2026-05-10,2026-05-10Z,17:00:00Z,Defensores Belgrano VR,9 de Julio Rafaela,,,Estadio Salomón Boeseldín,,7,2026-04-09T20:47:34Z,1q9caek968o8ubc43inhg6uxg,Torneo Federal A,a08z7wsz0uqx90wsj33g65fcd,Argentina,South America,2026,data\south_america\argentina\torneo_federal_a\a08z7wsz0uqx90wsj33g65fcd\2026\fixture.json,,,
5khxb09wmgze1ivts50qic07o,2026-05-10,2026-05-10Z,17:00:00Z,Douglas Haig,Atlético Escobar,,,Estadio Miguel Morales,,7,2026-04-09T20:47:34Z,1q9caek968o8ubc43inhg6uxg,Torneo Federal A,a08z7wsz0uqx90wsj33g65fcd,Argentina,South America,2026,data\south_america\argentina\torneo_federal_a\a08z7wsz0uqx90wsj33g65fcd\2026\fixture.json,,,
5jzxaz8xkbwdil3w89l46cgt0,2026-05-10,2026-05-10Z,17:00:00Z,Sportivo Belgrano,Sportivo Las Parejas,,,Estadio Juan Pablo Francia,,7,2026-04-09T20:47:34Z,1q9caek968o8ubc43inhg6uxg,Torneo Federal A,a08z7wsz0uqx90wsj33g65fcd,Argentina,South America,2026,data\south_america\argentina\torneo_federal_a\a08z7wsz0uqx90wsj33g65fcd\2026\fixture.json,,,
5ji0sqcg4o5v34hihq850c1ec,2026-05-10,2026-05-10Z,17:00:00Z,Independiente Chivilcoy,El Linqueño,,,Estadio Raúl Orlando Lungarzo,,7,2026-04-09T20:47:33Z,1q9caek968o8ubc43inhg6uxg,Torneo Federal A,a08z7wsz0uqx90wsj33g65fcd,Argentina,South America,2026,data\south_america\argentina\torneo_federal_a\a08z7wsz0uqx90wsj33g65fcd\2026\fixture.json,,,
19fcrahj6fuvan1m4wxtgjris,2026-05-10,2026-05-10Z,17:00:00Z,Cipolletti,Juventud Unida Univ.,,,Estadio La Visera de Cemento,,7,2026-04-09T20:47:36Z,1q9caek968o8ubc43inhg6uxg,Torneo Federal A,a08z7wsz0uqx90wsj33g65fcd,Argentina,South America,2026,data\south_america\argentina\torneo_federal_a\a08z7wsz0uqx90wsj33g65fcd\2026\fixture.json,,,
18gomnc59ktczhc69le4ws1ec,2026-05-10,2026-05-10Z,17:00:00Z,Atenas,Argentino Monte Maíz,,,Estadio 9 de Julio,,7,2026-04-09T20:47:36Z,1q9caek968o8ubc43inhg6uxg,Torneo Federal A,a08z7wsz0uqx90wsj33g65fcd,Argentina,South America,2026,data\south_america\argentina\torneo_federal_a\a08z7wsz0uqx90wsj33g65fcd\2026\fixture.json,,,
17mi3q0e8t5ndhjazpwzkg6qc,2026-05-10,2026-05-10Z,17:00:00Z,San Martín Mendoza,FADEP,,,Estadio General José de San Martín,,7,2026-04-09T20:47:36Z,1q9caek968o8ubc43inhg6uxg,Torneo Federal A,a08z7wsz0uqx90wsj33g65fcd,Argentina,South America,2026,data\south_america\argentina\torneo_federal_a\a08z7wsz0uqx90wsj33g65fcd\2026\fixture.json,,,
16qelhwncrfrot5zfzna67lec,2026-05-10,2026-05-10Z,17:00:00Z,Huracán Las Heras,Deportivo Rincón,,,Estadio General San Martín,,7,2026-04-09T20:47:36Z,1q9caek968o8ubc43inhg6uxg,Torneo Federal A,a08z7wsz0uqx90wsj33g65fcd,Argentina,South America,2026,data\south_america\argentina\torneo_federal_a\a08z7wsz0uqx90wsj33g65fcd\2026\fixture.json,,,
b8kacv304mxittbr3725479xw,2026-05-03,2026-05-03Z,17:00:00Z,Sarmiento Resistencia,Boca Unidos,,,Estadio Centenario del Club Atlético Sarmiento,,7,2026-04-09T20:46:39Z,1q9caek968o8ubc43inhg6uxg,Torneo Federal A,a08z7wsz0uqx90wsj33g65fcd,Argentina,South America,2026,data\south_america\argentina\torneo_federal_a\a08z7wsz0uqx90wsj33g65fcd\2026\fixture.json,,,
b82jhb77avytoynwklo5i94pg,2026-05-03,2026-05-03Z,17:00:00Z,Sol de América,Tucumán Central,,,Estadio Club Sol de América Formosa,,7,2026-04-09T20:46:39Z,1q9caek968o8ubc43inhg6uxg,Torneo Federal A,a08z7wsz0uqx90wsj33g65fcd,Argentina,South America,2026,data\south_america\argentina\torneo_federal_a\a08z7wsz0uqx90wsj33g65fcd\2026\fixture.json,,,
b7kog8uzy15itnox8rtsfuoes,2026-05-03,2026-05-03Z,17:00:00Z,Juventud Antoniana,San Martín Formosa,,,Estadio Fray Honorato Pistoia,,7,2026-04-09T20:46:39Z,1q9caek968o8ubc43inhg6uxg,Torneo Federal A,a08z7wsz0uqx90wsj33g65fcd,Argentina,South America,2026,data\south_america\argentina\torneo_federal_a\a08z7wsz0uqx90wsj33g65fcd\2026\fixture.json,,,
b72fcffvqzwex9gzghw3s5lw4,2026-05-03,2026-05-03Z,17:00:00Z,Sarmiento de La Banda,Defensores Vilelas,,,Estadio Ciudad de La Banda,,7,2026-04-09T20:46:40Z,1q9caek968o8ubc43inhg6uxg,Torneo Federal A,a08z7wsz0uqx90wsj33g65fcd,Argentina,South America,2026,data\south_america\argentina\torneo_federal_a\a08z7wsz0uqx90wsj33g65fcd\2026\fixture.json,,,
602ng0irmeebp9yn0qznn2nf8,2026-05-03,2026-05-03Z,17:00:00Z,Kimberley Mar del Plata,Sol de Mayo,,,Estadio José Antonio Valle,,7,2026-04-09T20:46:38Z,1q9caek968o8ubc43inhg6uxg,Torneo Federal A,a08z7wsz0uqx90wsj33g65fcd,Argentina,South America,2026,data\south_america\argentina\torneo_federal_a\a08z7wsz0uqx90wsj33g65fcd\2026\fixture.json,,,
5zkrw5sumk02p6ehvj017p990,2026-05-03,2026-05-03Z,17:00:00Z,Circulo Deportivo,Guillermo Brown,,,Estadio Guillermo Trama,,7,2026-04-09T20:46:37Z,1q9caek968o8ubc43inhg6uxg,Torneo Federal A,a08z7wsz0uqx90wsj33g65fcd,Argentina,South America,2026,data\south_america\argentina\torneo_federal_a\a08z7wsz0uqx90wsj33g65fcd\2026\fixture.json,,,
5z0j9uparaky4nclxxprak6xg,2026-05-03,2026-05-03Z,17:00:00Z,Villa Mitre,Olimpo,,,Estadio El Fortín,,7,2026-04-09T20:46:37Z,1q9caek968o8ubc43inhg6uxg,Torneo Federal A,a08z7wsz0uqx90wsj33g65fcd,Argentina,South America,2026,data\south_america\argentina\torneo_federal_a\a08z7wsz0uqx90wsj33g65fcd\2026\fixture.json,,,
5yi6j6q6lyearg29ra3so8i6s,2026-05-03,2026-05-03Z,17:00:00Z,Germinal de Rawson,Alvarado,,,Estadio El Fortín,,7,2026-04-09T20:46:38Z,1q9caek968o8ubc43inhg6uxg,Torneo Federal A,a08z7wsz0uqx90wsj33g65fcd,Argentina,South America,2026,data\south_america\argentina\torneo_federal_a\a08z7wsz0uqx90wsj33g65fcd\2026\fixture.json,,,
5ir9rxr982shckfq8lrhw9kwk,2026-05-03,2026-05-03Z,17:00:00Z,Independiente Chivilcoy,Sportivo Belgrano,,,Estadio Raúl Orlando Lungarzo,,7,2026-04-09T20:46:36Z,1q9caek968o8ubc43inhg6uxg,Torneo Federal A,a08z7wsz0uqx90wsj33g65fcd,Argentina,South America,2026,data\south_america\argentina\torneo_federal_a\a08z7wsz0uqx90wsj33g65fcd\2026\fixture.json,,,
5hzp4g0lieeuyf5qc7gwxvzf8,2026-05-03,2026-05-03Z,17:00:00Z,Sportivo Las Parejas,Douglas Haig,,,Estadio La Perrera,,7,2026-04-09T20:46:36Z,1q9caek968o8ubc43inhg6uxg,Torneo Federal A,a08z7wsz0uqx90wsj33g65fcd,Argentina,South America,2026,data\south_america\argentina\torneo_federal_a\a08z7wsz0uqx90wsj33g65fcd\2026\fixture.json,,,
5h5pbbiq9i9qe5vjqj19xn3f8,2026-05-03,2026-05-03Z,17:00:00Z,Atlético Escobar,Defensores Belgrano VR,,,Estadio Armenia,,7,2026-04-09T20:46:37Z,1q9caek968o8ubc43inhg6uxg,Torneo Federal A,a08z7wsz0uqx90wsj33g65fcd,Argentina,South America,2026,data\south_america\argentina\torneo_federal_a\a08z7wsz0uqx90wsj33g65fcd\2026\fixture.json,,,
5g9rb7acbel1jhb9ycejx8e1g,2026-05-03,2026-05-03Z,17:00:00Z,9 de Julio Rafaela,Gimnasia Concepción,,,Estadio Germán Malacho Soltermam,,7,2026-04-09T20:46:37Z,1q9caek968o8ubc43inhg6uxg,Torneo Federal A,a08z7wsz0uqx90wsj33g65fcd,Argentina,South America,2026,data\south_america\argentina\torneo_federal_a\a08z7wsz0uqx90wsj33g65fcd\2026\fixture.json,,,
5ffvd1g62owtr6p3nco58baj8,2026-05-03,2026-05-03Z,17:00:00Z,El Linqueño,Gimnasia Chivilcoy,,,Estadio Leonardo Costa,,7,2026-04-09T20:46:36Z,1q9caek968o8ubc43inhg6uxg,Torneo Federal A,a08z7wsz0uqx90wsj33g65fcd,Argentina,South America,2026,data\south_america\argentina\torneo_federal_a\a08z7wsz0uqx90wsj33g65fcd\2026\fixture.json,,,
15v4kqc3o3nja8g099pzq1o2c,2026-05-03,2026-05-03Z,17:00:00Z,Costa Brava,Huracán Las Heras,,,Estadio Nuevo Pacaembú,,7,2026-04-09T20:46:38Z,1q9caek968o8ubc43inhg6uxg,Torneo Federal A,a08z7wsz0uqx90wsj33g65fcd,Argentina,South America,2026,data\south_america\argentina\torneo_federal_a\a08z7wsz0uqx90wsj33g65fcd\2026\fixture.json,,,
14sy8tyqlylblfxl8ric5uzv8,2026-05-03,2026-05-03Z,17:00:00Z,Deportivo Rincón,San Martín Mendoza,,,Estadio Gremio de Los Petroleros,,7,2026-04-09T20:46:38Z,1q9caek968o8ubc43inhg6uxg,Torneo Federal A,a08z7wsz0uqx90wsj33g65fcd,Argentina,South America,2026,data\south_america\argentina\torneo_federal_a\a08z7wsz0uqx90wsj33g65fcd\2026\fixture.json,,,
13xsxkyz2fuy4guxwvilsb09g,2026-05-03,2026-05-03Z,17:00:00Z,FADEP,Atenas,,,Predio Social y Deportivo FADEP,,7,2026-04-09T20:46:39Z,1q9caek968o8ubc43inhg6uxg,Torneo Federal A,a08z7wsz0uqx90wsj33g65fcd,Argentina,South America,2026,data\south_america\argentina\torneo_federal_a\a08z7wsz0uqx90wsj33g65fcd\2026\fixture.json,,,
139gr0ehsrflkqu4ce0f32hw4,2026-05-03,2026-05-03Z,17:00:00Z,Argentino Monte Maíz,Cipolletti,,,Estadio Modesto Marrone,,7,2026-04-09T20:46:39Z,1q9caek968o8ubc43inhg6uxg,Torneo Federal A,a08z7wsz0uqx90wsj33g65fcd,Argentina,South America,2026,data\south_america\argentina\torneo_federal_a\a08z7wsz0uqx90wsj33g65fcd\2026\fixture.json,,,
b6kfwbz3zcs5dyjv075kpo4k4,2026-04-26,2026-04-26Z,17:00:00Z,Bartolomé Mitre,Sarmiento de La Banda,,,Estadio Tito Cucchiaroni,,7,2026-04-09T20:44:52Z,1q9caek968o8ubc43inhg6uxg,Torneo Federal A,a08z7wsz0uqx90wsj33g65fcd,Argentina,South America,2026,data\south_america\argentina\torneo_federal_a\a08z7wsz0uqx90wsj33g65fcd\2026\fixture.json,,,
b62lup5p8iu5hl6omu299ggt0,2026-04-26,2026-04-26Z,17:00:00Z,Defensores Vilelas,Juventud Antoniana,,,Estadio del Club Defensores De Vilelas,,7,2026-04-09T20:44:52Z,1q9caek968o8ubc43inhg6uxg,Torneo Federal A,a08z7wsz0uqx90wsj33g65fcd,Argentina,South America,2026,data\south_america\argentina\torneo_federal_a\a08z7wsz0uqx90wsj33g65fcd\2026\fixture.json,,,
b5j2jl1f5gx1r6uznyepd0ahg,2026-04-26,2026-04-26Z,17:00:00Z,San Martín Formosa,Sol de América,,,Estadio 17 de Octubre,,7,2026-04-09T20:44:52Z,1q9caek968o8ubc43inhg6uxg,Torneo Federal A,a08z7wsz0uqx90wsj33g65fcd,Argentina,South America,2026,data\south_america\argentina\torneo_federal_a\a08z7wsz0uqx90wsj33g65fcd\2026\fixture.json,,,
b51ih2wuqbxd76run7p551kb8,2026-04-26,2026-04-26Z,17:00:00Z,Tucumán Central,Sarmiento Resistencia,,,Cancha Club Tucumán Central,,7,2026-04-09T20:44:53Z,1q9caek968o8ubc43inhg6uxg,Torneo Federal A,a08z7wsz0uqx90wsj33g65fcd,Argentina,South America,2026,data\south_america\argentina\torneo_federal_a\a08z7wsz0uqx90wsj33g65fcd\2026\fixture.json,,,
5xzz7d216xza58wm10avjocus,2026-04-26,2026-04-26Z,17:00:00Z,Deportivo Santamarina,Germinal de Rawson,,,Estadio Municipal General San Martín de Tandil,,7,2026-04-09T20:44:51Z,1q9caek968o8ubc43inhg6uxg,Torneo Federal A,a08z7wsz0uqx90wsj33g65fcd,Argentina,South America,2026,data\south_america\argentina\torneo_federal_a\a08z7wsz0uqx90wsj33g65fcd\2026\fixture.json,,,
5xerm2gosjos5zcbupemnz8r8,2026-04-26,2026-04-26Z,17:00:00Z,Alvarado,Villa Mitre,,,Estadio José María Minella,,7,2026-04-09T20:44:50Z,1q9caek968o8ubc43inhg6uxg,Torneo Federal A,a08z7wsz0uqx90wsj33g65fcd,Argentina,South America,2026,data\south_america\argentina\torneo_federal_a\a08z7wsz0uqx90wsj33g65fcd\2026\fixture.json,,,
5wnori25ckz5izgjqnczy4vf8,2026-04-26,2026-04-26Z,17:00:00Z,Olimpo,Circulo Deportivo,,,Estadio Roberto Natalio Carminatti,,7,2026-04-09T20:44:50Z,1q9caek968o8ubc43inhg6uxg,Torneo Federal A,a08z7wsz0uqx90wsj33g65fcd,Argentina,South America,2026,data\south_america\argentina\torneo_federal_a\a08z7wsz0uqx90wsj33g65fcd\2026\fixture.json,,,
5w5i1omnkhkyzk8tu90ju6as4,2026-04-26,2026-04-26Z,17:00:00Z,Guillermo Brown,Kimberley Mar del Plata,,,Estadio Raúl Conti,,7,2026-04-09T20:44:50Z,1q9caek968o8ubc43inhg6uxg,Torneo Federal A,a08z7wsz0uqx90wsj33g65fcd,Argentina,South America,2026,data\south_america\argentina\torneo_federal_a\a08z7wsz0uqx90wsj33g65fcd\2026\fixture.json,,,
5evrbqzal0ukf18sjpyjed8gk,2026-04-26,2026-04-26Z,17:00:00Z,Gimnasia Chivilcoy,9 de Julio Rafaela,,,Estadio José María Paz,,7,2026-04-09T20:44:49Z,1q9caek968o8ubc43inhg6uxg,Torneo Federal A,a08z7wsz0uqx90wsj33g65fcd,Argentina,South America,2026,data\south_america\argentina\torneo_federal_a\a08z7wsz0uqx90wsj33g65fcd\2026\fixture.json,,,
5e74vs5yqv18ei8cw5ftqdkb8,2026-04-26,2026-04-26Z,17:00:00Z,Gimnasia Concepción,Atlético Escobar,,,Estadio Manuel y Ramón Núñez,,7,2026-04-09T20:44:49Z,1q9caek968o8ubc43inhg6uxg,Torneo Federal A,a08z7wsz0uqx90wsj33g65fcd,Argentina,South America,2026,data\south_america\argentina\torneo_federal_a\a08z7wsz0uqx90wsj33g65fcd\2026\fixture.json,,,
5dp5hsg1yfzljh3lzbsdt9f6c,2026-04-26,2026-04-26Z,17:00:00Z,Defensores Belgrano VR,Sportivo Las Parejas,,,Estadio Salomón Boeseldín,,7,2026-04-09T20:44:50Z,1q9caek968o8ubc43inhg6uxg,Torneo Federal A,a08z7wsz0uqx90wsj33g65fcd,Argentina,South America,2026,data\south_america\argentina\torneo_federal_a\a08z7wsz0uqx90wsj33g65fcd\2026\fixture.json,,,
5d785dhrmav7l2m37xf91ij2s,2026-04-26,2026-04-26Z,17:00:00Z,Douglas Haig,Independiente Chivilcoy,,,Estadio Miguel Morales,,7,2026-04-09T20:44:50Z,1q9caek968o8ubc43inhg6uxg,Torneo Federal A,a08z7wsz0uqx90wsj33g65fcd,Argentina,South America,2026,data\south_america\argentina\torneo_federal_a\a08z7wsz0uqx90wsj33g65fcd\2026\fixture.json,,,
5cpkqd52c57veu6yn4im84y6s,2026-04-26,2026-04-26Z,17:00:00Z,Sportivo Belgrano,El Linqueño,,,Estadio Juan Pablo Francia,,7,2026-04-09T20:44:49Z,1q9caek968o8ubc43inhg6uxg,Torneo Federal A,a08z7wsz0uqx90wsj33g65fcd,Argentina,South America,2026,data\south_america\argentina\torneo_federal_a\a08z7wsz0uqx90wsj33g65fcd\2026\fixture.json,,,
12n6egiyzfkmb1d97ubtq9clw,2026-04-26,2026-04-26Z,17:00:00Z,Juventud Unida Univ.,Argentino Monte Maíz,,,Estadio Mario Sebastián Diez,,7,2026-04-09T20:44:51Z,1q9caek968o8ubc43inhg6uxg,Torneo Federal A,a08z7wsz0uqx90wsj33g65fcd,Argentina,South America,2026,data\south_america\argentina\torneo_federal_a\a08z7wsz0uqx90wsj33g65fcd\2026\fixture.json,,,
124dkpapmj224z3kauxiqoc9g,2026-04-26,2026-04-26Z,17:00:00Z,Cipolletti,FADEP,,,Estadio La Visera de Cemento,,7,2026-04-09T20:44:51Z,1q9caek968o8ubc43inhg6uxg,Torneo Federal A,a08z7wsz0uqx90wsj33g65fcd,Argentina,South America,2026,data\south_america\argentina\torneo_federal_a\a08z7wsz0uqx90wsj33g65fcd\2026\fixture.json,,,
11l2173b4tc2wbjdyj5asdmac,2026-04-26,2026-04-26Z,17:00:00Z,Atenas,Deportivo Rincón,,,Estadio 9 de Julio,,7,2026-04-09T20:44:51Z,1q9caek968o8ubc43inhg6uxg,Torneo Federal A,a08z7wsz0uqx90wsj33g65fcd,Argentina,South America,2026,data\south_america\argentina\torneo_federal_a\a08z7wsz0uqx90wsj33g65fcd\2026\fixture.json,,,
1140l7nksmwifob20zdrbe1hw,2026-04-26,2026-04-26Z,17:00:00Z,San Martín Mendoza,Costa Brava,,,Estadio General José de San Martín,,7,2026-04-09T20:44:52Z,1q9caek968o8ubc43inhg6uxg,Torneo Federal A,a08z7wsz0uqx90wsj33g65fcd,Argentina,South America,2026,data\south_america\argentina\torneo_federal_a\a08z7wsz0uqx90wsj33g65fcd\2026\fixture.json,,,
zp9pxmgnts9sjfowvxw4gs2c,2026-04-19,2026-04-19Z,17:00:00Z,Deportivo Rincón,Cipolletti,,,Estadio Gremio de Los Petroleros,,7,2026-04-07T22:16:39Z,1q9caek968o8ubc43inhg6uxg,Torneo Federal A,a08z7wsz0uqx90wsj33g65fcd,Argentina,South America,2026,data\south_america\argentina\torneo_federal_a\a08z7wsz0uqx90wsj33g65fcd\2026\fixture.json,,,
z8gj9v07zzhb3rs34f7eq1w4,2026-04-19,2026-04-19Z,17:00:00Z,FADEP,Juventud Unida Univ.,,,Predio Social y Deportivo FADEP,,7,2026-04-07T22:16:39Z,1q9caek968o8ubc43inhg6uxg,Torneo Federal A,a08z7wsz0uqx90wsj33g65fcd,Argentina,South America,2026,data\south_america\argentina\torneo_federal_a\a08z7wsz0uqx90wsj33g65fcd\2026\fixture.json,,,
b4k3jfry2v7o3t1d4ha82yfpw,2026-04-19,2026-04-19Z,17:00:00Z,Boca Unidos,Tucumán Central,,,Estadio José Antonio Romero Feris,,7,2026-04-07T22:16:37Z,1q9caek968o8ubc43inhg6uxg,Torneo Federal A,a08z7wsz0uqx90wsj33g65fcd,Argentina,South America,2026,data\south_america\argentina\torneo_federal_a\a08z7wsz0uqx90wsj33g65fcd\2026\fixture.json,,,
b42q1b8vi3z06n54gs42n5b10,2026-04-19,2026-04-19Z,17:00:00Z,Sarmiento Resistencia,San Martín Formosa,,,Estadio Centenario del Club Atlético Sarmiento,,7,2026-04-07T22:16:37Z,1q9caek968o8ubc43inhg6uxg,Torneo Federal A,a08z7wsz0uqx90wsj33g65fcd,Argentina,South America,2026,data\south_america\argentina\torneo_federal_a\a08z7wsz0uqx90wsj33g65fcd\2026\fixture.json,,,
b3laspl8ze9pfkhj8vgh664gk,2026-04-19,2026-04-19Z,17:00:00Z,Sol de América,Defensores Vilelas,,,Estadio Club Sol de América Formosa,,7,2026-04-07T22:16:36Z,1q9caek968o8ubc43inhg6uxg,Torneo Federal A,a08z7wsz0uqx90wsj33g65fcd,Argentina,South America,2026,data\south_america\argentina\torneo_federal_a\a08z7wsz0uqx90wsj33g65fcd\2026\fixture.json,,,
b33v1it2qdhk4zm1pyv7u2sd0,2026-04-19,2026-04-19Z,17:00:00Z,Juventud Antoniana,Bartolomé Mitre,,,Estadio Fray Honorato Pistoia,,7,2026-04-07T22:16:36Z,1q9caek968o8ubc43inhg6uxg,Torneo Federal A,a08z7wsz0uqx90wsj33g65fcd,Argentina,South America,2026,data\south_america\argentina\torneo_federal_a\a08z7wsz0uqx90wsj33g65fcd\2026\fixture.json,,,
5voaefkgg3aad1uo2zk3dq8es,2026-04-19,2026-04-19Z,17:00:00Z,Sol de Mayo,Guillermo Brown,,,Estadio Sol De Mayo,,7,2026-04-07T22:16:38Z,1q9caek968o8ubc43inhg6uxg,Torneo Federal A,a08z7wsz0uqx90wsj33g65fcd,Argentina,South America,2026,data\south_america\argentina\torneo_federal_a\a08z7wsz0uqx90wsj33g65fcd\2026\fixture.json,,,
5v71u2eunhwg2f38qsryiffh0,2026-04-19,2026-04-19Z,17:00:00Z,Kimberley Mar del Plata,Olimpo,,,Estadio José Antonio Valle,,7,2026-04-07T22:16:37Z,1q9caek968o8ubc43inhg6uxg,Torneo Federal A,a08z7wsz0uqx90wsj33g65fcd,Argentina,South America,2026,data\south_america\argentina\torneo_federal_a\a08z7wsz0uqx90wsj33g65fcd\2026\fixture.json,,,
5uoef3s3t8buicmmzinys68t0,2026-04-19,2026-04-19Z,17:00:00Z,Circulo Deportivo,Alvarado,,,Estadio Guillermo Trama,,7,2026-04-07T22:16:37Z,1q9caek968o8ubc43inhg6uxg,Torneo Federal A,a08z7wsz0uqx90wsj33g65fcd,Argentina,South America,2026,data\south_america\argentina\torneo_federal_a\a08z7wsz0uqx90wsj33g65fcd\2026\fixture.json,,,
5u75nu9gxt0xyx0mz86stcydw,2026-04-19,2026-04-19Z,17:00:00Z,Villa Mitre,Deportivo Santamarina,,,Estadio El Fortín,,7,2026-04-07T22:16:38Z,1q9caek968o8ubc43inhg6uxg,Torneo Federal A,a08z7wsz0uqx90wsj33g65fcd,Argentina,South America,2026,data\south_america\argentina\torneo_federal_a\a08z7wsz0uqx90wsj33g65fcd\2026\fixture.json,,,
5c7uug8wk28acu1mr85m0ack4,2026-04-19,2026-04-19Z,17:00:00Z,Sportivo Belgrano,Douglas Haig,,,Estadio Juan Pablo Francia,,7,2026-04-07T22:16:36Z,1q9caek968o8ubc43inhg6uxg,Torneo Federal A,a08z7wsz0uqx90wsj33g65fcd,Argentina,South America,2026,data\south_america\argentina\torneo_federal_a\a08z7wsz0uqx90wsj33g65fcd\2026\fixture.json,,,
5bm7nbqcp3ly7ypbuiua281zo,2026-04-19,2026-04-19Z,17:00:00Z,Independiente Chivilcoy,Defensores Belgrano VR,,,Estadio Raúl Orlando Lungarzo,,7,2026-04-07T22:16:36Z,1q9caek968o8ubc43inhg6uxg,Torneo Federal A,a08z7wsz0uqx90wsj33g65fcd,Argentina,South America,2026,data\south_america\argentina\torneo_federal_a\a08z7wsz0uqx90wsj33g65fcd\2026\fixture.json,,,
5b4n8xl3psydryvlohohksvf8,2026-04-19,2026-04-19Z,17:00:00Z,Sportivo Las Parejas,Gimnasia Concepción,,,Estadio La Perrera,,7,2026-04-07T22:16:36Z,1q9caek968o8ubc43inhg6uxg,Torneo Federal A,a08z7wsz0uqx90wsj33g65fcd,Argentina,South America,2026,data\south_america\argentina\torneo_federal_a\a08z7wsz0uqx90wsj33g65fcd\2026\fixture.json,,,
5akndgvqo6palgd7zcvc078d0,2026-04-19,2026-04-19Z,17:00:00Z,Atlético Escobar,Gimnasia Chivilcoy,,,Estadio Armenia,,7,2026-04-07T22:16:35Z,1q9caek968o8ubc43inhg6uxg,Torneo Federal A,a08z7wsz0uqx90wsj33g65fcd,Argentina,South America,2026,data\south_america\argentina\torneo_federal_a\a08z7wsz0uqx90wsj33g65fcd\2026\fixture.json,,,
5a2gcszh13rz88hxgniosdxck,2026-04-19,2026-04-19Z,17:00:00Z,El Linqueño,9 de Julio Rafaela,,,Estadio Leonardo Costa,,7,2026-04-07T22:16:35Z,1q9caek968o8ubc43inhg6uxg,Torneo Federal A,a08z7wsz0uqx90wsj33g65fcd,Argentina,South America,2026,data\south_america\argentina\torneo_federal_a\a08z7wsz0uqx90wsj33g65fcd\2026\fixture.json,,,
10n4mluem6by60fjx998viql0,2026-04-19,2026-04-19Z,17:00:00Z,Huracán Las Heras,San Martín Mendoza,,,Estadio General San Martín,,7,2026-04-07T22:16:38Z,1q9caek968o8ubc43inhg6uxg,Torneo Federal A,a08z7wsz0uqx90wsj33g65fcd,Argentina,South America,2026,data\south_america\argentina\torneo_federal_a\a08z7wsz0uqx90wsj33g65fcd\2026\fixture.json,,,
106czl6yu1piykmcrs8q616ok,2026-04-19,2026-04-19Z,17:00:00Z,Costa Brava,Atenas,,,Estadio Nuevo Pacaembú,,7,2026-04-07T22:16:38Z,1q9caek968o8ubc43inhg6uxg,Torneo Federal A,a08z7wsz0uqx90wsj33g65fcd,Argentina,South America,2026,data\south_america\argentina\torneo_federal_a\a08z7wsz0uqx90wsj33g65fcd\2026\fixture.json,,,
b1lw55q7hvp04f13dgecnt53o,2026-04-13,2026-04-13Z,23:30:00Z,Defensores Vilelas,Sarmiento Resistencia,,,Estadio del Club Defensores De Vilelas,,7,2026-04-08T23:52:33Z,1q9caek968o8ubc43inhg6uxg,Torneo Federal A,a08z7wsz0uqx90wsj33g65fcd,Argentina,South America,2026,data\south_america\argentina\torneo_federal_a\a08z7wsz0uqx90wsj33g65fcd\2026\fixture.json,,,
b2lqx30f3wps420hi72nzsb2s,2026-04-12,2026-04-12Z,22:00:00Z,Sarmiento de La Banda,Juventud Antoniana,,,Estadio Ciudad de La Banda,,7,2026-04-08T23:52:09Z,1q9caek968o8ubc43inhg6uxg,Torneo Federal A,a08z7wsz0uqx90wsj33g65fcd,Argentina,South America,2026,data\south_america\argentina\torneo_federal_a\a08z7wsz0uqx90wsj33g65fcd\2026\fixture.json,,,
59l6cvawf5hq3r17swwpsbg2c,2026-04-12,2026-04-12Z,20:00:00Z,9 de Julio Rafaela,Atlético Escobar,,,Estadio Germán Malacho Soltermam,,7,2026-04-08T23:52:32Z,1q9caek968o8ubc43inhg6uxg,Torneo Federal A,a08z7wsz0uqx90wsj33g65fcd,Argentina,South America,2026,data\south_america\argentina\torneo_federal_a\a08z7wsz0uqx90wsj33g65fcd\2026\fixture.json,,,
xceu106ov2ewxzw0mv2190yc,2026-04-12,2026-04-12Z,19:30:00Z,Atenas,Huracán Las Heras,,,Estadio 9 de Julio,,7,2026-04-08T23:54:36Z,1q9caek968o8ubc43inhg6uxg,Torneo Federal A,a08z7wsz0uqx90wsj33g65fcd,Argentina,South America,2026,data\south_america\argentina\torneo_federal_a\a08z7wsz0uqx90wsj33g65fcd\2026\fixture.json,,,
b1343wlb1d453ctdxnqcsmm8k,2026-04-12,2026-04-12Z,19:30:00Z,San Martín Formosa,Boca Unidos,,,Estadio 17 de Octubre,,7,2026-04-08T23:52:33Z,1q9caek968o8ubc43inhg6uxg,Torneo Federal A,a08z7wsz0uqx90wsj33g65fcd,Argentina,South America,2026,data\south_america\argentina\torneo_federal_a\a08z7wsz0uqx90wsj33g65fcd\2026\fixture.json,,,
57kkr3n1h2czixjim8qn72tqs,2026-04-12,2026-04-12Z,19:30:00Z,Douglas Haig,El Linqueño,,,Estadio Miguel Morales,,7,2026-04-08T23:52:32Z,1q9caek968o8ubc43inhg6uxg,Torneo Federal A,a08z7wsz0uqx90wsj33g65fcd,Argentina,South America,2026,data\south_america\argentina\torneo_federal_a\a08z7wsz0uqx90wsj33g65fcd\2026\fixture.json,,,
yrh1d392138z1wcifie0usyc,2026-04-12,2026-04-12Z,19:00:00Z,Argentino Monte Maíz,FADEP,,,Estadio Modesto Marrone,,7,2026-04-08T23:54:36Z,1q9caek968o8ubc43inhg6uxg,Torneo Federal A,a08z7wsz0uqx90wsj33g65fcd,Argentina,South America,2026,data\south_america\argentina\torneo_federal_a\a08z7wsz0uqx90wsj33g65fcd\2026\fixture.json,,,
5926ujesbcaazk2rrlxi9y39w,2026-04-12,2026-04-12Z,19:00:00Z,Gimnasia Chivilcoy,Sportivo Las Parejas,,,Estadio José María Paz,,7,2026-04-08T23:52:32Z,1q9caek968o8ubc43inhg6uxg,Torneo Federal A,a08z7wsz0uqx90wsj33g65fcd,Argentina,South America,2026,data\south_america\argentina\torneo_federal_a\a08z7wsz0uqx90wsj33g65fcd\2026\fixture.json,,,
582eihyulwvuvzwd2biwb22vo,2026-04-12,2026-04-12Z,19:00:00Z,Defensores Belgrano VR,Sportivo Belgrano,,,Estadio Salomón Boeseldín,,7,2026-04-08T23:52:32Z,1q9caek968o8ubc43inhg6uxg,Torneo Federal A,a08z7wsz0uqx90wsj33g65fcd,Argentina,South America,2026,data\south_america\argentina\torneo_federal_a\a08z7wsz0uqx90wsj33g65fcd\2026\fixture.json,,,
ya8y283mpt390iftly98nbis,2026-04-12,2026-04-12Z,18:30:00Z,Juventud Unida Univ.,Deportivo Rincón,,,Estadio Mario Sebastián Diez,,7,2026-04-08T23:54:36Z,1q9caek968o8ubc43inhg6uxg,Torneo Federal A,a08z7wsz0uqx90wsj33g65fcd,Argentina,South America,2026,data\south_america\argentina\torneo_federal_a\a08z7wsz0uqx90wsj33g65fcd\2026\fixture.json,,,
xt6zpze3ptbfa4pwmscso74k,2026-04-12,2026-04-12Z,18:30:00Z,Cipolletti,Costa Brava,,,Estadio La Visera de Cemento,,7,2026-04-08T23:54:36Z,1q9caek968o8ubc43inhg6uxg,Torneo Federal A,a08z7wsz0uqx90wsj33g65fcd,Argentina,South America,2026,data\south_america\argentina\torneo_federal_a\a08z7wsz0uqx90wsj33g65fcd\2026\fixture.json,,,
5safxj2wxfxklp9pgx4n5vggk,2026-04-12,2026-04-12Z,18:30:00Z,Olimpo,Sol de Mayo,,,Estadio Roberto Natalio Carminatti,,7,2026-04-08T23:54:35Z,1q9caek968o8ubc43inhg6uxg,Torneo Federal A,a08z7wsz0uqx90wsj33g65fcd,Argentina,South America,2026,data\south_america\argentina\torneo_federal_a\a08z7wsz0uqx90wsj33g65fcd\2026\fixture.json,,,
5tq8okc42fjxlgmi1hpydwb9w,2026-04-12,2026-04-12Z,18:00:00Z,Germinal de Rawson,Villa Mitre,,,Estadio El Fortín,,7,2026-04-08T23:54:35Z,1q9caek968o8ubc43inhg6uxg,Torneo Federal A,a08z7wsz0uqx90wsj33g65fcd,Argentina,South America,2026,data\south_america\argentina\torneo_federal_a\a08z7wsz0uqx90wsj33g65fcd\2026\fixture.json,,,
58jk2k840l8hvkp6l009nalg4,2026-04-11,2026-04-11Z,22:00:00Z,Gimnasia Concepción,Independiente Chivilcoy,,,Estadio Manuel y Ramón Núñez,,7,2026-04-11T23:56:26Z,1q9caek968o8ubc43inhg6uxg,Torneo Federal A,a08z7wsz0uqx90wsj33g65fcd,Argentina,South America,2026,data\south_america\argentina\torneo_federal_a\a08z7wsz0uqx90wsj33g65fcd\2026\fixture.json,,,
5t923ln3fcs7bo8jd8cy5xul0,2026-04-11,2026-04-11Z,21:30:00Z,Deportivo Santamarina,Circulo Deportivo,,,Estadio Municipal General San Martín de Tandil,,7,2026-04-11T23:22:24Z,1q9caek968o8ubc43inhg6uxg,Torneo Federal A,a08z7wsz0uqx90wsj33g65fcd,Argentina,South America,2026,data\south_america\argentina\torneo_federal_a\a08z7wsz0uqx90wsj33g65fcd\2026\fixture.json,,,
b244shjyevc6mya28df4bpfkk,2026-04-11,2026-04-11Z,19:30:00Z,Bartolomé Mitre,Sol de América,,,Estadio Tito Cucchiaroni,,7,2026-04-11T21:30:52Z,1q9caek968o8ubc43inhg6uxg,Torneo Federal A,a08z7wsz0uqx90wsj33g65fcd,Argentina,South America,2026,data\south_america\argentina\torneo_federal_a\a08z7wsz0uqx90wsj33g65fcd\2026\fixture.json,,,
5srspziad9hcp5ck4mnizd1xw,2026-04-11,2026-04-11Z,18:30:00Z,Alvarado,Kimberley Mar del Plata,,,Estadio José María Minella,,7,2026-04-11T20:31:28Z,1q9caek968o8ubc43inhg6uxg,Torneo Federal A,a08z7wsz0uqx90wsj33g65fcd,Argentina,South America,2026,data\south_america\argentina\torneo_federal_a\a08z7wsz0uqx90wsj33g65fcd\2026\fixture.json,,,
56m6hos7bfhe45mpg0sa3ni1g,2026-04-05,2026-04-05Z,23:30:00Z,Sportivo Belgrano,Gimnasia Concepción,,,Estadio Juan Pablo Francia,,7,2026-04-06T20:19:39Z,1q9caek968o8ubc43inhg6uxg,Torneo Federal A,a08z7wsz0uqx90wsj33g65fcd,Argentina,South America,2026,data\south_america\argentina\torneo_federal_a\a08z7wsz0uqx90wsj33g65fcd\2026\fixture.json,,,
aziqwmv2ohml2gvl588nfcsgk,2026-04-05,2026-04-05Z,21:00:00Z,Sarmiento Resistencia,Bartolomé Mitre,,,Estadio Centenario del Club Atlético Sarmiento,,7,2026-04-07T02:31:05Z,1q9caek968o8ubc43inhg6uxg,Torneo Federal A,a08z7wsz0uqx90wsj33g65fcd,Argentina,South America,2026,data\south_america\argentina\torneo_federal_a\a08z7wsz0uqx90wsj33g65fcd\2026\fixture.json,,,
573ct3iyx26icn4yu1bg3nggk,2026-04-05,2026-04-05Z,20:30:00Z,Douglas Haig,Defensores Belgrano VR,,,Estadio Miguel Morales,,7,2026-04-07T16:03:04Z,1q9caek968o8ubc43inhg6uxg,Torneo Federal A,a08z7wsz0uqx90wsj33g65fcd,Argentina,South America,2026,data\south_america\argentina\torneo_federal_a\a08z7wsz0uqx90wsj33g65fcd\2026\fixture.json,,,
wti6qbqqgt256pxpeddrfnys,2026-04-05,2026-04-05Z,20:00:00Z,San Martín Mendoza,Atenas,,,Estadio General José de San Martín,,7,2026-04-06T19:29:54Z,1q9caek968o8ubc43inhg6uxg,Torneo Federal A,a08z7wsz0uqx90wsj33g65fcd,Argentina,South America,2026,data\south_america\argentina\torneo_federal_a\a08z7wsz0uqx90wsj33g65fcd\2026\fixture.json,,,
az0earpt5pw2sf6w91az187pw,2026-04-05,2026-04-05Z,19:30:00Z,Sol de América,Sarmiento de La Banda,,,Estadio Club Sol de América Formosa,,7,2026-04-07T15:01:15Z,1q9caek968o8ubc43inhg6uxg,Torneo Federal A,a08z7wsz0uqx90wsj33g65fcd,Argentina,South America,2026,data\south_america\argentina\torneo_federal_a\a08z7wsz0uqx90wsj33g65fcd\2026\fixture.json,,,
wcg9vupxorwp8hcmvlfp7k0k,2026-04-05,2026-04-05Z,19:15:00Z,Huracán Las Heras,Cipolletti,,,Estadio General San Martín,,7,2026-04-07T15:19:22Z,1q9caek968o8ubc43inhg6uxg,Torneo Federal A,a08z7wsz0uqx90wsj33g65fcd,Argentina,South America,2026,data\south_america\argentina\torneo_federal_a\a08z7wsz0uqx90wsj33g65fcd\2026\fixture.json,,,
vf2zh548o3ij5n385fn9cwt0,2026-04-05,2026-04-05Z,19:00:00Z,Deportivo Rincón,Argentino Monte Maíz,,,Estadio Gremio de Los Petroleros,,7,2026-04-06T18:18:55Z,1q9caek968o8ubc43inhg6uxg,Torneo Federal A,a08z7wsz0uqx90wsj33g65fcd,Argentina,South America,2026,data\south_america\argentina\torneo_federal_a\a08z7wsz0uqx90wsj33g65fcd\2026\fixture.json,,,
b0je82pp352m8fi7d4ty6wvmc,2026-04-05,2026-04-05Z,19:00:00Z,Tucumán Central,San Martín Formosa,,,Cancha Club Tucumán Central,,7,2026-04-07T12:24:05Z,1q9caek968o8ubc43inhg6uxg,Torneo Federal A,a08z7wsz0uqx90wsj33g65fcd,Argentina,South America,2026,data\south_america\argentina\torneo_federal_a\a08z7wsz0uqx90wsj33g65fcd\2026\fixture.json,,,
564rc9x45u7fpxmnff46w14pg,2026-04-05,2026-04-05Z,19:00:00Z,Independiente Chivilcoy,Gimnasia Chivilcoy,,,Estadio Raúl Orlando Lungarzo,,7,2026-04-07T16:26:52Z,1q9caek968o8ubc43inhg6uxg,Torneo Federal A,a08z7wsz0uqx90wsj33g65fcd,Argentina,South America,2026,data\south_america\argentina\torneo_federal_a\a08z7wsz0uqx90wsj33g65fcd\2026\fixture.json,,,
55lfruffi6evrlsfst6rd7z10,2026-04-05,2026-04-05Z,19:00:00Z,Sportivo Las Parejas,9 de Julio Rafaela,,,Estadio La Perrera,,7,2026-04-07T12:29:17Z,1q9caek968o8ubc43inhg6uxg,Torneo Federal A,a08z7wsz0uqx90wsj33g65fcd,Argentina,South America,2026,data\south_america\argentina\torneo_federal_a\a08z7wsz0uqx90wsj33g65fcd\2026\fixture.json,,,
551wwhg1dzbt9fg1nqdttszys,2026-04-05,2026-04-05Z,19:00:00Z,El Linqueño,Atlético Escobar,,,Estadio Leonardo Costa,,7,2026-04-06T22:21:34Z,1q9caek968o8ubc43inhg6uxg,Torneo Federal A,a08z7wsz0uqx90wsj33g65fcd,Argentina,South America,2026,data\south_america\argentina\torneo_federal_a\a08z7wsz0uqx90wsj33g65fcd\2026\fixture.json,,,
5rmozho0977l0tiw0m2vd4dg4,2026-04-05,2026-04-05Z,18:30:00Z,Guillermo Brown,Olimpo,,,Estadio Raúl Conti,,7,2026-04-06T14:36:47Z,1q9caek968o8ubc43inhg6uxg,Torneo Federal A,a08z7wsz0uqx90wsj33g65fcd,Argentina,South America,2026,data\south_america\argentina\torneo_federal_a\a08z7wsz0uqx90wsj33g65fcd\2026\fixture.json,,,
5ql3ajcxjtn7yjpesphdip0r8,2026-04-05,2026-04-05Z,18:30:00Z,Kimberley Mar del Plata,Deportivo Santamarina,,,Estadio José Antonio Valle,,7,2026-04-06T19:18:49Z,1q9caek968o8ubc43inhg6uxg,Torneo Federal A,a08z7wsz0uqx90wsj33g65fcd,Argentina,South America,2026,data\south_america\argentina\torneo_federal_a\a08z7wsz0uqx90wsj33g65fcd\2026\fixture.json,,,
vvk6hn26kymdo33kcxbl92j8,2026-04-04,2026-04-04Z,21:00:00Z,Costa Brava,Juventud Unida Univ.,,,Estadio Nuevo Pacaembú,,7,2026-04-06T14:05:05Z,1q9caek968o8ubc43inhg6uxg,Torneo Federal A,a08z7wsz0uqx90wsj33g65fcd,Argentina,South America,2026,data\south_america\argentina\torneo_federal_a\a08z7wsz0uqx90wsj33g65fcd\2026\fixture.json,,,
b01866nlle2xen9vt70hl8bo4,2026-04-04,2026-04-04Z,20:00:00Z,Boca Unidos,Defensores Vilelas,,,Estadio José Antonio Romero Feris,,7,2026-04-06T02:33:32Z,1q9caek968o8ubc43inhg6uxg,Torneo Federal A,a08z7wsz0uqx90wsj33g65fcd,Argentina,South America,2026,data\south_america\argentina\torneo_federal_a\a08z7wsz0uqx90wsj33g65fcd\2026\fixture.json,,,
5q3twa6jlx7tgegy1wr4682s4,2026-04-04,2026-04-04Z,18:30:00Z,Circulo Deportivo,Germinal de Rawson,,,Estadio Guillermo Trama,,7,2026-04-06T02:51:36Z,1q9caek968o8ubc43inhg6uxg,Torneo Federal A,a08z7wsz0uqx90wsj33g65fcd,Argentina,South America,2026,data\south_america\argentina\torneo_federal_a\a08z7wsz0uqx90wsj33g65fcd\2026\fixture.json,,,
5r3itbcu6phhlibwspipooaac,2026-04-03,2026-04-03Z,18:30:00Z,Sol de Mayo,Alvarado,,,Estadio Sol De Mayo,,7,2026-04-05T15:36:50Z,1q9caek968o8ubc43inhg6uxg,Torneo Federal A,a08z7wsz0uqx90wsj33g65fcd,Argentina,South America,2026,data\south_america\argentina\torneo_federal_a\a08z7wsz0uqx90wsj33g65fcd\2026\fixture.json,,,
54igdp12r2rufbwoc9hxiz47o,2026-03-30,2026-03-30Z,19:00:00Z,Atlético Escobar,Sportivo Las Parejas,,,Estadio Armenia,,7,2026-03-31T14:44:19Z,1q9caek968o8ubc43inhg6uxg,Torneo Federal A,a08z7wsz0uqx90wsj33g65fcd,Argentina,South America,2026,data\south_america\argentina\torneo_federal_a\a08z7wsz0uqx90wsj33g65fcd\2026\fixture.json,,,
axzyremvyca5zo09gnpya4rh0,2026-03-29,2026-03-29Z,21:00:00Z,Sarmiento de La Banda,Sarmiento Resistencia,,,Estadio Ciudad de La Banda,,7,2026-04-07T14:55:37Z,1q9caek968o8ubc43inhg6uxg,Torneo Federal A,a08z7wsz0uqx90wsj33g65fcd,Argentina,South America,2026,data\south_america\argentina\torneo_federal_a\a08z7wsz0uqx90wsj33g65fcd\2026\fixture.json,,,
axik8to5n9ukl91jt0jqwp0d0,2026-03-29,2026-03-29Z,19:30:00Z,Bartolomé Mitre,Boca Unidos,,,Estadio Tito Cucchiaroni,,7,2026-03-31T13:09:41Z,1q9caek968o8ubc43inhg6uxg,Torneo Federal A,a08z7wsz0uqx90wsj33g65fcd,Argentina,South America,2026,data\south_america\argentina\torneo_federal_a\a08z7wsz0uqx90wsj33g65fcd\2026\fixture.json,,,
531d8bdnh7hpf43bv3v6zbk7o,2026-03-29,2026-03-29Z,19:30:00Z,Gimnasia Concepción,Douglas Haig,,,Estadio Manuel y Ramón Núñez,,7,2026-03-30T16:43:53Z,1q9caek968o8ubc43inhg6uxg,Torneo Federal A,a08z7wsz0uqx90wsj33g65fcd,Argentina,South America,2026,data\south_america\argentina\torneo_federal_a\a08z7wsz0uqx90wsj33g65fcd\2026\fixture.json,,,
ugda4wfx0jgujx0tvt2zmcyc,2026-03-29,2026-03-29Z,19:00:00Z,Argentino Monte Maíz,Costa Brava,,,Estadio Modesto Marrone,,7,2026-03-31T12:50:16Z,1q9caek968o8ubc43inhg6uxg,Torneo Federal A,a08z7wsz0uqx90wsj33g65fcd,Argentina,South America,2026,data\south_america\argentina\torneo_federal_a\a08z7wsz0uqx90wsj33g65fcd\2026\fixture.json,,,
5pjw36eqjghjh5x1wftam6z9w,2026-03-29,2026-03-29Z,19:00:00Z,Villa Mitre,Circulo Deportivo,,,Estadio El Fortín,,7,2026-03-30T17:08:47Z,1q9caek968o8ubc43inhg6uxg,Torneo Federal A,a08z7wsz0uqx90wsj33g65fcd,Argentina,South America,2026,data\south_america\argentina\torneo_federal_a\a08z7wsz0uqx90wsj33g65fcd\2026\fixture.json,,,
52jyxh2p1gltqeoxw5mgd589g,2026-03-29,2026-03-29Z,19:00:00Z,Defensores Belgrano VR,El Linqueño,,,Estadio Salomón Boeseldín,,7,2026-03-31T14:24:52Z,1q9caek968o8ubc43inhg6uxg,Torneo Federal A,a08z7wsz0uqx90wsj33g65fcd,Argentina,South America,2026,data\south_america\argentina\torneo_federal_a\a08z7wsz0uqx90wsj33g65fcd\2026\fixture.json,,,
tir1qh075g7bcztpiqtdfaxg,2026-03-29,2026-03-29Z,18:30:00Z,Cipolletti,San Martín Mendoza,,,Estadio La Visera de Cemento,,7,2026-03-30T15:38:49Z,1q9caek968o8ubc43inhg6uxg,Torneo Federal A,a08z7wsz0uqx90wsj33g65fcd,Argentina,South America,2026,data\south_america\argentina\torneo_federal_a\a08z7wsz0uqx90wsj33g65fcd\2026\fixture.json,,,
5o0vo1t6tq0l8f2re2qnmfk7o,2026-03-29,2026-03-29Z,18:30:00Z,Alvarado,Guillermo Brown,,,Estadio José María Minella,,7,2026-03-31T13:57:03Z,1q9caek968o8ubc43inhg6uxg,Torneo Federal A,a08z7wsz0uqx90wsj33g65fcd,Argentina,South America,2026,data\south_america\argentina\torneo_federal_a\a08z7wsz0uqx90wsj33g65fcd\2026\fixture.json,,,
53j69nispoiwt4z5m2po1dmvo,2026-03-29,2026-03-29Z,18:30:00Z,Gimnasia Chivilcoy,Sportivo Belgrano,,,Estadio José María Paz,,7,2026-03-31T13:40:28Z,1q9caek968o8ubc43inhg6uxg,Torneo Federal A,a08z7wsz0uqx90wsj33g65fcd,Argentina,South America,2026,data\south_america\argentina\torneo_federal_a\a08z7wsz0uqx90wsj33g65fcd\2026\fixture.json,,,
5ozizss92rbm992l339im75lg,2026-03-29,2026-03-29Z,18:15:00Z,Germinal de Rawson,Kimberley Mar del Plata,,,Estadio El Fortín,,7,2026-04-06T02:46:39Z,1q9caek968o8ubc43inhg6uxg,Torneo Federal A,a08z7wsz0uqx90wsj33g65fcd,Argentina,South America,2026,data\south_america\argentina\torneo_federal_a\a08z7wsz0uqx90wsj33g65fcd\2026\fixture.json,,,
540j999tcpbivolfqynwoo7x0,2026-03-29,2026-03-29Z,14:00:00Z,9 de Julio Rafaela,Independiente Chivilcoy,,,Estadio Germán Malacho Soltermam,,7,2026-03-30T13:30:57Z,1q9caek968o8ubc43inhg6uxg,Torneo Federal A,a08z7wsz0uqx90wsj33g65fcd,Argentina,South America,2026,data\south_america\argentina\torneo_federal_a\a08z7wsz0uqx90wsj33g65fcd\2026\fixture.json,,,
5oih6y4f9tq7jayl9gbgsr09g,2026-03-28,2026-03-28Z,22:00:00Z,Deportivo Santamarina,Sol de Mayo,,,Estadio Municipal General San Martín de Tandil,,7,2026-04-06T19:13:20Z,1q9caek968o8ubc43inhg6uxg,Torneo Federal A,a08z7wsz0uqx90wsj33g65fcd,Argentina,South America,2026,data\south_america\argentina\torneo_federal_a\a08z7wsz0uqx90wsj33g65fcd\2026\fixture.json,,,
tzjehcydtslis0whc20hs178,2026-03-28,2026-03-28Z,19:30:00Z,Juventud Unida Univ.,Huracán Las Heras,,,Estadio Mario Sebastián Diez,,7,2026-03-30T15:22:22Z,1q9caek968o8ubc43inhg6uxg,Torneo Federal A,a08z7wsz0uqx90wsj33g65fcd,Argentina,South America,2026,data\south_america\argentina\torneo_federal_a\a08z7wsz0uqx90wsj33g65fcd\2026\fixture.json,,,
ax0mogl9062nt82zooz7lry1g,2026-03-28,2026-03-28Z,19:00:00Z,Defensores Vilelas,Tucumán Central,,,Estadio del Club Defensores De Vilelas,,7,2026-04-06T02:29:30Z,1q9caek968o8ubc43inhg6uxg,Torneo Federal A,a08z7wsz0uqx90wsj33g65fcd,Argentina,South America,2026,data\south_america\argentina\torneo_federal_a\a08z7wsz0uqx90wsj33g65fcd\2026\fixture.json,,,
uyfsknx984roan6uz7pnxuz8,2026-03-28,2026-03-28Z,14:00:00Z,FADEP,Deportivo Rincón,,,Predio Social y Deportivo FADEP,,7,2026-03-30T02:09:14Z,1q9caek968o8ubc43inhg6uxg,Torneo Federal A,a08z7wsz0uqx90wsj33g65fcd,Argentina,South America,2026,data\south_america\argentina\torneo_federal_a\a08z7wsz0uqx90wsj33g65fcd\2026\fixture.json,,,
ayiyo7kq9e2iku91bdi3tr0us,2026-03-28,2026-03-28Z,01:00:00Z,Juventud Antoniana,Sol de América,,,Estadio Padre Ernesto Martearena,,7,2026-04-07T13:59:31Z,1q9caek968o8ubc43inhg6uxg,Torneo Federal A,a08z7wsz0uqx90wsj33g65fcd,Argentina,South America,2026,data\south_america\argentina\torneo_federal_a\a08z7wsz0uqx90wsj33g65fcd\2026\fixture.json,,,
511yls042217l10nphxe8ahas,2026-03-22,2026-03-22Z,20:30:00Z,Douglas Haig,Gimnasia Chivilcoy,,,Estadio Miguel Morales,,7,2026-03-24T19:14:05Z,1q9caek968o8ubc43inhg6uxg,Torneo Federal A,a08z7wsz0uqx90wsj33g65fcd,Argentina,South America,2026,data\south_america\argentina\torneo_federal_a\a08z7wsz0uqx90wsj33g65fcd\2026\fixture.json,,,
av1b3nylyi6m0c90qj5292hhw,2026-03-22,2026-03-22Z,20:00:00Z,Boca Unidos,Sarmiento de La Banda,,,Estadio José Antonio Romero Feris,,7,2026-04-07T14:55:37Z,1q9caek968o8ubc43inhg6uxg,Torneo Federal A,a08z7wsz0uqx90wsj33g65fcd,Argentina,South America,2026,data\south_america\argentina\torneo_federal_a\a08z7wsz0uqx90wsj33g65fcd\2026\fixture.json,,,
rx3kc9mprnjnt94f4ijjddsk,2026-03-22,2026-03-22Z,19:45:00Z,Huracán Las Heras,Argentino Monte Maíz,,,Estadio General San Martín,,7,2026-03-30T15:16:24Z,1q9caek968o8ubc43inhg6uxg,Torneo Federal A,a08z7wsz0uqx90wsj33g65fcd,Argentina,South America,2026,data\south_america\argentina\torneo_federal_a\a08z7wsz0uqx90wsj33g65fcd\2026\fixture.json,,,
awc2m0hcx39u8ybescs3v3nro,2026-03-22,2026-03-22Z,19:30:00Z,San Martín Formosa,Defensores Vilelas,,,Estadio 17 de Octubre,,7,2026-04-06T02:29:30Z,1q9caek968o8ubc43inhg6uxg,Torneo Federal A,a08z7wsz0uqx90wsj33g65fcd,Argentina,South America,2026,data\south_america\argentina\torneo_federal_a\a08z7wsz0uqx90wsj33g65fcd\2026\fixture.json,,,
avmzyftqixmh6gniw2x509udw,2026-03-22,2026-03-22Z,19:00:00Z,Tucumán Central,Bartolomé Mitre,,,Cancha Club Tucumán Central,,7,2026-03-31T12:52:58Z,1q9caek968o8ubc43inhg6uxg,Torneo Federal A,a08z7wsz0uqx90wsj33g65fcd,Argentina,South America,2026,data\south_america\argentina\torneo_federal_a\a08z7wsz0uqx90wsj33g65fcd\2026\fixture.json,,,
5nin3w4xoyzmiuuz8yiddq6tw,2026-03-22,2026-03-22Z,19:00:00Z,Olimpo,Alvarado,,,Estadio Roberto Natalio Carminatti,,7,2026-04-06T14:34:59Z,1q9caek968o8ubc43inhg6uxg,Torneo Federal A,a08z7wsz0uqx90wsj33g65fcd,Argentina,South America,2026,data\south_america\argentina\torneo_federal_a\a08z7wsz0uqx90wsj33g65fcd\2026\fixture.json,,,
5muxqck5iua2q4rit7bvt3578,2026-03-22,2026-03-22Z,19:00:00Z,Guillermo Brown,Deportivo Santamarina,,,Estadio Raúl Conti,,7,2026-04-06T19:13:20Z,1q9caek968o8ubc43inhg6uxg,Torneo Federal A,a08z7wsz0uqx90wsj33g65fcd,Argentina,South America,2026,data\south_america\argentina\torneo_federal_a\a08z7wsz0uqx90wsj33g65fcd\2026\fixture.json,,,
5l4dptwk7vtte1pc5klmo36z8,2026-03-22,2026-03-22Z,19:00:00Z,Kimberley Mar del Plata,Villa Mitre,,,Estadio José Antonio Valle,,7,2026-03-24T17:21:04Z,1q9caek968o8ubc43inhg6uxg,Torneo Federal A,a08z7wsz0uqx90wsj33g65fcd,Argentina,South America,2026,data\south_america\argentina\torneo_federal_a\a08z7wsz0uqx90wsj33g65fcd\2026\fixture.json,,,
51x87fhcno3yn03tkm0whbcpg,2026-03-22,2026-03-22Z,19:00:00Z,Defensores Belgrano VR,Gimnasia Concepción,,,Estadio Salomón Boeseldín,,7,2026-03-24T02:45:08Z,1q9caek968o8ubc43inhg6uxg,Torneo Federal A,a08z7wsz0uqx90wsj33g65fcd,Argentina,South America,2026,data\south_america\argentina\torneo_federal_a\a08z7wsz0uqx90wsj33g65fcd\2026\fixture.json,,,
4zvqrx68u027gomr58s3e385w,2026-03-22,2026-03-22Z,19:00:00Z,El Linqueño,Sportivo Las Parejas,,,Estadio Leonardo Costa,,7,2026-03-31T14:33:26Z,1q9caek968o8ubc43inhg6uxg,Torneo Federal A,a08z7wsz0uqx90wsj33g65fcd,Argentina,South America,2026,data\south_america\argentina\torneo_federal_a\a08z7wsz0uqx90wsj33g65fcd\2026\fixture.json,,,
4z8jd8xx7nuld3st2h2o6pmvo,2026-03-22,2026-03-22Z,19:00:00Z,Independiente Chivilcoy,Atlético Escobar,,,Estadio Raúl Orlando Lungarzo,,7,2026-03-30T13:27:38Z,1q9caek968o8ubc43inhg6uxg,Torneo Federal A,a08z7wsz0uqx90wsj33g65fcd,Argentina,South America,2026,data\south_america\argentina\torneo_federal_a\a08z7wsz0uqx90wsj33g65fcd\2026\fixture.json,,,
5m0uiigphd5m2q6ccsiab4o44,2026-03-22,2026-03-22Z,18:00:00Z,Sol de Mayo,Germinal de Rawson,,,Estadio Sol De Mayo,,7,2026-04-06T02:46:39Z,1q9caek968o8ubc43inhg6uxg,Torneo Federal A,a08z7wsz0uqx90wsj33g65fcd,Argentina,South America,2026,data\south_america\argentina\torneo_federal_a\a08z7wsz0uqx90wsj33g65fcd\2026\fixture.json,,,
ra9vuzjuu2r8kvtc53o3nzf8,2026-03-21,2026-03-21Z,23:00:00Z,Costa Brava,FADEP,,,Estadio Nuevo Pacaembú,,7,2026-03-23T05:21:13Z,1q9caek968o8ubc43inhg6uxg,Torneo Federal A,a08z7wsz0uqx90wsj33g65fcd,Argentina,South America,2026,data\south_america\argentina\torneo_federal_a\a08z7wsz0uqx90wsj33g65fcd\2026\fixture.json,,,
si3o2tkt0h2n8bav9ty5gjys,2026-03-21,2026-03-21Z,00:30:00Z,San Martín Mendoza,Juventud Unida Univ.,,,Estadio General José de San Martín,,7,2026-03-30T15:35:56Z,1q9caek968o8ubc43inhg6uxg,Torneo Federal A,a08z7wsz0uqx90wsj33g65fcd,Argentina,South America,2026,data\south_america\argentina\torneo_federal_a\a08z7wsz0uqx90wsj33g65fcd\2026\fixture.json,,,
t1tt8ywu2vowx20vz7wx632s,2026-03-21,2026-03-21Z,00:00:00Z,Atenas,Cipolletti,,,Estadio 9 de Julio,,7,2026-03-30T15:30:15Z,1q9caek968o8ubc43inhg6uxg,Torneo Federal A,a08z7wsz0uqx90wsj33g65fcd,Argentina,South America,2026,data\south_america\argentina\torneo_federal_a\a08z7wsz0uqx90wsj33g65fcd\2026\fixture.json,,,
audvis2oyfxck9hcnfbux3bis,2026-03-21,2026-03-21Z,00:00:00Z,Sarmiento Resistencia,Juventud Antoniana,,,Estadio Centenario del Club Atlético Sarmiento,,7,2026-03-30T15:47:36Z,1q9caek968o8ubc43inhg6uxg,Torneo Federal A,a08z7wsz0uqx90wsj33g65fcd,Argentina,South America,2026,data\south_america\argentina\torneo_federal_a\a08z7wsz0uqx90wsj33g65fcd\2026\fixture.json,,,
50hhcw4wl7me5aei8qzl1wb9w,2026-03-21,2026-03-21Z,00:00:00Z,Sportivo Belgrano,9 de Julio Rafaela,,,Estadio Juan Pablo Francia,,7,2026-03-22T20:22:59Z,1q9caek968o8ubc43inhg6uxg,Torneo Federal A,a08z7wsz0uqx90wsj33g65fcd,Argentina,South America,2026,data\south_america\argentina\torneo_federal_a\a08z7wsz0uqx90wsj33g65fcd\2026\fixture.json,,,
